slug,name,aliases,strain_type,lineage,dominant_terpene,aroma_notes,flavor_notes,terpenes,dominant_cannabinoid,potency_note,bud_structure,origin,summary,sources,confidence
afghani,Afghani,afghan|afghan kush,indica,,myrcene,earthy|sweet|spicy,earthy|hash|sweet,myrcene|caryophyllene|pinene,thc,classic resin-heavy indica,dense,Afghanistan (landrace),"A foundational landrace indica named for its region of origin, prized for heavy resin and a sweet, earthy hash aroma.",leafly|wikileaf,0.95
hindu kush,Hindu Kush,hindu kush mountains,indica,,limonene,earthy|sweet|sandalwood,earthy|sweet|hash,limonene|myrcene|caryophyllene,thc,classic landrace indica,dense,Hindu Kush mountains (landrace),"A landrace indica from the Hindu Kush range with a sweet, earthy sandalwood aroma and a thick coat of trichomes.",leafly|wikileaf,0.95
thai,Thai,thai stick,sativa,,,citrus|earthy|spicy,citrus|earthy,limonene|pinene,thc,classic landrace sativa,wispy,Thailand (landrace),"A landrace sativa from Thailand, a parent of many classic crosses, with bright citrus and earthy notes.",leafly|seedfinder,0.9
durban poison,Durban Poison,durban,sativa,African (landrace),terpinolene,sweet|pine|earthy|anise,sweet|pine|licorice,terpinolene|myrcene|ocimene,thc,classic sativa,chunky,"Durban, South Africa","A pure South African landrace sativa with a distinctive sweet, piney aroma and a hint of anise; revered by hashmakers.",leafly|wikileaf,0.95
acapulco gold,Acapulco Gold,,sativa,Mexican (landrace),myrcene,earthy|toffee|citrus,toffee|earthy|sweet,myrcene|pinene|caryophyllene,thc,classic sativa,dense,"Acapulco, Mexico","A classic Mexican landrace sativa with dense, orange-flecked nuggets and aromas of burnt toffee.",leafly,0.9
maui wowie,Maui Wowie,maui,sativa,Hawaiian (landrace),myrcene,tropical|pineapple|sweet,pineapple|tropical|sweet,myrcene|caryophyllene|pinene,thc,classic sativa,fluffy,Hawaii,A classic tropical sativa from Hawaii with sweet pineapple flavors.,leafly,0.9
lamb's bread,Lamb's Bread,lambs bread|lamb's breath,sativa,Jamaican (landrace),myrcene,herbal|earthy|grassy,herbal|earthy,myrcene|caryophyllene,thc,classic sativa,fluffy,Jamaica,"A bright green, sticky Jamaican sativa, famously associated with Bob Marley.",leafly,0.85
og kush,OG Kush,og|ogkush|og kush #18|the og,hybrid,,myrcene,earthy|pine|lemon|fuel,earthy|citrus|woody,myrcene|limonene|caryophyllene,thc,typically high THC,dense,United States,The genetic backbone of West Coast hybrids; an earthy-pine aroma with a citrus-fuel edge. Exact lineage is disputed.,leafly|wikileaf,0.9
chemdog,Chemdog,chemdawg|chem dog|chem dawg,hybrid,,caryophyllene,diesel|pungent|earthy,diesel|earthy|chemical,caryophyllene|myrcene|limonene,thc,typically high THC,dense,United States,"A mysterious, influential strain with a loud diesel aroma; parent to Sour Diesel and OG Kush. Lineage uncertain.",leafly|wikileaf,0.9
sour diesel,Sour Diesel,sour d|sourd|sour deezy,sativa,Chemdog x Super Skunk,caryophyllene,diesel|pungent|citrus|fuel,diesel|lemon|sour,caryophyllene|limonene|myrcene,thc,typically high THC,dense,United States,A legendary sativa named for its pungent diesel aroma with a citrus edge; fast-acting and cerebral.,leafly|wikileaf,0.9
headband,Headband,,hybrid,OG Kush x Sour Diesel,myrcene,lemon|diesel|earthy,lemon|diesel|creamy,myrcene|caryophyllene|limonene,thc,typically high THC,dense,United States,"A creamy, smooth cross of OG Kush and Sour Diesel with lemon and diesel notes.",leafly,0.9
stardawg,Stardawg,,hybrid,Chemdog 4 x Tres Dawg,caryophyllene,diesel|pine|lemon,diesel|pine|lemon,caryophyllene|myrcene|pinene,thc,typically high THC,frosty,United States,A Chemdog-heavy hybrid with a diesel funk and notes of pine and lemon under a blanket of trichomes.,leafly,0.9
gmo cookies,GMO Cookies,gmo|garlic cookies,hybrid,Chemdog x GSC,limonene,garlic|savory|diesel|earthy,garlic|savory|diesel,limonene|caryophyllene|myrcene,thc,typically very high THC,dense,United States,"A pungent, savory cross of Chemdog and GSC, also called Garlic Cookies; stanky and strong.",leafly,0.9
bruce banner,Bruce Banner,banner|og banner,hybrid,Strawberry Diesel x OG Kush,myrcene,sweet|earthy|diesel,sweet|earthy|fuel,myrcene|caryophyllene|limonene,thc,typically very high THC,frosty,United States,"A potent hybrid with lightly sweet, earthy flavors and a diesel undertone.",leafly,0.9
white fire og,White Fire OG,wifi og|wifi,hybrid,Fire OG x The White,limonene,sour|earthy|diesel,sour|earthy|diesel,limonene|caryophyllene|myrcene,thc,typically high THC,frosty,United States,"Also called WiFi OG; a sour, earthy, diesel-scented hybrid with a heavy resin coat.",leafly,0.88
triangle kush,Triangle Kush,tk,indica,,myrcene,earthy|gassy|vanilla|pine,gassy|earthy|vanilla,myrcene|caryophyllene|limonene,thc,typically very high THC,dense,"Florida, United States","A biting, gassy Florida cultivar likely descended from OG Kush, with soft vanilla notes.",leafly,0.85
sfv og,SFV OG,sfv|sfv og kush|san fernando valley og,hybrid,OG Kush phenotype,myrcene,earthy|pine|lemon|fuel,earthy|pine|lemon,myrcene|limonene|caryophyllene,thc,typically high THC,dense,"San Fernando Valley, United States",A San Fernando Valley OG Kush phenotype with classic earthy-pine and citrus-fuel notes.,leafly|seedfinder,0.85
fire og,Fire OG,fire og kush|fire kush,hybrid,OG Kush x SFV OG,limonene,earthy|lemon|pine|fuel,lemon|earthy|pine,limonene|myrcene|caryophyllene,thc,typically high THC,frosty,United States,"One of the most potent OG cuts, with lemon, pine, and fuel notes and red-orange hairs.",leafly|seedfinder,0.85
khalifa kush,Khalifa Kush,kk,hybrid,OG Kush,limonene,lemon|pine|sour,lemon|pine|sour,limonene|myrcene|caryophyllene,thc,typically high THC,dense,United States,"An OG Kush cut bred for Wiz Khalifa, with sour lemon and pine notes.",leafly,0.8
gsc,GSC,girl scout cookies|cookies|girlscout cookies,hybrid,OG Kush x Durban Poison,caryophyllene,sweet|earthy|dessert|mint,sweet|cookie-dough|mint|grape,caryophyllene|limonene|humulene,thc,typically very high THC,dense,"California, United States","Girl Scout Cookies — a hugely influential dessert hybrid with sweet, minty, earthy notes and butter-sugar cookie character.",leafly|wikileaf,0.95
animal cookies,Animal Cookies,animal cookie,hybrid,GSC x Fire OG,caryophyllene,sweet|sour|earthy,sweet|sour|cookie,caryophyllene|limonene|myrcene,thc,typically very high THC,dense,United States,A strong GSC descendant crossed with Fire OG; sweet-and-sour with purple-tinged buds.,leafly,0.88
gelato,Gelato,larry bird,hybrid,Sunset Sherbet x Thin Mint GSC,caryophyllene,sweet|creamy|berry|dessert,sweet|cream|berry|citrus,caryophyllene|limonene|humulene,thc,typically very high THC,dense,"Bay Area, United States","Also called Larry Bird; a dessert hybrid with a sweet, creamy aroma and bright berry-citrus notes.",leafly|wikileaf,0.95
gelato 41,Gelato 41,gelato #41|gelato41,hybrid,Sunset Sherbet x Thin Mint GSC,caryophyllene,sweet|creamy|gas|dessert,sweet|cream|gas,caryophyllene|limonene|linalool,thc,typically very high THC,dense,United States,"A sought-after Gelato phenotype with a sweet, creamy, gassy profile.",leafly|seedfinder,0.85
wedding cake,Wedding Cake,triangle mints|pink cookies|triangle mints #23,hybrid,Triangle Kush x Animal Mints,limonene,sweet|vanilla|earthy|tangy,vanilla|sweet|earthy,limonene|caryophyllene|myrcene,thc,typically very high THC,dense,United States,"A rich, tangy-sweet hybrid with a vanilla-cake aroma over an earthy base; Leafly Strain of the Year 2019.",leafly|wikileaf,0.92
ice cream cake,Ice Cream Cake,icecream cake|ice cream cake #5,indica,Wedding Cake x Gelato 33,limonene,sweet|vanilla|creamy|nutty,vanilla|sweet|cream,limonene|caryophyllene|linalool,thc,typically very high THC,dense,United States,A creamy dessert indica with sweet vanilla wafting off frosty green-and-purple buds.,leafly,0.9
kush mints,Kush Mints,kushmints|kush mint,hybrid,Animal Mints x Bubba Kush,limonene,mint|cookie|earthy,mint|cookie|earthy,limonene|caryophyllene|humulene,thc,typically very high THC,dense,United States,"A minty, cookie-scented hybrid with icy-dark dense nugs.",leafly,0.88
biscotti,Biscotti,biscotti cookies,hybrid,Gelato 25 x Florida OG,caryophyllene,sweet|cookie|diesel,sweet|cookie|diesel,caryophyllene|limonene|linalool,thc,typically very high THC,dense,United States,A cerebral Gelato descendant with a sweet cookie flavor and notes of diesel; purple-tinged buds.,leafly,0.88
runtz,Runtz,runts|runtz og,hybrid,Zkittlez x Gelato,caryophyllene,sweet|fruity|candy|tropical,sweet|fruit|candy|creamy,caryophyllene|limonene|linalool,thc,typically very high THC,dense,United States,"A sweet, candy-like hybrid (Leafly Strain of the Year 2020) with a creamy taste and purple-to-green buds.",leafly|wikileaf,0.92
la kush cake,LA Kush Cake,,hybrid,Wedding Cake x Kush Mints,caryophyllene,sweet|earthy|vanilla|mint,vanilla|earthy|mint,caryophyllene|limonene|humulene,thc,typically very high THC,dense,"Los Angeles, United States","A smooth, indica-leaning hybrid with sweet vanilla and minty earth notes.",leafly,0.85
lava cake,Lava Cake,lava cake kush,hybrid,Thin Mint GSC x Grape Pie,caryophyllene,sweet|chocolate|mint|berry,chocolate|mint|berry,caryophyllene|limonene|myrcene,thc,typically high THC,dense,United States,"A dessert hybrid with sweet chocolate, mint, and berry notes.",leafly,0.85
key lime pie,Key Lime Pie,,hybrid,GSC phenotype,caryophyllene,lime|citrus|earthy|sweet,lime|citrus|sweet,caryophyllene|limonene|humulene,thc,typically high THC,dense,United States,A tangier GSC phenotype tasting of fresh-squeezed lime with sweet undertones.,leafly,0.85
tropicana cookies,Tropicana Cookies,tropicana|trop cookies|tropicanna cookies,sativa,GSC x Tangie,caryophyllene,orange|citrus|sweet,orange|citrus|sweet,caryophyllene|limonene|myrcene,thc,typically high THC,dense,United States,A flavorful sativa-leaning cross of GSC and Tangie that smells like a glass of orange juice; deep-purple buds.,leafly,0.85
vanilla frosting,Vanilla Frosting,,hybrid,Humboldt Gelato x Humboldt Frost OG,myrcene,vanilla|creamy|sweet,vanilla|cream|sweet,myrcene|caryophyllene|limonene,thc,typically very high THC,frosty,"Humboldt, United States","A frosty Gelato-lineage cake strain with a creamy, smooth vanilla taste.",leafly,0.82
mac,MAC,miracle alien cookies|mac 1|mac1|mac #1,hybrid,Alien Cookies x Starfighter,limonene,citrus|floral|diesel|cream,citrus|cream|diesel,limonene|caryophyllene|pinene,thc,typically very high THC,dense,United States,"Miracle Alien Cookies — beastly, icy colas with a complex citrus-cream-diesel nose.",leafly,0.85
fruity pebbles,Fruity Pebbles,fpog|fruity pebbles og|fruity pebble,hybrid,Green Ribbon x Granddaddy Purple x Tahoe Alien,limonene,tropical|berry|sweet|cereal,berry|tropical|sweet,limonene|caryophyllene|myrcene,thc,typically high THC,dense,United States,Also FPOG; a sweet hybrid with a tropical berry flavor reminiscent of the cereal.,leafly,0.82
granddaddy purple,Granddaddy Purple,gdp|grandaddy purple|granddaddy purp|grand daddy purple|grand daddy purp,indica,Purple Urkle x Big Bud,myrcene,grape|berry|sweet|floral,grape|berry|sweet,myrcene|caryophyllene|pinene,thc,typically high THC,dense,"California, United States","A deep-purple indica with a rich grape-and-berry aroma and a sweet, fruit-forward profile.",leafly|wikileaf,0.95
purple urkle,Purple Urkle,purple urkel|urkle|urkel,indica,Mendocino Purps,myrcene,grape|berry|skunk,grape|berry|skunk,myrcene|caryophyllene|pinene,thc,typically high THC,dense,"California, United States","A complex purple indica blending skunk, berry, and grape notes.",leafly,0.85
grape ape,Grape Ape,grapeape|grape ape kush,indica,Mendocino Purps x Skunk x Afghani,myrcene,grape|sweet|berry,grape|sweet|berry,myrcene|caryophyllene|pinene,thc,typically high THC,dense,United States,"An indica named for its distinct grape smell, with dense purple-leaved buds.",leafly,0.88
purple punch,Purple Punch,purp punch,indica,Larry OG x Granddaddy Purple,caryophyllene,grape|berry|sweet|candy,grape|blueberry|sweet,caryophyllene|myrcene|pinene,thc,typically high THC,dense,United States,A dessert indica with a sweet grape-and-berry aroma reminiscent of fruit candy.,leafly|wikileaf,0.9
slurricane,Slurricane,,indica,Do-Si-Dos x Purple Punch,limonene,grape|gas|sweet|berry,grape|gas|sweet,limonene|caryophyllene|myrcene,thc,typically very high THC,frosty,United States,"A purple, gassy indica with a grape-candy-gas smell and a thick trichome layer.",leafly,0.88
cherry pie,Cherry Pie,cherry kush|cherry pie kush|cherrie pie|cherry pye,hybrid,Granddaddy Purple x Durban Poison,myrcene,cherry|sweet|sour|earthy,cherry|sweet|sour,myrcene|caryophyllene|limonene,thc,typically high THC,dense,United States,"A sweet-and-sour cherry-pie-scented hybrid with dense, orange-haired, purple-touched buds.",leafly,0.88
grape pie,Grape Pie,grape pie kush,hybrid,Cherry Pie x Grape Stomper,myrcene,grape|sweet|sour,grape|sweet|sour,myrcene|caryophyllene|limonene,thc,typically high THC,dense,United States,A sour-and-sugary old-school-looking purp strain.,leafly,0.85
forbidden fruit,Forbidden Fruit,forbidden fruits,indica,Tangie x Cherry Pie,myrcene,citrus|tropical|cherry|sweet,citrus|cherry|tropical,myrcene|caryophyllene|limonene,thc,typically high THC,dense,United States,A tropical-citrus indica balancing Cherry Pie sweetness with sharp Tangie citrus.,leafly,0.85
zkittlez,Zkittlez,skittlez|skittles|zkittles|the original z,indica,Grape Ape x Grapefruit,caryophyllene,fruity|sweet|berry|tropical,fruit|berry|grape|sweet,caryophyllene|humulene|linalool,thc,typically high THC,chunky,"California, United States","An award-winning indica with an intensely fruity, candy-sweet aroma and tropical-berry notes.",leafly|wikileaf,0.92
rainbow belts,Rainbow Belts,rainbow belt,hybrid,Zkittlez x Moonbow,caryophyllene,sweet|tropical|fruity|candy,sweet|tropical|candy,caryophyllene|limonene|linalool,thc,typically very high THC,frosty,United States,"A Zkittlez descendant bringing sweet, tropical candy flavors and calming character.",leafly,0.82
mimosa,Mimosa,mimosa evo,hybrid,Clementine x Purple Punch,myrcene,citrus|orange|sweet|tropical,citrus|orange|sweet,myrcene|caryophyllene|limonene,thc,typically high THC,dense,"California, United States",An effervescent citrus hybrid with sativa-leaning character and big bag appeal.,leafly,0.88
blueberry,Blueberry,bb|dj short blueberry|blueberry kush,indica,Afghani x Thai x Purple Thai,myrcene,blueberry|sweet|berry|earthy,blueberry|sweet|berry,myrcene|caryophyllene|pinene,thc,typically high THC,dense,United States (DJ Short),A heritage indica famous for its true-to-name sweet blueberry aroma and flavor; the root of most 'blue' strains.,leafly|wikileaf,0.92
blue dream,Blue Dream,bluedream|blue dream haze|azure haze,hybrid,Blueberry x Haze,myrcene,berry|sweet|herbal|blueberry,blueberry|sweet|vanilla,myrcene|pinene|caryophyllene,thc,typically high THC,fluffy,"California, United States",A West Coast classic sativa-leaning hybrid with a sweet blueberry aroma over a soft herbal backbone.,leafly|wikileaf,0.95
blueberry muffins,Blueberry Muffins,blueberry muffin,hybrid,Blueberry x Razzle Berry,caryophyllene,blueberry|sweet|creamy,blueberry|sweet|cream,caryophyllene|myrcene|pinene,thc,typically high THC,dense,United States,"A sweet, smooth, creamy descendant of legendary Blueberry.",leafly,0.82
blackberry kush,Blackberry Kush,bbk,indica,Blackberry x Afghani,myrcene,blackberry|sweet|earthy|fuel,blackberry|sweet|earthy,myrcene|caryophyllene|pinene,thc,typically high THC,dense,United States,"Also BBK; a strong-bodied indica with bold, sweet-earthy blackberry notes.",leafly,0.85
haze,Haze,,sativa,South American x Thai,myrcene,spicy|citrus|earthy,spicy|citrus|earthy,myrcene|terpinolene|pinene,thc,classic sativa,wispy,"Santa Cruz, United States","A foundational sativa from 1960s California, parent of most 'haze' strains, with spicy citrus notes.",leafly,0.9
skunk 1,Skunk 1,skunk #1|skunk number 1,hybrid,Acapulco Gold x Afghani x Colombian Gold,myrcene,skunk|earthy|sour|sweet,skunk|earthy|sweet,myrcene|caryophyllene|humulene,thc,classic hybrid,dense,United States / Netherlands,"A genetic cornerstone of countless hybrids since the late 1970s, with a pungent skunky-earthy aroma.",leafly|seedfinder,0.9
super skunk,Super Skunk,,hybrid,Skunk 1 x Afghani,myrcene,skunk|earthy|sweet|citrus,skunk|earthy|sweet,myrcene|caryophyllene|humulene,thc,classic hybrid,dense,Netherlands,"A heavier Skunk 1 cross with a sweeter, more pungent skunk aroma.",leafly|seedfinder,0.85
super silver haze,Super Silver Haze,ssh|super silver,sativa,Skunk x Northern Lights x Haze,terpinolene,citrus|spicy|earthy|skunk,citrus|spicy|earthy,terpinolene|myrcene|caryophyllene,thc,classic sativa,frosty,Netherlands,"A multi-award-winning Dutch sativa, sticky and fragrant with an energetic head high.",leafly,0.88
super lemon haze,Super Lemon Haze,slh|super lemon,sativa,Lemon Skunk x Super Silver Haze,terpinolene,lemon|citrus|sweet|zesty,lemon|citrus|zesty,terpinolene|limonene|caryophyllene,thc,typically high THC,frosty,Netherlands,"A zesty, tart, lemony sativa update of Super Silver Haze.",leafly,0.88
lemon skunk,Lemon Skunk,lemonskunk|las vegas lemon skunk,hybrid,Skunk phenotypes,terpinolene,lemon|citrus|skunk|sweet,lemon|citrus|skunk,terpinolene|limonene|myrcene,thc,typically high THC,dense,Netherlands,"A bright, zesty lemon Skunk selection with a sweet citrus aroma.",leafly|seedfinder,0.82
jack herer,Jack Herer,jh|jack|the jack|premium jack,sativa,Haze x Northern Lights #5 x Shiva Skunk,terpinolene,pine|spicy|earthy|citrus,pine|pepper|citrus|wood,terpinolene|caryophyllene|pinene,thc,typically high THC,frosty,Netherlands,"A spicy-pine sativa classic named for the cannabis advocate, with a fresh, herbal-citrus character.",leafly|wikileaf,0.92
green crack,Green Crack,green crush|mango crack|green cush,sativa,Skunk 1,myrcene,citrus|mango|tropical|sweet,mango|citrus|tangy,myrcene|caryophyllene|limonene,thc,typically high THC,dense,United States,"A zesty sativa with a sharp citrus-mango aroma and a bright, tangy profile.",leafly,0.88
strawberry cough,Strawberry Cough,,sativa,Haze x Strawberry Fields,myrcene,strawberry|sweet|berry,strawberry|sweet|berry,myrcene|caryophyllene|pinene,thc,typically high THC,dense,United States,"A potent sativa known for a sweet strawberry scent and an uplifting, cerebral character.",leafly,0.85
tangie,Tangie,cali orange tangie,sativa,California Orange x Skunk 1,myrcene,orange|tangerine|citrus|sweet,orange|tangerine|citrus,myrcene|limonene|caryophyllene,thc,typically high THC,frosty,Netherlands,A high-energy sativa with a refreshing tangerine aroma and sticky buds.,leafly,0.88
chocolope,Chocolope,chocalope|d-line,sativa,Chocolate Thai x Cannalope Haze,myrcene,coffee|earthy|sweet|chocolate,coffee|chocolate|earthy,myrcene|caryophyllene|pinene,thc,typically high THC,fluffy,Netherlands,"A hefty sativa with earthy, sweet coffee-and-chocolate flavors and dreamy, cerebral character.",leafly,0.85
trainwreck,Trainwreck,train wreck,hybrid,Mexican x Thai x Afghani,myrcene,pine|lemon|spicy|earthy,lemon|pine|pepper,myrcene|terpinolene|pinene,thc,typically high THC,frosty,"Northern California, United States","A pungent sativa-dominant hybrid with a sharp pine-and-lemon aroma and a spicy, herbal edge.",leafly|wikileaf,0.9
pineapple express,Pineapple Express,pineapple xpress,hybrid,Trainwreck x Hawaiian,caryophyllene,pineapple|tropical|sweet|citrus,pineapple|tropical|cedar,caryophyllene|limonene|pinene,thc,typically high THC,dense,United States,A tropical hybrid with a bright pineapple aroma over sweet citrus and a hint of cedar.,leafly|wikileaf,0.9
ak-47,AK-47,ak47|ak 47,hybrid,South American x Mexican x Thai x Afghani,myrcene,sour|earthy|floral|sweet,sour|earthy|floral,myrcene|caryophyllene|pinene,thc,typically high THC,dense,Netherlands,"A sociable hybrid with a sour, earthy aroma and sweet floral notes.",leafly|seedfinder,0.85
candyland,Candyland,candy land,sativa,Platinum GSC x Granddaddy Purple,caryophyllene,sweet|earthy|spicy,sweet|earthy|spicy,caryophyllene|myrcene|limonene,thc,typically high THC,frosty,"California, United States","A classic sativa sparkling with trichomes and a contrast of purple, green, and orange.",leafly,0.82
dutch treat,Dutch Treat,,hybrid,Northern Lights x Haze,terpinolene,pine|eucalyptus|sweet|fruit,pine|sweet|fruit,terpinolene|myrcene|pinene,thc,typically high THC,dense,Netherlands,"A classic with cerebral effects and an intense sweet-fruit, pine, and eucalyptus aroma.",leafly,0.82
banana kush,Banana Kush,,hybrid,Ghost OG x Skunk Haze,limonene,banana|tropical|sweet|fruity,banana|tropical|sweet,limonene|myrcene|caryophyllene,thc,typically high THC,dense,United States,"An aromatic hybrid that fills the nose with sweet, fruity, tropical banana notes.",leafly,0.85
strawberry banana,Strawberry Banana,strawnana|strawberry banana kush,hybrid,Banana Kush x Bubble Gum,limonene,strawberry|banana|sweet|fruity,strawberry|banana|sweet,limonene|myrcene|caryophyllene,thc,typically very high THC,frosty,United States,"Also Strawnana; a sweet, fruity hybrid with chill body character and an active mind.",leafly,0.85
orange creamsicle,Orange Creamsicle,creamsicle,hybrid,Orange Crush x Juicy Fruit,myrcene,orange|cream|citrus|sweet,orange|cream|citrus,myrcene|limonene|caryophyllene,thc,typically high THC,dense,United States,A creamy orange treat with a creamy citrus smell and taste.,leafly,0.82
lemon tree,Lemon Tree,lemontree,hybrid,Lemon Skunk x Sour Diesel,myrcene,lemon|citrus|diesel|sweet,lemon|citrus|diesel,myrcene|limonene|caryophyllene,thc,typically high THC,spongy,United States,A pungent hybrid with an unforgettable modern lemon flavor.,leafly,0.85
papaya punch,Papaya Punch,,hybrid,Papaya x Purple Punch,limonene,tropical|papaya|sweet|cheese,tropical|sweet|cheese,limonene|myrcene|caryophyllene,thc,typically high THC,dense,United States,"A sweet, fruity couch-chill hybrid with tropical flavors and a hint of cheese.",leafly,0.8
mango,Mango,,indica,Afghani x KC 33,myrcene,mango|tropical|sweet|fruity,mango|tropical|sweet,myrcene|caryophyllene|pinene,thc,typically high THC,dense,United States,"An indica known for a juicy, fruity mango flavor.",leafly,0.82
northern lights,Northern Lights,nl|northern light|northern lights #5,indica,Afghani x Thai,myrcene,earthy|sweet|pine|spicy,sweet|earthy|pine,myrcene|caryophyllene|pinene,thc,classic indica,dense,United States / Netherlands,"A legendary indica with a sweet, earthy-pine aroma and a smooth, resinous profile; parent of countless hybrids.",leafly|wikileaf,0.92
bubba kush,Bubba Kush,bubba|pre-98 bubba kush|bubba kush pre-98,indica,OG Kush x Afghani,caryophyllene,earthy|coffee|chocolate|sweet,coffee|chocolate|earthy,caryophyllene|myrcene|limonene,thc,typically high THC,chunky,United States,A tranquilizing indica with sweet hash flavors and subtle notes of chocolate and coffee.,leafly,0.88
master kush,Master Kush,masterkush,indica,Hindu Kush selections,caryophyllene,earthy|citrus|hash,earthy|citrus|hash,caryophyllene|myrcene|limonene,thc,typically high THC,dense,Netherlands,A popular indica from two Hindu Kush landraces with a subtle earthy hash smell and hints of citrus.,leafly,0.85
purple kush,Purple Kush,purps kush,indica,Purple Afghani x Hindu Kush,myrcene,grape|earthy|sweet,grape|earthy|sweet,myrcene|caryophyllene|pinene,thc,typically high THC,dense,"Oakland, United States","A pure indica with long-lasting, deeply relaxing character and sweet grape-earth notes.",leafly,0.85
pink kush,Pink Kush,,hybrid,OG Kush descendant,myrcene,sweet|vanilla|candy|floral,vanilla|sweet|candy,myrcene|caryophyllene|limonene,thc,typically very high THC,dense,Canada,An indica-dominant hybrid with sweet vanilla and candy-perfume aromas and pink-haired buds.,leafly,0.82
white rhino,White Rhino,whiterhino|rhino,indica,White Widow x North American Indica,myrcene,earthy|woody|sweet,earthy|woody|sweet,myrcene|caryophyllene|pinene,thc,typically high THC,dense,Netherlands,"A beast of an indica with classic White Widow lineage and earthy, woody notes.",leafly,0.82
white widow,White Widow,whitewidow,hybrid,Brazilian Sativa x South Indian Indica,myrcene,earthy|woody|spicy|floral,earthy|pepper|wood,myrcene|caryophyllene|pinene,thc,classic hybrid,frosty,Netherlands,"A balanced classic hybrid with an earthy, woody aroma and a peppery, resin-heavy character.",leafly|wikileaf,0.9
la confidential,LA Confidential,la con,indica,LA Affie x Afghani,myrcene,pine|skunk|earthy,pine|skunk|earthy,myrcene|limonene|caryophyllene,thc,typically high THC,dense,"California, United States",A West Coast indica with notes of pine and a skunky taste.,leafly,0.82
mk ultra,MK Ultra,,indica,OG Kush x G13,myrcene,earthy|pungent|pine,earthy|pungent|pine,myrcene|caryophyllene|limonene,thc,typically very high THC,dense,Netherlands,"A potent, pungent indica best for winding down; not for newbies.",leafly,0.82
9 pound hammer,9 Pound Hammer,9lb hammer|nine pound hammer,indica,Gooberry x Hell's OG x Jack the Ripper,myrcene,grape|lime|sweet|funky,grape|lime|sweet,myrcene|caryophyllene|pinene,thc,typically high THC,dense,United States,"A heavy indica with dense, resin-coated buds and sweet grape-lime flavors.",leafly,0.82
do-si-dos,Do-Si-Dos,dosidos|dosi|do si dos|dosido,indica,GSC x Face Off OG,limonene,sweet|earthy|floral|minty,sweet|mint|earthy,limonene|caryophyllene|linalool,thc,typically very high THC,frosty,United States,"A frosty indica with a sweet, earthy aroma and floral-mint undertones; parent of Slurricane.",leafly|wikileaf,0.9
peanut butter breath,Peanut Butter Breath,pb breath|pbb,hybrid,Do-Si-Dos x Mendo Breath,caryophyllene,nutty|savory|earthy,nutty|savory|earthy,caryophyllene|limonene|humulene,thc,typically high THC,dense,United States,"A savory, nutty hybrid that smells like roasted, salted peanut butter.",leafly,0.85
mendo breath,Mendo Breath,mendo breath og,indica,Mendo Montage x OGKB,caryophyllene,vanilla|caramel|sweet|earthy,vanilla|caramel|sweet,caryophyllene|myrcene|limonene,thc,typically high THC,frosty,"Mendocino, United States",A heavy indica with sweet vanilla and caramel flavors off frosty buds.,leafly,0.82
motorbreath,Motorbreath,,hybrid,Chemdog x SFV OG,myrcene,diesel|gas|earthy,diesel|gas|earthy,myrcene|caryophyllene|limonene,thc,typically very high THC,dense,United States,"A potent, gassy, earthy hybrid crossing Chemdog and SFV OG.",leafly,0.85
gushers,Gushers,white gushers|gusher|fruit gushers,hybrid,Gelato 41 x Triangle Kush,limonene,tropical|fruity|gas|sweet,tropical|gas|sweet,limonene|caryophyllene|myrcene,thc,typically very high THC,dense,United States,"Also White Gushers; a gassy, tropical-fruit hybrid that is beautiful, multi-colored, and glistening.",leafly,0.85
apple fritter,Apple Fritter,apple fritters,hybrid,Sour Apple x Animal Cookies,limonene,apple|sweet|pastry|earthy,apple|sweet|pastry,limonene|caryophyllene|myrcene,thc,typically very high THC,lumpy,United States,"A potent hybrid with a lumpy bud structure and a pungent, apple-pastry flavor.",leafly,0.8
alien og,Alien OG,,hybrid,Tahoe OG x Alien Kush,myrcene,earthy|lemon|pine,earthy|lemon|pine,myrcene|limonene|caryophyllene,thc,typically very high THC,dense,"California, United States",A potent hybrid with intense head and body character and classic OG lemon-pine notes.,leafly,0.8
original glue,Original Glue,gg4|gorilla glue|gg #4|glue|gorilla glue #4|gorilla glue 4|gorilla glue #1|gorilla glue 1|gorrilla glue|the glue|gg#4|gg # 4|gg 4,hybrid,Chem's Sister x Sour Dubb x Chocolate Diesel,myrcene,earthy|pungent|pine|fuel,earthy|pine|diesel|chocolate,myrcene|caryophyllene|limonene,thc,typically very high THC,frosty,United States,GG4 / Gorilla Glue — a heavy-resin hybrid with a pungent earthy-fuel aroma and notes of pine and chocolate.,leafly|wikileaf,0.92
cheese,Cheese,uk cheese|exodus cheese|the cheese,hybrid,Skunk 1,pinene,cheese|funky|earthy|sour,cheese|funky|earthy,pinene|myrcene|caryophyllene,thc,classic hybrid,dense,United Kingdom,"An indica-leaning hybrid famous for its pungent, tangy cheese aroma.",leafly,0.85
island sweet skunk,Island Sweet Skunk,sweet island skunk|iss,sativa,Skunk 1,myrcene,citrus|tropical|skunk|sweet,citrus|tropical|skunk,myrcene|caryophyllene|limonene,thc,some phenos higher CBD,tall,"British Columbia, Canada",An energizing Canadian sativa famous for a tangy citrus-and-tropical aroma; some phenotypes carry more CBD.,leafly,0.82
acdc,ACDC,acdc cbd,sativa,Cannatonic phenotype,myrcene,earthy|woody|sweet|pine,earthy|woody|sweet,myrcene|pinene|caryophyllene,cbd,low-THC / high-CBD,fluffy,United States,A famous high-CBD sativa phenotype of Cannatonic with a very low THC level and earthy-woody notes.,leafly|wikileaf,0.9
charlotte's web,Charlotte's Web,charlottes web|cw,hybrid,high-CBD hemp lineage,myrcene,earthy|pine|floral,earthy|pine|sweet,myrcene|pinene|caryophyllene,cbd,very low THC / high CBD,fluffy,"Colorado, United States","A landmark high-CBD, very-low-THC cultivar with earthy, piney notes.",leafly|wikileaf,0.9
harlequin,Harlequin,,sativa,Colombian Gold x Thai x Swiss landrace,myrcene,earthy|mango|sweet|woody,earthy|mango|sweet,myrcene|pinene|caryophyllene,cbd,high-CBD (often ~5:2 CBD:THC),fluffy,United States,A reliably high-CBD sativa with earthy mango and sweet notes; popular for balanced ratios.,leafly|wikileaf,0.88
cannatonic,Cannatonic,,hybrid,MK Ultra x G13 Haze,myrcene,earthy|citrus|sweet,earthy|citrus|sweet,myrcene|pinene|caryophyllene,cbd,high-CBD / low-to-moderate THC,dense,Spain,A foundational high-CBD hybrid (parent of ACDC) with earthy-citrus notes and a mellow profile.,leafly|wikileaf,0.88
harle-tsu,Harle-Tsu,harle tsu|harletsu,hybrid,Harlequin x Sour Tsunami,myrcene,earthy|sweet|woody,earthy|sweet|woody,myrcene|pinene|caryophyllene,cbd,very high CBD / very low THC,dense,United States,A very-high-CBD hybrid bred from Harlequin and Sour Tsunami.,leafly|seedfinder,0.85
sour tsunami,Sour Tsunami,,hybrid,Sour Diesel x NYC Diesel,myrcene,diesel|earthy|sweet,diesel|earthy|sweet,myrcene|caryophyllene|pinene,cbd,high-CBD,dense,United States,"One of the first strains bred specifically for high CBD, with a mild sweet-diesel aroma.",leafly|seedfinder,0.85
ringo's gift,Ringo's Gift,ringos gift,hybrid,ACDC x Harle-Tsu,myrcene,earthy|herbal|woody,earthy|herbal|woody,myrcene|pinene|caryophyllene,cbd,very high CBD,fluffy,United States,"A very-high-CBD hybrid averaging high CBD:THC ratios, with herbal-earthy notes.",leafly|seedfinder,0.82
pennywise,Pennywise,,indica,Harlequin x Jack the Ripper,myrcene,earthy|coffee|pepper|lemon,coffee|earthy|pepper,myrcene|caryophyllene|pinene,balanced,often ~1:1 CBD:THC,dense,United States,An indica with a roughly balanced CBD:THC ratio and earthy coffee-pepper notes.,leafly|wikileaf,0.85
stephen hawking kush,Stephen Hawking Kush,shk,indica,Harle-Tsu x Sin City Kush,myrcene,berry|earthy|mint|cherry,berry|mint|cherry,myrcene|caryophyllene|pinene,balanced,often balanced CBD:THC,dense,United States,"A balanced-ratio indica with sweet berry, cherry, and mint notes.",leafly|seedfinder,0.8
new glue,New Glue,gg5|gorilla glue #5|glue 5,hybrid,Gorilla Glue #4 phenotype,caryophyllene,earthy|diesel|pine|pungent,earthy|diesel|pine,caryophyllene|limonene|myrcene,thc,typically very high THC,dense,United States,"A Gorilla Glue #4 selection (renamed for trademark reasons) with the same earthy, diesel-pine profile.",leafly|seedfinder,0.82
cherry og,Cherry OG,cherries og|cherry's og|cherrys og|cherries|cherry og kush,hybrid,Lost Coast OG x Cherry Thai x Afghani,myrcene,cherry|sweet|earthy|diesel,cherry|sweet|earthy,myrcene|caryophyllene|limonene,thc,typically high THC,dense,United States,"A sweet, cherry-forward hybrid with an earthy-diesel backbone; appears under several spelling variants.",leafly|wikileaf,0.85
cherry ak,Cherry AK,cherry ak-47|cherry ak47,sativa,Cherry x AK-47,caryophyllene,cherry|sweet|skunky|earthy,cherry|sweet|skunk,caryophyllene|myrcene|limonene,thc,typically high THC,dense,United States,"A cherry-sweet, skunky sativa-leaning cross of Cherry and AK-47.",leafly|seedfinder,0.8
blueberry muffin,Blueberry Muffin,blueberry muffins,hybrid,Blueberry x Purple Panty Dropper,myrcene,blueberry|muffin|sweet|baked,blueberry|sweet|creamy,myrcene|caryophyllene|pinene,thc,typically high THC,dense,United States,"A dessert hybrid that smells like fresh blueberry muffins, sweet and baked.",leafly|seedfinder,0.82
blue cheese,Blue Cheese,bluecheese|blue cheese kush,indica,Blueberry x UK Cheese,myrcene,blueberry|cheese|funky|sweet,blueberry|cheese|savory,myrcene|caryophyllene|pinene,thc,typically high THC,dense,United Kingdom,A savory-sweet indica marrying Blueberry's berry notes with UK Cheese funk.,leafly|wikileaf,0.88
blueberry headband,Blueberry Headband,,hybrid,Blueberry x Headband,myrcene,blueberry|diesel|sweet|earthy,blueberry|diesel|sweet,myrcene|caryophyllene|limonene,thc,typically high THC,dense,United States,A cross pairing sweet blueberry with the lemon-diesel of Headband.,leafly|seedfinder,0.8
berry white,Berry White,,indica,Blueberry x White Widow,myrcene,berry|sweet|earthy|floral,berry|sweet|earthy,myrcene|caryophyllene|pinene,thc,typically high THC,frosty,United States,A frosty indica crossing Blueberry and White Widow for sweet berry and earthy notes.,leafly|wikileaf,0.82
thin mint gsc,Thin Mint GSC,thin mints|thin mint cookies|gsc thin mint,hybrid,Girl Scout Cookies phenotype,caryophyllene,mint|sweet|earthy|cookie,mint|sweet|earthy,caryophyllene|limonene|humulene,thc,typically high THC,dense,United States,"A minty, cookie-sweet GSC phenotype with frosty coverage.",leafly|wikileaf,0.85
platinum gsc,Platinum GSC,platinum cookies|platinum girl scout cookies,hybrid,Girl Scout Cookies phenotype,caryophyllene,sweet|earthy|spice|berry,sweet|earthy|spice,caryophyllene|limonene|humulene,thc,typically high THC,frosty,United States,"A frosty, platinum-hued GSC phenotype with sweet, earthy, spicy notes.",leafly|allbud,0.82
sunset sherbet,Sunset Sherbet,sherbet|sherbert|sunset sherbert,hybrid,Girl Scout Cookies x Pink Panties,caryophyllene,sweet|berry|citrus|creamy,sweet|berry|creamy,caryophyllene|limonene|linalool,thc,typically high THC,dense,United States,"A creamy, fruity GSC descendant with sweet berry and citrus notes; parent of Gelato.",leafly|wikileaf,0.88
gelato 33,Gelato 33,gelato #33|gelato33|larry bird|gelato 33 larry bird,hybrid,Sunset Sherbet x Thin Mint GSC,caryophyllene,sweet|creamy|citrus|berry,sweet|creamy|berry,caryophyllene|limonene|linalool,thc,typically high THC,dense,United States,The famous Gelato #33 cut: dessert-sweet and creamy with citrus and berry.,leafly|wikileaf,0.88
mochi,Mochi,mochi gelato|gelato 47|gelato #47,hybrid,Sunset Sherbet x Thin Mint GSC,caryophyllene,sweet|mint|fruity|creamy,sweet|mint|creamy,caryophyllene|limonene|linalool,thc,typically high THC,dense,United States,A Gelato-family cut (a.k.a. Mochi Gelato / Gelato 47) with sweet mint and fruit.,leafly|seedfinder,0.8
wedding crasher,Wedding Crasher,,hybrid,Wedding Cake x Purple Punch,caryophyllene,grape|sweet|vanilla|earthy,grape|sweet|vanilla,caryophyllene|limonene|linalool,thc,typically high THC,dense,United States,"A sweet, grape-and-vanilla hybrid pairing Wedding Cake with Purple Punch.",leafly|wikileaf,0.85
cereal milk,Cereal Milk,cereal milk cookies,hybrid,Y Life (GSC x Cherry Pie) x Snowman,limonene,sweet|creamy|fruity|milky,sweet|creamy|fruity,limonene|caryophyllene|linalool,thc,typically high THC,dense,United States,"A creamy, sweet Cookies-family cut reminiscent of sugary cereal milk.",leafly|seedfinder,0.8
jealousy,Jealousy,,hybrid,Gelato 41 x Sherbet Bx1,caryophyllene,sweet|creamy|fruity|earthy,sweet|creamy|fruity,caryophyllene|limonene|linalool,thc,typically very high THC,dense,United States,"A sweet, creamy, fruity modern Cookies/Gelato cut with a gassy finish.",leafly|seedfinder,0.8
animal mints,Animal Mints,animal mint,hybrid,Animal Cookies x SinMint Cookies,caryophyllene,mint|cookie|earthy|sweet,mint|cookie|earthy,caryophyllene|limonene|humulene,thc,typically very high THC,frosty,United States,"A minty, cookie-sweet hybrid with dense, frosty buds.",leafly|seedfinder,0.82
white runtz,White Runtz,white runts,hybrid,Gelato x Zkittlez,limonene,sweet|candy|fruity|creamy,sweet|candy|fruity,limonene|caryophyllene|linalool,thc,typically very high THC,frosty,United States,"A frosty, candy-sweet Runtz phenotype with fruity, creamy notes.",leafly|wikileaf,0.82
pink runtz,Pink Runtz,pink runts,hybrid,Runtz phenotype,limonene,sweet|candy|fruity|berry,sweet|candy|berry,limonene|caryophyllene|linalool,thc,typically high THC,dense,United States,"A candy-sweet, fruity-berry Runtz phenotype.",leafly|seedfinder,0.8
lemon cherry gelato,Lemon Cherry Gelato,lcg|lemon cherry|lemon cherry gelato 41,hybrid,Sunset Sherbet x GSC x undisclosed,limonene,lemon|cherry|sweet|creamy,lemon|cherry|creamy,limonene|caryophyllene|linalool,thc,typically very high THC,dense,United States,A citrus-and-cherry Gelato-family cut with creamy sweetness; lineage partly undisclosed.,leafly|seedfinder,0.78
mendocino purps,Mendocino Purps,mendo purps|the purps,indica,California cut (clone-only),myrcene,grape|earthy|sweet|coffee,grape|earthy|sweet,myrcene|caryophyllene|pinene,thc,typically high THC,dense,"California, United States",A foundational purple cut behind many West Coast grape strains.,leafly|seedfinder,0.8
amnesia haze,Amnesia Haze,amnesia,sativa,Haze x Afghani/Hawaiian lineage,terpinolene,citrus|lemon|earthy|spicy,citrus|lemon|earthy,terpinolene|limonene|caryophyllene,thc,typically high THC,fluffy,Netherlands,"A bright, citrus-lemon haze with earthy spice; a coffeeshop classic.",leafly|wikileaf,0.85
cinex,Cinex,cinex sativa,sativa,Cinderella 99 x Vortex,terpinolene,citrus|floral|sweet|earthy,citrus|floral|sweet,terpinolene|limonene|ocimene,thc,typically high THC,dense,United States,A bright citrus-floral sativa crossing Cinderella 99 and Vortex.,leafly|seedfinder,0.8
cinderella 99,Cinderella 99,cindy 99|c99|cinderella|cindy,sativa,Jack Herer x Shiva Skunk,limonene,pineapple|citrus|sweet|tropical,pineapple|citrus|sweet,limonene|caryophyllene|ocimene,thc,typically high THC,dense,United States,"A tropical, pineapple-citrus sativa (a.k.a. Cindy 99 / C99).",leafly|wikileaf,0.82
agent orange,Agent Orange,,hybrid,Orange Velvet x Jack the Ripper,terpinolene,orange|citrus|sweet|earthy,orange|citrus|sweet,terpinolene|limonene|myrcene,thc,typically high THC,dense,United States,A citrus-orange hybrid with sweet and earthy notes.,leafly|seedfinder,0.8
ghost train haze,Ghost Train Haze,gth|ghost train,sativa,Ghost OG x Neville's Wreck,terpinolene,citrus|floral|pine|sour,citrus|floral|sour,terpinolene|limonene|caryophyllene,thc,typically very high THC,frosty,United States,A potent citrus-floral haze with sour-pine notes and heavy resin.,leafly|wikileaf,0.82
mango kush,Mango Kush,mango kush indica,indica,Mango x Hindu Kush,myrcene,mango|tropical|sweet|earthy,mango|tropical|sweet,myrcene|caryophyllene|pinene,thc,typically high THC,dense,United States,A tropical indica with sweet mango over an earthy-kush base.,leafly|wikileaf,0.82
papaya,Papaya,papaya kush|wifi papaya,indica,Citral #13 x Ice #2,myrcene,papaya|tropical|sweet|mango,papaya|tropical|sweet,myrcene|caryophyllene|pinene,thc,typically high THC,dense,United States,A tropical indica with sweet papaya and mango notes.,leafly|seedfinder,0.8
clementine,Clementine,,sativa,Tangie x Lemon Skunk,terpinolene,orange|citrus|sweet|earthy,orange|citrus|sweet,terpinolene|limonene|myrcene,thc,typically high THC,dense,United States,"A bright orange-citrus sativa with sweet, earthy undertones.",leafly|wikileaf,0.82
orange cookies,Orange Cookies,,hybrid,Orange Juice x Girl Scout Cookies,limonene,orange|citrus|sweet|cookie,orange|citrus|sweet,limonene|caryophyllene|humulene,thc,typically high THC,dense,United States,A sweet orange-citrus Cookies cross.,leafly|seedfinder,0.8
pineapple chunk,Pineapple Chunk,,indica,Pineapple x Skunk #1 x Cheese,myrcene,pineapple|cheese|earthy|sweet,pineapple|cheese|earthy,myrcene|caryophyllene|pinene,thc,typically high THC,dense,United States,A pineapple-and-cheese indica with an earthy backbone.,leafly|seedfinder,0.78
tahoe og,Tahoe OG,tahoe og kush,hybrid,OG Kush phenotype,myrcene,lemon|earthy|pine|fuel,lemon|earthy|fuel,myrcene|limonene|caryophyllene,thc,typically high THC,dense,"California, United States","A heavy OG Kush cut with lemon, earthy-pine, and fuel notes.",leafly|wikileaf,0.82
ghost og,Ghost OG,,hybrid,OG Kush phenotype,limonene,lemon|pine|earthy|fuel,lemon|pine|earthy,limonene|myrcene|caryophyllene,thc,typically high THC,dense,United States,"A bright, lemony OG Kush cut behind Ghost Train Haze.",leafly|seedfinder,0.8
skywalker og,Skywalker OG,skywalker og kush,indica,Skywalker x OG Kush,myrcene,earthy|pine|fuel|spicy,earthy|pine|fuel,myrcene|limonene|caryophyllene,thc,typically very high THC,dense,United States,"A heavy, earthy-fuel OG indica with peppery spice.",leafly|wikileaf,0.85
death star,Death Star,deathstar,indica,Sensi Star x Sour Diesel,caryophyllene,diesel|earthy|skunky|sweet,diesel|earthy|sweet,caryophyllene|myrcene|limonene,thc,typically high THC,dense,"Ohio, United States",A diesel-and-earth indica crossing Sensi Star with Sour Diesel.,leafly|wikileaf,0.82
cookies and cream,Cookies and Cream,cookies n cream|cookies & cream,hybrid,Starfighter x GSC phenotype,caryophyllene,sweet|vanilla|nutty|earthy,vanilla|sweet|nutty,caryophyllene|limonene|humulene,thc,typically high THC,dense,United States,"A sweet, vanilla-and-nutty Cookies hybrid.",leafly|wikileaf,0.82
banana og,Banana OG,,indica,Banana x OG Kush,limonene,banana|sweet|earthy|tropical,banana|sweet|earthy,limonene|myrcene|caryophyllene,thc,typically very high THC,dense,United States,A sweet banana-and-earth OG indica.,leafly|wikileaf,0.8
nyc diesel,NYC Diesel,nyc d|new york city diesel|nyc sour diesel,sativa,Mexican x Afghani (Soma cut),myrcene,diesel|lime|grapefruit|earthy,diesel|grapefruit|lime,myrcene|limonene|caryophyllene,thc,typically high THC,dense,"New York, United States",A citrus-forward diesel sativa with grapefruit and lime over a fuel base.,leafly|wikileaf,0.82
chemdawg 91,Chemdawg 91,chem 91|chemdog 91|chemdawg 91,hybrid,Chemdog phenotype,caryophyllene,diesel|pungent|earthy|pine,diesel|earthy|pine,caryophyllene|myrcene|limonene,thc,typically very high THC,dense,United States,"A loud, diesel Chemdog cut (a.k.a. Chem 91).",leafly|seedfinder,0.8
jet fuel,Jet Fuel,g6|jet fuel g6,sativa,Aspen OG x High Country Diesel,caryophyllene,diesel|pungent|earthy|sweet,diesel|earthy|sweet,caryophyllene|myrcene|limonene,thc,typically high THC,dense,United States,"A gassy, diesel-forward sativa (a.k.a. G6).",leafly|wikileaf,0.8
skunk #1,Skunk #1,skunk no 1|skunk 1|skunk one,hybrid,Afghani x Acapulco Gold x Colombian Gold,myrcene,skunky|earthy|sweet|pungent,skunk|earthy|sweet,myrcene|caryophyllene|pinene,thc,typically high THC,dense,Netherlands,The foundational Skunk hybrid behind countless modern strains.,leafly|wikileaf,0.85
jack the ripper,Jack the Ripper,jtr,sativa,Jack's Cleaner x Space Queen,terpinolene,lemon|citrus|spicy|earthy,lemon|citrus|spice,terpinolene|limonene|ocimene,thc,typically high THC,dense,United States,"A lemony, spicy sativa from TGA with bright citrus.",leafly|seedfinder,0.8
jack flash,Jack Flash,jack flash sativa,sativa,Jack Herer x Super Skunk x Haze,terpinolene,citrus|spicy|earthy|sweet,citrus|spice|earthy,terpinolene|myrcene|caryophyllene,thc,typically high THC,fluffy,Netherlands,A spicy-citrus sativa in the Jack Herer family.,leafly|seedfinder,0.78
wedding pie,Wedding Pie,,hybrid,Wedding Cake x Grape Pie,caryophyllene,grape|sweet|earthy|spice,grape|sweet|earthy,caryophyllene|limonene|myrcene,thc,typically high THC,dense,United States,"A grape-sweet, earthy hybrid pairing Wedding Cake with Grape Pie.",leafly|seedfinder,0.78
birthday cake,Birthday Cake,birthday cake kush|bday cake,hybrid,GSC x Cherry Pie,caryophyllene,sweet|vanilla|cookie|earthy,vanilla|sweet|cookie,caryophyllene|limonene|linalool,thc,typically high THC,dense,United States,A sweet vanilla-cake Cookies cross (a.k.a. Birthday Cake Kush).,leafly|wikileaf,0.8
london pound cake,London Pound Cake,london pound cake 75|lpc,indica,Sunset Sherbet x undisclosed,caryophyllene,berry|grape|sweet|citrus,berry|grape|sweet,caryophyllene|limonene|linalool,thc,typically high THC,dense,United States,A berry-and-grape Cookies cut with sweet citrus; partial undisclosed lineage.,leafly|seedfinder,0.76
oreoz,Oreoz,oreo cookies|oreoz cookies|oreos,hybrid,Cookies and Cream x Secret Weapon,caryophyllene,chocolate|diesel|sweet|earthy,chocolate|diesel|sweet,caryophyllene|limonene|humulene,thc,typically very high THC,frosty,United States,A chocolate-and-diesel hybrid with heavy frost (a.k.a. Oreo Cookies).,leafly|seedfinder,0.8
sundae driver,Sundae Driver,sunday driver,hybrid,Fruity Pebbles OG x Grape Pie,caryophyllene,sweet|creamy|grape|chocolate,sweet|creamy|grape,caryophyllene|limonene|linalool,thc,typically high THC,dense,United States,"A creamy, grape-and-chocolate dessert hybrid.",leafly|wikileaf,0.82
critical kush,Critical Kush,critical kush indica,indica,Critical Mass x OG Kush,myrcene,earthy|spicy|sweet|pine,earthy|spice|sweet,myrcene|caryophyllene|limonene,thc,typically high THC,dense,Netherlands,"An earthy-spicy kush indica with heavy, dense buds.",leafly|seedfinder,0.8
god's gift,God's Gift,gods gift,indica,Granddaddy Purple x OG Kush,myrcene,grape|berry|citrus|earthy,grape|berry|citrus,myrcene|caryophyllene|limonene,thc,typically high THC,dense,"California, United States",A grape-and-berry indica with citrus over an earthy base.,leafly|wikileaf,0.82
bubble gum,Bubble Gum,bubblegum|bubba gum|indiana bubblegum,hybrid,Indiana Bubblegum lineage,myrcene,bubblegum|sweet|berry|fruity,bubblegum|sweet|berry,myrcene|caryophyllene|limonene,thc,typically high THC,dense,"Indiana, United States","A sweet, true-to-name bubblegum hybrid.",leafly|wikileaf,0.8
larry og,Larry OG,lemon larry|lemon larry og|larry og kush,hybrid,OG Kush phenotype (Orange County),limonene,lemon|citrus|pine|earthy,lemon|citrus|pine,limonene|myrcene|caryophyllene,thc,typically high THC,dense,"California, United States","A bright, lemon-citrus OG cut (a.k.a. Lemon Larry OG).",leafly|wikileaf,0.8
gary payton,Gary Payton,gp|gary payton cookies,hybrid,The Y x Snowman,caryophyllene,earthy|diesel|sweet|herbal,earthy|diesel|sweet,caryophyllene|limonene|humulene,thc,typically very high THC,frosty,United States,A Cookies-collab hybrid with earthy-diesel and sweet-herbal notes.,leafly|seedfinder,0.78
sour og,Sour OG,sour og kush,hybrid,Sour Diesel x OG Kush,caryophyllene,diesel|lemon|earthy|pine,diesel|lemon|earthy,caryophyllene|limonene|myrcene,thc,typically high THC,dense,United States,A diesel-and-lemon hybrid pairing Sour Diesel with OG Kush.,leafly|seedfinder,0.8
tangerine dream,Tangerine Dream,tangerine dream sativa,hybrid,G13 x Afghani x Neville's Haze,limonene,tangerine|citrus|sweet|earthy,tangerine|citrus|sweet,limonene|myrcene|caryophyllene,thc,typically high THC,dense,Netherlands,A sweet tangerine-citrus hybrid from Barney's Farm.,leafly|wikileaf,0.8
sensi star,Sensi Star,,indica,Afghani lineage,myrcene,earthy|citrus|metallic|sweet,earthy|citrus|sweet,myrcene|caryophyllene|limonene,thc,typically high THC,dense,Netherlands,"A potent, frosty indica with earthy-citrus notes; multiple Cup wins.",leafly|wikileaf,0.8
hash plant,Hash Plant,hashplant,indica,Northern Lights #1 x Afghani,myrcene,earthy|hash|spicy|sweet,earthy|hash|spice,myrcene|caryophyllene|pinene,thc,typically high THC,dense,Netherlands,"A resinous, hash-forward indica with earthy spice.",leafly|seedfinder,0.78
g13,G13,g-13|g 13,indica,clone-only (origin disputed),myrcene,earthy|pine|sweet|fruity,earthy|pine|sweet,myrcene|caryophyllene|limonene,thc,typically high THC,dense,United States,"A legendary, mythologized indica cut with earthy-pine and sweet notes.",leafly|wikileaf,0.72
headcheese,Headcheese,head cheese,hybrid,Headband x 707 Truthband,caryophyllene,cheese|diesel|earthy|sour,cheese|diesel|sour,caryophyllene|myrcene|limonene,thc,typically high THC,dense,United States,A funky cheese-and-diesel hybrid.,leafly|seedfinder,0.74
lemon og,Lemon OG,lemon og kush,hybrid,Las Vegas Lemon Skunk x The OG #18,limonene,lemon|citrus|earthy|fuel,lemon|citrus|fuel,limonene|myrcene|caryophyllene,thc,typically high THC,dense,United States,"A lemony, fuel-tinged OG hybrid.",leafly|seedfinder,0.76
pineapple,Pineapple,pineapple og,sativa,Ed Rosenthal Super Bud phenotype,myrcene,pineapple|tropical|sweet|citrus,pineapple|tropical|sweet,myrcene|limonene|pinene,thc,typically high THC,dense,United States,A tropical pineapple-forward sativa-leaning phenotype.,leafly|seedfinder,0.75
remedy,Remedy,the remedy,indica,Cannatonic x Afghan Skunk,myrcene,earthy|floral|pine|sweet,earthy|floral|sweet,myrcene|pinene|caryophyllene,cbd,high-CBD / very low THC,dense,United States,"A high-CBD, very-low-THC indica with earthy-floral, piney notes.",leafly|seedfinder,0.8
sweet and sour widow,Sweet and Sour Widow,sweet & sour widow,hybrid,high-CBD White Widow line,myrcene,earthy|sweet|sour|skunky,earthy|sweet|sour,myrcene|caryophyllene|pinene,balanced,balanced CBD:THC,dense,United States,A roughly balanced CBD:THC White Widow line with sweet-and-sour notes.,leafly|seedfinder,0.74
valentine x,Valentine X,valentinex|valentine,hybrid,ACDC phenotype,myrcene,earthy|sweet|herbal|pine,earthy|sweet|herbal,myrcene|pinene|caryophyllene,cbd,very high CBD (often ~25:1 CBD:THC),fluffy,United States,"An ACDC-derived, very-high-CBD cultivar with earthy-herbal notes.",leafly|seedfinder,0.78
suzy q,Suzy Q,suzy-q|suzyq,hybrid,high-CBD line,myrcene,earthy|herbal|sweet|woody,earthy|herbal|sweet,myrcene|pinene|caryophyllene,cbd,very high CBD / very low THC,fluffy,United States,"A very-high-CBD, very-low-THC cultivar with earthy-herbal notes.",leafly|seedfinder,0.74
critical mass cbd,Critical Mass CBD,critical cbd|critical mass cbd 1:1,indica,Critical Mass x high-CBD line,myrcene,earthy|sweet|skunky|citrus,earthy|sweet|citrus,myrcene|caryophyllene|limonene,balanced,balanced-to-high CBD,dense,Spain,A CBD-rich Critical Mass selection with earthy-sweet notes.,leafly|seedfinder,0.74
super boof,Super Boof,superboof|ze boof|blockberry,hybrid,Black Cherry Punch x Tropicana Cookies,myrcene,grapefruit|citrus|orange|sweet|earthy,grapefruit|citrus|sweet,myrcene|limonene|caryophyllene,thc,high THC,dense,United States,A citrus-forward Black Cherry Punch x Tropicana Cookies hybrid; Leafly Strain of the Year 2024.,leafly|allbud,0.85
permanent marker,Permanent Marker,permanent marker #1|perm marker,hybrid,Biscotti x Jealousy x Sherb BX,caryophyllene,floral|soap|sharpie|sweet|earthy,floral|sweet|pungent,caryophyllene|limonene|myrcene,thc,very high THC,dense,United States,An indica-leaning Seed Junky/Doja hybrid; Leafly Strain of the Year 2023.,leafly|allbud,0.85
hash burger,Hash Burger,hashburger,hybrid,Han Solo Hash Plant x Double Burger,myrcene,ammonia|pepper|cheese|earthy|diesel,cheese|pepper|earthy,myrcene|caryophyllene|limonene,thc,high THC,dense,United States,An indica-dominant (~60/40) hybrid; Leafly Strain of the Year 2025.,leafly|allbud,0.83
sub zero,Sub Zero,sub zero #12|subzero,hybrid,Oreoz x Super Boof,myrcene,sweet|citrus|cookie|earthy,sweet|citrus|creamy,myrcene|limonene|caryophyllene|humulene,thc,high THC,dense,United States,An indica-leaning (~60/40) Oreoz x Super Boof hybrid with sweet-citrus cookie notes.,leafly|allbud,0.8
og chem,OG Chem,chemdog og|chem og|chemdawg og,hybrid,Chemdawg x OG Kush,limonene,diesel|lemon|earthy|pine|chemical,diesel|lemon|earthy,limonene|caryophyllene|myrcene,thc,high THC,dense,United States,A sativa-leaning Chemdawg x OG Kush hybrid with diesel and lemon notes.,leafly|allbud,0.82
gas face,Gas Face,gasface,hybrid,Face Mints x (Biscotti x Sherbet) BX,limonene,tar|chemical|diesel|mint|earthy,diesel|mint|earthy,limonene|caryophyllene|myrcene,thc,high THC,dense,United States,A Seed Junky hybrid with gassy diesel and minty notes.,leafly|allbud,0.78
purple diesel,Purple Diesel,purple sour diesel,hybrid,Pre-98 Bubba Kush x Sour Diesel,caryophyllene,grape|diesel|berry|earthy|sweet,grape|diesel|sweet,caryophyllene|limonene|myrcene,thc,high THC,dense,United States,A sativa-leaning (~60/40) Bubba Kush x Sour Diesel hybrid with grape-diesel notes.,leafly|allbud,0.8
jokerz,Jokerz,jokerz #31|jokers,hybrid,White Runtz x Jet Fuel Gelato,limonene,sweet|fruity|diesel|candy|earthy,sweet|fruity|candy,limonene|caryophyllene|linalool,thc,very high THC,dense,United States,An indica-dominant Compound Genetics hybrid with sweet candy and diesel notes.,leafly|allbud,0.8
black mamba,Black Mamba,black mamba kush,indica,Black Domina x Granddaddy Purple,myrcene,grape|berry|pine|earthy|sweet,grape|berry|sweet,myrcene|caryophyllene|limonene,thc,high THC,dense,United States,An indica-dominant (~80/20) Black Domina x GDP hybrid with grape-berry notes.,leafly|allbud,0.8
grease monkey,Grease Monkey,greasemonkey,indica,Cookies and Cream x Gorilla Glue #4,caryophyllene,diesel|earthy|sweet|vanilla|skunky,sweet|vanilla|earthy,caryophyllene|limonene|myrcene,thc,high THC,dense,United States,An indica-dominant (~70/30) Symbiotic Genetics hybrid with sweet diesel and vanilla notes.,leafly|allbud,0.82
godfather og,Godfather OG,godfather|the don of all ogs|gfo,indica,XXX OG x Alpha OG,caryophyllene,grape|pine|earthy|diesel|spice,grape|pine|earthy,caryophyllene|myrcene|limonene,thc,very high THC,dense,United States,A potent indica (XXX OG x Alpha OG) sometimes called the Don of all OGs.,leafly|allbud,0.83
strawberry kush,Strawberry Kush,strawberry kush og,hybrid,Strawberry Cough x OG Kush,myrcene,strawberry|sweet|berry|earthy|pine,strawberry|sweet|berry,myrcene|limonene|caryophyllene,thc,~19% THC,dense,United States,A Strawberry Cough x OG Kush hybrid with sweet strawberry notes.,leafly|allbud,0.8
grape stomper,Grape Stomper,sour grapes,hybrid,Purple Elephant x Chemdog Sour Diesel,myrcene,grape|lime|lemon|earthy|pine|diesel,grape|lime|lemon,myrcene|limonene|caryophyllene,thc,high THC,dense,United States,A sativa-leaning Gage Green hybrid with grape and citrus-diesel notes.,seedfinder|allbud|leafly,0.78
sour kush,Sour Kush,sour og|sour og kush,hybrid,Sour Diesel x OG Kush,caryophyllene,sour|diesel|lemon|pine|earthy,sour|diesel|lemon,caryophyllene|limonene|myrcene,thc,high THC,dense,United States,A balanced Sour Diesel x OG Kush hybrid with sour-diesel and lemon notes.,leafly|allbud,0.8
white truffle,White Truffle,white truffle og,indica,Gorilla Butter (GG#4 x Peanut Butter Breath) phenotype,caryophyllene,garlic|lemon|pepper|pine|earthy|savory,garlic|pepper|earthy,caryophyllene|limonene|myrcene,thc,23-28% THC,dense,United States,An indica-dominant (~80/20) Gorilla Butter phenotype (Fresh Coast) with savory garlic-pepper notes.,allbud|leafly,0.8
face off og,Face Off OG,faceoff og kush|face off|og face off,hybrid,,myrcene,pine|spice|earthy|pungent|citrus|sweet,pine|earthy|citrus,myrcene|limonene|caryophyllene,thc,"20-24%+ THC, potent",dense,United States,A potent indica-leaning (~70/30) OG Kush descendant (clone-only; exact parents undocumented).,allbud|leafly,0.74
georgia pie,Georgia Pie,georgia pie og,hybrid,Gelatti x Kush Mints,limonene,peach|sweet|baked fruit|pine|mint|earthy,peach|sweet|mint,limonene|caryophyllene|humulene,thc,16-20% THC,dense,United States,A slightly indica-dominant (~60/40) Seed Junky/Cookies hybrid with sweet peach-cobbler notes.,leafly|allbud,0.8
tropicana cherry,Tropicana Cherry,trop cherry|tropicanna cherry,hybrid,Tropicana Cookies x Cherry Cookies,limonene,tropical|citrus|orange|cherry|sweet|earthy,citrus|cherry|sweet,limonene|caryophyllene|myrcene|linalool,thc,18-24% THC,dense,United States,"A balanced, uplifting Tropicana Cookies x Cherry Cookies hybrid with tropical-citrus and cherry notes.",leafly|allbud,0.8
lemon pastries,Lemon Pastries,lemon pastry,sativa-hybrid,Oooze (aka Oreoz) x Jet Fuel Gelato,,lemon|sweet|blueberry|diesel|sugary,lemon|citrus|sweet|creamy|blueberry,,thc,23-27% THC,fluffy,United States,"A sativa-dominant (~70/30) Compound Genetics hybrid with a sweet, citrusy lemon-pastry flavor and hints of blueberry and flaky crust.",allbud|leafly,0.8
crepe ape,Crepe Ape,,indica-hybrid,(London Pound Cake #75 x Kush Mints) x Project 4516,,blueberry|citrus|mint|spicy|earthy,blueberry|citrus|mint|sweet|fruity,,thc,18-19% THC,fluffy,United States,An indica-dominant (~70/30) hybrid with a sweet blueberry-citrus flavor cut by sharp mint and fresh herbs.,allbud|leafly,0.8
blue haze,Blue Haze,,hybrid,Headband x Blueberry Diesel,caryophyllene,peppery|spicy|woody|hoppy,blueberry|floral|sweet,caryophyllene|humulene|pinene,thc,WA flower lots test around 21% THC on average.,,Homegrown Fantaseeds,"Blue Haze is a hybrid, a cross of Headband x Blueberry Diesel with flavors of blueberry, floral, sweet and Caryophyllene-forward terpene profile.",Kushy cannabis-dataset|Lab terpene assays (analytical360/sclabs/psilabs via Terpene-Profile-Parser)|The Cannabis API (Piyush-Bhor)|WA I-502 state lab tests (dolthub/cannabis-testing-wa),0.8
chiesel,Chiesel,,hybrid,OG Kush x Big Wreck,myrcene,earthy|musky|herbal|hoppy,cheese|diesel|pungent,myrcene|humulene|caryophyllene,thc,WA flower lots test around 19% THC on average.,,Holistic Healing Collective,"Chiesel is a hybrid, a cross of OG Kush x Big Wreck with flavors of cheese, diesel, pungent and Myrcene-forward terpene profile.",Kushy cannabis-dataset|Lab terpene assays (analytical360/sclabs/psilabs via Terpene-Profile-Parser)|The Cannabis API (Piyush-Bhor)|WA I-502 state lab tests (dolthub/cannabis-testing-wa),0.8
chocolate chunk,Chocolate Chunk,,indica,Afghanica x Satori,humulene,hoppy|earthy|woody|peppery,earthy|sweet|woody,humulene|caryophyllene,thc,WA flower lots test around 19% THC on average.,,T.H.Seeds,"Chocolate Chunk is an indica, a cross of Afghanica x Satori with flavors of earthy, sweet, woody and Humulene-forward terpene profile.",Kushy cannabis-dataset|Lab terpene assays (analytical360/sclabs/psilabs via Terpene-Profile-Parser)|The Cannabis API (Piyush-Bhor)|WA I-502 state lab tests (dolthub/cannabis-testing-wa),0.8
cotton candy,Cotton Candy,,hybrid,Afghanica x Blueberry Diesel,humulene,hoppy|earthy|woody|pine,,humulene|pinene|terpinolene,thc,,,Federation Seed Company,"Cotton Candy is a hybrid, a cross of Afghanica x Blueberry Diesel with Humulene-forward terpene profile.",Kushy cannabis-dataset|Lab terpene assays (analytical360/sclabs/psilabs via Terpene-Profile-Parser),0.8
critical mass,Critical Mass,,indica,Afghanica x Skydog,terpinolene,herbal|piney|floral|hoppy,earthy|pungent|sweet,terpinolene|humulene|myrcene,thc,WA flower lots test around 14% THC on average.,,Seed Bank,"Critical Mass is an indica, a cross of Afghanica x Skydog with flavors of earthy, pungent, sweet and Terpinolene-forward terpene profile.",Kushy cannabis-dataset|Lab terpene assays (analytical360/sclabs/psilabs via Terpene-Profile-Parser)|The Cannabis API (Piyush-Bhor)|WA I-502 state lab tests (dolthub/cannabis-testing-wa),0.8
lsd,LSD,,hybrid,Lions Gate x OG Kush,limonene,citrus|lemon|herbal|piney,citrus|earthy|pungent,limonene|terpinolene|caryophyllene,thc,WA flower lots test around 18% THC on average.,,,"LSD is a hybrid, a cross of Lions Gate x OG Kush with flavors of citrus, earthy, pungent and Limonene-forward terpene profile.",Kushy cannabis-dataset|Lab terpene assays (analytical360/sclabs/psilabs via Terpene-Profile-Parser)|The Cannabis API (Piyush-Bhor)|WA I-502 state lab tests (dolthub/cannabis-testing-wa),0.8
querkle,Querkle,,indica,Strawberry Diesel x Purple Wreck,myrcene,earthy|musky|herbal|pine,berry|earthy|grape|sweet,myrcene|pinene|caryophyllene,thc,WA flower lots test around 20% THC on average.,,TGA Seeds,"Querkle is an indica, a cross of Strawberry Diesel x Purple Wreck with flavors of berry, earthy, grape and Myrcene-forward terpene profile.",Kushy cannabis-dataset|Lab terpene assays (analytical360/sclabs/psilabs via Terpene-Profile-Parser)|The Cannabis API (Piyush-Bhor)|WA I-502 state lab tests (dolthub/cannabis-testing-wa),0.8
the flav,The Flav,,hybrid,Strawberry Diesel x Root Beer Kush,caryophyllene,peppery|spicy|woody|floral,berry|diesel|floral,caryophyllene|linalool|myrcene,thc,,,TGA Seeds,"The Flav is a hybrid, a cross of Strawberry Diesel x Root Beer Kush with flavors of berry, diesel, floral and Caryophyllene-forward terpene profile.",Kushy cannabis-dataset|Lab terpene assays (analytical360/sclabs/psilabs via Terpene-Profile-Parser)|The Cannabis API (Piyush-Bhor),0.8
vortex,Vortex,,sativa,Root Beer Kush x Citrus Kush,myrcene,earthy|musky|herbal|peppery,earthy|lemon|mango|woody,myrcene|caryophyllene|linalool,thc,WA flower lots test around 18% THC on average.,,TGA Seeds,"Vortex is a sativa, a cross of Root Beer Kush x Citrus Kush with flavors of earthy, lemon, mango and Myrcene-forward terpene profile.",Kushy cannabis-dataset|Lab terpene assays (analytical360/sclabs/psilabs via Terpene-Profile-Parser)|The Cannabis API (Piyush-Bhor)|WA I-502 state lab tests (dolthub/cannabis-testing-wa),0.8
3 kings,3 Kings,,hybrid,,humulene,hoppy|earthy|woody|pine,earthy|pungent|sweet,humulene|pinene|caryophyllene,thc,WA flower lots test around 20% THC on average.,,,"3 Kings is a hybrid with flavors of earthy, pungent, sweet and Humulene-forward terpene profile.",Kushy cannabis-dataset|Lab terpene assays (analytical360/sclabs/psilabs via Terpene-Profile-Parser)|The Cannabis API (Piyush-Bhor)|WA I-502 state lab tests (dolthub/cannabis-testing-wa),0.75
501st og,501st Og,,hybrid,,myrcene,earthy|musky|herbal|hoppy,earthy|pine|skunk,myrcene|humulene|pinene,thc,WA flower lots test around 22% THC on average.,,Rare Dankness Seeds,"501st Og is a hybrid with flavors of earthy, pine, skunk and Myrcene-forward terpene profile.",Kushy cannabis-dataset|Lab terpene assays (analytical360/sclabs/psilabs via Terpene-Profile-Parser)|The Cannabis API (Piyush-Bhor)|WA I-502 state lab tests (dolthub/cannabis-testing-wa),0.75
abusive og,Abusive Og,,indica,,humulene,hoppy|earthy|woody,citrus|diesel|earthy|pine,humulene,thc,WA flower lots test around 17% THC on average.,,,"Abusive Og is an indica with flavors of citrus, diesel, earthy and Humulene-forward terpene profile.",Kushy cannabis-dataset|Lab terpene assays (analytical360/sclabs/psilabs via Terpene-Profile-Parser)|The Cannabis API (Piyush-Bhor)|WA I-502 state lab tests (dolthub/cannabis-testing-wa),0.75
ace of spades,Ace Of Spades,,indica,,limonene,citrus|lemon|herbal|piney,berry|earthy|sweet|woody,limonene|terpinolene|pinene,thc,WA flower lots test around 17% THC on average.,,TGA Seeds,"Ace Of Spades is an indica with flavors of berry, earthy, sweet and Limonene-forward terpene profile.",Kushy cannabis-dataset|Lab terpene assays (analytical360/sclabs/psilabs via Terpene-Profile-Parser)|The Cannabis API (Piyush-Bhor)|WA I-502 state lab tests (dolthub/cannabis-testing-wa),0.75
afgoo,Afgoo,,indica,,myrcene,earthy|musky|herbal|pine,citrus|earthy|pine|sweet|woody,myrcene|pinene|humulene,thc,WA flower lots test around 19% THC on average.,,,"Afgoo is an indica with flavors of citrus, earthy, pine and Myrcene-forward terpene profile.",Kushy cannabis-dataset|Lab terpene assays (analytical360/sclabs/psilabs via Terpene-Profile-Parser)|The Cannabis API (Piyush-Bhor)|WA I-502 state lab tests (dolthub/cannabis-testing-wa),0.75
afgooey,Afgooey,,indica,,myrcene,earthy|musky|herbal|pine,earthy|pine|pungent|woody,myrcene|pinene|linalool,thc,WA flower lots test around 18% THC on average.,,,"Afgooey is an indica with flavors of earthy, pine, pungent and Myrcene-forward terpene profile.",Kushy cannabis-dataset|Lab terpene assays (analytical360/sclabs/psilabs via Terpene-Profile-Parser)|The Cannabis API (Piyush-Bhor)|WA I-502 state lab tests (dolthub/cannabis-testing-wa),0.75
ak 48,Ak 48,,hybrid,,humulene,hoppy|earthy|woody|peppery,citrus|earthy|pungent,humulene|caryophyllene|myrcene,thc,WA flower lots test around 19% THC on average.,,Nirvana,"Ak 48 is a hybrid with flavors of citrus, earthy, pungent and Humulene-forward terpene profile.",Kushy cannabis-dataset|Lab terpene assays (analytical360/sclabs/psilabs via Terpene-Profile-Parser)|The Cannabis API (Piyush-Bhor)|WA I-502 state lab tests (dolthub/cannabis-testing-wa),0.75
alaskan thunder fuck,Alaskan Thunder Fuck,,sativa,,humulene,hoppy|earthy|woody|musky,earthy|pine|woody,humulene|myrcene|caryophyllene,thc,WA flower lots test around 20% THC on average.,,Northern View Collective,"Alaskan Thunder Fuck is a sativa with flavors of earthy, pine, woody and Humulene-forward terpene profile.",Kushy cannabis-dataset|Lab terpene assays (analytical360/sclabs/psilabs via Terpene-Profile-Parser)|The Cannabis API (Piyush-Bhor)|WA I-502 state lab tests (dolthub/cannabis-testing-wa),0.75
albert walker,Albert Walker,,hybrid,,limonene,citrus|lemon|herbal|piney,blueberry|earthy|mango,limonene|terpinolene|pinene,thc,WA flower lots test around 20% THC on average.,,,"Albert Walker is a hybrid with flavors of blueberry, earthy, mango and Limonene-forward terpene profile.",Kushy cannabis-dataset|Lab terpene assays (analytical360/sclabs/psilabs via Terpene-Profile-Parser)|The Cannabis API (Piyush-Bhor)|WA I-502 state lab tests (dolthub/cannabis-testing-wa),0.75
alien dawg,Alien Dawg,,indica,,myrcene,earthy|musky|herbal|hoppy,earthy|pungent|woody,myrcene|humulene|caryophyllene,thc,WA flower lots test around 19% THC on average.,,,"Alien Dawg is an indica with flavors of earthy, pungent, woody and Myrcene-forward terpene profile.",Kushy cannabis-dataset|Lab terpene assays (analytical360/sclabs/psilabs via Terpene-Profile-Parser)|The Cannabis API (Piyush-Bhor)|WA I-502 state lab tests (dolthub/cannabis-testing-wa),0.75
alien kush,Alien Kush,,indica,,myrcene,earthy|musky|herbal|pine,earthy|floral|woody,myrcene|pinene|caryophyllene,thc,WA flower lots test around 24% THC on average.,,The Cali Connection,"Alien Kush is an indica with flavors of earthy, floral, woody and Myrcene-forward terpene profile.",Kushy cannabis-dataset|Lab terpene assays (analytical360/sclabs/psilabs via Terpene-Profile-Parser)|The Cannabis API (Piyush-Bhor)|WA I-502 state lab tests (dolthub/cannabis-testing-wa),0.75
aliens on moonshine,Aliens On Moonshine,,indica,,myrcene,earthy|musky|herbal,citrus|herbal|vanilla,myrcene,thc,WA flower lots test around 7% THC on average.,,,"Aliens On Moonshine is an indica with flavors of citrus, herbal, vanilla and Myrcene-forward terpene profile.",Kushy cannabis-dataset|Lab terpene assays (analytical360/sclabs/psilabs via Terpene-Profile-Parser)|The Cannabis API (Piyush-Bhor)|WA I-502 state lab tests (dolthub/cannabis-testing-wa),0.75
allen wrench,Allen Wrench,,sativa,,humulene,hoppy|earthy|woody|peppery,citrus|earthy|pine|pungent,humulene|caryophyllene|myrcene,thc,WA flower lots test around 20% THC on average.,,,"Allen Wrench is a sativa with flavors of citrus, earthy, pine and Humulene-forward terpene profile.",Kushy cannabis-dataset|Lab terpene assays (analytical360/sclabs/psilabs via Terpene-Profile-Parser)|The Cannabis API (Piyush-Bhor)|WA I-502 state lab tests (dolthub/cannabis-testing-wa),0.75
amnesia,Amnesia,,sativa,,pinene,pine|fresh|hoppy|earthy,earthy|skunk|sweet,pinene|humulene|caryophyllene,thc,WA flower lots test around 19% THC on average.,,,"Amnesia is a sativa with flavors of earthy, skunk, sweet and Pinene-forward terpene profile.",Kushy cannabis-dataset|Lab terpene assays (analytical360/sclabs/psilabs via Terpene-Profile-Parser)|The Cannabis API (Piyush-Bhor)|WA I-502 state lab tests (dolthub/cannabis-testing-wa),0.75
bay dream,Bay Dream,,sativa,,pinene,pine|fresh|peppery|spicy,citrus|earthy|sweet,pinene|caryophyllene|humulene,thc,WA flower lots test around 20% THC on average.,,Grand Daddy Purp,"Bay Dream is a sativa with flavors of citrus, earthy, sweet and Pinene-forward terpene profile.",Kushy cannabis-dataset|Lab terpene assays (analytical360/sclabs/psilabs via Terpene-Profile-Parser)|The Cannabis API (Piyush-Bhor)|WA I-502 state lab tests (dolthub/cannabis-testing-wa),0.75
big bud,Big Bud,,indica,,myrcene,earthy|musky|herbal|peppery,earthy|floral|skunk,myrcene|caryophyllene|humulene,thc,WA flower lots test around 18% THC on average.,,Seed Bank,"Big Bud is an indica with flavors of earthy, floral, skunk and Myrcene-forward terpene profile.",Kushy cannabis-dataset|Lab terpene assays (analytical360/sclabs/psilabs via Terpene-Profile-Parser)|The Cannabis API (Piyush-Bhor)|WA I-502 state lab tests (dolthub/cannabis-testing-wa),0.75
big buddha cheese,Big Buddha Cheese,,hybrid,,humulene,hoppy|earthy|woody|peppery,,humulene|caryophyllene|myrcene,thc,,,Big Buddha Seeds,Big Buddha Cheese is a hybrid with Humulene-forward terpene profile.,Kushy cannabis-dataset|Lab terpene assays (analytical360/sclabs/psilabs via Terpene-Profile-Parser),0.75
black 84,Black 84,,indica,,myrcene,earthy|musky|herbal|floral,earthy|grape|pungent,myrcene|caryophyllene|linalool,thc,WA flower lots test around 18% THC on average.,,,"Black 84 is an indica with flavors of earthy, grape, pungent and Myrcene-forward terpene profile.",Lab terpene assays (analytical360/sclabs/psilabs via Terpene-Profile-Parser)|The Cannabis API (Piyush-Bhor)|WA I-502 state lab tests (dolthub/cannabis-testing-wa),0.75
black cherry soda,Black Cherry Soda,,hybrid,,caryophyllene,peppery|spicy|woody|herbal,berry|earthy|sweet,caryophyllene|terpinolene,thc,WA flower lots test around 21% THC on average.,,Subcool,"Black Cherry Soda is a hybrid with flavors of berry, earthy, sweet and Caryophyllene-forward terpene profile.",Kushy cannabis-dataset|Lab terpene assays (analytical360/sclabs/psilabs via Terpene-Profile-Parser)|The Cannabis API (Piyush-Bhor)|WA I-502 state lab tests (dolthub/cannabis-testing-wa),0.75
black domina,Black Domina,,indica,,myrcene,earthy|musky|herbal|pine,peppery|pine|woody,myrcene|pinene,thc,WA flower lots test around 18% THC on average.,,Sensi Seeds,"Black Domina is an indica with flavors of peppery, pine, woody and Myrcene-forward terpene profile.",Kushy cannabis-dataset|Lab terpene assays (analytical360/sclabs/psilabs via Terpene-Profile-Parser)|The Cannabis API (Piyush-Bhor)|WA I-502 state lab tests (dolthub/cannabis-testing-wa),0.75
black haze,Black Haze,,hybrid,,caryophyllene,peppery|spicy|woody|earthy,earthy|floral|pine,caryophyllene|myrcene|humulene,thc,WA flower lots test around 15% THC on average.,,,"Black Haze is a hybrid with flavors of earthy, floral, pine and Caryophyllene-forward terpene profile.",Lab terpene assays (analytical360/sclabs/psilabs via Terpene-Profile-Parser)|The Cannabis API (Piyush-Bhor)|WA I-502 state lab tests (dolthub/cannabis-testing-wa),0.75
black jack,Black Jack,,hybrid,,ocimene,sweet|herbal|hoppy|earthy,earthy|pine|sweet,ocimene|humulene|terpinolene,thc,WA flower lots test around 23% THC on average.,,Sweet Seeds,"Black Jack is a hybrid with flavors of earthy, pine, sweet and Ocimene-forward terpene profile.",Kushy cannabis-dataset|Lab terpene assays (analytical360/sclabs/psilabs via Terpene-Profile-Parser)|The Cannabis API (Piyush-Bhor)|WA I-502 state lab tests (dolthub/cannabis-testing-wa),0.75
black lavender,Black Lavender,,hybrid,,caryophyllene,peppery|spicy|woody|hoppy,,caryophyllene|humulene,thc,,,,Black Lavender is a hybrid with Caryophyllene-forward terpene profile.,Kushy cannabis-dataset|Lab terpene assays (analytical360/sclabs/psilabs via Terpene-Profile-Parser),0.75
black russian,Black Russian,,indica,,humulene,hoppy|earthy|woody|musky,berry|citrus|earthy|lemon,humulene|myrcene|caryophyllene,thc,WA flower lots test around 19% THC on average.,,Nebu,"Black Russian is an indica with flavors of berry, citrus, earthy and Humulene-forward terpene profile.",Kushy cannabis-dataset|Lab terpene assays (analytical360/sclabs/psilabs via Terpene-Profile-Parser)|The Cannabis API (Piyush-Bhor)|WA I-502 state lab tests (dolthub/cannabis-testing-wa),0.75
black widow,Black Widow,,hybrid,,myrcene,earthy|musky|herbal|peppery,earthy|pungent|sweet,myrcene|caryophyllene|pinene,thc,WA flower lots test around 19% THC on average.,,Shantibaba,"Black Widow is a hybrid with flavors of earthy, pungent, sweet and Myrcene-forward terpene profile.",Kushy cannabis-dataset|Lab terpene assays (analytical360/sclabs/psilabs via Terpene-Profile-Parser)|The Cannabis API (Piyush-Bhor)|WA I-502 state lab tests (dolthub/cannabis-testing-wa),0.75
blackberry,Blackberry,,hybrid,,humulene,hoppy|earthy|woody|pine,berry|earthy|sweet,humulene|caryophyllene|pinene,thc,WA flower lots test around 18% THC on average.,,Nebu,"Blackberry is a hybrid with flavors of berry, earthy, sweet and Humulene-forward terpene profile.",Kushy cannabis-dataset|Lab terpene assays (analytical360/sclabs/psilabs via Terpene-Profile-Parser)|The Cannabis API (Piyush-Bhor)|WA I-502 state lab tests (dolthub/cannabis-testing-wa),0.75
blackwater,Blackwater,,indica,,myrcene,earthy|musky|herbal|hoppy,berry|earthy|grape,myrcene|humulene|pinene,thc,WA flower lots test around 19% THC on average.,,,"Blackwater is an indica with flavors of berry, earthy, grape and Myrcene-forward terpene profile.",Kushy cannabis-dataset|Lab terpene assays (analytical360/sclabs/psilabs via Terpene-Profile-Parser)|The Cannabis API (Piyush-Bhor)|WA I-502 state lab tests (dolthub/cannabis-testing-wa),0.75
blue afghani,Blue Afghani,,indica,,myrcene,earthy|musky|herbal|hoppy,blueberry|pungent|woody,myrcene|humulene|caryophyllene,thc,WA flower lots test around 20% THC on average.,,Jordan of the Islands,"Blue Afghani is an indica with flavors of blueberry, pungent, woody and Myrcene-forward terpene profile.",Kushy cannabis-dataset|Lab terpene assays (analytical360/sclabs/psilabs via Terpene-Profile-Parser)|The Cannabis API (Piyush-Bhor)|WA I-502 state lab tests (dolthub/cannabis-testing-wa),0.75
blue city diesel,Blue City Diesel,,hybrid,,humulene,hoppy|earthy|woody|pine,,humulene|pinene|caryophyllene,thc,,,Jordan of the Islands,Blue City Diesel is a hybrid with Humulene-forward terpene profile.,Kushy cannabis-dataset|Lab terpene assays (analytical360/sclabs/psilabs via Terpene-Profile-Parser),0.75
blue diesel,Blue Diesel,,hybrid,,myrcene,earthy|musky|herbal|hoppy,berry|blueberry|diesel,myrcene|humulene|pinene,thc,WA flower lots test around 17% THC on average.,,,"Blue Diesel is a hybrid with flavors of berry, blueberry, diesel and Myrcene-forward terpene profile.",Kushy cannabis-dataset|Lab terpene assays (analytical360/sclabs/psilabs via Terpene-Profile-Parser)|The Cannabis API (Piyush-Bhor)|WA I-502 state lab tests (dolthub/cannabis-testing-wa),0.75
blue dragon,Blue Dragon,,hybrid,,caryophyllene,peppery|spicy|woody|pine,berry|blueberry|sweet,caryophyllene|pinene|humulene,thc,WA flower lots test around 17% THC on average.,,,"Blue Dragon is a hybrid with flavors of berry, blueberry, sweet and Caryophyllene-forward terpene profile.",Kushy cannabis-dataset|Lab terpene assays (analytical360/sclabs/psilabs via Terpene-Profile-Parser)|The Cannabis API (Piyush-Bhor)|WA I-502 state lab tests (dolthub/cannabis-testing-wa),0.75
blue dream haze,Blue Dream Haze,,hybrid,,myrcene,earthy|musky|herbal,,myrcene,thc,,,The Cali Connection,Blue Dream Haze is a hybrid with Myrcene-forward terpene profile.,Kushy cannabis-dataset|Lab terpene assays (analytical360/sclabs/psilabs via Terpene-Profile-Parser),0.75
blue hawaiian,Blue Hawaiian,,hybrid,,pinene,pine|fresh|hoppy|earthy,citrus|earthy|sweet,pinene|humulene|caryophyllene,thc,WA flower lots test around 19% THC on average.,,Jordan of the Islands,"Blue Hawaiian is a hybrid with flavors of citrus, earthy, sweet and Pinene-forward terpene profile.",Kushy cannabis-dataset|Lab terpene assays (analytical360/sclabs/psilabs via Terpene-Profile-Parser)|The Cannabis API (Piyush-Bhor)|WA I-502 state lab tests (dolthub/cannabis-testing-wa),0.75
blue heron,Blue Heron,,hybrid,,humulene,hoppy|earthy|woody,herbal|pine|spicy|woody,humulene,thc,WA flower lots test around 16% THC on average.,,Dynasty Seeds,"Blue Heron is a hybrid with flavors of herbal, pine, spicy and Humulene-forward terpene profile.",Kushy cannabis-dataset|Lab terpene assays (analytical360/sclabs/psilabs via Terpene-Profile-Parser)|The Cannabis API (Piyush-Bhor)|WA I-502 state lab tests (dolthub/cannabis-testing-wa),0.75
blue magoo,Blue Magoo,,hybrid,,pinene,pine|fresh|hoppy|earthy,earthy|pungent|sweet,pinene|humulene|caryophyllene,thc,WA flower lots test around 18% THC on average.,,Dynasty Seeds,"Blue Magoo is a hybrid with flavors of earthy, pungent, sweet and Pinene-forward terpene profile.",Kushy cannabis-dataset|Lab terpene assays (analytical360/sclabs/psilabs via Terpene-Profile-Parser)|The Cannabis API (Piyush-Bhor)|WA I-502 state lab tests (dolthub/cannabis-testing-wa),0.75
blue power,Blue Power,,indica,,humulene,hoppy|earthy|woody,berry|earthy|sweet,humulene,thc,WA flower lots test around 21% THC on average.,,Sin City Seeds,"Blue Power is an indica with flavors of berry, earthy, sweet and Humulene-forward terpene profile.",Kushy cannabis-dataset|Lab terpene assays (analytical360/sclabs/psilabs via Terpene-Profile-Parser)|The Cannabis API (Piyush-Bhor)|WA I-502 state lab tests (dolthub/cannabis-testing-wa),0.75
blue rhino,Blue Rhino,,hybrid,,pinene,pine|fresh|peppery|spicy,berry|blueberry|sweet,pinene|caryophyllene|myrcene,thc,WA flower lots test around 19% THC on average.,,,"Blue Rhino is a hybrid with flavors of berry, blueberry, sweet and Pinene-forward terpene profile.",Kushy cannabis-dataset|Lab terpene assays (analytical360/sclabs/psilabs via Terpene-Profile-Parser)|The Cannabis API (Piyush-Bhor)|WA I-502 state lab tests (dolthub/cannabis-testing-wa),0.75
blue widow,Blue Widow,,hybrid,,pinene,pine|fresh|earthy|musky,berry|earthy|sweet,pinene|caryophyllene|myrcene,thc,WA flower lots test around 16% THC on average.,,,"Blue Widow is a hybrid with flavors of berry, earthy, sweet and Pinene-forward terpene profile.",Kushy cannabis-dataset|Lab terpene assays (analytical360/sclabs/psilabs via Terpene-Profile-Parser)|The Cannabis API (Piyush-Bhor)|WA I-502 state lab tests (dolthub/cannabis-testing-wa),0.75
blueberry cheesecake,Blueberry Cheesecake,,hybrid,,caryophyllene,peppery|spicy|woody|pine,blueberry|cheese|sweet,caryophyllene|pinene,thc,WA flower lots test around 21% THC on average.,,Oregon Microgrowers Guild,"Blueberry Cheesecake is a hybrid with flavors of blueberry, cheese, sweet and Caryophyllene-forward terpene profile.",Kushy cannabis-dataset|Lab terpene assays (analytical360/sclabs/psilabs via Terpene-Profile-Parser)|The Cannabis API (Piyush-Bhor)|WA I-502 state lab tests (dolthub/cannabis-testing-wa),0.75
blueberry cookies,Blueberry Cookies,,hybrid,,myrcene,earthy|musky|herbal,,myrcene,thc,,,Medicine Man Seeds,Blueberry Cookies is a hybrid with Myrcene-forward terpene profile.,Kushy cannabis-dataset|Lab terpene assays (analytical360/sclabs/psilabs via Terpene-Profile-Parser),0.75
blueberry haze,Blueberry Haze,,hybrid,,myrcene,earthy|musky|herbal|pine,berry|blueberry|sweet,myrcene|pinene|linalool,thc,WA flower lots test around 13% THC on average.,,DNA Genetics,"Blueberry Haze is a hybrid with flavors of berry, blueberry, sweet and Myrcene-forward terpene profile.",Kushy cannabis-dataset|Lab terpene assays (analytical360/sclabs/psilabs via Terpene-Profile-Parser)|The Cannabis API (Piyush-Bhor)|WA I-502 state lab tests (dolthub/cannabis-testing-wa),0.75
blueberry kush,Blueberry Kush,,indica,,humulene,hoppy|earthy|woody|pine,berry|blueberry|sweet,humulene|pinene|caryophyllene,thc,WA flower lots test around 18% THC on average.,,,"Blueberry Kush is an indica with flavors of berry, blueberry, sweet and Humulene-forward terpene profile.",Kushy cannabis-dataset|Lab terpene assays (analytical360/sclabs/psilabs via Terpene-Profile-Parser)|The Cannabis API (Piyush-Bhor)|WA I-502 state lab tests (dolthub/cannabis-testing-wa),0.75
boggle gum,Boggle Gum,,hybrid,,humulene,hoppy|earthy|woody|pine,earthy|grape|sweet,humulene|pinene|linalool,thc,WA flower lots test around 16% THC on average.,,,"Boggle Gum is a hybrid with flavors of earthy, grape, sweet and Humulene-forward terpene profile.",Lab terpene assays (analytical360/sclabs/psilabs via Terpene-Profile-Parser)|The Cannabis API (Piyush-Bhor)|WA I-502 state lab tests (dolthub/cannabis-testing-wa),0.75
bubblicious,Bubblicious,,hybrid,,humulene,hoppy|earthy|woody|peppery,berry|blueberry|sweet,humulene|caryophyllene,thc,WA flower lots test around 20% THC on average.,,Resin Seeds,"Bubblicious is a hybrid with flavors of berry, blueberry, sweet and Humulene-forward terpene profile.",Kushy cannabis-dataset|Lab terpene assays (analytical360/sclabs/psilabs via Terpene-Profile-Parser)|The Cannabis API (Piyush-Bhor)|WA I-502 state lab tests (dolthub/cannabis-testing-wa),0.75
buddha tahoe og,Buddha Tahoe Og,,hybrid,,humulene,hoppy|earthy|woody|musky,,humulene|myrcene|pinene,thc,,,The Cali Connection,Buddha Tahoe Og is a hybrid with Humulene-forward terpene profile.,Kushy cannabis-dataset|Lab terpene assays (analytical360/sclabs/psilabs via Terpene-Profile-Parser),0.75
burmese kush,Burmese Kush,,hybrid,,myrcene,earthy|musky|herbal|peppery,earthy|pine|pungent,myrcene|caryophyllene|humulene,thc,WA flower lots test around 17% THC on average.,,,"Burmese Kush is a hybrid with flavors of earthy, pine, pungent and Myrcene-forward terpene profile.",Kushy cannabis-dataset|Lab terpene assays (analytical360/sclabs/psilabs via Terpene-Profile-Parser)|The Cannabis API (Piyush-Bhor)|WA I-502 state lab tests (dolthub/cannabis-testing-wa),0.75
candy kush,Candy Kush,,hybrid,,pinene,pine|fresh|peppery|spicy,,pinene|caryophyllene|humulene,thc,,,Auto Seeds,Candy Kush is a hybrid with Pinene-forward terpene profile.,Kushy cannabis-dataset|Lab terpene assays (analytical360/sclabs/psilabs via Terpene-Profile-Parser),0.75
cheese quake,Cheese Quake,,hybrid,,caryophyllene,peppery|spicy|woody|floral,pungent|citrus|floral,caryophyllene|linalool|humulene,thc,WA flower lots test around 19% THC on average.,,TGA Seeds,"Cheese Quake is a hybrid with flavors of pungent, citrus, floral and Caryophyllene-forward terpene profile.",Kushy cannabis-dataset|Lab terpene assays (analytical360/sclabs/psilabs via Terpene-Profile-Parser)|The Cannabis API (Piyush-Bhor)|WA I-502 state lab tests (dolthub/cannabis-testing-wa),0.75
chem valley kush,Chem Valley Kush,,hybrid,,myrcene,earthy|musky|herbal|hoppy,diesel|earthy|pine,myrcene|humulene|pinene,thc,WA flower lots test around 18% THC on average.,,The Cali Connection,"Chem Valley Kush is a hybrid with flavors of diesel, earthy, pine and Myrcene-forward terpene profile.",Kushy cannabis-dataset|Lab terpene assays (analytical360/sclabs/psilabs via Terpene-Profile-Parser)|The Cannabis API (Piyush-Bhor)|WA I-502 state lab tests (dolthub/cannabis-testing-wa),0.75
chemdawg,Chemdawg,,hybrid,,humulene,hoppy|earthy|woody|pine,diesel|earthy|pungent,humulene|pinene|caryophyllene,thc,WA flower lots test around 23% THC on average.,,Bud Rx Delivery,"Chemdawg is a hybrid with flavors of diesel, earthy, pungent and Humulene-forward terpene profile.",Kushy cannabis-dataset|Lab terpene assays (analytical360/sclabs/psilabs via Terpene-Profile-Parser)|The Cannabis API (Piyush-Bhor)|WA I-502 state lab tests (dolthub/cannabis-testing-wa),0.75
chernobyl,Chernobyl,,hybrid,,pinene,pine|fresh|herbal|piney,citrus|lemon,pinene|terpinolene|limonene,thc,WA flower lots test around 20% THC on average.,,TGA Seeds,"Chernobyl is a hybrid with flavors of citrus, lemon and Pinene-forward terpene profile.",Kushy cannabis-dataset|Lab terpene assays (analytical360/sclabs/psilabs via Terpene-Profile-Parser)|The Cannabis API (Piyush-Bhor)|WA I-502 state lab tests (dolthub/cannabis-testing-wa),0.75
cherry cookies,Cherry Cookies,,hybrid,,pinene,pine|fresh|peppery|spicy,berry|pungent|sweet,pinene|caryophyllene,thc,WA flower lots test around 19% THC on average.,,Purple Caper Seeds,"Cherry Cookies is a hybrid with flavors of berry, pungent, sweet and Pinene-forward terpene profile.",Kushy cannabis-dataset|Lab terpene assays (analytical360/sclabs/psilabs via Terpene-Profile-Parser)|The Cannabis API (Piyush-Bhor)|WA I-502 state lab tests (dolthub/cannabis-testing-wa),0.75
cherry kush,Cherry Kush,,hybrid,,myrcene,earthy|musky|herbal|peppery,berry|earthy|sweet,myrcene|caryophyllene|linalool,thc,WA flower lots test around 20% THC on average.,,Carl D.,"Cherry Kush is a hybrid with flavors of berry, earthy, sweet and Myrcene-forward terpene profile.",Kushy cannabis-dataset|Lab terpene assays (analytical360/sclabs/psilabs via Terpene-Profile-Parser)|The Cannabis API (Piyush-Bhor)|WA I-502 state lab tests (dolthub/cannabis-testing-wa),0.75
chocolate hashberry,Chocolate Hashberry,,hybrid,,myrcene,earthy|musky|herbal|hoppy,berry|earthy|sweet,myrcene|humulene|caryophyllene,thc,WA flower lots test around 18% THC on average.,,,"Chocolate Hashberry is a hybrid with flavors of berry, earthy, sweet and Myrcene-forward terpene profile.",Kushy cannabis-dataset|Lab terpene assays (analytical360/sclabs/psilabs via Terpene-Profile-Parser)|The Cannabis API (Piyush-Bhor)|WA I-502 state lab tests (dolthub/cannabis-testing-wa),0.75
chocolate kush,Chocolate Kush,,indica,,humulene,hoppy|earthy|woody|peppery,coffee|earthy|sweet|woody,humulene|caryophyllene|myrcene,thc,WA flower lots test around 19% THC on average.,,DNA Genetics,"Chocolate Kush is an indica with flavors of coffee, earthy, sweet and Humulene-forward terpene profile.",Kushy cannabis-dataset|Lab terpene assays (analytical360/sclabs/psilabs via Terpene-Profile-Parser)|The Cannabis API (Piyush-Bhor)|WA I-502 state lab tests (dolthub/cannabis-testing-wa),0.75
chocolate thai,Chocolate Thai,,sativa,,myrcene,earthy|musky|herbal|peppery,coffee|earthy|herbal|spicy|woody,myrcene|caryophyllene,thc,WA flower lots test around 21% THC on average.,,DJ Short,"Chocolate Thai is a sativa with flavors of coffee, earthy, herbal and Myrcene-forward terpene profile.",Kushy cannabis-dataset|Lab terpene assays (analytical360/sclabs/psilabs via Terpene-Profile-Parser)|The Cannabis API (Piyush-Bhor)|WA I-502 state lab tests (dolthub/cannabis-testing-wa),0.75
cloud 9,Cloud 9,,hybrid,,caryophyllene,peppery|spicy|woody|hoppy,floral|tropical,caryophyllene|humulene,thc,WA flower lots test around 24% THC on average.,,Dinafem Seeds,"Cloud 9 is a hybrid with flavors of floral, tropical and Caryophyllene-forward terpene profile.",Kushy cannabis-dataset|Lab terpene assays (analytical360/sclabs/psilabs via Terpene-Profile-Parser)|The Cannabis API (Piyush-Bhor)|WA I-502 state lab tests (dolthub/cannabis-testing-wa),0.75
connie chung,Connie Chung,,hybrid,,pinene,pine|fresh|peppery|spicy,earthy|pine|sweet,pinene|caryophyllene|myrcene,thc,WA flower lots test around 20% THC on average.,,DNA Genetics,"Connie Chung is a hybrid with flavors of earthy, pine, sweet and Pinene-forward terpene profile.",Kushy cannabis-dataset|Lab terpene assays (analytical360/sclabs/psilabs via Terpene-Profile-Parser)|The Cannabis API (Piyush-Bhor)|WA I-502 state lab tests (dolthub/cannabis-testing-wa),0.75
conspiracy kush,Conspiracy Kush,,indica,,terpinolene,herbal|piney|floral|hoppy,berry|earthy|herbal|spicy|sweet,terpinolene|humulene|caryophyllene,thc,WA flower lots test around 20% THC on average.,,TGA Seeds,"Conspiracy Kush is an indica with flavors of berry, earthy, herbal and Terpinolene-forward terpene profile.",Kushy cannabis-dataset|Lab terpene assays (analytical360/sclabs/psilabs via Terpene-Profile-Parser)|The Cannabis API (Piyush-Bhor)|WA I-502 state lab tests (dolthub/cannabis-testing-wa),0.75
cookies,Cookies,,hybrid,,caryophyllene,peppery|spicy|woody|hoppy,,caryophyllene|humulene|pinene,thc,,,Left Coast Living,Cookies is a hybrid with Caryophyllene-forward terpene profile.,Kushy cannabis-dataset|Lab terpene assays (analytical360/sclabs/psilabs via Terpene-Profile-Parser),0.75
cotton candy kush,Cotton Candy Kush,,hybrid,,pinene,pine|fresh|peppery|spicy,berry|floral|sweet,pinene|caryophyllene|humulene,thc,WA flower lots test around 18% THC on average.,,,"Cotton Candy Kush is a hybrid with flavors of berry, floral, sweet and Pinene-forward terpene profile.",Kushy cannabis-dataset|Lab terpene assays (analytical360/sclabs/psilabs via Terpene-Profile-Parser)|The Cannabis API (Piyush-Bhor)|WA I-502 state lab tests (dolthub/cannabis-testing-wa),0.75
cough,Cough,,hybrid,,limonene,citrus|lemon|pine|fresh,,limonene|pinene|myrcene,thc,,,,Cough is a hybrid with Limonene-forward terpene profile.,Kushy cannabis-dataset|Lab terpene assays (analytical360/sclabs/psilabs via Terpene-Profile-Parser),0.75
cracker jack,Cracker Jack,,sativa,,terpinolene,herbal|piney|floral|sweet,citrus|sweet|woody,terpinolene|ocimene,thc,,,,"Cracker Jack is a sativa with flavors of citrus, sweet, woody and Terpinolene-forward terpene profile.",Kushy cannabis-dataset|Lab terpene assays (analytical360/sclabs/psilabs via Terpene-Profile-Parser)|The Cannabis API (Piyush-Bhor),0.75
critical 47,Critical 47,,hybrid,,myrcene,earthy|musky|herbal|hoppy,honey|skunk|sweet,myrcene|humulene,thc,,,Positronics Seeds,"Critical 47 is a hybrid with flavors of honey, skunk, sweet and Myrcene-forward terpene profile.",Kushy cannabis-dataset|Lab terpene assays (analytical360/sclabs/psilabs via Terpene-Profile-Parser)|The Cannabis API (Piyush-Bhor),0.75
critical jack,Critical Jack,,hybrid,,terpinolene,herbal|piney|floral|citrus,citrus|pine|woody,terpinolene|limonene|myrcene,thc,WA flower lots test around 20% THC on average.,,Dinafem Seeds,"Critical Jack is a hybrid with flavors of citrus, pine, woody and Terpinolene-forward terpene profile.",Kushy cannabis-dataset|Lab terpene assays (analytical360/sclabs/psilabs via Terpene-Profile-Parser)|The Cannabis API (Piyush-Bhor)|WA I-502 state lab tests (dolthub/cannabis-testing-wa),0.75
critical plus,Critical Plus,,hybrid,,caryophyllene,peppery|spicy|woody|hoppy,herbal|pungent|spicy|woody,caryophyllene|humulene|myrcene,thc,WA flower lots test around 20% THC on average.,,,"Critical Plus is a hybrid with flavors of herbal, pungent, spicy and Caryophyllene-forward terpene profile.",Lab terpene assays (analytical360/sclabs/psilabs via Terpene-Profile-Parser)|The Cannabis API (Piyush-Bhor)|WA I-502 state lab tests (dolthub/cannabis-testing-wa),0.75
critical sensi star,Critical Sensi Star,,indica,,humulene,hoppy|earthy|woody|musky,citrus|lemon|sweet,humulene|myrcene,thc,WA flower lots test around 19% THC on average.,,Delicious Seeds,"Critical Sensi Star is an indica with flavors of citrus, lemon, sweet and Humulene-forward terpene profile.",Kushy cannabis-dataset|Lab terpene assays (analytical360/sclabs/psilabs via Terpene-Profile-Parser)|The Cannabis API (Piyush-Bhor)|WA I-502 state lab tests (dolthub/cannabis-testing-wa),0.75
crouching tiger hidden alien,Crouching Tiger Hidden Alien,,indica,,humulene,hoppy|earthy|woody,earthy|herbal|pine|spicy,humulene,thc,WA flower lots test around 19% THC on average.,,,"Crouching Tiger Hidden Alien is an indica with flavors of earthy, herbal, pine and Humulene-forward terpene profile.",Kushy cannabis-dataset|Lab terpene assays (analytical360/sclabs/psilabs via Terpene-Profile-Parser)|The Cannabis API (Piyush-Bhor)|WA I-502 state lab tests (dolthub/cannabis-testing-wa),0.75
dairy queen,Dairy Queen,,hybrid,,limonene,citrus|lemon|peppery|spicy,cheese|earthy|sweet,limonene|caryophyllene|myrcene,thc,WA flower lots test around 18% THC on average.,,TGA Seeds,"Dairy Queen is a hybrid with flavors of cheese, earthy, sweet and Limonene-forward terpene profile.",Kushy cannabis-dataset|Lab terpene assays (analytical360/sclabs/psilabs via Terpene-Profile-Parser)|The Cannabis API (Piyush-Bhor)|WA I-502 state lab tests (dolthub/cannabis-testing-wa),0.75
dark star,Dark Star,,indica,,caryophyllene,peppery|spicy|woody|hoppy,earthy|pine|pungent|skunk,caryophyllene|humulene|myrcene,thc,WA flower lots test around 19% THC on average.,,,"Dark Star is an indica with flavors of earthy, pine, pungent and Caryophyllene-forward terpene profile.",Kushy cannabis-dataset|Lab terpene assays (analytical360/sclabs/psilabs via Terpene-Profile-Parser)|The Cannabis API (Piyush-Bhor)|WA I-502 state lab tests (dolthub/cannabis-testing-wa),0.75
deadhead og,Deadhead Og,,hybrid,,humulene,hoppy|earthy|woody|pine,diesel|earthy|pine,humulene|pinene|myrcene,thc,WA flower lots test around 20% THC on average.,,The Cali Connection,"Deadhead Og is a hybrid with flavors of diesel, earthy, pine and Humulene-forward terpene profile.",Kushy cannabis-dataset|Lab terpene assays (analytical360/sclabs/psilabs via Terpene-Profile-Parser)|The Cannabis API (Piyush-Bhor)|WA I-502 state lab tests (dolthub/cannabis-testing-wa),0.75
deep purple,Deep Purple,,indica,,caryophyllene,peppery|spicy|woody|pine,earthy|grape|sweet,caryophyllene|pinene|humulene,thc,WA flower lots test around 17% THC on average.,,TGA Seeds,"Deep Purple is an indica with flavors of earthy, grape, sweet and Caryophyllene-forward terpene profile.",Kushy cannabis-dataset|Lab terpene assays (analytical360/sclabs/psilabs via Terpene-Profile-Parser)|The Cannabis API (Piyush-Bhor)|WA I-502 state lab tests (dolthub/cannabis-testing-wa),0.75
diamond og,Diamond Og,,indica,,myrcene,earthy|musky|herbal,earthy|herbal|pine|spicy,myrcene,thc,WA flower lots test around 23% THC on average.,,,"Diamond Og is an indica with flavors of earthy, herbal, pine and Myrcene-forward terpene profile.",Kushy cannabis-dataset|Lab terpene assays (analytical360/sclabs/psilabs via Terpene-Profile-Parser)|The Cannabis API (Piyush-Bhor)|WA I-502 state lab tests (dolthub/cannabis-testing-wa),0.75
diesel cookies,Diesel Cookies,,hybrid,,myrcene,earthy|musky|herbal|citrus,,myrcene|limonene,thc,,,,Diesel Cookies is a hybrid with Myrcene-forward terpene profile.,Kushy cannabis-dataset|Lab terpene assays (analytical360/sclabs/psilabs via Terpene-Profile-Parser),0.75
dirty girl,Dirty Girl,,sativa,,humulene,hoppy|earthy|woody|peppery,citrus|lemon|pine|sweet,humulene|caryophyllene,thc,WA flower lots test around 21% THC on average.,,The Clone Zone,"Dirty Girl is a sativa with flavors of citrus, lemon, pine and Humulene-forward terpene profile.",Kushy cannabis-dataset|Lab terpene assays (analytical360/sclabs/psilabs via Terpene-Profile-Parser)|The Cannabis API (Piyush-Bhor)|WA I-502 state lab tests (dolthub/cannabis-testing-wa),0.75
dj short blueberry,Dj Short Blueberry,,indica,,caryophyllene,peppery|spicy|woody|pine,berry|blueberry|sweet,caryophyllene|pinene|myrcene,thc,WA flower lots test around 20% THC on average.,,DJ Short,"Dj Short Blueberry is an indica with flavors of berry, blueberry, sweet and Caryophyllene-forward terpene profile.",Kushy cannabis-dataset|Lab terpene assays (analytical360/sclabs/psilabs via Terpene-Profile-Parser)|The Cannabis API (Piyush-Bhor)|WA I-502 state lab tests (dolthub/cannabis-testing-wa),0.75
double purple doja,Double Purple Doja,,indica,,humulene,hoppy|earthy|woody|peppery,earthy|grape|pungent,humulene|caryophyllene|pinene,thc,WA flower lots test around 15% THC on average.,,Subcool,"Double Purple Doja is an indica with flavors of earthy, grape, pungent and Humulene-forward terpene profile.",Kushy cannabis-dataset|Lab terpene assays (analytical360/sclabs/psilabs via Terpene-Profile-Parser)|The Cannabis API (Piyush-Bhor)|WA I-502 state lab tests (dolthub/cannabis-testing-wa),0.75
dr who,Dr Who,,hybrid,,pinene,pine|fresh|earthy|musky,berry|earthy|sweet,pinene|myrcene|humulene,thc,WA flower lots test around 21% THC on average.,,TGA Seeds,"Dr Who is a hybrid with flavors of berry, earthy, sweet and Pinene-forward terpene profile.",Kushy cannabis-dataset|Lab terpene assays (analytical360/sclabs/psilabs via Terpene-Profile-Parser)|The Cannabis API (Piyush-Bhor)|WA I-502 state lab tests (dolthub/cannabis-testing-wa),0.75
dream queen,Dream Queen,,hybrid,,ocimene,sweet|herbal|earthy|musky,citrus|earthy|sweet,ocimene|myrcene,thc,WA flower lots test around 20% THC on average.,,,"Dream Queen is a hybrid with flavors of citrus, earthy, sweet and Ocimene-forward terpene profile.",Kushy cannabis-dataset|Lab terpene assays (analytical360/sclabs/psilabs via Terpene-Profile-Parser)|The Cannabis API (Piyush-Bhor)|WA I-502 state lab tests (dolthub/cannabis-testing-wa),0.75
durban,Durban,,hybrid,,myrcene,earthy|musky|herbal|peppery,,myrcene|caryophyllene,thc,,,Sensi Seeds,Durban is a hybrid with Myrcene-forward terpene profile.,Kushy cannabis-dataset|Lab terpene assays (analytical360/sclabs/psilabs via Terpene-Profile-Parser),0.75
dutch hawaiian,Dutch Hawaiian,,sativa,,myrcene,earthy|musky|herbal|floral,citrus|sweet|tropical,myrcene|linalool|caryophyllene,thc,WA flower lots test around 21% THC on average.,,,"Dutch Hawaiian is a sativa with flavors of citrus, sweet, tropical and Myrcene-forward terpene profile.",Kushy cannabis-dataset|Lab terpene assays (analytical360/sclabs/psilabs via Terpene-Profile-Parser)|The Cannabis API (Piyush-Bhor)|WA I-502 state lab tests (dolthub/cannabis-testing-wa),0.75
dynamite,Dynamite,,indica,,humulene,hoppy|earthy|woody|pine,citrus|earthy,humulene|pinene|caryophyllene,thc,WA flower lots test around 17% THC on average.,,Next Generation Seeds,"Dynamite is an indica with flavors of citrus, earthy and Humulene-forward terpene profile.",Kushy cannabis-dataset|Lab terpene assays (analytical360/sclabs/psilabs via Terpene-Profile-Parser)|The Cannabis API (Piyush-Bhor)|WA I-502 state lab tests (dolthub/cannabis-testing-wa),0.75
east coast sour diesel,East Coast Sour Diesel,,sativa,,humulene,hoppy|earthy|woody|pine,citrus|diesel|lemon|pungent,humulene|pinene|myrcene,thc,WA flower lots test around 19% THC on average.,,,"East Coast Sour Diesel is a sativa with flavors of citrus, diesel, lemon and Humulene-forward terpene profile.",Kushy cannabis-dataset|Lab terpene assays (analytical360/sclabs/psilabs via Terpene-Profile-Parser)|The Cannabis API (Piyush-Bhor)|WA I-502 state lab tests (dolthub/cannabis-testing-wa),0.75
elephant,Elephant,,sativa,,pinene,pine|fresh|earthy|musky,earthy|sweet|tropical,pinene|myrcene|caryophyllene,thc,WA flower lots test around 18% THC on average.,,,"Elephant is a sativa with flavors of earthy, sweet, tropical and Pinene-forward terpene profile.",Kushy cannabis-dataset|Lab terpene assays (analytical360/sclabs/psilabs via Terpene-Profile-Parser)|The Cannabis API (Piyush-Bhor)|WA I-502 state lab tests (dolthub/cannabis-testing-wa),0.75
epoxy og,Epoxy Og,,hybrid,,humulene,hoppy|earthy|woody,,humulene,thc,,,RedEyed Genetics,Epoxy Og is a hybrid with Humulene-forward terpene profile.,Kushy cannabis-dataset|Lab terpene assays (analytical360/sclabs/psilabs via Terpene-Profile-Parser),0.75
ewok,Ewok,,hybrid,,myrcene,earthy|musky|herbal|hoppy,earthy|pungent|woody,myrcene|humulene|pinene,thc,WA flower lots test around 21% THC on average.,,Alien Genetics,"Ewok is a hybrid with flavors of earthy, pungent, woody and Myrcene-forward terpene profile.",Kushy cannabis-dataset|Lab terpene assays (analytical360/sclabs/psilabs via Terpene-Profile-Parser)|The Cannabis API (Piyush-Bhor)|WA I-502 state lab tests (dolthub/cannabis-testing-wa),0.75
extreme og,Extreme Og,,indica,,humulene,hoppy|earthy|woody|pine,citrus|earthy|pungent,humulene|pinene|caryophyllene,thc,WA flower lots test around 21% THC on average.,,Exotic Genetix,"Extreme Og is an indica with flavors of citrus, earthy, pungent and Humulene-forward terpene profile.",Kushy cannabis-dataset|Lab terpene assays (analytical360/sclabs/psilabs via Terpene-Profile-Parser)|The Cannabis API (Piyush-Bhor)|WA I-502 state lab tests (dolthub/cannabis-testing-wa),0.75
fire alien kush,Fire Alien Kush,,hybrid,,myrcene,earthy|musky|herbal,earthy|herbal|spicy|woody,myrcene,thc,WA flower lots test around 21% THC on average.,,Og Raskal,"Fire Alien Kush is a hybrid with flavors of earthy, herbal, spicy and Myrcene-forward terpene profile.",Kushy cannabis-dataset|Lab terpene assays (analytical360/sclabs/psilabs via Terpene-Profile-Parser)|The Cannabis API (Piyush-Bhor)|WA I-502 state lab tests (dolthub/cannabis-testing-wa),0.75
frankenstein,Frankenstein,,indica,,humulene,hoppy|earthy|woody,earthy|floral|skunk,humulene,thc,WA flower lots test around 19% THC on average.,,,"Frankenstein is an indica with flavors of earthy, floral, skunk and Humulene-forward terpene profile.",Kushy cannabis-dataset|Lab terpene assays (analytical360/sclabs/psilabs via Terpene-Profile-Parser)|The Cannabis API (Piyush-Bhor)|WA I-502 state lab tests (dolthub/cannabis-testing-wa),0.75
fruity chronic juice,Fruity Chronic Juice,,indica,,myrcene,earthy|musky|herbal,citrus|sweet|tropical,myrcene,thc,WA flower lots test around 16% THC on average.,,Delicious Seeds,"Fruity Chronic Juice is an indica with flavors of citrus, sweet, tropical and Myrcene-forward terpene profile.",Kushy cannabis-dataset|Lab terpene assays (analytical360/sclabs/psilabs via Terpene-Profile-Parser)|The Cannabis API (Piyush-Bhor)|WA I-502 state lab tests (dolthub/cannabis-testing-wa),0.75
fruity pebbles og,Fruity Pebbles Og,,hybrid,,humulene,hoppy|earthy|woody|peppery,,humulene|caryophyllene|myrcene,thc,,,Alien Genetics,Fruity Pebbles Og is a hybrid with Humulene-forward terpene profile.,Kushy cannabis-dataset|Lab terpene assays (analytical360/sclabs/psilabs via Terpene-Profile-Parser),0.75
fucking incredible,Fucking Incredible,,indica,,caryophyllene,peppery|spicy|woody|hoppy,earthy|pungent|skunk|woody,caryophyllene|humulene|myrcene,thc,WA flower lots test around 24% THC on average.,,Vancouver Island Seed Company,"Fucking Incredible is an indica with flavors of earthy, pungent, skunk and Caryophyllene-forward terpene profile.",Kushy cannabis-dataset|Lab terpene assays (analytical360/sclabs/psilabs via Terpene-Profile-Parser)|The Cannabis API (Piyush-Bhor)|WA I-502 state lab tests (dolthub/cannabis-testing-wa),0.75
galactic jack,Galactic Jack,,sativa,,humulene,hoppy|earthy|woody|peppery,citrus|floral|sweet,humulene|caryophyllene,thc,WA flower lots test around 19% THC on average.,,TGA Seeds,"Galactic Jack is a sativa with flavors of citrus, floral, sweet and Humulene-forward terpene profile.",Kushy cannabis-dataset|Lab terpene assays (analytical360/sclabs/psilabs via Terpene-Profile-Parser)|The Cannabis API (Piyush-Bhor)|WA I-502 state lab tests (dolthub/cannabis-testing-wa),0.75
gdp,Gdp,,indica,,pinene,pine|fresh|earthy|musky,,pinene|myrcene|humulene,thc,,,Left Coast Living,Gdp is an indica with Pinene-forward terpene profile.,Kushy cannabis-dataset|Lab terpene assays (analytical360/sclabs/psilabs via Terpene-Profile-Parser),0.75
ghost,Ghost,,hybrid,,caryophyllene,peppery|spicy|woody|hoppy,,caryophyllene|humulene,thc,,,Reeferman Seeds,Ghost is a hybrid with Caryophyllene-forward terpene profile.,Kushy cannabis-dataset|Lab terpene assays (analytical360/sclabs/psilabs via Terpene-Profile-Parser),0.75
girl scout cookie,Girl Scout Cookie,,hybrid,,humulene,hoppy|earthy|woody|peppery,,humulene|caryophyllene|pinene,thc,WA flower lots test around 19% THC on average.,,N.E.,Girl Scout Cookie is a hybrid with Humulene-forward terpene profile.,Kushy cannabis-dataset|Lab terpene assays (analytical360/sclabs/psilabs via Terpene-Profile-Parser)|WA I-502 state lab tests (dolthub/cannabis-testing-wa),0.75
girl scout cookies,Girl Scout Cookies,,hybrid,,humulene,hoppy|earthy|woody|peppery,,humulene|caryophyllene|pinene,thc,,,Cookie Family,Girl Scout Cookies is a hybrid with Humulene-forward terpene profile.,Kushy cannabis-dataset|Lab terpene assays (analytical360/sclabs/psilabs via Terpene-Profile-Parser),0.75
god bud,God Bud,,indica,,terpinolene,herbal|piney|floral|earthy,earthy|pungent|sweet,terpinolene|myrcene|pinene,thc,WA flower lots test around 19% THC on average.,,Jordan of the Islands,"God Bud is an indica with flavors of earthy, pungent, sweet and Terpinolene-forward terpene profile.",Kushy cannabis-dataset|Lab terpene assays (analytical360/sclabs/psilabs via Terpene-Profile-Parser)|The Cannabis API (Piyush-Bhor)|WA I-502 state lab tests (dolthub/cannabis-testing-wa),0.75
goji og,Goji Og,,hybrid,,myrcene,earthy|musky|herbal|pine,berry|citrus|sweet,myrcene|pinene|caryophyllene,thc,WA flower lots test around 20% THC on average.,,Bodhi Seeds,"Goji Og is a hybrid with flavors of berry, citrus, sweet and Myrcene-forward terpene profile.",Kushy cannabis-dataset|Lab terpene assays (analytical360/sclabs/psilabs via Terpene-Profile-Parser)|The Cannabis API (Piyush-Bhor)|WA I-502 state lab tests (dolthub/cannabis-testing-wa),0.75
golden goat,Golden Goat,,hybrid,,limonene,citrus|lemon|herbal|piney,citrus|sweet|tropical,limonene|terpinolene,thc,WA flower lots test around 21% THC on average.,,,"Golden Goat is a hybrid with flavors of citrus, sweet, tropical and Limonene-forward terpene profile.",Kushy cannabis-dataset|Lab terpene assays (analytical360/sclabs/psilabs via Terpene-Profile-Parser)|The Cannabis API (Piyush-Bhor)|WA I-502 state lab tests (dolthub/cannabis-testing-wa),0.75
golden lemon,Golden Lemon,,hybrid,,ocimene,sweet|herbal|earthy|musky,citrus|lemon|sweet,ocimene|myrcene,thc,WA flower lots test around 17% THC on average.,,,"Golden Lemon is a hybrid with flavors of citrus, lemon, sweet and Ocimene-forward terpene profile.",Lab terpene assays (analytical360/sclabs/psilabs via Terpene-Profile-Parser)|The Cannabis API (Piyush-Bhor)|WA I-502 state lab tests (dolthub/cannabis-testing-wa),0.75
golden ticket,Golden Ticket,,hybrid,,terpinolene,herbal|piney|floral,citrus|earthy|lemon,terpinolene,thc,WA flower lots test around 22% THC on average.,,,"Golden Ticket is a hybrid with flavors of citrus, earthy, lemon and Terpinolene-forward terpene profile.",Lab terpene assays (analytical360/sclabs/psilabs via Terpene-Profile-Parser)|The Cannabis API (Piyush-Bhor)|WA I-502 state lab tests (dolthub/cannabis-testing-wa),0.75
gorilla glue,Gorilla Glue,,hybrid,,humulene,hoppy|earthy|woody|peppery,,humulene|caryophyllene|pinene,thc,,,AFFCO,Gorilla Glue is a hybrid with Humulene-forward terpene profile.,Kushy cannabis-dataset|Lab terpene assays (analytical360/sclabs/psilabs via Terpene-Profile-Parser),0.75
gorilla glue 4,Gorilla Glue 4,,hybrid,,humulene,hoppy|earthy|woody|peppery,,humulene|caryophyllene|pinene,thc,WA flower lots test around 23% THC on average.,,Joesy Whales,Gorilla Glue 4 is a hybrid with Humulene-forward terpene profile.,Kushy cannabis-dataset|Lab terpene assays (analytical360/sclabs/psilabs via Terpene-Profile-Parser)|WA I-502 state lab tests (dolthub/cannabis-testing-wa),0.75
grandaddy purple,Grandaddy Purple,,indica,,pinene,pine|fresh|peppery|spicy,,pinene|caryophyllene,thc,,,Holistic Healing Collective,Grandaddy Purple is an indica with Pinene-forward terpene profile.,Kushy cannabis-dataset|Lab terpene assays (analytical360/sclabs/psilabs via Terpene-Profile-Parser),0.75
grape god,Grape God,,hybrid,,caryophyllene,peppery|spicy|woody|earthy,berry|grape|sweet,caryophyllene|myrcene|terpinolene,thc,WA flower lots test around 17% THC on average.,,,"Grape God is a hybrid with flavors of berry, grape, sweet and Caryophyllene-forward terpene profile.",Kushy cannabis-dataset|Lab terpene assays (analytical360/sclabs/psilabs via Terpene-Profile-Parser)|The Cannabis API (Piyush-Bhor)|WA I-502 state lab tests (dolthub/cannabis-testing-wa),0.75
grape kush,Grape Kush,,hybrid,,humulene,hoppy|earthy|woody|peppery,earthy|grape|sweet,humulene|caryophyllene|myrcene,thc,WA flower lots test around 20% THC on average.,,,"Grape Kush is a hybrid with flavors of earthy, grape, sweet and Humulene-forward terpene profile.",Kushy cannabis-dataset|Lab terpene assays (analytical360/sclabs/psilabs via Terpene-Profile-Parser)|The Cannabis API (Piyush-Bhor)|WA I-502 state lab tests (dolthub/cannabis-testing-wa),0.75
grape romulan,Grape Romulan,,hybrid,,pinene,pine|fresh|earthy|musky,,pinene|myrcene|humulene,thc,,,,Grape Romulan is a hybrid with Pinene-forward terpene profile.,Kushy cannabis-dataset|Lab terpene assays (analytical360/sclabs/psilabs via Terpene-Profile-Parser),0.75
grapefruit,Grapefruit,,sativa,,humulene,hoppy|earthy|woody|peppery,citrus|sweet,humulene|caryophyllene|myrcene,thc,WA flower lots test around 19% THC on average.,,,"Grapefruit is a sativa with flavors of citrus, sweet and Humulene-forward terpene profile.",Kushy cannabis-dataset|Lab terpene assays (analytical360/sclabs/psilabs via Terpene-Profile-Parser)|The Cannabis API (Piyush-Bhor)|WA I-502 state lab tests (dolthub/cannabis-testing-wa),0.75
grapefruit kush,Grapefruit Kush,,hybrid,,humulene,hoppy|earthy|woody|musky,citrus|sweet,humulene|myrcene|caryophyllene,thc,WA flower lots test around 17% THC on average.,,Next Generation Seeds,"Grapefruit Kush is a hybrid with flavors of citrus, sweet and Humulene-forward terpene profile.",Kushy cannabis-dataset|Lab terpene assays (analytical360/sclabs/psilabs via Terpene-Profile-Parser)|The Cannabis API (Piyush-Bhor)|WA I-502 state lab tests (dolthub/cannabis-testing-wa),0.75
great white shark,Great White Shark,,sativa,,humulene,hoppy|earthy|woody|floral,citrus|earthy,humulene|linalool|caryophyllene,thc,,,Green House,"Great White Shark is a sativa with flavors of citrus, earthy and Humulene-forward terpene profile.",Kushy cannabis-dataset|Lab terpene assays (analytical360/sclabs/psilabs via Terpene-Profile-Parser),0.75
green queen,Green Queen,,hybrid,,caryophyllene,peppery|spicy|woody|hoppy,citrus|pine|sweet,caryophyllene|humulene|myrcene,thc,WA flower lots test around 19% THC on average.,,,"Green Queen is a hybrid with flavors of citrus, pine, sweet and Caryophyllene-forward terpene profile.",Kushy cannabis-dataset|Lab terpene assays (analytical360/sclabs/psilabs via Terpene-Profile-Parser)|The Cannabis API (Piyush-Bhor)|WA I-502 state lab tests (dolthub/cannabis-testing-wa),0.75
green ribbon,Green Ribbon,,hybrid,,caryophyllene,peppery|spicy|woody|hoppy,earthy|floral|sweet,caryophyllene|humulene,thc,WA flower lots test around 22% THC on average.,,,"Green Ribbon is a hybrid with flavors of earthy, floral, sweet and Caryophyllene-forward terpene profile.",Kushy cannabis-dataset|Lab terpene assays (analytical360/sclabs/psilabs via Terpene-Profile-Parser)|The Cannabis API (Piyush-Bhor)|WA I-502 state lab tests (dolthub/cannabis-testing-wa),0.75
hawaiian,Hawaiian,,sativa,,caryophyllene,peppery|spicy|woody|earthy,citrus|sweet|tropical,caryophyllene|myrcene|humulene,thc,WA flower lots test around 18% THC on average.,,Super Sativa Seed Club,"Hawaiian is a sativa with flavors of citrus, sweet, tropical and Caryophyllene-forward terpene profile.",Kushy cannabis-dataset|Lab terpene assays (analytical360/sclabs/psilabs via Terpene-Profile-Parser)|The Cannabis API (Piyush-Bhor)|WA I-502 state lab tests (dolthub/cannabis-testing-wa),0.75
hog,Hog,,indica,,limonene,citrus|lemon|hoppy|earthy,earthy|sweet|woody,limonene|humulene|myrcene,thc,WA flower lots test around 19% THC on average.,,,"Hog is an indica with flavors of earthy, sweet, woody and Limonene-forward terpene profile.",Lab terpene assays (analytical360/sclabs/psilabs via Terpene-Profile-Parser)|The Cannabis API (Piyush-Bhor)|WA I-502 state lab tests (dolthub/cannabis-testing-wa),0.75
holy grail,Holy Grail,,hybrid,,myrcene,earthy|musky|herbal|peppery,,myrcene|caryophyllene|humulene,thc,,,Earthwise Growers,Holy Grail is a hybrid with Myrcene-forward terpene profile.,Kushy cannabis-dataset|Lab terpene assays (analytical360/sclabs/psilabs via Terpene-Profile-Parser),0.75
holy grail kush,Holy Grail Kush,,hybrid,,humulene,hoppy|earthy|woody|pine,earthy|pungent|woody,humulene|pinene|caryophyllene,thc,WA flower lots test around 21% THC on average.,,DNA Genetics,"Holy Grail Kush is a hybrid with flavors of earthy, pungent, woody and Humulene-forward terpene profile.",Kushy cannabis-dataset|Lab terpene assays (analytical360/sclabs/psilabs via Terpene-Profile-Parser)|The Cannabis API (Piyush-Bhor)|WA I-502 state lab tests (dolthub/cannabis-testing-wa),0.75
huckleberry,Huckleberry,,hybrid,,humulene,hoppy|earthy|woody|peppery,berry|earthy|sweet,humulene|caryophyllene,thc,WA flower lots test around 19% THC on average.,,,"Huckleberry is a hybrid with flavors of berry, earthy, sweet and Humulene-forward terpene profile.",Kushy cannabis-dataset|Lab terpene assays (analytical360/sclabs/psilabs via Terpene-Profile-Parser)|The Cannabis API (Piyush-Bhor)|WA I-502 state lab tests (dolthub/cannabis-testing-wa),0.75
ice,Ice,,hybrid,,humulene,hoppy|earthy|woody|pine,diesel|earthy|floral,humulene|pinene|caryophyllene,thc,WA flower lots test around 19% THC on average.,,Nirvana,"Ice is a hybrid with flavors of diesel, earthy, floral and Humulene-forward terpene profile.",Kushy cannabis-dataset|Lab terpene assays (analytical360/sclabs/psilabs via Terpene-Profile-Parser)|The Cannabis API (Piyush-Bhor)|WA I-502 state lab tests (dolthub/cannabis-testing-wa),0.75
jack,Jack,,hybrid,,myrcene,earthy|musky|herbal|hoppy,,myrcene|humulene|pinene,thc,,,CH9 Female Seeds,Jack is a hybrid with Myrcene-forward terpene profile.,Kushy cannabis-dataset|Lab terpene assays (analytical360/sclabs/psilabs via Terpene-Profile-Parser),0.75
jack frost,Jack Frost,,hybrid,,myrcene,earthy|musky|herbal|peppery,citrus|earthy|pine,myrcene|caryophyllene,thc,WA flower lots test around 18% THC on average.,,GoldenSeed,"Jack Frost is a hybrid with flavors of citrus, earthy, pine and Myrcene-forward terpene profile.",Kushy cannabis-dataset|Lab terpene assays (analytical360/sclabs/psilabs via Terpene-Profile-Parser)|The Cannabis API (Piyush-Bhor)|WA I-502 state lab tests (dolthub/cannabis-testing-wa),0.75
jack herrer,Jack Herrer,,hybrid,,myrcene,earthy|musky|herbal|hoppy,,myrcene|humulene|caryophyllene,thc,,,THC Seeds,Jack Herrer is a hybrid with Myrcene-forward terpene profile.,Kushy cannabis-dataset|Lab terpene assays (analytical360/sclabs/psilabs via Terpene-Profile-Parser),0.75
jacked up,Jacked Up,,hybrid,,ocimene,sweet|herbal|piney|floral,berry|citrus|lemon,ocimene|terpinolene,thc,,,TGA Seeds,"Jacked Up is a hybrid with flavors of berry, citrus, lemon and Ocimene-forward terpene profile.",Kushy cannabis-dataset|Lab terpene assays (analytical360/sclabs/psilabs via Terpene-Profile-Parser)|The Cannabis API (Piyush-Bhor),0.75
jackpot,Jackpot,,hybrid,,caryophyllene,peppery|spicy|woody,,caryophyllene,thc,,,,Jackpot is a hybrid with Caryophyllene-forward terpene profile.,Kushy cannabis-dataset|Lab terpene assays (analytical360/sclabs/psilabs via Terpene-Profile-Parser),0.75
jedi kush,Jedi Kush,,indica,,humulene,hoppy|earthy|woody|pine,earthy|pungent|sweet,humulene|pinene|myrcene,thc,WA flower lots test around 20% THC on average.,,The Cali Connection,"Jedi Kush is an indica with flavors of earthy, pungent, sweet and Humulene-forward terpene profile.",Kushy cannabis-dataset|Lab terpene assays (analytical360/sclabs/psilabs via Terpene-Profile-Parser)|The Cannabis API (Piyush-Bhor)|WA I-502 state lab tests (dolthub/cannabis-testing-wa),0.75
jesus,Jesus,,hybrid,,pinene,pine|fresh|peppery|spicy,citrus|earthy|lemon,pinene|caryophyllene|humulene,thc,WA flower lots test around 20% THC on average.,,,"Jesus is a hybrid with flavors of citrus, earthy, lemon and Pinene-forward terpene profile.",Lab terpene assays (analytical360/sclabs/psilabs via Terpene-Profile-Parser)|The Cannabis API (Piyush-Bhor)|WA I-502 state lab tests (dolthub/cannabis-testing-wa),0.75
jesus og,Jesus Og,,sativa,,terpinolene,herbal|piney|floral|citrus,citrus|earthy|lemon,terpinolene|limonene|caryophyllene,thc,WA flower lots test around 21% THC on average.,,TGA Seeds,"Jesus Og is a sativa with flavors of citrus, earthy, lemon and Terpinolene-forward terpene profile.",Kushy cannabis-dataset|Lab terpene assays (analytical360/sclabs/psilabs via Terpene-Profile-Parser)|The Cannabis API (Piyush-Bhor)|WA I-502 state lab tests (dolthub/cannabis-testing-wa),0.75
juicy fruit,Juicy Fruit,,hybrid,,myrcene,earthy|musky|herbal|hoppy,citrus|earthy|sweet,myrcene|humulene|pinene,thc,WA flower lots test around 18% THC on average.,,Sensi Seeds,"Juicy Fruit is a hybrid with flavors of citrus, earthy, sweet and Myrcene-forward terpene profile.",Kushy cannabis-dataset|Lab terpene assays (analytical360/sclabs/psilabs via Terpene-Profile-Parser)|The Cannabis API (Piyush-Bhor)|WA I-502 state lab tests (dolthub/cannabis-testing-wa),0.75
kandy kush,Kandy Kush,,hybrid,,limonene,citrus|lemon|hoppy|earthy,citrus|lemon|sweet,limonene|humulene|pinene,thc,WA flower lots test around 21% THC on average.,,Reserva Privada,"Kandy Kush is a hybrid with flavors of citrus, lemon, sweet and Limonene-forward terpene profile.",Kushy cannabis-dataset|Lab terpene assays (analytical360/sclabs/psilabs via Terpene-Profile-Parser)|The Cannabis API (Piyush-Bhor)|WA I-502 state lab tests (dolthub/cannabis-testing-wa),0.75
kimbo kush,Kimbo Kush,,hybrid,,humulene,hoppy|earthy|woody|peppery,earthy|pungent|sweet,humulene|caryophyllene,thc,WA flower lots test around 21% THC on average.,,Exotic Genetix,"Kimbo Kush is a hybrid with flavors of earthy, pungent, sweet and Humulene-forward terpene profile.",Kushy cannabis-dataset|Lab terpene assays (analytical360/sclabs/psilabs via Terpene-Profile-Parser)|The Cannabis API (Piyush-Bhor)|WA I-502 state lab tests (dolthub/cannabis-testing-wa),0.75
kosher kush,Kosher Kush,,indica,,humulene,hoppy|earthy|woody|pine,earthy|pungent|woody,humulene|pinene|myrcene,thc,WA flower lots test around 22% THC on average.,,Reserva Privada,"Kosher Kush is an indica with flavors of earthy, pungent, woody and Humulene-forward terpene profile.",Kushy cannabis-dataset|Lab terpene assays (analytical360/sclabs/psilabs via Terpene-Profile-Parser)|The Cannabis API (Piyush-Bhor)|WA I-502 state lab tests (dolthub/cannabis-testing-wa),0.75
kraken,Kraken,,indica,,humulene,hoppy|earthy|woody|peppery,creamy|cheese|citrus|earthy,humulene|caryophyllene,thc,WA flower lots test around 20% THC on average.,,,"Kraken is an indica with flavors of creamy, cheese, citrus and Humulene-forward terpene profile.",Kushy cannabis-dataset|Lab terpene assays (analytical360/sclabs/psilabs via Terpene-Profile-Parser)|The Cannabis API (Piyush-Bhor)|WA I-502 state lab tests (dolthub/cannabis-testing-wa),0.75
kryptonite,Kryptonite,,indica,,caryophyllene,peppery|spicy|woody|hoppy,earthy|floral|pine|sweet|tropical,caryophyllene|humulene|pinene,thc,WA flower lots test around 17% THC on average.,,,"Kryptonite is an indica with flavors of earthy, floral, pine and Caryophyllene-forward terpene profile.",Kushy cannabis-dataset|Lab terpene assays (analytical360/sclabs/psilabs via Terpene-Profile-Parser)|The Cannabis API (Piyush-Bhor)|WA I-502 state lab tests (dolthub/cannabis-testing-wa),0.75
la cheese,La Cheese,,hybrid,,caryophyllene,peppery|spicy|woody|hoppy,,caryophyllene|humulene|myrcene,thc,,,Big Buddha Seeds,La Cheese is a hybrid with Caryophyllene-forward terpene profile.,Kushy cannabis-dataset|Lab terpene assays (analytical360/sclabs/psilabs via Terpene-Profile-Parser),0.75
la woman,La Woman,,hybrid,,pinene,pine|fresh|earthy|musky,earthy|pine|pungent,pinene|myrcene|caryophyllene,thc,WA flower lots test around 20% THC on average.,,DNA Genetics,"La Woman is a hybrid with flavors of earthy, pine, pungent and Pinene-forward terpene profile.",Kushy cannabis-dataset|Lab terpene assays (analytical360/sclabs/psilabs via Terpene-Profile-Parser)|The Cannabis API (Piyush-Bhor)|WA I-502 state lab tests (dolthub/cannabis-testing-wa),0.75
lavender,Lavender,,indica,,pinene,pine|fresh|herbal|piney,floral|sweet,pinene|terpinolene|limonene,thc,WA flower lots test around 19% THC on average.,,Soma,"Lavender is an indica with flavors of floral, sweet and Pinene-forward terpene profile.",Kushy cannabis-dataset|Lab terpene assays (analytical360/sclabs/psilabs via Terpene-Profile-Parser)|The Cannabis API (Piyush-Bhor)|WA I-502 state lab tests (dolthub/cannabis-testing-wa),0.75
lavender kush,Lavender Kush,,hybrid,,pinene,pine|fresh|hoppy|earthy,,pinene|humulene|caryophyllene,thc,,,,Lavender Kush is a hybrid with Pinene-forward terpene profile.,Kushy cannabis-dataset|Lab terpene assays (analytical360/sclabs/psilabs via Terpene-Profile-Parser),0.75
legend og,Legend Og,,indica,,myrcene,earthy|musky|herbal,earthy|pine|pungent,myrcene,thc,,,,"Legend Og is an indica with flavors of earthy, pine, pungent and Myrcene-forward terpene profile.",Kushy cannabis-dataset|Lab terpene assays (analytical360/sclabs/psilabs via Terpene-Profile-Parser)|The Cannabis API (Piyush-Bhor),0.75
lemon diesel,Lemon Diesel,,hybrid,,myrcene,earthy|musky|herbal|pine,citrus|diesel|lemon,myrcene|pinene|humulene,thc,WA flower lots test around 19% THC on average.,,Emerald Triangle,"Lemon Diesel is a hybrid with flavors of citrus, diesel, lemon and Myrcene-forward terpene profile.",Kushy cannabis-dataset|Lab terpene assays (analytical360/sclabs/psilabs via Terpene-Profile-Parser)|The Cannabis API (Piyush-Bhor)|WA I-502 state lab tests (dolthub/cannabis-testing-wa),0.75
lemon g,Lemon G,,sativa,,bisabolol,floral|chamomile|earthy|musky,citrus|lemon|pungent|sweet,bisabolol|myrcene,thc,WA flower lots test around 15% THC on average.,,Alien Genetics,"Lemon G is a sativa with flavors of citrus, lemon, pungent and Bisabolol-forward terpene profile.",Kushy cannabis-dataset|Lab terpene assays (analytical360/sclabs/psilabs via Terpene-Profile-Parser)|The Cannabis API (Piyush-Bhor)|WA I-502 state lab tests (dolthub/cannabis-testing-wa),0.75
lemon haze,Lemon Haze,,sativa,,terpinolene,herbal|piney|floral|pine,citrus|lemon|sweet,terpinolene|pinene|caryophyllene,thc,WA flower lots test around 19% THC on average.,,Flash Seeds,"Lemon Haze is a sativa with flavors of citrus, lemon, sweet and Terpinolene-forward terpene profile.",Kushy cannabis-dataset|Lab terpene assays (analytical360/sclabs/psilabs via Terpene-Profile-Parser)|The Cannabis API (Piyush-Bhor)|WA I-502 state lab tests (dolthub/cannabis-testing-wa),0.75
lemon kush,Lemon Kush,,hybrid,,caryophyllene,peppery|spicy|woody|earthy,citrus|earthy|lemon,caryophyllene|myrcene|pinene,thc,WA flower lots test around 20% THC on average.,,Alien Genetics,"Lemon Kush is a hybrid with flavors of citrus, earthy, lemon and Caryophyllene-forward terpene profile.",Kushy cannabis-dataset|Lab terpene assays (analytical360/sclabs/psilabs via Terpene-Profile-Parser)|The Cannabis API (Piyush-Bhor)|WA I-502 state lab tests (dolthub/cannabis-testing-wa),0.75
lemon meringue,Lemon Meringue,,sativa,,terpinolene,herbal|piney|floral|earthy,citrus|lemon|sweet,terpinolene|myrcene,thc,WA flower lots test around 20% THC on average.,,Exotic Genetix,"Lemon Meringue is a sativa with flavors of citrus, lemon, sweet and Terpinolene-forward terpene profile.",Kushy cannabis-dataset|Lab terpene assays (analytical360/sclabs/psilabs via Terpene-Profile-Parser)|The Cannabis API (Piyush-Bhor)|WA I-502 state lab tests (dolthub/cannabis-testing-wa),0.75
lemon sour diesel,Lemon Sour Diesel,,hybrid,,myrcene,earthy|musky|herbal|peppery,,myrcene|caryophyllene|humulene,thc,,,Med-Man Brand,Lemon Sour Diesel is a hybrid with Myrcene-forward terpene profile.,Kushy cannabis-dataset|Lab terpene assays (analytical360/sclabs/psilabs via Terpene-Profile-Parser),0.75
lemon thai,Lemon Thai,,sativa,,myrcene,earthy|musky|herbal|piney,citrus|earthy|lemon|sweet,myrcene|terpinolene,thc,WA flower lots test around 20% THC on average.,,Dutch Flowers,"Lemon Thai is a sativa with flavors of citrus, earthy, lemon and Myrcene-forward terpene profile.",Kushy cannabis-dataset|Lab terpene assays (analytical360/sclabs/psilabs via Terpene-Profile-Parser)|The Cannabis API (Piyush-Bhor)|WA I-502 state lab tests (dolthub/cannabis-testing-wa),0.75
liberty haze,Liberty Haze,,hybrid,,caryophyllene,peppery|spicy|woody|hoppy,citrus|sweet,caryophyllene|humulene|myrcene,thc,WA flower lots test around 26% THC on average.,,,"Liberty Haze is a hybrid with flavors of citrus, sweet and Caryophyllene-forward terpene profile.",Lab terpene assays (analytical360/sclabs/psilabs via Terpene-Profile-Parser)|The Cannabis API (Piyush-Bhor)|WA I-502 state lab tests (dolthub/cannabis-testing-wa),0.75
locktite,Locktite,,hybrid,,humulene,hoppy|earthy|woody|peppery,citrus|diesel|woody,humulene|caryophyllene|pinene,thc,WA flower lots test around 21% THC on average.,,RedEyed Genetics,"Locktite is a hybrid with flavors of citrus, diesel, woody and Humulene-forward terpene profile.",Kushy cannabis-dataset|Lab terpene assays (analytical360/sclabs/psilabs via Terpene-Profile-Parser)|The Cannabis API (Piyush-Bhor)|WA I-502 state lab tests (dolthub/cannabis-testing-wa),0.75
lodi dodi,Lodi Dodi,,hybrid,,limonene,citrus|lemon|hoppy|earthy,floral|sweet|tropical,limonene|humulene|myrcene,thc,WA flower lots test around 23% THC on average.,,The Clone Zone,"Lodi Dodi is a hybrid with flavors of floral, sweet, tropical and Limonene-forward terpene profile.",Kushy cannabis-dataset|Lab terpene assays (analytical360/sclabs/psilabs via Terpene-Profile-Parser)|The Cannabis API (Piyush-Bhor)|WA I-502 state lab tests (dolthub/cannabis-testing-wa),0.75
magnum pi,Magnum Pi,,sativa,,caryophyllene,peppery|spicy|woody|hoppy,citrus|orange|pine|tropical,caryophyllene|humulene,thc,WA flower lots test around 20% THC on average.,,,"Magnum Pi is a sativa with flavors of citrus, orange, pine and Caryophyllene-forward terpene profile.",Kushy cannabis-dataset|Lab terpene assays (analytical360/sclabs/psilabs via Terpene-Profile-Parser)|The Cannabis API (Piyush-Bhor)|WA I-502 state lab tests (dolthub/cannabis-testing-wa),0.75
malawi,Malawi,,sativa,,myrcene,earthy|musky|herbal|hoppy,earthy|floral|grape,myrcene|humulene,thc,WA flower lots test around 28% THC on average.,,,"Malawi is a sativa with flavors of earthy, floral, grape and Myrcene-forward terpene profile.",Kushy cannabis-dataset|Lab terpene assays (analytical360/sclabs/psilabs via Terpene-Profile-Parser)|The Cannabis API (Piyush-Bhor)|WA I-502 state lab tests (dolthub/cannabis-testing-wa),0.75
marionberry kush,Marionberry Kush,,hybrid,,humulene,hoppy|earthy|woody|musky,berry|earthy|sweet,humulene|myrcene,thc,WA flower lots test around 19% THC on average.,,TGA Seeds,"Marionberry Kush is a hybrid with flavors of berry, earthy, sweet and Humulene-forward terpene profile.",Kushy cannabis-dataset|Lab terpene assays (analytical360/sclabs/psilabs via Terpene-Profile-Parser)|The Cannabis API (Piyush-Bhor)|WA I-502 state lab tests (dolthub/cannabis-testing-wa),0.75
maui,Maui,,sativa,,myrcene,earthy|musky|herbal|pine,citrus|sweet|tropical,myrcene|pinene|humulene,thc,WA flower lots test around 20% THC on average.,,,"Maui is a sativa with flavors of citrus, sweet, tropical and Myrcene-forward terpene profile.",Kushy cannabis-dataset|Lab terpene assays (analytical360/sclabs/psilabs via Terpene-Profile-Parser)|The Cannabis API (Piyush-Bhor)|WA I-502 state lab tests (dolthub/cannabis-testing-wa),0.75
maui waui,Maui Waui,,sativa,,myrcene,earthy|musky|herbal|pine,,myrcene|pinene|limonene,thc,,,,Maui Waui is a sativa with Myrcene-forward terpene profile.,Kushy cannabis-dataset|Lab terpene assays (analytical360/sclabs/psilabs via Terpene-Profile-Parser),0.75
mendo purps,Mendo Purps,,hybrid,,myrcene,earthy|musky|herbal|hoppy,,myrcene|humulene|caryophyllene,thc,,,,Mendo Purps is a hybrid with Myrcene-forward terpene profile.,Kushy cannabis-dataset|Lab terpene assays (analytical360/sclabs/psilabs via Terpene-Profile-Parser),0.75
mickey kush,Mickey Kush,,sativa,,myrcene,earthy|musky|herbal|peppery,earthy|pine|sweet,myrcene|caryophyllene,thc,WA flower lots test around 20% THC on average.,,Herbal Legends,"Mickey Kush is a sativa with flavors of earthy, pine, sweet and Myrcene-forward terpene profile.",Kushy cannabis-dataset|Lab terpene assays (analytical360/sclabs/psilabs via Terpene-Profile-Parser)|The Cannabis API (Piyush-Bhor)|WA I-502 state lab tests (dolthub/cannabis-testing-wa),0.75
new york city diesel,New York City Diesel,,hybrid,,caryophyllene,peppery|spicy|woody|earthy,,caryophyllene|myrcene,thc,,,,New York City Diesel is a hybrid with Caryophyllene-forward terpene profile.,Kushy cannabis-dataset|Lab terpene assays (analytical360/sclabs/psilabs via Terpene-Profile-Parser),0.75
new york diesel,New York Diesel,,sativa,,myrcene,earthy|musky|herbal|hoppy,,myrcene|humulene|caryophyllene,thc,,,Holistic Healing Collective,New York Diesel is a sativa with Myrcene-forward terpene profile.,Kushy cannabis-dataset|Lab terpene assays (analytical360/sclabs/psilabs via Terpene-Profile-Parser),0.75
northern lights 5,Northern Lights 5,,indica,,myrcene,earthy|musky|herbal|pine,citrus|pine|sweet,myrcene|pinene|caryophyllene,thc,WA flower lots test around 19% THC on average.,,Sensi Seeds,"Northern Lights 5 is an indica with flavors of citrus, pine, sweet and Myrcene-forward terpene profile.",Kushy cannabis-dataset|Lab terpene assays (analytical360/sclabs/psilabs via Terpene-Profile-Parser)|The Cannabis API (Piyush-Bhor)|WA I-502 state lab tests (dolthub/cannabis-testing-wa),0.75
nypd,Nypd,,sativa,,humulene,hoppy|earthy|woody,earthy|floral|pine,humulene,thc,WA flower lots test around 21% THC on average.,,,"Nypd is a sativa with flavors of earthy, floral, pine and Humulene-forward terpene profile.",Kushy cannabis-dataset|Lab terpene assays (analytical360/sclabs/psilabs via Terpene-Profile-Parser)|The Cannabis API (Piyush-Bhor)|WA I-502 state lab tests (dolthub/cannabis-testing-wa),0.75
obama kush,Obama Kush,,indica,,pinene,pine|fresh|hoppy|earthy,earthy|pungent|sweet,pinene|humulene|caryophyllene,thc,WA flower lots test around 17% THC on average.,,,"Obama Kush is an indica with flavors of earthy, pungent, sweet and Pinene-forward terpene profile.",Kushy cannabis-dataset|Lab terpene assays (analytical360/sclabs/psilabs via Terpene-Profile-Parser)|The Cannabis API (Piyush-Bhor)|WA I-502 state lab tests (dolthub/cannabis-testing-wa),0.75
og 18,Og 18,,hybrid,,pinene,pine|fresh|citrus|lemon,diesel|earthy|pine,pinene|limonene,thc,WA flower lots test around 20% THC on average.,,Cannamuscle,"Og 18 is a hybrid with flavors of diesel, earthy, pine and Pinene-forward terpene profile.",Kushy cannabis-dataset|Lab terpene assays (analytical360/sclabs/psilabs via Terpene-Profile-Parser)|The Cannabis API (Piyush-Bhor)|WA I-502 state lab tests (dolthub/cannabis-testing-wa),0.75
og skunk,Og Skunk,,hybrid,,humulene,hoppy|earthy|woody,pine|skunk|woody,humulene,thc,WA flower lots test around 22% THC on average.,,DNA Genetics,"Og Skunk is a hybrid with flavors of pine, skunk, woody and Humulene-forward terpene profile.",Kushy cannabis-dataset|Lab terpene assays (analytical360/sclabs/psilabs via Terpene-Profile-Parser)|The Cannabis API (Piyush-Bhor)|WA I-502 state lab tests (dolthub/cannabis-testing-wa),0.75
ogre,Ogre,,hybrid,,myrcene,earthy|musky|herbal|hoppy,earthy|pungent|skunk,myrcene|humulene|caryophyllene,thc,WA flower lots test around 23% THC on average.,,,"Ogre is a hybrid with flavors of earthy, pungent, skunk and Myrcene-forward terpene profile.",Kushy cannabis-dataset|Lab terpene assays (analytical360/sclabs/psilabs via Terpene-Profile-Parser)|The Cannabis API (Piyush-Bhor)|WA I-502 state lab tests (dolthub/cannabis-testing-wa),0.75
orange cream,Orange Cream,,hybrid,,limonene,citrus|lemon|hoppy|earthy,,limonene|humulene|caryophyllene,thc,,,Exotic Genetix,Orange Cream is a hybrid with Limonene-forward terpene profile.,Kushy cannabis-dataset|Lab terpene assays (analytical360/sclabs/psilabs via Terpene-Profile-Parser),0.75
orange crush,Orange Crush,,hybrid,,limonene,citrus|lemon|peppery|spicy,citrus|orange|sweet,limonene|caryophyllene|myrcene,thc,WA flower lots test around 20% THC on average.,,BC Growers Association,"Orange Crush is a hybrid with flavors of citrus, orange, sweet and Limonene-forward terpene profile.",Kushy cannabis-dataset|Lab terpene assays (analytical360/sclabs/psilabs via Terpene-Profile-Parser)|The Cannabis API (Piyush-Bhor)|WA I-502 state lab tests (dolthub/cannabis-testing-wa),0.75
orange kush,Orange Kush,,indica,,limonene,citrus|lemon|hoppy|earthy,citrus|orange|sweet,limonene|humulene|caryophyllene,thc,WA flower lots test around 20% THC on average.,,Green Devil Genetics,"Orange Kush is an indica with flavors of citrus, orange, sweet and Limonene-forward terpene profile.",Kushy cannabis-dataset|Lab terpene assays (analytical360/sclabs/psilabs via Terpene-Profile-Parser)|The Cannabis API (Piyush-Bhor)|WA I-502 state lab tests (dolthub/cannabis-testing-wa),0.75
orange skunk,Orange Skunk,,hybrid,,humulene,hoppy|earthy|woody|peppery,citrus|earthy|orange,humulene|caryophyllene,thc,WA flower lots test around 17% THC on average.,,,"Orange Skunk is a hybrid with flavors of citrus, earthy, orange and Humulene-forward terpene profile.",Lab terpene assays (analytical360/sclabs/psilabs via Terpene-Profile-Parser)|The Cannabis API (Piyush-Bhor)|WA I-502 state lab tests (dolthub/cannabis-testing-wa),0.75
permafrost,Permafrost,,hybrid,,pinene,pine|fresh|peppery|spicy,earthy|pine|woody,pinene|caryophyllene|humulene,thc,WA flower lots test around 19% THC on average.,,,"Permafrost is a hybrid with flavors of earthy, pine, woody and Pinene-forward terpene profile.",Kushy cannabis-dataset|Lab terpene assays (analytical360/sclabs/psilabs via Terpene-Profile-Parser)|The Cannabis API (Piyush-Bhor)|WA I-502 state lab tests (dolthub/cannabis-testing-wa),0.75
pez,Pez,,indica,,myrcene,earthy|musky|herbal|hoppy,citrus|earthy|pine|sweet,myrcene|humulene,thc,WA flower lots test around 16% THC on average.,,,"Pez is an indica with flavors of citrus, earthy, pine and Myrcene-forward terpene profile.",Kushy cannabis-dataset|Lab terpene assays (analytical360/sclabs/psilabs via Terpene-Profile-Parser)|The Cannabis API (Piyush-Bhor)|WA I-502 state lab tests (dolthub/cannabis-testing-wa),0.75
phantom cookies,Phantom Cookies,,hybrid,,pinene,pine|fresh|peppery|spicy,berry|grape|mango,pinene|caryophyllene|humulene,thc,WA flower lots test around 20% THC on average.,,Grandaddypurp Collective,"Phantom Cookies is a hybrid with flavors of berry, grape, mango and Pinene-forward terpene profile.",Kushy cannabis-dataset|Lab terpene assays (analytical360/sclabs/psilabs via Terpene-Profile-Parser)|The Cannabis API (Piyush-Bhor)|WA I-502 state lab tests (dolthub/cannabis-testing-wa),0.75
pineapple kush,Pineapple Kush,,hybrid,,humulene,hoppy|earthy|woody|peppery,pineapple|sweet|tropical,humulene|caryophyllene|linalool,thc,WA flower lots test around 19% THC on average.,,Royal Queen,"Pineapple Kush is a hybrid with flavors of pineapple, sweet, tropical and Humulene-forward terpene profile.",Kushy cannabis-dataset|Lab terpene assays (analytical360/sclabs/psilabs via Terpene-Profile-Parser)|The Cannabis API (Piyush-Bhor)|WA I-502 state lab tests (dolthub/cannabis-testing-wa),0.75
pink 2.0,Pink 2.0,,hybrid,,caryophyllene,peppery|spicy|woody|hoppy,,caryophyllene|humulene|myrcene,thc,,,Exotic Genetix,Pink 2.0 is a hybrid with Caryophyllene-forward terpene profile.,Kushy cannabis-dataset|Lab terpene assays (analytical360/sclabs/psilabs via Terpene-Profile-Parser),0.75
pitbull,Pitbull,,indica,,caryophyllene,peppery|spicy|woody,earthy|sweet|tropical,caryophyllene,thc,WA flower lots test around 18% THC on average.,,,"Pitbull is an indica with flavors of earthy, sweet, tropical and Caryophyllene-forward terpene profile.",Kushy cannabis-dataset|Lab terpene assays (analytical360/sclabs/psilabs via Terpene-Profile-Parser)|The Cannabis API (Piyush-Bhor)|WA I-502 state lab tests (dolthub/cannabis-testing-wa),0.75
platinum,Platinum,,hybrid,,humulene,hoppy|earthy|woody|peppery,,humulene|caryophyllene|myrcene,thc,,,Afropips Seeds,Platinum is a hybrid with Humulene-forward terpene profile.,Kushy cannabis-dataset|Lab terpene assays (analytical360/sclabs/psilabs via Terpene-Profile-Parser),0.75
platinum cookies,Platinum Cookies,,hybrid,,caryophyllene,peppery|spicy|woody|hoppy,,caryophyllene|humulene|pinene,thc,,,,Platinum Cookies is a hybrid with Caryophyllene-forward terpene profile.,Kushy cannabis-dataset|Lab terpene assays (analytical360/sclabs/psilabs via Terpene-Profile-Parser),0.75
platinum girl scout cookies,Platinum Girl Scout Cookies,,hybrid,,humulene,hoppy|earthy|woody|pine,,humulene|pinene|caryophyllene,thc,WA flower lots test around 20% THC on average.,,,Platinum Girl Scout Cookies is a hybrid with Humulene-forward terpene profile.,Lab terpene assays (analytical360/sclabs/psilabs via Terpene-Profile-Parser)|WA I-502 state lab tests (dolthub/cannabis-testing-wa),0.75
platinum kush,Platinum Kush,,indica,,humulene,hoppy|earthy|woody|peppery,earthy|pungent|sweet,humulene|caryophyllene|myrcene,thc,WA flower lots test around 20% THC on average.,,,"Platinum Kush is an indica with flavors of earthy, pungent, sweet and Humulene-forward terpene profile.",Kushy cannabis-dataset|Lab terpene assays (analytical360/sclabs/psilabs via Terpene-Profile-Parser)|The Cannabis API (Piyush-Bhor)|WA I-502 state lab tests (dolthub/cannabis-testing-wa),0.75
platinum og,Platinum Og,,indica,,humulene,hoppy|earthy|woody|pine,earthy|pine|pungent|sweet,humulene|pinene|caryophyllene,thc,WA flower lots test around 19% THC on average.,,The Bionosphere,"Platinum Og is an indica with flavors of earthy, pine, pungent and Humulene-forward terpene profile.",Kushy cannabis-dataset|Lab terpene assays (analytical360/sclabs/psilabs via Terpene-Profile-Parser)|The Cannabis API (Piyush-Bhor)|WA I-502 state lab tests (dolthub/cannabis-testing-wa),0.75
platinum og kush,Platinum Og Kush,,hybrid,,humulene,hoppy|earthy|woody,,humulene,thc,,,,Platinum Og Kush is a hybrid with Humulene-forward terpene profile.,Kushy cannabis-dataset|Lab terpene assays (analytical360/sclabs/psilabs via Terpene-Profile-Parser),0.75
plushberry,Plushberry,,indica,,pinene,pine|fresh|citrus|lemon,berry|earthy|sweet,pinene|limonene|myrcene,thc,WA flower lots test around 20% THC on average.,,TGA Seeds,"Plushberry is an indica with flavors of berry, earthy, sweet and Pinene-forward terpene profile.",Kushy cannabis-dataset|Lab terpene assays (analytical360/sclabs/psilabs via Terpene-Profile-Parser)|The Cannabis API (Piyush-Bhor)|WA I-502 state lab tests (dolthub/cannabis-testing-wa),0.75
pre 98 bubba,Pre 98 Bubba,,indica,,humulene,hoppy|earthy|woody|peppery,,humulene|caryophyllene,thc,,,Slap Happy Meds,Pre 98 Bubba is an indica with Humulene-forward terpene profile.,Kushy cannabis-dataset|Lab terpene assays (analytical360/sclabs/psilabs via Terpene-Profile-Parser),0.75
pre 98 bubba kush,Pre 98 Bubba Kush,,indica,,humulene,hoppy|earthy|woody|peppery,coffee|earthy|pine|pungent|woody,humulene|caryophyllene|pinene,thc,WA flower lots test around 17% THC on average.,,,"Pre 98 Bubba Kush is an indica with flavors of coffee, earthy, pine and Humulene-forward terpene profile.",Kushy cannabis-dataset|Lab terpene assays (analytical360/sclabs/psilabs via Terpene-Profile-Parser)|The Cannabis API (Piyush-Bhor)|WA I-502 state lab tests (dolthub/cannabis-testing-wa),0.75
predator pink,Predator Pink,,hybrid,,myrcene,earthy|musky|herbal|hoppy,earthy|sweet|tropical,myrcene|humulene,thc,WA flower lots test around 18% THC on average.,,Exotic Genetix,"Predator Pink is a hybrid with flavors of earthy, sweet, tropical and Myrcene-forward terpene profile.",Kushy cannabis-dataset|Lab terpene assays (analytical360/sclabs/psilabs via Terpene-Profile-Parser)|The Cannabis API (Piyush-Bhor)|WA I-502 state lab tests (dolthub/cannabis-testing-wa),0.75
purple arrow,Purple Arrow,,hybrid,,caryophyllene,peppery|spicy|woody|pine,citrus|earthy|sweet,caryophyllene|pinene,thc,WA flower lots test around 20% THC on average.,,Phat Panda,"Purple Arrow is a hybrid with flavors of citrus, earthy, sweet and Caryophyllene-forward terpene profile.",Kushy cannabis-dataset|Lab terpene assays (analytical360/sclabs/psilabs via Terpene-Profile-Parser)|The Cannabis API (Piyush-Bhor)|WA I-502 state lab tests (dolthub/cannabis-testing-wa),0.75
purple elephant,Purple Elephant,,indica,,humulene,hoppy|earthy|woody|peppery,earthy|grape|sweet|woody,humulene|caryophyllene,thc,WA flower lots test around 16% THC on average.,,,"Purple Elephant is an indica with flavors of earthy, grape, sweet and Humulene-forward terpene profile.",Kushy cannabis-dataset|Lab terpene assays (analytical360/sclabs/psilabs via Terpene-Profile-Parser)|The Cannabis API (Piyush-Bhor)|WA I-502 state lab tests (dolthub/cannabis-testing-wa),0.75
purple haze,Purple Haze,,sativa,,caryophyllene,peppery|spicy|woody|hoppy,berry|earthy|floral|sweet,caryophyllene|humulene|pinene,thc,WA flower lots test around 18% THC on average.,,White Label Co.,"Purple Haze is a sativa with flavors of berry, earthy, floral and Caryophyllene-forward terpene profile.",Kushy cannabis-dataset|Lab terpene assays (analytical360/sclabs/psilabs via Terpene-Profile-Parser)|The Cannabis API (Piyush-Bhor)|WA I-502 state lab tests (dolthub/cannabis-testing-wa),0.75
purple nepal,Purple Nepal,,indica,,pinene,pine|fresh|earthy|musky,berry|floral|grape|herbal|spicy,pinene|myrcene|humulene,thc,WA flower lots test around 20% THC on average.,,Bald Man Lala,"Purple Nepal is an indica with flavors of berry, floral, grape and Pinene-forward terpene profile.",Kushy cannabis-dataset|Lab terpene assays (analytical360/sclabs/psilabs via Terpene-Profile-Parser)|The Cannabis API (Piyush-Bhor)|WA I-502 state lab tests (dolthub/cannabis-testing-wa),0.75
purple sour diesel,Purple Sour Diesel,,hybrid,,pinene,pine|fresh|hoppy|earthy,diesel|earthy|pungent,pinene|humulene|caryophyllene,thc,WA flower lots test around 17% THC on average.,,PAPA GANJA,"Purple Sour Diesel is a hybrid with flavors of diesel, earthy, pungent and Pinene-forward terpene profile.",Kushy cannabis-dataset|Lab terpene assays (analytical360/sclabs/psilabs via Terpene-Profile-Parser)|The Cannabis API (Piyush-Bhor)|WA I-502 state lab tests (dolthub/cannabis-testing-wa),0.75
purple trainwreck,Purple Trainwreck,,hybrid,,terpinolene,herbal|piney|floral|pine,earthy|grape|sweet,terpinolene|pinene|myrcene,thc,WA flower lots test around 20% THC on average.,,Humboldt Seed Organisation,"Purple Trainwreck is a hybrid with flavors of earthy, grape, sweet and Terpinolene-forward terpene profile.",Kushy cannabis-dataset|Lab terpene assays (analytical360/sclabs/psilabs via Terpene-Profile-Parser)|The Cannabis API (Piyush-Bhor)|WA I-502 state lab tests (dolthub/cannabis-testing-wa),0.75
qrazy train,Qrazy Train,,hybrid,,caryophyllene,peppery|spicy|woody|hoppy,citrus|earthy|lemon,caryophyllene|humulene|linalool,thc,WA flower lots test around 19% THC on average.,,TGA Seeds,"Qrazy Train is a hybrid with flavors of citrus, earthy, lemon and Caryophyllene-forward terpene profile.",Kushy cannabis-dataset|Lab terpene assays (analytical360/sclabs/psilabs via Terpene-Profile-Parser)|The Cannabis API (Piyush-Bhor)|WA I-502 state lab tests (dolthub/cannabis-testing-wa),0.75
quantum kush,Quantum Kush,,sativa,,humulene,hoppy|earthy|woody|peppery,earthy|pungent|sweet,humulene|caryophyllene|pinene,thc,WA flower lots test around 20% THC on average.,,TGA Seeds,"Quantum Kush is a sativa with flavors of earthy, pungent, sweet and Humulene-forward terpene profile.",Kushy cannabis-dataset|Lab terpene assays (analytical360/sclabs/psilabs via Terpene-Profile-Parser)|The Cannabis API (Piyush-Bhor)|WA I-502 state lab tests (dolthub/cannabis-testing-wa),0.75
raskal og,Raskal Og,,hybrid,,myrcene,earthy|musky|herbal,earthy|lemon|pungent,myrcene,thc,WA flower lots test around 19% THC on average.,,,"Raskal Og is a hybrid with flavors of earthy, lemon, pungent and Myrcene-forward terpene profile.",Lab terpene assays (analytical360/sclabs/psilabs via Terpene-Profile-Parser)|The Cannabis API (Piyush-Bhor)|WA I-502 state lab tests (dolthub/cannabis-testing-wa),0.75
red dragon,Red Dragon,,hybrid,,myrcene,earthy|musky|herbal|peppery,earthy|tropical|woody,myrcene|caryophyllene,thc,WA flower lots test around 19% THC on average.,,,"Red Dragon is a hybrid with flavors of earthy, tropical, woody and Myrcene-forward terpene profile.",Kushy cannabis-dataset|Lab terpene assays (analytical360/sclabs/psilabs via Terpene-Profile-Parser)|The Cannabis API (Piyush-Bhor)|WA I-502 state lab tests (dolthub/cannabis-testing-wa),0.75
ripped bubba,Ripped Bubba,,hybrid,,limonene,citrus|lemon|floral|lavender,citrus|earthy|sweet,limonene|linalool|caryophyllene,thc,WA flower lots test around 17% THC on average.,,TGA Seeds,"Ripped Bubba is a hybrid with flavors of citrus, earthy, sweet and Limonene-forward terpene profile.",Kushy cannabis-dataset|Lab terpene assays (analytical360/sclabs/psilabs via Terpene-Profile-Parser)|The Cannabis API (Piyush-Bhor)|WA I-502 state lab tests (dolthub/cannabis-testing-wa),0.75
romulan,Romulan,,indica,,humulene,hoppy|earthy|woody|peppery,earthy|pine|sweet,humulene|caryophyllene|myrcene,thc,WA flower lots test around 19% THC on average.,,Federation Seed Company,"Romulan is an indica with flavors of earthy, pine, sweet and Humulene-forward terpene profile.",Kushy cannabis-dataset|Lab terpene assays (analytical360/sclabs/psilabs via Terpene-Profile-Parser)|The Cannabis API (Piyush-Bhor)|WA I-502 state lab tests (dolthub/cannabis-testing-wa),0.75
royal kush,Royal Kush,,hybrid,,myrcene,earthy|musky|herbal|hoppy,earthy|skunk|woody,myrcene|humulene|pinene,thc,WA flower lots test around 20% THC on average.,,G13 Labs,"Royal Kush is a hybrid with flavors of earthy, skunk, woody and Myrcene-forward terpene profile.",Kushy cannabis-dataset|Lab terpene assays (analytical360/sclabs/psilabs via Terpene-Profile-Parser)|The Cannabis API (Piyush-Bhor)|WA I-502 state lab tests (dolthub/cannabis-testing-wa),0.75
sage,Sage,,hybrid,,caryophyllene,peppery|spicy|woody|hoppy,diesel|pungent|herbal,caryophyllene|humulene|myrcene,thc,WA flower lots test around 18% THC on average.,,,"Sage is a hybrid with flavors of diesel, pungent, herbal and Caryophyllene-forward terpene profile.",Kushy cannabis-dataset|Lab terpene assays (analytical360/sclabs/psilabs via Terpene-Profile-Parser)|The Cannabis API (Piyush-Bhor)|WA I-502 state lab tests (dolthub/cannabis-testing-wa),0.75
sage n sour,Sage N Sour,,sativa,,myrcene,earthy|musky|herbal|pine,earthy|herbal|spicy,myrcene|pinene|caryophyllene,thc,WA flower lots test around 18% THC on average.,,ThSeeds,"Sage N Sour is a sativa with flavors of earthy, herbal, spicy and Myrcene-forward terpene profile.",Kushy cannabis-dataset|Lab terpene assays (analytical360/sclabs/psilabs via Terpene-Profile-Parser)|The Cannabis API (Piyush-Bhor)|WA I-502 state lab tests (dolthub/cannabis-testing-wa),0.75
schrom,Schrom,,sativa,,terpinolene,herbal|piney|floral|peppery,citrus|lemon|pine,terpinolene|caryophyllene|humulene,thc,,,,"Schrom is a sativa with flavors of citrus, lemon, pine and Terpinolene-forward terpene profile.",Kushy cannabis-dataset|Lab terpene assays (analytical360/sclabs/psilabs via Terpene-Profile-Parser)|The Cannabis API (Piyush-Bhor),0.75
secret recipe,Secret Recipe,,hybrid,,humulene,hoppy|earthy|woody|peppery,earthy|pine|sweet,humulene|caryophyllene,thc,WA flower lots test around 22% THC on average.,,,"Secret Recipe is a hybrid with flavors of earthy, pine, sweet and Humulene-forward terpene profile.",Lab terpene assays (analytical360/sclabs/psilabs via Terpene-Profile-Parser)|The Cannabis API (Piyush-Bhor)|WA I-502 state lab tests (dolthub/cannabis-testing-wa),0.75
shark shock,Shark Shock,,indica,,pinene,pine|fresh|earthy|musky,earthy|herbal|spicy|sweet|woody,pinene|myrcene|caryophyllene,thc,WA flower lots test around 15% THC on average.,,Shantibaba,"Shark Shock is an indica with flavors of earthy, herbal, spicy and Pinene-forward terpene profile.",Kushy cannabis-dataset|Lab terpene assays (analytical360/sclabs/psilabs via Terpene-Profile-Parser)|The Cannabis API (Piyush-Bhor)|WA I-502 state lab tests (dolthub/cannabis-testing-wa),0.75
sherbert,Sherbert,,hybrid,,caryophyllene,peppery|spicy|woody|hoppy,,caryophyllene|humulene,thc,,,OMG PMO Collective,Sherbert is a hybrid with Caryophyllene-forward terpene profile.,Kushy cannabis-dataset|Lab terpene assays (analytical360/sclabs/psilabs via Terpene-Profile-Parser),0.75
shiatsu kush,Shiatsu Kush,,hybrid,,humulene,hoppy|earthy|woody,mango|sweet|tropical,humulene,thc,WA flower lots test around 22% THC on average.,,,"Shiatsu Kush is a hybrid with flavors of mango, sweet, tropical and Humulene-forward terpene profile.",Lab terpene assays (analytical360/sclabs/psilabs via Terpene-Profile-Parser)|The Cannabis API (Piyush-Bhor)|WA I-502 state lab tests (dolthub/cannabis-testing-wa),0.75
silver kush,Silver Kush,,sativa,,caryophyllene,peppery|spicy|woody|hoppy,diesel|citrus|earthy,caryophyllene|humulene,thc,WA flower lots test around 18% THC on average.,,Reserva Privada,"Silver Kush is a sativa with flavors of diesel, citrus, earthy and Caryophyllene-forward terpene profile.",Kushy cannabis-dataset|Lab terpene assays (analytical360/sclabs/psilabs via Terpene-Profile-Parser)|The Cannabis API (Piyush-Bhor)|WA I-502 state lab tests (dolthub/cannabis-testing-wa),0.75
sinmint cookies,Sinmint Cookies,,hybrid,,pinene,pine|fresh|hoppy|earthy,mint|woody,pinene|humulene,thc,WA flower lots test around 21% THC on average.,,Sin City Seeds,"Sinmint Cookies is a hybrid with flavors of mint, woody and Pinene-forward terpene profile.",Kushy cannabis-dataset|Lab terpene assays (analytical360/sclabs/psilabs via Terpene-Profile-Parser)|The Cannabis API (Piyush-Bhor)|WA I-502 state lab tests (dolthub/cannabis-testing-wa),0.75
skunk,Skunk,,hybrid,,humulene,hoppy|earthy|woody|floral,,humulene|linalool|myrcene,thc,,,,Skunk is a hybrid with Humulene-forward terpene profile.,Kushy cannabis-dataset|Lab terpene assays (analytical360/sclabs/psilabs via Terpene-Profile-Parser),0.75
skunk haze,Skunk Haze,,hybrid,,myrcene,earthy|musky|herbal|peppery,earthy|skunk|woody,myrcene|caryophyllene|humulene,thc,WA flower lots test around 12% THC on average.,,,"Skunk Haze is a hybrid with flavors of earthy, skunk, woody and Myrcene-forward terpene profile.",Kushy cannabis-dataset|Lab terpene assays (analytical360/sclabs/psilabs via Terpene-Profile-Parser)|The Cannabis API (Piyush-Bhor)|WA I-502 state lab tests (dolthub/cannabis-testing-wa),0.75
skywalker,Skywalker,,indica,,humulene,hoppy|earthy|woody|pine,citrus|earthy|sweet,humulene|pinene|caryophyllene,thc,WA flower lots test around 20% THC on average.,,Dutch Passion Seed Company,"Skywalker is an indica with flavors of citrus, earthy, sweet and Humulene-forward terpene profile.",Kushy cannabis-dataset|Lab terpene assays (analytical360/sclabs/psilabs via Terpene-Profile-Parser)|The Cannabis API (Piyush-Bhor)|WA I-502 state lab tests (dolthub/cannabis-testing-wa),0.75
slymer,Slymer,,hybrid,,terpinolene,herbal|piney|floral,,terpinolene,thc,,,,Slymer is a hybrid with Terpinolene-forward terpene profile.,Kushy cannabis-dataset|Lab terpene assays (analytical360/sclabs/psilabs via Terpene-Profile-Parser),0.75
snoop s dream,Snoop S Dream,,hybrid,,pinene,pine|fresh|herbal|piney,blueberry|earthy|sweet,pinene|terpinolene|myrcene,thc,WA flower lots test around 21% THC on average.,,,"Snoop S Dream is a hybrid with flavors of blueberry, earthy, sweet and Pinene-forward terpene profile.",Lab terpene assays (analytical360/sclabs/psilabs via Terpene-Profile-Parser)|The Cannabis API (Piyush-Bhor)|WA I-502 state lab tests (dolthub/cannabis-testing-wa),0.75
snow leopard,Snow Leopard,,indica,,caryophyllene,peppery|spicy|woody|pine,earthy|sweet|herbal|woody,caryophyllene|pinene|humulene,thc,WA flower lots test around 21% THC on average.,,Bodhi Seeds,"Snow Leopard is an indica with flavors of earthy, sweet, herbal and Caryophyllene-forward terpene profile.",Kushy cannabis-dataset|Lab terpene assays (analytical360/sclabs/psilabs via Terpene-Profile-Parser)|The Cannabis API (Piyush-Bhor)|WA I-502 state lab tests (dolthub/cannabis-testing-wa),0.75
snow monster,Snow Monster,,indica,,humulene,hoppy|earthy|woody|peppery,earthy|skunk|sweet,humulene|caryophyllene|pinene,thc,WA flower lots test around 21% THC on average.,,,"Snow Monster is an indica with flavors of earthy, skunk, sweet and Humulene-forward terpene profile.",Kushy cannabis-dataset|Lab terpene assays (analytical360/sclabs/psilabs via Terpene-Profile-Parser)|The Cannabis API (Piyush-Bhor)|WA I-502 state lab tests (dolthub/cannabis-testing-wa),0.75
sour alien,Sour Alien,,hybrid,,humulene,hoppy|earthy|woody|peppery,diesel|lemon|pungent,humulene|caryophyllene|myrcene,thc,WA flower lots test around 21% THC on average.,,The Cali Connection,"Sour Alien is a hybrid with flavors of diesel, lemon, pungent and Humulene-forward terpene profile.",Kushy cannabis-dataset|Lab terpene assays (analytical360/sclabs/psilabs via Terpene-Profile-Parser)|The Cannabis API (Piyush-Bhor)|WA I-502 state lab tests (dolthub/cannabis-testing-wa),0.75
sour d,Sour D,,sativa,,humulene,hoppy|earthy|woody|pine,,humulene|pinene,thc,,,PAPA GANJA,Sour D is a sativa with Humulene-forward terpene profile.,Kushy cannabis-dataset|Lab terpene assays (analytical360/sclabs/psilabs via Terpene-Profile-Parser),0.75
sour tangie,Sour Tangie,,sativa,,limonene,citrus|lemon|earthy|musky,citrus|diesel|orange,limonene|myrcene,thc,WA flower lots test around 20% THC on average.,,Reserva Privada,"Sour Tangie is a sativa with flavors of citrus, diesel, orange and Limonene-forward terpene profile.",Kushy cannabis-dataset|Lab terpene assays (analytical360/sclabs/psilabs via Terpene-Profile-Parser)|The Cannabis API (Piyush-Bhor)|WA I-502 state lab tests (dolthub/cannabis-testing-wa),0.75
space candy,Space Candy,,hybrid,,caryophyllene,peppery|spicy|woody|pine,earthy|pungent|sweet,caryophyllene|pinene,thc,WA flower lots test around 19% THC on average.,,TGA Seeds,"Space Candy is a hybrid with flavors of earthy, pungent, sweet and Caryophyllene-forward terpene profile.",Kushy cannabis-dataset|Lab terpene assays (analytical360/sclabs/psilabs via Terpene-Profile-Parser)|The Cannabis API (Piyush-Bhor)|WA I-502 state lab tests (dolthub/cannabis-testing-wa),0.75
space dawg,Space Dawg,,indica,,humulene,hoppy|earthy|woody|peppery,berry|earthy|sweet,humulene|caryophyllene,thc,WA flower lots test around 16% THC on average.,,,"Space Dawg is an indica with flavors of berry, earthy, sweet and Humulene-forward terpene profile.",Kushy cannabis-dataset|Lab terpene assays (analytical360/sclabs/psilabs via Terpene-Profile-Parser)|The Cannabis API (Piyush-Bhor)|WA I-502 state lab tests (dolthub/cannabis-testing-wa),0.75
space jill,Space Jill,,sativa,,pinene,pine|fresh|peppery|spicy,,pinene|caryophyllene|humulene,thc,WA flower lots test around 16% THC on average.,,,Space Jill is a sativa with Pinene-forward terpene profile.,Kushy cannabis-dataset|Lab terpene assays (analytical360/sclabs/psilabs via Terpene-Profile-Parser)|The Cannabis API (Piyush-Bhor)|WA I-502 state lab tests (dolthub/cannabis-testing-wa),0.75
space needle,Space Needle,,sativa,,caryophyllene,peppery|spicy|woody|earthy,floral|pine|pungent,caryophyllene|myrcene|humulene,thc,,,,"Space Needle is a sativa with flavors of floral, pine, pungent and Caryophyllene-forward terpene profile.",Kushy cannabis-dataset|Lab terpene assays (analytical360/sclabs/psilabs via Terpene-Profile-Parser)|The Cannabis API (Piyush-Bhor),0.75
space queen,Space Queen,,hybrid,,humulene,hoppy|earthy|woody|peppery,earthy|floral|sweet,humulene|caryophyllene|myrcene,thc,WA flower lots test around 19% THC on average.,,TGA Seeds,"Space Queen is a hybrid with flavors of earthy, floral, sweet and Humulene-forward terpene profile.",Kushy cannabis-dataset|Lab terpene assays (analytical360/sclabs/psilabs via Terpene-Profile-Parser)|The Cannabis API (Piyush-Bhor)|WA I-502 state lab tests (dolthub/cannabis-testing-wa),0.75
strawberry diesel,Strawberry Diesel,,hybrid,,pinene,pine|fresh|hoppy|earthy,diesel|strawberry|sweet,pinene|humulene|caryophyllene,thc,WA flower lots test around 18% THC on average.,,,"Strawberry Diesel is a hybrid with flavors of diesel, strawberry, sweet and Pinene-forward terpene profile.",Kushy cannabis-dataset|Lab terpene assays (analytical360/sclabs/psilabs via Terpene-Profile-Parser)|The Cannabis API (Piyush-Bhor)|WA I-502 state lab tests (dolthub/cannabis-testing-wa),0.75
strawberry fields,Strawberry Fields,,indica,,myrcene,earthy|musky|herbal|hoppy,berry|strawberry|sweet,myrcene|humulene,thc,WA flower lots test around 17% THC on average.,,Crockett Family Farms,"Strawberry Fields is an indica with flavors of berry, strawberry, sweet and Myrcene-forward terpene profile.",Kushy cannabis-dataset|Lab terpene assays (analytical360/sclabs/psilabs via Terpene-Profile-Parser)|The Cannabis API (Piyush-Bhor)|WA I-502 state lab tests (dolthub/cannabis-testing-wa),0.75
sugar black rose,Sugar Black Rose,,indica,,caryophyllene,peppery|spicy|woody|hoppy,earthy|floral|sweet,caryophyllene|humulene,thc,WA flower lots test around 19% THC on average.,,Delicious Seeds,"Sugar Black Rose is an indica with flavors of earthy, floral, sweet and Caryophyllene-forward terpene profile.",Kushy cannabis-dataset|Lab terpene assays (analytical360/sclabs/psilabs via Terpene-Profile-Parser)|The Cannabis API (Piyush-Bhor)|WA I-502 state lab tests (dolthub/cannabis-testing-wa),0.75
sugar plum,Sugar Plum,,sativa,,myrcene,earthy|musky|herbal|pine,berry|grape|sweet|tropical,myrcene|pinene|humulene,thc,WA flower lots test around 21% THC on average.,,Stoney Girl Gardens,"Sugar Plum is a sativa with flavors of berry, grape, sweet and Myrcene-forward terpene profile.",Kushy cannabis-dataset|Lab terpene assays (analytical360/sclabs/psilabs via Terpene-Profile-Parser)|The Cannabis API (Piyush-Bhor)|WA I-502 state lab tests (dolthub/cannabis-testing-wa),0.75
sunset sherbert,Sunset Sherbert,,hybrid,,caryophyllene,peppery|spicy|woody,citrus|earthy|sweet,caryophyllene,thc,WA flower lots test around 22% THC on average.,,,"Sunset Sherbert is a hybrid with flavors of citrus, earthy, sweet and Caryophyllene-forward terpene profile.",Kushy cannabis-dataset|Lab terpene assays (analytical360/sclabs/psilabs via Terpene-Profile-Parser)|The Cannabis API (Piyush-Bhor)|WA I-502 state lab tests (dolthub/cannabis-testing-wa),0.75
super bud,Super Bud,,indica,,humulene,hoppy|earthy|woody|peppery,citrus|floral|mint,humulene|caryophyllene,thc,WA flower lots test around 16% THC on average.,,Green House Seed Co.,"Super Bud is an indica with flavors of citrus, floral, mint and Humulene-forward terpene profile.",Kushy cannabis-dataset|Lab terpene assays (analytical360/sclabs/psilabs via Terpene-Profile-Parser)|The Cannabis API (Piyush-Bhor)|WA I-502 state lab tests (dolthub/cannabis-testing-wa),0.75
super critical,Super Critical,,hybrid,,pinene,pine|fresh|earthy|musky,,pinene|myrcene|humulene,thc,,,Green House Seed Co.,Super Critical is a hybrid with Pinene-forward terpene profile.,Kushy cannabis-dataset|Lab terpene assays (analytical360/sclabs/psilabs via Terpene-Profile-Parser),0.75
super jack,Super Jack,,sativa,,terpinolene,herbal|piney|floral,earthy|pungent|skunk|sweet,terpinolene,thc,WA flower lots test around 20% THC on average.,,,"Super Jack is a sativa with flavors of earthy, pungent, skunk and Terpinolene-forward terpene profile.",Kushy cannabis-dataset|Lab terpene assays (analytical360/sclabs/psilabs via Terpene-Profile-Parser)|The Cannabis API (Piyush-Bhor)|WA I-502 state lab tests (dolthub/cannabis-testing-wa),0.75
sweet black angel,Sweet Black Angel,,indica,,linalool,floral|lavender|earthy|musky,berry|pine|sweet,linalool|myrcene|humulene,thc,WA flower lots test around 20% THC on average.,,Samsara Seeds,"Sweet Black Angel is an indica with flavors of berry, pine, sweet and Linalool-forward terpene profile.",Kushy cannabis-dataset|Lab terpene assays (analytical360/sclabs/psilabs via Terpene-Profile-Parser)|The Cannabis API (Piyush-Bhor)|WA I-502 state lab tests (dolthub/cannabis-testing-wa),0.75
sweet tangerine,Sweet Tangerine,,hybrid,,humulene,hoppy|earthy|woody|peppery,,humulene|caryophyllene,thc,,,,Sweet Tangerine is a hybrid with Humulene-forward terpene profile.,Kushy cannabis-dataset|Lab terpene assays (analytical360/sclabs/psilabs via Terpene-Profile-Parser),0.75
sweet tooth,Sweet Tooth,,indica,,pinene,pine|fresh|earthy|musky,berry|floral|sweet,pinene|myrcene|caryophyllene,thc,WA flower lots test around 18% THC on average.,,Spice of Life Seeds,"Sweet Tooth is an indica with flavors of berry, floral, sweet and Pinene-forward terpene profile.",Kushy cannabis-dataset|Lab terpene assays (analytical360/sclabs/psilabs via Terpene-Profile-Parser)|The Cannabis API (Piyush-Bhor)|WA I-502 state lab tests (dolthub/cannabis-testing-wa),0.75
thc bomb,THC Bomb,,hybrid,,humulene,hoppy|earthy|woody|musky,earthy|pungent|sweet,humulene|myrcene|caryophyllene,thc,WA flower lots test around 19% THC on average.,,Bomb Seeds,"THC Bomb is a hybrid with flavors of earthy, pungent, sweet and Humulene-forward terpene profile.",Kushy cannabis-dataset|Lab terpene assays (analytical360/sclabs/psilabs via Terpene-Profile-Parser)|The Cannabis API (Piyush-Bhor)|WA I-502 state lab tests (dolthub/cannabis-testing-wa),0.75
tahoe og kush,Tahoe Og Kush,,hybrid,,humulene,hoppy|earthy|woody|peppery,,humulene|caryophyllene|pinene,thc,,,The Cali Connection,Tahoe Og Kush is a hybrid with Humulene-forward terpene profile.,Kushy cannabis-dataset|Lab terpene assays (analytical360/sclabs/psilabs via Terpene-Profile-Parser),0.75
tangerine power,Tangerine Power,,hybrid,,pinene,pine|fresh|peppery|spicy,citrus|orange|sweet,pinene|caryophyllene|humulene,thc,WA flower lots test around 21% THC on average.,,Sin City Seeds,"Tangerine Power is a hybrid with flavors of citrus, orange, sweet and Pinene-forward terpene profile.",Kushy cannabis-dataset|Lab terpene assays (analytical360/sclabs/psilabs via Terpene-Profile-Parser)|The Cannabis API (Piyush-Bhor)|WA I-502 state lab tests (dolthub/cannabis-testing-wa),0.75
the cure,The Cure,,hybrid,,pinene,pine|fresh|earthy|musky,,pinene|myrcene|caryophyllene,thc,,,Mr. Nice,The Cure is a hybrid with Pinene-forward terpene profile.,Kushy cannabis-dataset|Lab terpene assays (analytical360/sclabs/psilabs via Terpene-Profile-Parser),0.75
the purps,The Purps,,hybrid,,caryophyllene,peppery|spicy|woody|earthy,,caryophyllene|myrcene,thc,,,,The Purps is a hybrid with Caryophyllene-forward terpene profile.,Kushy cannabis-dataset|Lab terpene assays (analytical360/sclabs/psilabs via Terpene-Profile-Parser),0.75
the white,The White,,hybrid,,pinene,pine|fresh|peppery|spicy,earthy|pine|pungent,pinene|caryophyllene|humulene,thc,WA flower lots test around 24% THC on average.,,Krome,"The White is a hybrid with flavors of earthy, pine, pungent and Pinene-forward terpene profile.",Kushy cannabis-dataset|Lab terpene assays (analytical360/sclabs/psilabs via Terpene-Profile-Parser)|The Cannabis API (Piyush-Bhor)|WA I-502 state lab tests (dolthub/cannabis-testing-wa),0.75
thin mint,Thin Mint,,hybrid,,caryophyllene,peppery|spicy|woody|hoppy,mint|sweet,caryophyllene|humulene|myrcene,thc,WA flower lots test around 20% THC on average.,,,"Thin Mint is a hybrid with flavors of mint, sweet and Caryophyllene-forward terpene profile.",Kushy cannabis-dataset|Lab terpene assays (analytical360/sclabs/psilabs via Terpene-Profile-Parser)|The Cannabis API (Piyush-Bhor)|WA I-502 state lab tests (dolthub/cannabis-testing-wa),0.75
timewreck,Timewreck,,sativa,,pinene,pine|fresh|peppery|spicy,citrus|lemon|peppery,pinene|caryophyllene,thc,WA flower lots test around 18% THC on average.,,TGA Seeds,"Timewreck is a sativa with flavors of citrus, lemon, peppery and Pinene-forward terpene profile.",Kushy cannabis-dataset|Lab terpene assays (analytical360/sclabs/psilabs via Terpene-Profile-Parser)|The Cannabis API (Piyush-Bhor)|WA I-502 state lab tests (dolthub/cannabis-testing-wa),0.75
tora bora,Tora Bora,,indica,,humulene,hoppy|earthy|woody,berry|earthy|pine,humulene,thc,WA flower lots test around 17% THC on average.,,Reserva Privada,"Tora Bora is an indica with flavors of berry, earthy, pine and Humulene-forward terpene profile.",Kushy cannabis-dataset|Lab terpene assays (analytical360/sclabs/psilabs via Terpene-Profile-Parser)|The Cannabis API (Piyush-Bhor)|WA I-502 state lab tests (dolthub/cannabis-testing-wa),0.75
trinity,Trinity,,sativa,,pinene,pine|fresh|hoppy|earthy,earthy|pungent|skunk,pinene|humulene|myrcene,thc,WA flower lots test around 18% THC on average.,,,"Trinity is a sativa with flavors of earthy, pungent, skunk and Pinene-forward terpene profile.",Kushy cannabis-dataset|Lab terpene assays (analytical360/sclabs/psilabs via Terpene-Profile-Parser)|The Cannabis API (Piyush-Bhor)|WA I-502 state lab tests (dolthub/cannabis-testing-wa),0.75
true blue,True Blue,,hybrid,,caryophyllene,peppery|spicy|woody|earthy,,caryophyllene|myrcene,thc,,,MTG Seeds,True Blue is a hybrid with Caryophyllene-forward terpene profile.,Kushy cannabis-dataset|Lab terpene assays (analytical360/sclabs/psilabs via Terpene-Profile-Parser),0.75
true og,True Og,,indica,,humulene,hoppy|earthy|woody|peppery,earthy|pine|pungent,humulene|caryophyllene|limonene,thc,WA flower lots test around 20% THC on average.,,Caveman,"True Og is an indica with flavors of earthy, pine, pungent and Humulene-forward terpene profile.",Kushy cannabis-dataset|Lab terpene assays (analytical360/sclabs/psilabs via Terpene-Profile-Parser)|The Cannabis API (Piyush-Bhor)|WA I-502 state lab tests (dolthub/cannabis-testing-wa),0.75
uk cheese,Uk Cheese,,hybrid,,humulene,hoppy|earthy|woody|pine,berry|cheese|pungent,humulene|pinene|caryophyllene,thc,WA flower lots test around 22% THC on average.,,,"Uk Cheese is a hybrid with flavors of berry, cheese, pungent and Humulene-forward terpene profile.",Kushy cannabis-dataset|Lab terpene assays (analytical360/sclabs/psilabs via Terpene-Profile-Parser)|The Cannabis API (Piyush-Bhor)|WA I-502 state lab tests (dolthub/cannabis-testing-wa),0.75
unicorn horn,Unicorn Horn,,hybrid,,myrcene,earthy|musky|herbal|hoppy,,myrcene|humulene|caryophyllene,thc,,,CannaPi,Unicorn Horn is a hybrid with Myrcene-forward terpene profile.,Kushy cannabis-dataset|Lab terpene assays (analytical360/sclabs/psilabs via Terpene-Profile-Parser),0.75
vanilla gorilla,Vanilla Gorilla,,hybrid,,caryophyllene,peppery|spicy|woody,,caryophyllene,thc,,,,Vanilla Gorilla is a hybrid with Caryophyllene-forward terpene profile.,Kushy cannabis-dataset|Lab terpene assays (analytical360/sclabs/psilabs via Terpene-Profile-Parser),0.75
vanilla kush,Vanilla Kush,,indica,,limonene,citrus|lemon|hoppy|earthy,floral|sweet|vanilla,limonene|humulene|myrcene,thc,WA flower lots test around 19% THC on average.,,,"Vanilla Kush is an indica with flavors of floral, sweet, vanilla and Limonene-forward terpene profile.",Kushy cannabis-dataset|Lab terpene assays (analytical360/sclabs/psilabs via Terpene-Profile-Parser)|The Cannabis API (Piyush-Bhor)|WA I-502 state lab tests (dolthub/cannabis-testing-wa),0.75
venom og,Venom Og,,hybrid,,myrcene,earthy|musky|herbal|peppery,earthy|pine|pungent,myrcene|caryophyllene|limonene,thc,WA flower lots test around 20% THC on average.,,Rare Dankness Seeds,"Venom Og is a hybrid with flavors of earthy, pine, pungent and Myrcene-forward terpene profile.",Kushy cannabis-dataset|Lab terpene assays (analytical360/sclabs/psilabs via Terpene-Profile-Parser)|The Cannabis API (Piyush-Bhor)|WA I-502 state lab tests (dolthub/cannabis-testing-wa),0.75
white dawg,White Dawg,,hybrid,,humulene,hoppy|earthy|woody|peppery,earthy|herbal|spicy|woody,humulene|caryophyllene|pinene,thc,WA flower lots test around 14% THC on average.,,Top Dawg Seeds,"White Dawg is a hybrid with flavors of earthy, herbal, spicy and Humulene-forward terpene profile.",Kushy cannabis-dataset|Lab terpene assays (analytical360/sclabs/psilabs via Terpene-Profile-Parser)|The Cannabis API (Piyush-Bhor)|WA I-502 state lab tests (dolthub/cannabis-testing-wa),0.75
white elephant,White Elephant,,hybrid,,pinene,pine|fresh|peppery|spicy,earthy|pungent|sweet,pinene|caryophyllene|myrcene,thc,WA flower lots test around 18% THC on average.,,,"White Elephant is a hybrid with flavors of earthy, pungent, sweet and Pinene-forward terpene profile.",Kushy cannabis-dataset|Lab terpene assays (analytical360/sclabs/psilabs via Terpene-Profile-Parser)|The Cannabis API (Piyush-Bhor)|WA I-502 state lab tests (dolthub/cannabis-testing-wa),0.75
white fire,White Fire,,hybrid,,humulene,hoppy|earthy|woody|musky,,humulene|myrcene|caryophyllene,thc,,,PAPA GANJA,White Fire is a hybrid with Humulene-forward terpene profile.,Kushy cannabis-dataset|Lab terpene assays (analytical360/sclabs/psilabs via Terpene-Profile-Parser),0.75
white fire alien og,White Fire Alien Og,,hybrid,,humulene,hoppy|earthy|woody|peppery,citrus|earthy|lemon,humulene|caryophyllene|myrcene,thc,WA flower lots test around 23% THC on average.,,,"White Fire Alien Og is a hybrid with flavors of citrus, earthy, lemon and Humulene-forward terpene profile.",Lab terpene assays (analytical360/sclabs/psilabs via Terpene-Profile-Parser)|The Cannabis API (Piyush-Bhor)|WA I-502 state lab tests (dolthub/cannabis-testing-wa),0.75
white russian,White Russian,,hybrid,,terpinolene,herbal|piney|floral|hoppy,citrus|skunk|sweet,terpinolene|humulene|myrcene,thc,WA flower lots test around 19% THC on average.,,Serious Seeds,"White Russian is a hybrid with flavors of citrus, skunk, sweet and Terpinolene-forward terpene profile.",Kushy cannabis-dataset|Lab terpene assays (analytical360/sclabs/psilabs via Terpene-Profile-Parser)|The Cannabis API (Piyush-Bhor)|WA I-502 state lab tests (dolthub/cannabis-testing-wa),0.75
willy wonka,Willy Wonka,,sativa,,terpinolene,herbal|piney|floral|peppery,apricot|mint|pine|sweet,terpinolene|caryophyllene|humulene,thc,WA flower lots test around 21% THC on average.,,,"Willy Wonka is a sativa with flavors of apricot, mint, pine and Terpinolene-forward terpene profile.",Kushy cannabis-dataset|Lab terpene assays (analytical360/sclabs/psilabs via Terpene-Profile-Parser)|The Cannabis API (Piyush-Bhor)|WA I-502 state lab tests (dolthub/cannabis-testing-wa),0.75
wonder woman,Wonder Woman,,hybrid,,myrcene,earthy|musky|herbal|peppery,floral|sweet|tropical,myrcene|caryophyllene|humulene,thc,WA flower lots test around 19% THC on average.,,Nirvana,"Wonder Woman is a hybrid with flavors of floral, sweet, tropical and Myrcene-forward terpene profile.",Kushy cannabis-dataset|Lab terpene assays (analytical360/sclabs/psilabs via Terpene-Profile-Parser)|The Cannabis API (Piyush-Bhor)|WA I-502 state lab tests (dolthub/cannabis-testing-wa),0.75
xj 13,Xj 13,,hybrid,,terpinolene,herbal|piney|floral|citrus,citrus|pine|sweet,terpinolene|limonene|caryophyllene,thc,WA flower lots test around 21% THC on average.,,,"Xj 13 is a hybrid with flavors of citrus, pine, sweet and Terpinolene-forward terpene profile.",Kushy cannabis-dataset|Lab terpene assays (analytical360/sclabs/psilabs via Terpene-Profile-Parser)|The Cannabis API (Piyush-Bhor)|WA I-502 state lab tests (dolthub/cannabis-testing-wa),0.75
xxx og,Xxx Og,,indica,,humulene,hoppy|earthy|woody|pine,earthy|pine|woody,humulene|pinene|caryophyllene,thc,WA flower lots test around 16% THC on average.,,,"Xxx Og is an indica with flavors of earthy, pine, woody and Humulene-forward terpene profile.",Kushy cannabis-dataset|Lab terpene assays (analytical360/sclabs/psilabs via Terpene-Profile-Parser)|The Cannabis API (Piyush-Bhor)|WA I-502 state lab tests (dolthub/cannabis-testing-wa),0.75
707 headband,707 Headband,,hybrid,Sour Flower x OG Wreck,,earthy|pungent|woody,earthy|pungent|woody,,thc,WA flower lots test around 20% THC on average.,,,"707 Headband is a hybrid, a cross of Sour Flower x OG Wreck with flavors of earthy, pungent, woody.",Kushy cannabis-dataset|Lab terpene assays (analytical360/sclabs/psilabs via Terpene-Profile-Parser)|The Cannabis API (Piyush-Bhor)|WA I-502 state lab tests (dolthub/cannabis-testing-wa),0.7
afghan-big-bud,Afghan-big-bud,,indica,Afghani x Big Budda Cheese,,floral|lemon|peach,floral|lemon|peach|pungent,,thc,,,,"Afghan-big-bud is an indica, a cross of Afghani x Big Budda Cheese with flavors of floral, lemon, peach.",Kushy cannabis-dataset|The Cannabis API (Piyush-Bhor),0.7
ambrosia,Ambrosia,,hybrid,Godberry x Butterscotch,,earthy|floral,earthy|floral,,thc,WA flower lots test around 26% THC on average.,,Jordan of the Islands,"Ambrosia is a hybrid, a cross of Godberry x Butterscotch with flavors of earthy, floral.",Kushy cannabis-dataset|Lab terpene assays (analytical360/sclabs/psilabs via Terpene-Profile-Parser)|The Cannabis API (Piyush-Bhor)|WA I-502 state lab tests (dolthub/cannabis-testing-wa),0.7
americano,Americano,,indica,Skydog x Nuggetry OG,,earthy|herbal|spicy,earthy|herbal|spicy,,thc,WA flower lots test around 19% THC on average.,,Enterprise Seeds,"Americano is an indica, a cross of Skydog x Nuggetry OG with flavors of earthy, herbal, spicy.",Kushy cannabis-dataset|The Cannabis API (Piyush-Bhor)|WA I-502 state lab tests (dolthub/cannabis-testing-wa),0.7
astroboy,Astroboy,,sativa,Astroboy x Citrus Kush,,citrus|sweet,citrus|sweet,,thc,,,TGA,"Astroboy is a sativa, a cross of Astroboy x Citrus Kush with flavors of citrus, sweet.",Kushy cannabis-dataset|The Cannabis API (Piyush-Bhor),0.7
aurora indica,Aurora Indica,,indica,Afghanica x Nuggetry OG,,earthy|herbal|pine,earthy|herbal|pine|skunk|spicy|tropical,,thc,WA flower lots test around 17% THC on average.,,Nirvana,"Aurora Indica is an indica, a cross of Afghanica x Nuggetry OG with flavors of earthy, herbal, pine.",Kushy cannabis-dataset|Lab terpene assays (analytical360/sclabs/psilabs via Terpene-Profile-Parser)|The Cannabis API (Piyush-Bhor)|WA I-502 state lab tests (dolthub/cannabis-testing-wa),0.7
avalon,Avalon,,hybrid,Afghanica x Blueberry Diesel,,earthy|nutty|sweet,earthy|nutty|sweet,,thc,,,Next Generation Seeds,"Avalon is a hybrid, a cross of Afghanica x Blueberry Diesel with flavors of earthy, nutty, sweet.",Kushy cannabis-dataset|The Cannabis API (Piyush-Bhor),0.7
b-52,B-52,,indica,Big Budda Cheese x Skydog,,earthy|sweet|woody,earthy|sweet|woody,,thc,WA flower lots test around 19% THC on average.,,Homegrown Fantaseeds,"B-52 is an indica, a cross of Big Budda Cheese x Skydog with flavors of earthy, sweet, woody.",Kushy cannabis-dataset|The Cannabis API (Piyush-Bhor)|WA I-502 state lab tests (dolthub/cannabis-testing-wa),0.7
big bang,Big Bang,,indica,Nuggetry OG x Skydog x Euphoria,,earthy|lemon|orange,earthy|lemon|orange|sweet,,thc,WA flower lots test around 15% THC on average.,,Green House Seed Co.,"Big Bang is an indica, a cross of Nuggetry OG x Skydog x Euphoria with flavors of earthy, lemon, orange.",Kushy cannabis-dataset|Lab terpene assays (analytical360/sclabs/psilabs via Terpene-Profile-Parser)|The Cannabis API (Piyush-Bhor)|WA I-502 state lab tests (dolthub/cannabis-testing-wa),0.7
big budda cheese,Big Budda Cheese,,hybrid,Skydog x Afghanica,,cheese|earthy|floral,cheese|earthy|floral,,thc,WA flower lots test around 18% THC on average.,,Big Buddha,"Big Budda Cheese is a hybrid, a cross of Skydog x Afghanica with flavors of cheese, earthy, floral.",Kushy cannabis-dataset|The Cannabis API (Piyush-Bhor)|WA I-502 state lab tests (dolthub/cannabis-testing-wa),0.7
black-ice,Black-ice,,indica,Black Jack x Ice Cream,,citrus|earthy|pine,citrus|earthy|pine|sweet,,thc,,,,"Black-ice is an indica, a cross of Black Jack x Ice Cream with flavors of citrus, earthy, pine.",Kushy cannabis-dataset|The Cannabis API (Piyush-Bhor),0.7
blue god,Blue God,,indica,Blueberry Diesel x Godberry,,berry|blueberry|sweet,berry|blueberry|sweet,,thc,WA flower lots test around 16% THC on average.,,Jordan of the Islands,"Blue God is an indica, a cross of Blueberry Diesel x Godberry with flavors of berry, blueberry, sweet.",Kushy cannabis-dataset|Lab terpene assays (analytical360/sclabs/psilabs via Terpene-Profile-Parser)|The Cannabis API (Piyush-Bhor)|WA I-502 state lab tests (dolthub/cannabis-testing-wa),0.7
blue mystic,Blue Mystic,,indica,Blueberry Diesel x Skydog,,blueberry|earthy|sweet,blueberry|earthy|sweet,,thc,WA flower lots test around 16% THC on average.,,,"Blue Mystic is an indica, a cross of Blueberry Diesel x Skydog with flavors of blueberry, earthy, sweet.",Kushy cannabis-dataset|Lab terpene assays (analytical360/sclabs/psilabs via Terpene-Profile-Parser)|The Cannabis API (Piyush-Bhor)|WA I-502 state lab tests (dolthub/cannabis-testing-wa),0.7
blueberry blast,Blueberry Blast,,sativa,NYC Diesel x Blueberry Diesel,,berry|blueberry|sweet,berry|blueberry|sweet,,thc,WA flower lots test around 22% THC on average.,,,"Blueberry Blast is a sativa, a cross of NYC Diesel x Blueberry Diesel with flavors of berry, blueberry, sweet.",Kushy cannabis-dataset|Lab terpene assays (analytical360/sclabs/psilabs via Terpene-Profile-Parser)|The Cannabis API (Piyush-Bhor)|WA I-502 state lab tests (dolthub/cannabis-testing-wa),0.7
brains-damage,Brains-damage,,indica,Misty Kush x Afghani Bullrider,,earthy|sweet|woody,earthy|sweet|woody,,thc,,,KC Brains,"Brains-damage is an indica, a cross of Misty Kush x Afghani Bullrider with flavors of earthy, sweet, woody.",Kushy cannabis-dataset|The Cannabis API (Piyush-Bhor),0.7
brainwreck,Brainwreck,,hybrid,Triple Diesel x Wonder Haze,,citrus|earthy|sweet,citrus|earthy|sweet,,thc,WA flower lots test around 23% THC on average.,,Stallion Genetics,"Brainwreck is a hybrid, a cross of Triple Diesel x Wonder Haze with flavors of citrus, earthy, sweet.",Kushy cannabis-dataset|The Cannabis API (Piyush-Bhor)|WA I-502 state lab tests (dolthub/cannabis-testing-wa),0.7
bubble cheese,Bubble Cheese,,indica,Fire Haze x Bubba OG x Bubbleberry,,cheese|earthy|pungent,cheese|earthy|pungent,,thc,WA flower lots test around 20% THC on average.,,Big Buddha Seeds,"Bubble Cheese is an indica, a cross of Fire Haze x Bubba OG x Bubbleberry with flavors of cheese, earthy, pungent.",Kushy cannabis-dataset|The Cannabis API (Piyush-Bhor)|WA I-502 state lab tests (dolthub/cannabis-testing-wa),0.7
bubbleberry,Bubbleberry,,hybrid,Blueberry Diesel x Bubbleberry,,berry|blueberry|sweet,berry|blueberry|sweet,,thc,WA flower lots test around 19% THC on average.,,Sagarmatha Seeds,"Bubbleberry is a hybrid, a cross of Blueberry Diesel x Bubbleberry with flavors of berry, blueberry, sweet.",Kushy cannabis-dataset|Lab terpene assays (analytical360/sclabs/psilabs via Terpene-Profile-Parser)|The Cannabis API (Piyush-Bhor)|WA I-502 state lab tests (dolthub/cannabis-testing-wa),0.7
buddha-haze,Buddha-haze,,sativa,Anesthesia x G13 Haze x Super Sour Diesel,,earthy|nutty|sweet,earthy|nutty|sweet,,thc,,,Big Buddha Seeds,"Buddha-haze is a sativa, a cross of Anesthesia x G13 Haze x Super Sour Diesel with flavors of earthy, nutty, sweet.",Kushy cannabis-dataset|The Cannabis API (Piyush-Bhor),0.7
california orange,California Orange,,hybrid,Afghani Bullrider x Afghanica x California Grapefruit,,citrus|orange|sweet,citrus|orange|sweet,,thc,WA flower lots test around 18% THC on average.,,,"California Orange is a hybrid, a cross of Afghani Bullrider x Afghanica x California Grapefruit with flavors of citrus, orange, sweet.",Kushy cannabis-dataset|Lab terpene assays (analytical360/sclabs/psilabs via Terpene-Profile-Parser)|The Cannabis API (Piyush-Bhor)|WA I-502 state lab tests (dolthub/cannabis-testing-wa),0.7
california-grapefruit,California-grapefruit,,indica,Afghanica x Nuggetry OG,,citrus|peppery,citrus|peppery,,thc,,,DNA Genetics,"California-grapefruit is an indica, a cross of Afghanica x Nuggetry OG with flavors of citrus, peppery.",Kushy cannabis-dataset|The Cannabis API (Piyush-Bhor),0.7
cannalope haze,Cannalope Haze,,sativa,Headband x Misty Kush,,floral|citrus|sweet,floral|citrus|sweet|tropical,,thc,WA flower lots test around 17% THC on average.,,DNA Genetics,"Cannalope Haze is a sativa, a cross of Headband x Misty Kush with flavors of floral, citrus, sweet.",Kushy cannabis-dataset|Lab terpene assays (analytical360/sclabs/psilabs via Terpene-Profile-Parser)|The Cannabis API (Piyush-Bhor)|WA I-502 state lab tests (dolthub/cannabis-testing-wa),0.7
cherry bomb,Cherry Bomb,,hybrid,Satori x Chilla,,berry|pungent|skunk,berry|pungent|skunk,,thc,WA flower lots test around 18% THC on average.,,Almighty Seeds,"Cherry Bomb is a hybrid, a cross of Satori x Chilla with flavors of berry, pungent, skunk.",Kushy cannabis-dataset|Lab terpene assays (analytical360/sclabs/psilabs via Terpene-Profile-Parser)|The Cannabis API (Piyush-Bhor)|WA I-502 state lab tests (dolthub/cannabis-testing-wa),0.7
chronic,Chronic,,hybrid,Nuggetry OG x Skydog x AK-48,,herbal|spicy|sweet,herbal|spicy|sweet|woody,,thc,WA flower lots test around 19% THC on average.,,Serious Seeds,"Chronic is a hybrid, a cross of Nuggetry OG x Skydog x AK-48 with flavors of herbal, spicy, sweet.",Kushy cannabis-dataset|Lab terpene assays (analytical360/sclabs/psilabs via Terpene-Profile-Parser)|The Cannabis API (Piyush-Bhor)|WA I-502 state lab tests (dolthub/cannabis-testing-wa),0.7
crystalberry,Crystalberry,,indica,Blueberry Diesel x NYC Diesel,,berry|blueberry|grape,berry|blueberry|grape|sweet,,thc,WA flower lots test around 22% THC on average.,,Cannabis Pros,"Crystalberry is an indica, a cross of Blueberry Diesel x NYC Diesel with flavors of berry, blueberry, grape.",Kushy cannabis-dataset|The Cannabis API (Piyush-Bhor)|WA I-502 state lab tests (dolthub/cannabis-testing-wa),0.7
jacks cleaner,Jacks Cleaner,,sativa,Jamaican Pearl x Jack Kush x Purple Kush,,citrus|lemon|sweet,citrus|lemon|sweet,,thc,WA flower lots test around 19% THC on average.,,Subcool,"Jacks Cleaner is a sativa, a cross of Jamaican Pearl x Jack Kush x Purple Kush with flavors of citrus, lemon, sweet.",Kushy cannabis-dataset|Lab terpene assays (analytical360/sclabs/psilabs via Terpene-Profile-Parser)|The Cannabis API (Piyush-Bhor)|WA I-502 state lab tests (dolthub/cannabis-testing-wa),0.7
jillybean,Jillybean,,hybrid,Root Beer Kush x Citrus Kush,,citrus|orange|sweet,citrus|orange|sweet,,thc,WA flower lots test around 19% THC on average.,,TGA,"Jillybean is a hybrid, a cross of Root Beer Kush x Citrus Kush with flavors of citrus, orange, sweet.",Kushy cannabis-dataset|The Cannabis API (Piyush-Bhor)|WA I-502 state lab tests (dolthub/cannabis-testing-wa),0.7
silver pearl,Silver Pearl,,hybrid,Nuggetry OG x Skydog,,mango|pine|skunk,mango|pine|skunk,,thc,,,Seed Bank,"Silver Pearl is a hybrid, a cross of Nuggetry OG x Skydog with flavors of mango, pine, skunk.",Kushy cannabis-dataset|Lab terpene assays (analytical360/sclabs/psilabs via Terpene-Profile-Parser)|The Cannabis API (Piyush-Bhor),0.7
tres dawg,Tres Dawg,,hybrid,Star Dawg x Chemdawg #4,,citrus|diesel|pungent,citrus|diesel|pungent,,thc,WA flower lots test around 21% THC on average.,,Top Dawg Seeds,"Tres Dawg is a hybrid, a cross of Star Dawg x Chemdawg #4 with flavors of citrus, diesel, pungent.",Kushy cannabis-dataset|The Cannabis API (Piyush-Bhor)|WA I-502 state lab tests (dolthub/cannabis-testing-wa),0.7
100-og,100-og,,hybrid,,,citrus|earthy|sweet,citrus|earthy|sweet,,thc,,,Old School Breeder's Association,"100-og is a hybrid with flavors of citrus, earthy, sweet.",Kushy cannabis-dataset|The Cannabis API (Piyush-Bhor),0.65
13-dawgs,13-dawgs,,hybrid,,,apricot|citrus,apricot|citrus,,thc,,,Delta 9 Bio-Tech,"13-dawgs is a hybrid with flavors of apricot, citrus.",Kushy cannabis-dataset|The Cannabis API (Piyush-Bhor),0.65
24k gold,24K Gold,,hybrid,,,citrus|earthy|orange,citrus|earthy|orange,,thc,WA flower lots test around 20% THC on average.,,Crockett Family Farms,"24K Gold is a hybrid with flavors of citrus, earthy, orange.",Kushy cannabis-dataset|Lab terpene assays (analytical360/sclabs/psilabs via Terpene-Profile-Parser)|The Cannabis API (Piyush-Bhor)|WA I-502 state lab tests (dolthub/cannabis-testing-wa),0.65
303-og,303-og,,indica,,,citrus|earthy|pine,citrus|earthy|pine|pungent,,thc,,,,"303-og is an indica with flavors of citrus, earthy, pine.",Kushy cannabis-dataset|The Cannabis API (Piyush-Bhor),0.65
3x crazy,3X Crazy,,indica,,,earthy|grape|sweet,earthy|grape|sweet,,thc,WA flower lots test around 17% THC on average.,,,"3X Crazy is an indica with flavors of earthy, grape, sweet.",Kushy cannabis-dataset|Lab terpene assays (analytical360/sclabs/psilabs via Terpene-Profile-Parser)|The Cannabis API (Piyush-Bhor)|WA I-502 state lab tests (dolthub/cannabis-testing-wa),0.65
3d-cbd,3d-cbd,,sativa,,,earthy|floral|woody,earthy|floral|woody,,thc,,,,"3d-cbd is a sativa with flavors of earthy, floral, woody.",Kushy cannabis-dataset|The Cannabis API (Piyush-Bhor),0.65
3rd-coast-panama-chunk,3rd-coast-panama-chunk,,hybrid,,,diesel|pine,diesel|pine,,thc,,,,"3rd-coast-panama-chunk is a hybrid with flavors of diesel, pine.",The Cannabis API (Piyush-Bhor),0.65
5th element,5th Element,,indica,,,earthy|pine|sweet,earthy|pine|sweet|woody,,thc,WA flower lots test around 22% THC on average.,,Elemental Seeds,"5th Element is an indica with flavors of earthy, pine, sweet.",Kushy cannabis-dataset|The Cannabis API (Piyush-Bhor)|WA I-502 state lab tests (dolthub/cannabis-testing-wa),0.65
8 ball kush,8 Ball Kush,,indica,,,citrus|earthy|pine,citrus|earthy|pine,,thc,WA flower lots test around 18% THC on average.,,,"8 Ball Kush is an indica with flavors of citrus, earthy, pine.",Kushy cannabis-dataset|Lab terpene assays (analytical360/sclabs/psilabs via Terpene-Profile-Parser)|The Cannabis API (Piyush-Bhor)|WA I-502 state lab tests (dolthub/cannabis-testing-wa),0.65
818 og,818 Og,,indica,,,diesel|earthy|floral,diesel|earthy|floral,,thc,WA flower lots test around 19% THC on average.,,,"818 Og is an indica with flavors of diesel, earthy, floral.",Kushy cannabis-dataset|Lab terpene assays (analytical360/sclabs/psilabs via Terpene-Profile-Parser)|The Cannabis API (Piyush-Bhor)|WA I-502 state lab tests (dolthub/cannabis-testing-wa),0.65
91 krypt,91 Krypt,,indica,,,berry|earthy|pungent,berry|earthy|pungent|sweet,,thc,WA flower lots test around 16% THC on average.,,,"91 Krypt is an indica with flavors of berry, earthy, pungent.",Kushy cannabis-dataset|The Cannabis API (Piyush-Bhor)|WA I-502 state lab tests (dolthub/cannabis-testing-wa),0.65
98-white-widow,98-white-widow,,hybrid,,,diesel|floral,diesel|floral,,thc,,,,"98-white-widow is a hybrid with flavors of diesel, floral.",The Cannabis API (Piyush-Bhor),0.65
9lb hammer,9lb Hammer,,hybrid,,pinene,pine|fresh|peppery|spicy,,pinene|caryophyllene|myrcene,thc,,,,9lb Hammer is a hybrid with Pinene-forward terpene profile.,Lab terpene assays (analytical360/sclabs/psilabs via Terpene-Profile-Parser),0.65
a 10,A 10,,indica,,,citrus|pungent|sweet,citrus|pungent|sweet,,thc,WA flower lots test around 19% THC on average.,,,"A 10 is an indica with flavors of citrus, pungent, sweet.",Kushy cannabis-dataset|The Cannabis API (Piyush-Bhor)|WA I-502 state lab tests (dolthub/cannabis-testing-wa),0.65
a train,A Train,,hybrid,,,citrus|earthy|woody,citrus|earthy|woody,,thc,WA flower lots test around 18% THC on average.,,T.H.Seeds,"A Train is a hybrid with flavors of citrus, earthy, woody.",Kushy cannabis-dataset|Lab terpene assays (analytical360/sclabs/psilabs via Terpene-Profile-Parser)|The Cannabis API (Piyush-Bhor)|WA I-502 state lab tests (dolthub/cannabis-testing-wa),0.65
a-dub,A-dub,,hybrid,,,diesel|earthy|peppery,diesel|earthy|peppery,,thc,,,,"A-dub is a hybrid with flavors of diesel, earthy, peppery.",Kushy cannabis-dataset|Lab terpene assays (analytical360/sclabs/psilabs via Terpene-Profile-Parser)|The Cannabis API (Piyush-Bhor),0.65
abc,Abc,,hybrid,,pinene,pine|fresh|hoppy|earthy,,pinene|caryophyllene|humulene,thc,,,,Abc is a hybrid with Pinene-forward terpene profile.,Lab terpene assays (analytical360/sclabs/psilabs via Terpene-Profile-Parser),0.65
aberdeen,Aberdeen,,hybrid,,,cheese|diesel|mint,cheese|diesel|mint,,thc,,,Aphria,"Aberdeen is a hybrid with flavors of cheese, diesel, mint.",Kushy cannabis-dataset|The Cannabis API (Piyush-Bhor),0.65
ace-killer-og,Ace-killer-og,,indica,,,diesel|earthy|herbal,diesel|earthy|herbal|pine|spicy,,thc,,,,"Ace-killer-og is an indica with flavors of diesel, earthy, herbal.",Kushy cannabis-dataset|The Cannabis API (Piyush-Bhor),0.65
aceh,Aceh,,sativa,,,earthy|lemon|mango,earthy|lemon|mango,,thc,,,,"Aceh is a sativa with flavors of earthy, lemon, mango.",Kushy cannabis-dataset|The Cannabis API (Piyush-Bhor),0.65
acid,Acid,,hybrid,,,diesel|earthy|lemon,diesel|earthy|lemon,,thc,WA flower lots test around 16% THC on average.,,,"Acid is a hybrid with flavors of diesel, earthy, lemon.",Lab terpene assays (analytical360/sclabs/psilabs via Terpene-Profile-Parser)|The Cannabis API (Piyush-Bhor)|WA I-502 state lab tests (dolthub/cannabis-testing-wa),0.65
adak,Adak,,hybrid,,caryophyllene,pine|fresh|peppery|spicy,,caryophyllene|pinene,thc,,,,Adak is a hybrid with Caryophyllene-forward terpene profile.,Lab terpene assays (analytical360/sclabs/psilabs via Terpene-Profile-Parser),0.65
afcrack,Afcrack,,hybrid,,,earthy|floral|sweet,earthy|floral|sweet,,thc,WA flower lots test around 18% THC on average.,,,"Afcrack is a hybrid with flavors of earthy, floral, sweet.",Kushy cannabis-dataset|Lab terpene assays (analytical360/sclabs/psilabs via Terpene-Profile-Parser)|The Cannabis API (Piyush-Bhor)|WA I-502 state lab tests (dolthub/cannabis-testing-wa),0.65
afgahni bullrider,Afgahni Bullrider,,indica,,,citrus|lemon|sweet,citrus|lemon|sweet,,thc,WA flower lots test around 18% THC on average.,,,"Afgahni Bullrider is an indica with flavors of citrus, lemon, sweet.",The Cannabis API (Piyush-Bhor)|WA I-502 state lab tests (dolthub/cannabis-testing-wa),0.65
afghan diesel,Afghan Diesel,,hybrid,,,diesel|earthy,diesel|earthy,,thc,WA flower lots test around 13% THC on average.,,,"Afghan Diesel is a hybrid with flavors of diesel, earthy.",Kushy cannabis-dataset|The Cannabis API (Piyush-Bhor)|WA I-502 state lab tests (dolthub/cannabis-testing-wa),0.65
afghan haze,Afghan Haze,,hybrid,,,earthy|floral|herbal,earthy|floral|herbal,,thc,WA flower lots test around 15% THC on average.,,Mr. Nice,"Afghan Haze is a hybrid with flavors of earthy, floral, herbal.",Kushy cannabis-dataset|Lab terpene assays (analytical360/sclabs/psilabs via Terpene-Profile-Parser)|The Cannabis API (Piyush-Bhor)|WA I-502 state lab tests (dolthub/cannabis-testing-wa),0.65
afghan kush,Afghan Kush,,indica,,,earthy|floral|woody,earthy|floral|woody,,thc,WA flower lots test around 18% THC on average.,,White Label Co.,"Afghan Kush is an indica with flavors of earthy, floral, woody.",Kushy cannabis-dataset|Lab terpene assays (analytical360/sclabs/psilabs via Terpene-Profile-Parser)|The Cannabis API (Piyush-Bhor)|WA I-502 state lab tests (dolthub/cannabis-testing-wa),0.65
afghan skunk,Afghan Skunk,,indica,,,earthy|skunk|sweet,earthy|skunk|sweet|woody,,thc,WA flower lots test around 16% THC on average.,,Expert Seeds,"Afghan Skunk is an indica with flavors of earthy, skunk, sweet.",Kushy cannabis-dataset|Lab terpene assays (analytical360/sclabs/psilabs via Terpene-Profile-Parser)|The Cannabis API (Piyush-Bhor)|WA I-502 state lab tests (dolthub/cannabis-testing-wa),0.65
afghan-cow,Afghan-cow,,sativa,,,sweet|vanilla,sweet|vanilla,,thc,,,Dr. Krippling,"Afghan-cow is a sativa with flavors of sweet, vanilla.",Kushy cannabis-dataset|The Cannabis API (Piyush-Bhor),0.65
afghan-hawaiian,Afghan-hawaiian,,indica,,,nutty|earthy,nutty|earthy,,thc,,,,"Afghan-hawaiian is an indica with flavors of nutty, earthy.",Kushy cannabis-dataset|The Cannabis API (Piyush-Bhor),0.65
afghan-sour-kush,Afghan-sour-kush,,indica,,,diesel|earthy|pungent,diesel|earthy|pungent,,thc,,,MTG Seeds,"Afghan-sour-kush is an indica with flavors of diesel, earthy, pungent.",Kushy cannabis-dataset|The Cannabis API (Piyush-Bhor),0.65
afghan-widow,Afghan-widow,,hybrid,,,diesel|floral|sweet,diesel|floral|sweet,,thc,,,,"Afghan-widow is a hybrid with flavors of diesel, floral, sweet.",The Cannabis API (Piyush-Bhor),0.65
afghani bullrider,Afghani Bullrider,,hybrid,,,earthy|pine|sweet,earthy|pine|sweet,,thc,,,,"Afghani Bullrider is a hybrid with flavors of earthy, pine, sweet.",Kushy cannabis-dataset|Lab terpene assays (analytical360/sclabs/psilabs via Terpene-Profile-Parser),0.65
afghani-cbd,Afghani-cbd,,indica,,,diesel|earthy|floral,diesel|earthy|floral|herbal|spicy,,thc,,,,"Afghani-cbd is an indica with flavors of diesel, earthy, floral.",Kushy cannabis-dataset|The Cannabis API (Piyush-Bhor),0.65
afghanica,Afghanica,,hybrid,,,floral|skunk|sweet,floral|skunk|sweet,,thc,WA flower lots test around 22% THC on average.,,Flying Dutchmen Seed Company,"Afghanica is a hybrid with flavors of floral, skunk, sweet.",Kushy cannabis-dataset|Lab terpene assays (analytical360/sclabs/psilabs via Terpene-Profile-Parser)|The Cannabis API (Piyush-Bhor)|WA I-502 state lab tests (dolthub/cannabis-testing-wa),0.65
afghanimal,Afghanimal,,indica,,,citrus|skunk,citrus|skunk,,thc,,,In House Genetics,"Afghanimal is an indica with flavors of citrus, skunk.",Kushy cannabis-dataset|The Cannabis API (Piyush-Bhor),0.65
afghooey,Afghooey,,indica,,,earthy|sweet|woody,earthy|sweet|woody,,thc,WA flower lots test around 20% THC on average.,,,"Afghooey is an indica with flavors of earthy, sweet, woody.",Kushy cannabis-dataset|The Cannabis API (Piyush-Bhor)|WA I-502 state lab tests (dolthub/cannabis-testing-wa),0.65
afpak,Afpak,,hybrid,,,earthy|herbal|pine,earthy|herbal|pine|spicy,,thc,,,,"Afpak is a hybrid with flavors of earthy, herbal, pine.",Kushy cannabis-dataset|The Cannabis API (Piyush-Bhor),0.65
african,African,,sativa,,,earthy|herbal|peppery,earthy|herbal|peppery|pungent|spicy,,thc,WA flower lots test around 13% THC on average.,,,"African is a sativa with flavors of earthy, herbal, peppery.",Kushy cannabis-dataset|The Cannabis API (Piyush-Bhor)|WA I-502 state lab tests (dolthub/cannabis-testing-wa),0.65
afternoon delight,Afternoon Delight,,hybrid,,,citrus|pungent|tropical,citrus|pungent|tropical,,thc,WA flower lots test around 13% THC on average.,,Crockett Family Farms,"Afternoon Delight is a hybrid with flavors of citrus, pungent, tropical.",Kushy cannabis-dataset|Lab terpene assays (analytical360/sclabs/psilabs via Terpene-Profile-Parser)|The Cannabis API (Piyush-Bhor)|WA I-502 state lab tests (dolthub/cannabis-testing-wa),0.65
afwreck,Afwreck,,hybrid,,,earthy|pine|pungent,earthy|pine|pungent,,thc,,,,"Afwreck is a hybrid with flavors of earthy, pine, pungent.",Kushy cannabis-dataset|The Cannabis API (Piyush-Bhor),0.65
agent-tangie,Agent-tangie,,hybrid,,,citrus|orange|skunk,citrus|orange|skunk,,thc,,,,"Agent-tangie is a hybrid with flavors of citrus, orange, skunk.",The Cannabis API (Piyush-Bhor),0.65
air-jordan-og,Air-jordan-og,,indica,,,diesel|herbal|pine,diesel|herbal|pine|spicy,,thc,,,,"Air-jordan-og is an indica with flavors of diesel, herbal, pine.",Kushy cannabis-dataset|The Cannabis API (Piyush-Bhor),0.65
alaska,Alaska,,sativa,,,earthy|peppery|pine,earthy|peppery|pine|woody,,thc,WA flower lots test around 21% THC on average.,,Tikun Olam,"Alaska is a sativa with flavors of earthy, peppery, pine.",Kushy cannabis-dataset|The Cannabis API (Piyush-Bhor)|WA I-502 state lab tests (dolthub/cannabis-testing-wa),0.65
alaska-thunder-grape,Alaska-thunder-grape,,hybrid,,,grape|peppery|strawberry,grape|peppery|strawberry,,thc,,,,"Alaska-thunder-grape is a hybrid with flavors of grape, peppery, strawberry.",The Cannabis API (Piyush-Bhor),0.65
alaskan ice,Alaskan Ice,,sativa,,,earthy|herbal|spicy,earthy|herbal|spicy|sweet,,thc,WA flower lots test around 17% THC on average.,,Green House Seed Co.,"Alaskan Ice is a sativa with flavors of earthy, herbal, spicy.",Kushy cannabis-dataset|Lab terpene assays (analytical360/sclabs/psilabs via Terpene-Profile-Parser)|The Cannabis API (Piyush-Bhor)|WA I-502 state lab tests (dolthub/cannabis-testing-wa),0.65
alchemy,Alchemy,,hybrid,,,cheese|herbal|spicy,cheese|herbal|spicy|sweet,,thc,,,TGA Seeds,"Alchemy is a hybrid with flavors of cheese, herbal, spicy.",Kushy cannabis-dataset|The Cannabis API (Piyush-Bhor),0.65
alf,Alf,,hybrid,,,diesel|pungent|tropical,diesel|pungent|tropical,,thc,,,,"Alf is a hybrid with flavors of diesel, pungent, tropical.",The Cannabis API (Piyush-Bhor),0.65
alice in wonderland,Alice In Wonderland,,sativa,,,earthy|mint|pine,earthy|mint|pine|sweet,,thc,WA flower lots test around 18% THC on average.,,,"Alice In Wonderland is a sativa with flavors of earthy, mint, pine.",Kushy cannabis-dataset|Lab terpene assays (analytical360/sclabs/psilabs via Terpene-Profile-Parser)|The Cannabis API (Piyush-Bhor)|WA I-502 state lab tests (dolthub/cannabis-testing-wa),0.65
alien asshat,Alien Asshat,,hybrid,,,citrus|earthy|pungent,citrus|earthy|pungent,,thc,WA flower lots test around 24% THC on average.,,,"Alien Asshat is a hybrid with flavors of citrus, earthy, pungent.",Kushy cannabis-dataset|The Cannabis API (Piyush-Bhor)|WA I-502 state lab tests (dolthub/cannabis-testing-wa),0.65
alien bubba,Alien Bubba,,indica,,,earthy|sweet|woody,earthy|sweet|woody,,thc,WA flower lots test around 22% THC on average.,,The Cali Connection,"Alien Bubba is an indica with flavors of earthy, sweet, woody.",Kushy cannabis-dataset|The Cannabis API (Piyush-Bhor)|WA I-502 state lab tests (dolthub/cannabis-testing-wa),0.65
alien dog,Alien Dog,,hybrid,,humulene,hoppy|earthy|woody|peppery,,humulene|caryophyllene|myrcene,thc,,,,Alien Dog is a hybrid with Humulene-forward terpene profile.,Lab terpene assays (analytical360/sclabs/psilabs via Terpene-Profile-Parser),0.65
alien hallucination,Alien Hallucination,,hybrid,,,diesel|earthy|sweet,diesel|earthy|sweet,,thc,,,Alien Genetics,"Alien Hallucination is a hybrid with flavors of diesel, earthy, sweet.",Kushy cannabis-dataset|Lab terpene assays (analytical360/sclabs/psilabs via Terpene-Profile-Parser)|The Cannabis API (Piyush-Bhor),0.65
alien moonshine,Alien Moonshine,,hybrid,,myrcene,earthy|musky|herbal|pine,,myrcene|pinene|humulene,thc,,,,Alien Moonshine is a hybrid with Myrcene-forward terpene profile.,Lab terpene assays (analytical360/sclabs/psilabs via Terpene-Profile-Parser),0.65
alien rift,Alien Rift,,indica,,,diesel|citrus|earthy,diesel|citrus|earthy|grape,,thc,WA flower lots test around 22% THC on average.,,Ocean Grown Seeds,"Alien Rift is an indica with flavors of diesel, citrus, earthy.",Kushy cannabis-dataset|The Cannabis API (Piyush-Bhor)|WA I-502 state lab tests (dolthub/cannabis-testing-wa),0.65
alien rock candy,Alien Rock Candy,,hybrid,,,citrus|earthy|sweet,citrus|earthy|sweet,,thc,WA flower lots test around 20% THC on average.,,Alien Genetics,"Alien Rock Candy is a hybrid with flavors of citrus, earthy, sweet.",Kushy cannabis-dataset|Lab terpene assays (analytical360/sclabs/psilabs via Terpene-Profile-Parser)|The Cannabis API (Piyush-Bhor)|WA I-502 state lab tests (dolthub/cannabis-testing-wa),0.65
alien sour apple,Alien Sour Apple,,hybrid,,,apple|lemon|sweet,apple|lemon|sweet,,thc,,,Franchise Genetics,"Alien Sour Apple is a hybrid with flavors of apple, lemon, sweet.",Kushy cannabis-dataset|Lab terpene assays (analytical360/sclabs/psilabs via Terpene-Profile-Parser)|The Cannabis API (Piyush-Bhor),0.65
alien stardawg,Alien Stardawg,,sativa,,,diesel|herbal|spicy,diesel|herbal|spicy,,thc,WA flower lots test around 20% THC on average.,,Green Beanz Seeds,"Alien Stardawg is a sativa with flavors of diesel, herbal, spicy.",Kushy cannabis-dataset|The Cannabis API (Piyush-Bhor)|WA I-502 state lab tests (dolthub/cannabis-testing-wa),0.65
alien starfighter,Alien Starfighter,,hybrid,,myrcene,earthy|musky|herbal|peppery,,myrcene|caryophyllene|humulene,thc,,,,Alien Starfighter is a hybrid with Myrcene-forward terpene profile.,Lab terpene assays (analytical360/sclabs/psilabs via Terpene-Profile-Parser),0.65
alien-abduction,Alien-abduction,,hybrid,,,earthy|nutty|sweet,earthy|nutty|sweet,,thc,,,Ocean Grown Seeds,"Alien-abduction is a hybrid with flavors of earthy, nutty, sweet.",Kushy cannabis-dataset|The Cannabis API (Piyush-Bhor),0.65
alien-apparition,Alien-apparition,,hybrid,,,pungent|skunk|sweet,pungent|skunk|sweet,,thc,,,Franchise Genetics,"Alien-apparition is a hybrid with flavors of pungent, skunk, sweet.",Kushy cannabis-dataset|The Cannabis API (Piyush-Bhor),0.65
alien-dutchess,Alien-dutchess,,sativa,,,berry|blueberry|lemon,berry|blueberry|lemon|sweet,,thc,,,,"Alien-dutchess is a sativa with flavors of berry, blueberry, lemon.",Kushy cannabis-dataset|The Cannabis API (Piyush-Bhor),0.65
alien-inferno,Alien-inferno,,hybrid,,,diesel|earthy|pine,diesel|earthy|pine,,thc,,,,"Alien-inferno is a hybrid with flavors of diesel, earthy, pine.",The Cannabis API (Piyush-Bhor),0.65
alien-reunion,Alien-reunion,,hybrid,,,cheese|pungent|skunk,cheese|pungent|skunk,,thc,,,Cannobi Genetics,"Alien-reunion is a hybrid with flavors of cheese, pungent, skunk.",Kushy cannabis-dataset|The Cannabis API (Piyush-Bhor),0.65
alien-technology,Alien-technology,,indica,,,earthy|herbal|spicy,earthy|herbal|spicy|woody,,thc,,,The Cali Connection,"Alien-technology is an indica with flavors of earthy, herbal, spicy.",Kushy cannabis-dataset|The Cannabis API (Piyush-Bhor),0.65
allkush,Allkush,,indica,,,earthy|herbal|honey,earthy|herbal|honey|spicy,,thc,,,,"Allkush is an indica with flavors of earthy, herbal, honey.",Kushy cannabis-dataset|The Cannabis API (Piyush-Bhor),0.65
aloha,Aloha,,sativa,,,citrus|sweet|tropical,citrus|sweet|tropical,,thc,WA flower lots test around 18% THC on average.,,,"Aloha is a sativa with flavors of citrus, sweet, tropical.",Kushy cannabis-dataset|The Cannabis API (Piyush-Bhor)|WA I-502 state lab tests (dolthub/cannabis-testing-wa),0.65
aloha-grape-stomper,Aloha-grape-stomper,,hybrid,,,blueberry|grape|tropical,blueberry|grape|tropical,,thc,,,,"Aloha-grape-stomper is a hybrid with flavors of blueberry, grape, tropical.",The Cannabis API (Piyush-Bhor),0.65
aloha-limone,Aloha-limone,,hybrid,,,citrus|earthy|sweet,citrus|earthy|sweet,,thc,,,,"Aloha-limone is a hybrid with flavors of citrus, earthy, sweet.",The Cannabis API (Piyush-Bhor),0.65
alohaberry,Alohaberry,,hybrid,,,apple|berry|nutty,apple|berry|nutty,,thc,,,,"Alohaberry is a hybrid with flavors of apple, berry, nutty.",Kushy cannabis-dataset|The Cannabis API (Piyush-Bhor),0.65
alpha blue,Alpha Blue,,sativa,,,blueberry|earthy|sweet,blueberry|earthy|sweet,,thc,WA flower lots test around 18% THC on average.,,,"Alpha Blue is a sativa with flavors of blueberry, earthy, sweet.",Kushy cannabis-dataset|Lab terpene assays (analytical360/sclabs/psilabs via Terpene-Profile-Parser)|The Cannabis API (Piyush-Bhor)|WA I-502 state lab tests (dolthub/cannabis-testing-wa),0.65
alpha-express,Alpha-express,,sativa,,,diesel|earthy|herbal,diesel|earthy|herbal|spicy|sweet,,thc,,,,"Alpha-express is a sativa with flavors of diesel, earthy, herbal.",Kushy cannabis-dataset|The Cannabis API (Piyush-Bhor),0.65
alpha-og,Alpha-og,,hybrid,,,berry|herbal|spicy,berry|herbal|spicy|sweet,,thc,,,,"Alpha-og is a hybrid with flavors of berry, herbal, spicy.",Kushy cannabis-dataset|The Cannabis API (Piyush-Bhor),0.65
alpine blue,Alpine Blue,,hybrid,,,berry|blueberry|pine,berry|blueberry|pine,,thc,WA flower lots test around 14% THC on average.,,,"Alpine Blue is a hybrid with flavors of berry, blueberry, pine.",The Cannabis API (Piyush-Bhor)|WA I-502 state lab tests (dolthub/cannabis-testing-wa),0.65
alpine star,Alpine Star,,indica,,,citrus|earthy|pine,citrus|earthy|pine,,thc,WA flower lots test around 29% THC on average.,,,"Alpine Star is an indica with flavors of citrus, earthy, pine.",Kushy cannabis-dataset|The Cannabis API (Piyush-Bhor)|WA I-502 state lab tests (dolthub/cannabis-testing-wa),0.65
american kush,American Kush,,indica,,,lemon|citrus|sweet,lemon|citrus|sweet,,thc,,,Alpha Kronik Genes,"American Kush is an indica with flavors of lemon, citrus, sweet.",Kushy cannabis-dataset|Lab terpene assays (analytical360/sclabs/psilabs via Terpene-Profile-Parser)|The Cannabis API (Piyush-Bhor),0.65
american-dream,American-dream,,hybrid,,,earthy|pungent|sweet,earthy|pungent|sweet,,thc,,,Sensi Seeds,"American-dream is a hybrid with flavors of earthy, pungent, sweet.",Kushy cannabis-dataset|The Cannabis API (Piyush-Bhor),0.65
amethyst-bud,Amethyst-bud,,hybrid,,,berry|floral|sweet,berry|floral|sweet,,thc,,,Soma Seeds,"Amethyst-bud is a hybrid with flavors of berry, floral, sweet.",Kushy cannabis-dataset|The Cannabis API (Piyush-Bhor),0.65
ancient og,Ancient Og,,indica,,,earthy|floral|nutty,earthy|floral|nutty|pine,,thc,WA flower lots test around 16% THC on average.,,Bodhi Seeds,"Ancient Og is an indica with flavors of earthy, floral, nutty.",Kushy cannabis-dataset|Lab terpene assays (analytical360/sclabs/psilabs via Terpene-Profile-Parser)|The Cannabis API (Piyush-Bhor)|WA I-502 state lab tests (dolthub/cannabis-testing-wa),0.65
ancient-kush,Ancient-kush,,indica,,,cheese|mint|skunk,cheese|mint|skunk,,thc,,,,"Ancient-kush is an indica with flavors of cheese, mint, skunk.",Kushy cannabis-dataset|The Cannabis API (Piyush-Bhor),0.65
anesthesia,Anesthesia,,indica,,,earthy|pungent|sweet,earthy|pungent|sweet,,thc,WA flower lots test around 15% THC on average.,,,"Anesthesia is an indica with flavors of earthy, pungent, sweet.",Kushy cannabis-dataset|The Cannabis API (Piyush-Bhor)|WA I-502 state lab tests (dolthub/cannabis-testing-wa),0.65
angel-og,Angel-og,,indica,,,berry|earthy|pungent,berry|earthy|pungent,,thc,,,,"Angel-og is an indica with flavors of berry, earthy, pungent.",Kushy cannabis-dataset|The Cannabis API (Piyush-Bhor),0.65
anonymous-og,Anonymous-og,,indica,,,coffee|earthy|floral,coffee|earthy|floral|lemon|skunk,,thc,,,,"Anonymous-og is an indica with flavors of coffee, earthy, floral.",Kushy cannabis-dataset|The Cannabis API (Piyush-Bhor),0.65
anubis,Anubis,,indica,,,earthy|grape|citrus,earthy|grape|citrus,,thc,,,,"Anubis is an indica with flavors of earthy, grape, citrus.",Kushy cannabis-dataset|Lab terpene assays (analytical360/sclabs/psilabs via Terpene-Profile-Parser)|The Cannabis API (Piyush-Bhor),0.65
ape-shit,Ape-shit,,hybrid,,,grape|floral|sweet,grape|floral|sweet,,thc,,,,"Ape-shit is a hybrid with flavors of grape, floral, sweet.",The Cannabis API (Piyush-Bhor),0.65
apollo,Apollo,,hybrid,,caryophyllene,peppery|spicy|woody|earthy,,caryophyllene|myrcene|humulene,thc,,,,Apollo is a hybrid with Caryophyllene-forward terpene profile.,Lab terpene assays (analytical360/sclabs/psilabs via Terpene-Profile-Parser),0.65
apollo 11,Apollo 11,,hybrid,,,citrus|lemon|pungent,citrus|lemon|pungent,,thc,WA flower lots test around 20% THC on average.,,Brothers Grimm Marijuana Seed Bank,"Apollo 11 is a hybrid with flavors of citrus, lemon, pungent.",Kushy cannabis-dataset|The Cannabis API (Piyush-Bhor)|WA I-502 state lab tests (dolthub/cannabis-testing-wa),0.65
apollo 13,Apollo 13,,hybrid,,,earthy|herbal|spicy,earthy|herbal|spicy|sweet,,thc,WA flower lots test around 20% THC on average.,,Brothers Grimm Marijuana Seed Bank,"Apollo 13 is a hybrid with flavors of earthy, herbal, spicy.",Kushy cannabis-dataset|Lab terpene assays (analytical360/sclabs/psilabs via Terpene-Profile-Parser)|The Cannabis API (Piyush-Bhor)|WA I-502 state lab tests (dolthub/cannabis-testing-wa),0.65
appalachia,Appalachia,,hybrid,,,earthy|pungent|skunk,earthy|pungent|skunk,,thc,,,,"Appalachia is a hybrid with flavors of earthy, pungent, skunk.",Kushy cannabis-dataset|Lab terpene assays (analytical360/sclabs/psilabs via Terpene-Profile-Parser)|The Cannabis API (Piyush-Bhor),0.65
appalachian power,Appalachian Power,,sativa,,,grape|sweet|tropical,grape|sweet|tropical,,thc,WA flower lots test around 21% THC on average.,,,"Appalachian Power is a sativa with flavors of grape, sweet, tropical.",Kushy cannabis-dataset|The Cannabis API (Piyush-Bhor)|WA I-502 state lab tests (dolthub/cannabis-testing-wa),0.65
apple jack,Apple Jack,,hybrid,,,apple|earthy|sweet,apple|earthy|sweet,,thc,WA flower lots test around 19% THC on average.,,Seedism,"Apple Jack is a hybrid with flavors of apple, earthy, sweet.",Kushy cannabis-dataset|Lab terpene assays (analytical360/sclabs/psilabs via Terpene-Profile-Parser)|The Cannabis API (Piyush-Bhor)|WA I-502 state lab tests (dolthub/cannabis-testing-wa),0.65
apple kush,Apple Kush,,hybrid,,,apple|diesel|pungent,apple|diesel|pungent,,thc,WA flower lots test around 20% THC on average.,,,"Apple Kush is a hybrid with flavors of apple, diesel, pungent.",Kushy cannabis-dataset|The Cannabis API (Piyush-Bhor)|WA I-502 state lab tests (dolthub/cannabis-testing-wa),0.65
appleberry,Appleberry,,indica,,,apple|berry|earthy,apple|berry|earthy|sweet,,thc,,,,"Appleberry is an indica with flavors of apple, berry, earthy.",Kushy cannabis-dataset|The Cannabis API (Piyush-Bhor),0.65
arctic-sun,Arctic-sun,,hybrid,,,pungent|skunk,pungent|skunk,,thc,,,Flying Dutchmen Seed Company,"Arctic-sun is a hybrid with flavors of pungent, skunk.",Kushy cannabis-dataset|The Cannabis API (Piyush-Bhor),0.65
arcticblue,Arcticblue,,hybrid,,,blueberry|earthy|sweet,blueberry|earthy|sweet,,thc,,,,"Arcticblue is a hybrid with flavors of blueberry, earthy, sweet.",The Cannabis API (Piyush-Bhor),0.65
area-51,Area-51,,hybrid,,,citrus|earthy|sweet,citrus|earthy|sweet,,thc,,,,"Area-51 is a hybrid with flavors of citrus, earthy, sweet.",Kushy cannabis-dataset|The Cannabis API (Piyush-Bhor),0.65
argyle,Argyle,,indica,,,earthy|herbal|peppery,earthy|herbal|peppery|pungent|spicy,,thc,,,Tweed,"Argyle is an indica with flavors of earthy, herbal, peppery.",Kushy cannabis-dataset|The Cannabis API (Piyush-Bhor),0.65
arjans strawberry haze,Arjans Strawberry Haze,,sativa,,,berry|strawberry|sweet,berry|strawberry|sweet,,thc,WA flower lots test around 12% THC on average.,,,"Arjans Strawberry Haze is a sativa with flavors of berry, strawberry, sweet.",The Cannabis API (Piyush-Bhor)|WA I-502 state lab tests (dolthub/cannabis-testing-wa),0.65
arjans-ultra-haze-1,Arjans-ultra-haze-1,,sativa,,,earthy|mint,earthy|mint,,thc,,,,"Arjans-ultra-haze-1 is a sativa with flavors of earthy, mint.",The Cannabis API (Piyush-Bhor),0.65
armageddon,Armageddon,,hybrid,,,diesel|tropical|woody,diesel|tropical|woody,,thc,,,Homegrown Fantaseeds,"Armageddon is a hybrid with flavors of diesel, tropical, woody.",Kushy cannabis-dataset|Lab terpene assays (analytical360/sclabs/psilabs via Terpene-Profile-Parser)|The Cannabis API (Piyush-Bhor),0.65
armagnac,Armagnac,,hybrid,,,floral|herbal|spicy,floral|herbal|spicy|sweet,,thc,,,New House Seeds,"Armagnac is a hybrid with flavors of floral, herbal, spicy.",Kushy cannabis-dataset|The Cannabis API (Piyush-Bhor),0.65
ash,Ash,,hybrid,,,herbal|pungent|skunk,herbal|pungent|skunk|spicy,,thc,,,Mr. Nice,"Ash is a hybrid with flavors of herbal, pungent, skunk.",Kushy cannabis-dataset|The Cannabis API (Piyush-Bhor),0.65
asian-fantasy,Asian-fantasy,,sativa,,,earthy|skunk|woody,earthy|skunk|woody,,thc,,,,"Asian-fantasy is a sativa with flavors of earthy, skunk, woody.",Kushy cannabis-dataset|The Cannabis API (Piyush-Bhor),0.65
aspen-og,Aspen-og,,hybrid,,,blueberry|earthy|herbal,blueberry|earthy|herbal|spicy,,thc,,,303 Seeds,"Aspen-og is a hybrid with flavors of blueberry, earthy, herbal.",Kushy cannabis-dataset|The Cannabis API (Piyush-Bhor),0.65
atf,Atf,,hybrid,,terpinolene,herbal|piney|floral|hoppy,,terpinolene|humulene|pinene,thc,,,,Atf is a hybrid with Terpinolene-forward terpene profile.,Lab terpene assays (analytical360/sclabs/psilabs via Terpene-Profile-Parser),0.65
athabasca,Athabasca,,indica,,,pungent|diesel|earthy,pungent|diesel|earthy,,thc,,,,"Athabasca is an indica with flavors of pungent, diesel, earthy.",Kushy cannabis-dataset|The Cannabis API (Piyush-Bhor),0.65
atmosphere,Atmosphere,,hybrid,,,citrus|floral|sweet,citrus|floral|sweet,,thc,,,,"Atmosphere is a hybrid with flavors of citrus, floral, sweet.",The Cannabis API (Piyush-Bhor),0.65
atomic blueberry,Atomic Blueberry,,hybrid,,pinene,pine|fresh|earthy|musky,,pinene|myrcene|humulene,thc,,,,Atomic Blueberry is a hybrid with Pinene-forward terpene profile.,Lab terpene assays (analytical360/sclabs/psilabs via Terpene-Profile-Parser),0.65
atomic goat,Atomic Goat,,hybrid,,,herbal|nutty|spicy,herbal|nutty|spicy,,thc,,,,"Atomic Goat is a hybrid with flavors of herbal, nutty, spicy.",Lab terpene assays (analytical360/sclabs/psilabs via Terpene-Profile-Parser)|The Cannabis API (Piyush-Bhor),0.65
atomic northern lights,Atomic Northern Lights,,hybrid,,,earthy|floral|pungent,earthy|floral|pungent,,thc,WA flower lots test around 19% THC on average.,,Dr. Atomic,"Atomic Northern Lights is a hybrid with flavors of earthy, floral, pungent.",Kushy cannabis-dataset|Lab terpene assays (analytical360/sclabs/psilabs via Terpene-Profile-Parser)|The Cannabis API (Piyush-Bhor)|WA I-502 state lab tests (dolthub/cannabis-testing-wa),0.65
atomical haze,Atomical Haze,,sativa,,,citrus|mint|pungent,citrus|mint|pungent|sweet,,thc,WA flower lots test around 7% THC on average.,,,"Atomical Haze is a sativa with flavors of citrus, mint, pungent.",Kushy cannabis-dataset|The Cannabis API (Piyush-Bhor)|WA I-502 state lab tests (dolthub/cannabis-testing-wa),0.65
aurora borealis,Aurora Borealis,,indica,,,earthy|skunk|sweet,earthy|skunk|sweet|woody,,thc,WA flower lots test around 22% THC on average.,,Flying Dutchmen Seed Company,"Aurora Borealis is an indica with flavors of earthy, skunk, sweet.",Kushy cannabis-dataset|The Cannabis API (Piyush-Bhor)|WA I-502 state lab tests (dolthub/cannabis-testing-wa),0.65
avi,Avi,,hybrid,,,earthy|pungent,earthy|pungent,,thc,,,,"Avi is a hybrid with flavors of earthy, pungent.",The Cannabis API (Piyush-Bhor),0.65
avi-dekel,Avi-dekel,,hybrid,,,earthy|floral|sweet,earthy|floral|sweet,,thc,,,,"Avi-dekel is a hybrid with flavors of earthy, floral, sweet.",The Cannabis API (Piyush-Bhor),0.65
ayahuasca-purple,Ayahuasca-purple,,indica,,,earthy|herbal|pungent,earthy|herbal|pungent|spicy,,thc,,,,"Ayahuasca-purple is an indica with flavors of earthy, herbal, pungent.",Kushy cannabis-dataset|The Cannabis API (Piyush-Bhor),0.65
az-super-sour-og,Az-super-sour-og,,hybrid,,,pungent|herbal|woody,pungent|herbal|woody,,thc,,,,"Az-super-sour-og is a hybrid with flavors of pungent, herbal, woody.",The Cannabis API (Piyush-Bhor),0.65
azure-haze,Azure-haze,,hybrid,,,berry|blueberry|sweet,berry|blueberry|sweet,,thc,,,DJ Short,"Azure-haze is a hybrid with flavors of berry, blueberry, sweet.",Kushy cannabis-dataset|The Cannabis API (Piyush-Bhor),0.65
b-witched,B-witched,,hybrid,,,citrus|earthy|sweet,citrus|earthy|sweet,,thc,,,,"B-witched is a hybrid with flavors of citrus, earthy, sweet.",The Cannabis API (Piyush-Bhor),0.65
bakerstreet,Bakerstreet,,indica,,,diesel|earthy|sweet,diesel|earthy|sweet,,thc,,,,"Bakerstreet is an indica with flavors of diesel, earthy, sweet.",Kushy cannabis-dataset|The Cannabis API (Piyush-Bhor),0.65
balmoral,Balmoral,,hybrid,,,cheese|earthy|pine,cheese|earthy|pine,,thc,,,,"Balmoral is a hybrid with flavors of cheese, earthy, pine.",The Cannabis API (Piyush-Bhor),0.65
banana peel,Banana Peel,,hybrid,,,earthy|herbal|spicy,earthy|herbal|spicy|tropical,,thc,WA flower lots test around 19% THC on average.,,Illuminati Seeds,"Banana Peel is a hybrid with flavors of earthy, herbal, spicy.",Kushy cannabis-dataset|The Cannabis API (Piyush-Bhor)|WA I-502 state lab tests (dolthub/cannabis-testing-wa),0.65
banana-candy,Banana-candy,,indica,,,earthy|sweet,earthy|sweet,,thc,,,,"Banana-candy is an indica with flavors of earthy, sweet.",Kushy cannabis-dataset|The Cannabis API (Piyush-Bhor),0.65
banana-cream-og,Banana-cream-og,,hybrid,,,mint|pine,mint|pine,,thc,,,,"Banana-cream-og is a hybrid with flavors of mint, pine.",The Cannabis API (Piyush-Bhor),0.65
banana-diesel,Banana-diesel,,hybrid,,,diesel|earthy|skunk,diesel|earthy|skunk,,thc,,,Baked Genetics,"Banana-diesel is a hybrid with flavors of diesel, earthy, skunk.",Kushy cannabis-dataset|The Cannabis API (Piyush-Bhor),0.65
bananas,Bananas,,hybrid,,,grape|tropical|vanilla,grape|tropical|vanilla,,thc,WA flower lots test around 17% THC on average.,,,"Bananas is a hybrid with flavors of grape, tropical, vanilla.",The Cannabis API (Piyush-Bhor)|WA I-502 state lab tests (dolthub/cannabis-testing-wa),0.65
bandana,Bandana,,hybrid,,,earthy|pungent|woody,earthy|pungent|woody,,thc,,,Alpha Kronik Genes,"Bandana is a hybrid with flavors of earthy, pungent, woody.",Kushy cannabis-dataset|The Cannabis API (Piyush-Bhor),0.65
bangi-haze,Bangi-haze,,sativa,,,berry|cheese,berry|cheese,,thc,,,ACE Seeds,"Bangi-haze is a sativa with flavors of berry, cheese.",Kushy cannabis-dataset|The Cannabis API (Piyush-Bhor),0.65
bango,Bango,,hybrid,,,earthy|citrus|pungent,earthy|citrus|pungent,,thc,WA flower lots test around 23% THC on average.,,,"Bango is a hybrid with flavors of earthy, citrus, pungent.",The Cannabis API (Piyush-Bhor)|WA I-502 state lab tests (dolthub/cannabis-testing-wa),0.65
barbara bud,Barbara Bud,,indica,,,citrus|earthy|mango,citrus|earthy|mango|pine,,thc,WA flower lots test around 17% THC on average.,,,"Barbara Bud is an indica with flavors of citrus, earthy, mango.",Kushy cannabis-dataset|The Cannabis API (Piyush-Bhor)|WA I-502 state lab tests (dolthub/cannabis-testing-wa),0.65
batman-og,Batman-og,,indica,,,pungent|skunk|sweet,pungent|skunk|sweet,,thc,,,,"Batman-og is an indica with flavors of pungent, skunk, sweet.",Kushy cannabis-dataset|The Cannabis API (Piyush-Bhor),0.65
bay 11,Bay 11,,sativa,,,citrus|earthy|skunk,citrus|earthy|skunk|sweet,,thc,WA flower lots test around 18% THC on average.,,Grand Daddy Purp,"Bay 11 is a sativa with flavors of citrus, earthy, skunk.",Kushy cannabis-dataset|Lab terpene assays (analytical360/sclabs/psilabs via Terpene-Profile-Parser)|The Cannabis API (Piyush-Bhor)|WA I-502 state lab tests (dolthub/cannabis-testing-wa),0.65
bb king,Bb King,,indica,,,citrus|earthy|lemon,citrus|earthy|lemon,,thc,,,,"Bb King is an indica with flavors of citrus, earthy, lemon.",Lab terpene assays (analytical360/sclabs/psilabs via Terpene-Profile-Parser)|The Cannabis API (Piyush-Bhor),0.65
bc big bud,Bc Big Bud,,hybrid,,,earthy|pungent|tropical,earthy|pungent|tropical,,thc,,,,"Bc Big Bud is a hybrid with flavors of earthy, pungent, tropical.",Kushy cannabis-dataset|Lab terpene assays (analytical360/sclabs/psilabs via Terpene-Profile-Parser)|The Cannabis API (Piyush-Bhor),0.65
bc-roadkill,Bc-roadkill,,hybrid,,,earthy|skunk|woody,earthy|skunk|woody,,thc,,,Cannacopia Seeds,"Bc-roadkill is a hybrid with flavors of earthy, skunk, woody.",Kushy cannabis-dataset|The Cannabis API (Piyush-Bhor),0.65
bc-sweet-tooth,Bc-sweet-tooth,,indica,,,honey|sweet,honey|sweet,,thc,,,BC Bud Depot,"Bc-sweet-tooth is an indica with flavors of honey, sweet.",Kushy cannabis-dataset|The Cannabis API (Piyush-Bhor),0.65
bear-dance,Bear-dance,,hybrid,,,earthy|mint|sweet,earthy|mint|sweet,,thc,,,303 Seeds,"Bear-dance is a hybrid with flavors of earthy, mint, sweet.",Kushy cannabis-dataset|The Cannabis API (Piyush-Bhor),0.65
beast mode og,Beast Mode Og,,hybrid,,,apricot|earthy|pine,apricot|earthy|pine,,thc,WA flower lots test around 23% THC on average.,,,"Beast Mode Og is a hybrid with flavors of apricot, earthy, pine.",Kushy cannabis-dataset|Lab terpene assays (analytical360/sclabs/psilabs via Terpene-Profile-Parser)|The Cannabis API (Piyush-Bhor)|WA I-502 state lab tests (dolthub/cannabis-testing-wa),0.65
beast-mode-20,Beast-mode-20,,indica,,,berry|earthy|woody,berry|earthy|woody,,thc,,,,"Beast-mode-20 is an indica with flavors of berry, earthy, woody.",The Cannabis API (Piyush-Bhor),0.65
bedford-glue,Bedford-glue,,hybrid,,,peppery|pine|herbal,peppery|pine|herbal,,thc,,,,"Bedford-glue is a hybrid with flavors of peppery, pine, herbal.",The Cannabis API (Piyush-Bhor),0.65
bedica,Bedica,,indica,,,cheese|pungent|sweet,cheese|pungent|sweet|woody,,thc,,,,"Bedica is an indica with flavors of cheese, pungent, sweet.",Kushy cannabis-dataset|The Cannabis API (Piyush-Bhor),0.65
bediol,Bediol,,sativa,,,citrus|earthy|lemon,citrus|earthy|lemon|mango|pine,,thc,,,,"Bediol is a sativa with flavors of citrus, earthy, lemon.",Kushy cannabis-dataset|The Cannabis API (Piyush-Bhor),0.65
bell ringer,Bell Ringer,,indica,,,citrus|pungent|sweet,citrus|pungent|sweet,,thc,WA flower lots test around 25% THC on average.,,,"Bell Ringer is an indica with flavors of citrus, pungent, sweet.",Kushy cannabis-dataset|The Cannabis API (Piyush-Bhor)|WA I-502 state lab tests (dolthub/cannabis-testing-wa),0.65
belladonna,Belladonna,,hybrid,,,creamy|earthy|peach,creamy|earthy|peach,,thc,WA flower lots test around 14% THC on average.,,Paradise Seeds,"Belladonna is a hybrid with flavors of creamy, earthy, peach.",Kushy cannabis-dataset|The Cannabis API (Piyush-Bhor)|WA I-502 state lab tests (dolthub/cannabis-testing-wa),0.65
berkeley,Berkeley,,sativa,,,citrus|pungent|sweet,citrus|pungent|sweet,,thc,,,,"Berkeley is a sativa with flavors of citrus, pungent, sweet.",Kushy cannabis-dataset|The Cannabis API (Piyush-Bhor),0.65
berry bomb,Berry Bomb,,hybrid,,,berry|blueberry|floral,berry|blueberry|floral,,thc,WA flower lots test around 18% THC on average.,,Bomb Seeds,"Berry Bomb is a hybrid with flavors of berry, blueberry, floral.",Kushy cannabis-dataset|Lab terpene assays (analytical360/sclabs/psilabs via Terpene-Profile-Parser)|The Cannabis API (Piyush-Bhor)|WA I-502 state lab tests (dolthub/cannabis-testing-wa),0.65
berry og,Berry Og,,hybrid,,,berry|blueberry|earthy,berry|blueberry|earthy,,thc,WA flower lots test around 18% THC on average.,,,"Berry Og is a hybrid with flavors of berry, blueberry, earthy.",The Cannabis API (Piyush-Bhor)|WA I-502 state lab tests (dolthub/cannabis-testing-wa),0.65
berry-larry,Berry-larry,,hybrid,,,berry|citrus|orange,berry|citrus|orange,,thc,,,,"Berry-larry is a hybrid with flavors of berry, citrus, orange.",The Cannabis API (Piyush-Bhor),0.65
berry-noir,Berry-noir,,indica,,,berry|earthy|sweet,berry|earthy|sweet,,thc,,,,"Berry-noir is an indica with flavors of berry, earthy, sweet.",Kushy cannabis-dataset|The Cannabis API (Piyush-Bhor),0.65
bertberry-cheesecake,Bertberry-cheesecake,,sativa,,,berry|blueberry|cheese,berry|blueberry|cheese,,thc,,,,"Bertberry-cheesecake is a sativa with flavors of berry, blueberry, cheese.",Kushy cannabis-dataset|The Cannabis API (Piyush-Bhor),0.65
bettie page,Bettie Page,,hybrid,,,cheese|earthy|sweet,cheese|earthy|sweet,,thc,WA flower lots test around 16% THC on average.,,,"Bettie Page is a hybrid with flavors of cheese, earthy, sweet.",Kushy cannabis-dataset|The Cannabis API (Piyush-Bhor)|WA I-502 state lab tests (dolthub/cannabis-testing-wa),0.65
bho,Bho,,hybrid,,humulene,hoppy|earthy|woody|peppery,,humulene|caryophyllene,thc,,,,Bho is a hybrid with Humulene-forward terpene profile.,Lab terpene assays (analytical360/sclabs/psilabs via Terpene-Profile-Parser),0.65
bho blackberry kush,Bho Blackberry Kush,,hybrid,,humulene,hoppy|earthy|woody|pine,,humulene|pinene|caryophyllene,thc,,,,Bho Blackberry Kush is a hybrid with Humulene-forward terpene profile.,Lab terpene assays (analytical360/sclabs/psilabs via Terpene-Profile-Parser),0.65
bho blue dream,Bho Blue Dream,,hybrid,,pinene,pine|fresh|peppery|spicy,,pinene|caryophyllene|limonene,thc,,,,Bho Blue Dream is a hybrid with Pinene-forward terpene profile.,Lab terpene assays (analytical360/sclabs/psilabs via Terpene-Profile-Parser),0.65
bho blueberry,Bho Blueberry,,hybrid,,caryophyllene,peppery|spicy|woody|pine,,caryophyllene|pinene,thc,,,,Bho Blueberry is a hybrid with Caryophyllene-forward terpene profile.,Lab terpene assays (analytical360/sclabs/psilabs via Terpene-Profile-Parser),0.65
bho cannatonic,Bho Cannatonic,,hybrid,,caryophyllene,peppery|spicy|woody|earthy,,caryophyllene|myrcene,thc,,,,Bho Cannatonic is a hybrid with Caryophyllene-forward terpene profile.,Lab terpene assays (analytical360/sclabs/psilabs via Terpene-Profile-Parser),0.65
bho chernobyl,Bho Chernobyl,,hybrid,,pinene,pine|fresh|citrus|lemon,,pinene|limonene|linalool,thc,,,,Bho Chernobyl is a hybrid with Pinene-forward terpene profile.,Lab terpene assays (analytical360/sclabs/psilabs via Terpene-Profile-Parser),0.65
bho cinex,Bho Cinex,,hybrid,,pinene,pine|fresh|peppery|spicy,,pinene|caryophyllene|humulene,thc,,,,Bho Cinex is a hybrid with Pinene-forward terpene profile.,Lab terpene assays (analytical360/sclabs/psilabs via Terpene-Profile-Parser),0.65
bho cookies,Bho Cookies,,hybrid,,humulene,hoppy|earthy|woody,,humulene,thc,,,,Bho Cookies is a hybrid with Humulene-forward terpene profile.,Lab terpene assays (analytical360/sclabs/psilabs via Terpene-Profile-Parser),0.65
bho cotton candy,Bho Cotton Candy,,hybrid,,caryophyllene,peppery|spicy|woody,,caryophyllene,thc,,,,Bho Cotton Candy is a hybrid with Caryophyllene-forward terpene profile.,Lab terpene assays (analytical360/sclabs/psilabs via Terpene-Profile-Parser),0.65
bho dutch treat,Bho Dutch Treat,,hybrid,,linalool,floral|lavender|citrus|lemon,,linalool|limonene|terpinolene,thc,,,,Bho Dutch Treat is a hybrid with Linalool-forward terpene profile.,Lab terpene assays (analytical360/sclabs/psilabs via Terpene-Profile-Parser),0.65
bho girl scout cookie,Bho Girl Scout Cookie,,hybrid,,humulene,hoppy|earthy|woody|peppery,,humulene|caryophyllene,thc,,,,Bho Girl Scout Cookie is a hybrid with Humulene-forward terpene profile.,Lab terpene assays (analytical360/sclabs/psilabs via Terpene-Profile-Parser),0.65
bho girl scout cookies,Bho Girl Scout Cookies,,hybrid,,pinene,pine|fresh|hoppy|earthy,,pinene|humulene|caryophyllene,thc,,,,Bho Girl Scout Cookies is a hybrid with Pinene-forward terpene profile.,Lab terpene assays (analytical360/sclabs/psilabs via Terpene-Profile-Parser),0.65
bho grape ape,Bho Grape Ape,,hybrid,,pinene,pine|fresh|peppery|spicy,,pinene|caryophyllene,thc,,,,Bho Grape Ape is a hybrid with Pinene-forward terpene profile.,Lab terpene assays (analytical360/sclabs/psilabs via Terpene-Profile-Parser),0.65
bho green crack,Bho Green Crack,,hybrid,,caryophyllene,peppery|spicy|woody|pine,,caryophyllene|pinene|humulene,thc,,,,Bho Green Crack is a hybrid with Caryophyllene-forward terpene profile.,Lab terpene assays (analytical360/sclabs/psilabs via Terpene-Profile-Parser),0.65
bho harlequin,Bho Harlequin,,hybrid,,linalool,floral|lavender|pine|fresh,,linalool|pinene|myrcene,thc,,,,Bho Harlequin is a hybrid with Linalool-forward terpene profile.,Lab terpene assays (analytical360/sclabs/psilabs via Terpene-Profile-Parser),0.65
bho lemon skunk,Bho Lemon Skunk,,hybrid,,limonene,citrus|lemon|peppery|spicy,,limonene|caryophyllene|linalool,thc,,,,Bho Lemon Skunk is a hybrid with Limonene-forward terpene profile.,Lab terpene assays (analytical360/sclabs/psilabs via Terpene-Profile-Parser),0.65
bho og kush,Bho Og Kush,,hybrid,,caryophyllene,floral|lavender|earthy|musky,,caryophyllene|linalool|myrcene,thc,,,,Bho Og Kush is a hybrid with Caryophyllene-forward terpene profile.,Lab terpene assays (analytical360/sclabs/psilabs via Terpene-Profile-Parser),0.65
bho permafrost,Bho Permafrost,,hybrid,,humulene,hoppy|earthy|woody|pine,,humulene|pinene|caryophyllene,thc,,,,Bho Permafrost is a hybrid with Humulene-forward terpene profile.,Lab terpene assays (analytical360/sclabs/psilabs via Terpene-Profile-Parser),0.65
bho purple arrow,Bho Purple Arrow,,hybrid,,caryophyllene,peppery|spicy|woody|pine,,caryophyllene|pinene,thc,,,,Bho Purple Arrow is a hybrid with Caryophyllene-forward terpene profile.,Lab terpene assays (analytical360/sclabs/psilabs via Terpene-Profile-Parser),0.65
bho sour diesel,Bho Sour Diesel,,hybrid,,pinene,pine|fresh|hoppy|earthy,,pinene|humulene|terpinolene,thc,,,,Bho Sour Diesel is a hybrid with Pinene-forward terpene profile.,Lab terpene assays (analytical360/sclabs/psilabs via Terpene-Profile-Parser),0.65
bho sour tsunami,Bho Sour Tsunami,,hybrid,,myrcene,earthy|musky|herbal,,myrcene,thc,,,,Bho Sour Tsunami is a hybrid with Myrcene-forward terpene profile.,Lab terpene assays (analytical360/sclabs/psilabs via Terpene-Profile-Parser),0.65
bho super lemon haze,Bho Super Lemon Haze,,hybrid,,linalool,floral|lavender|hoppy|earthy,,linalool|humulene|caryophyllene,thc,,,,Bho Super Lemon Haze is a hybrid with Linalool-forward terpene profile.,Lab terpene assays (analytical360/sclabs/psilabs via Terpene-Profile-Parser),0.65
bho super silver haze,Bho Super Silver Haze,,hybrid,,caryophyllene,peppery|spicy|woody|hoppy,,caryophyllene|humulene,thc,,,,Bho Super Silver Haze is a hybrid with Caryophyllene-forward terpene profile.,Lab terpene assays (analytical360/sclabs/psilabs via Terpene-Profile-Parser),0.65
bho trainwreck,Bho Trainwreck,,hybrid,,caryophyllene,peppery|spicy|woody,,caryophyllene,thc,,,,Bho Trainwreck is a hybrid with Caryophyllene-forward terpene profile.,Lab terpene assays (analytical360/sclabs/psilabs via Terpene-Profile-Parser),0.65
bianca,Bianca,,hybrid,,,earthy|herbal|spicy,earthy|herbal|spicy|woody,,thc,WA flower lots test around 19% THC on average.,,Private Seeds,"Bianca is a hybrid with flavors of earthy, herbal, spicy.",Kushy cannabis-dataset|Lab terpene assays (analytical360/sclabs/psilabs via Terpene-Profile-Parser)|The Cannabis API (Piyush-Bhor)|WA I-502 state lab tests (dolthub/cannabis-testing-wa),0.65
biddy early,Biddy Early,,hybrid,,,diesel|floral|sweet,diesel|floral|sweet,,thc,WA flower lots test around 20% THC on average.,,Magus Genetics,"Biddy Early is a hybrid with flavors of diesel, floral, sweet.",Kushy cannabis-dataset|The Cannabis API (Piyush-Bhor)|WA I-502 state lab tests (dolthub/cannabis-testing-wa),0.65
big kush,Big Kush,,hybrid,,,citrus|lemon|skunk,citrus|lemon|skunk,,thc,WA flower lots test around 21% THC on average.,,,"Big Kush is a hybrid with flavors of citrus, lemon, skunk.",Kushy cannabis-dataset|The Cannabis API (Piyush-Bhor)|WA I-502 state lab tests (dolthub/cannabis-testing-wa),0.65
big mac,Big Mac,,indica,,,berry|blueberry|sweet,berry|blueberry|sweet,,thc,WA flower lots test around 13% THC on average.,,,"Big Mac is an indica with flavors of berry, blueberry, sweet.",Kushy cannabis-dataset|The Cannabis API (Piyush-Bhor)|WA I-502 state lab tests (dolthub/cannabis-testing-wa),0.65
big smooth,Big Smooth,,hybrid,,,blueberry|herbal|nutty,blueberry|herbal|nutty|spicy,,thc,,,,"Big Smooth is a hybrid with flavors of blueberry, herbal, nutty.",Lab terpene assays (analytical360/sclabs/psilabs via Terpene-Profile-Parser)|The Cannabis API (Piyush-Bhor),0.65
big wreck,Big Wreck,,indica,,,earthy|nutty|pungent,earthy|nutty|pungent,,thc,WA flower lots test around 21% THC on average.,,,"Big Wreck is an indica with flavors of earthy, nutty, pungent.",Kushy cannabis-dataset|Lab terpene assays (analytical360/sclabs/psilabs via Terpene-Profile-Parser)|The Cannabis API (Piyush-Bhor)|WA I-502 state lab tests (dolthub/cannabis-testing-wa),0.65
big-band,Big-band,,hybrid,,,herbal|spicy|sweet,herbal|spicy|sweet,,thc,,,,"Big-band is a hybrid with flavors of herbal, spicy, sweet.",The Cannabis API (Piyush-Bhor),0.65
big-holy-nina,Big-holy-nina,,hybrid,,,earthy|lemon|citrus,earthy|lemon|citrus,,thc,,,,"Big-holy-nina is a hybrid with flavors of earthy, lemon, citrus.",The Cannabis API (Piyush-Bhor),0.65
big-skunk-korean,Big-skunk-korean,,hybrid,,,floral|skunk,floral|skunk,,thc,,,Soma Seeds,"Big-skunk-korean is a hybrid with flavors of floral, skunk.",Kushy cannabis-dataset|The Cannabis API (Piyush-Bhor),0.65
big-sky-og,Big-sky-og,,hybrid,,,diesel|pungent|skunk,diesel|pungent|skunk,,thc,,,,"Big-sky-og is a hybrid with flavors of diesel, pungent, skunk.",The Cannabis API (Piyush-Bhor),0.65
big-sur-holy-bud,Big-sur-holy-bud,,sativa,,,earthy|mint|pine,earthy|mint|pine,,thc,,,Bodhi Seeds,"Big-sur-holy-bud is a sativa with flavors of earthy, mint, pine.",Kushy cannabis-dataset|The Cannabis API (Piyush-Bhor),0.65
big-white,Big-white,,indica,,,diesel|floral|sweet,diesel|floral|sweet,,thc,,,La Plata Labs,"Big-white is an indica with flavors of diesel, floral, sweet.",Kushy cannabis-dataset|The Cannabis API (Piyush-Bhor),0.65
biker-leblanc,Biker-leblanc,,hybrid,,,earthy|herbal|spicy,earthy|herbal|spicy,,thc,,,,"Biker-leblanc is a hybrid with flavors of earthy, herbal, spicy.",The Cannabis API (Piyush-Bhor),0.65
bio diesel,Bio Diesel,,hybrid,,,diesel|earthy|pungent,diesel|earthy|pungent,,thc,WA flower lots test around 25% THC on average.,,PAPA GANJA,"Bio Diesel is a hybrid with flavors of diesel, earthy, pungent.",Kushy cannabis-dataset|Lab terpene assays (analytical360/sclabs/psilabs via Terpene-Profile-Parser)|The Cannabis API (Piyush-Bhor)|WA I-502 state lab tests (dolthub/cannabis-testing-wa),0.65
bio-jesus,Bio-jesus,,hybrid,,,diesel|earthy,diesel|earthy,,thc,,,,"Bio-jesus is a hybrid with flavors of diesel, earthy.",Kushy cannabis-dataset|Lab terpene assays (analytical360/sclabs/psilabs via Terpene-Profile-Parser)|The Cannabis API (Piyush-Bhor),0.65
biochem,Biochem,,indica,,,cheese|earthy|herbal,cheese|earthy|herbal|spicy,,thc,,,,"Biochem is an indica with flavors of cheese, earthy, herbal.",Kushy cannabis-dataset|The Cannabis API (Piyush-Bhor),0.65
birthday-cake-kush,Birthday-cake-kush,,hybrid,,,lemon|sweet|vanilla,lemon|sweet|vanilla,,thc,,,,"Birthday-cake-kush is a hybrid with flavors of lemon, sweet, vanilla.",The Cannabis API (Piyush-Bhor),0.65
black afghan,Black Afghan,,indica,,,berry|earthy|peppery,berry|earthy|peppery|pine,,thc,WA flower lots test around 23% THC on average.,,,"Black Afghan is an indica with flavors of berry, earthy, peppery.",Kushy cannabis-dataset|The Cannabis API (Piyush-Bhor)|WA I-502 state lab tests (dolthub/cannabis-testing-wa),0.65
black betty,Black Betty,,hybrid,,,berry|pungent|sweet,berry|pungent|sweet,,thc,WA flower lots test around 20% THC on average.,,Hugo Ramirez,"Black Betty is a hybrid with flavors of berry, pungent, sweet.",Kushy cannabis-dataset|Lab terpene assays (analytical360/sclabs/psilabs via Terpene-Profile-Parser)|The Cannabis API (Piyush-Bhor)|WA I-502 state lab tests (dolthub/cannabis-testing-wa),0.65
black bubba,Black Bubba,,indica,,,earthy|floral|pine,earthy|floral|pine,,thc,WA flower lots test around 13% THC on average.,,,"Black Bubba is an indica with flavors of earthy, floral, pine.",Kushy cannabis-dataset|The Cannabis API (Piyush-Bhor)|WA I-502 state lab tests (dolthub/cannabis-testing-wa),0.65
black cherry cheesecake,Black Cherry Cheesecake,,hybrid,,,berry|cheese|sweet,berry|cheese|sweet,,thc,WA flower lots test around 20% THC on average.,,,"Black Cherry Cheesecake is a hybrid with flavors of berry, cheese, sweet.",Kushy cannabis-dataset|Lab terpene assays (analytical360/sclabs/psilabs via Terpene-Profile-Parser)|The Cannabis API (Piyush-Bhor)|WA I-502 state lab tests (dolthub/cannabis-testing-wa),0.65
black cherry og,Black Cherry Og,,indica,,,berry|earthy|sweet,berry|earthy|sweet,,thc,WA flower lots test around 20% THC on average.,,,"Black Cherry Og is an indica with flavors of berry, earthy, sweet.",Kushy cannabis-dataset|Lab terpene assays (analytical360/sclabs/psilabs via Terpene-Profile-Parser)|The Cannabis API (Piyush-Bhor)|WA I-502 state lab tests (dolthub/cannabis-testing-wa),0.65
black cherry pie,Black Cherry Pie,,hybrid,,,berry|earthy|sweet,berry|earthy|sweet,,thc,WA flower lots test around 21% THC on average.,,In House Genetics,"Black Cherry Pie is a hybrid with flavors of berry, earthy, sweet.",Kushy cannabis-dataset|The Cannabis API (Piyush-Bhor)|WA I-502 state lab tests (dolthub/cannabis-testing-wa),0.65
black diamond,Black Diamond,,indica,,,berry|earthy|sweet,berry|earthy|sweet|woody,,thc,WA flower lots test around 20% THC on average.,,,"Black Diamond is an indica with flavors of berry, earthy, sweet.",Kushy cannabis-dataset|The Cannabis API (Piyush-Bhor)|WA I-502 state lab tests (dolthub/cannabis-testing-wa),0.65
black diesel,Black Diesel,,sativa,,,diesel|earthy|pungent,diesel|earthy|pungent,,thc,WA flower lots test around 23% THC on average.,,Advanced Seeds,"Black Diesel is a sativa with flavors of diesel, earthy, pungent.",Kushy cannabis-dataset|Lab terpene assays (analytical360/sclabs/psilabs via Terpene-Profile-Parser)|The Cannabis API (Piyush-Bhor)|WA I-502 state lab tests (dolthub/cannabis-testing-wa),0.65
black lime special reserve,Black Lime Special Reserve,,indica,,,citrus|earthy|peppery,citrus|earthy|peppery,,thc,WA flower lots test around 15% THC on average.,,,"Black Lime Special Reserve is an indica with flavors of citrus, earthy, peppery.",Kushy cannabis-dataset|The Cannabis API (Piyush-Bhor)|WA I-502 state lab tests (dolthub/cannabis-testing-wa),0.65
black magic kush,Black Magic Kush,,indica,,,berry|earthy|woody,berry|earthy|woody,,thc,WA flower lots test around 18% THC on average.,,,"Black Magic Kush is an indica with flavors of berry, earthy, woody.",Kushy cannabis-dataset|Lab terpene assays (analytical360/sclabs/psilabs via Terpene-Profile-Parser)|The Cannabis API (Piyush-Bhor)|WA I-502 state lab tests (dolthub/cannabis-testing-wa),0.65
black spirit,Black Spirit,,hybrid,,caryophyllene,peppery|spicy|woody|hoppy,,caryophyllene|humulene,thc,,,,Black Spirit is a hybrid with Caryophyllene-forward terpene profile.,Lab terpene assays (analytical360/sclabs/psilabs via Terpene-Profile-Parser),0.65
black velvet,Black Velvet,,hybrid,,,citrus|floral|sweet,citrus|floral|sweet,,thc,,,Vancouver Island Seed Company,"Black Velvet is a hybrid with flavors of citrus, floral, sweet.",Kushy cannabis-dataset|Lab terpene assays (analytical360/sclabs/psilabs via Terpene-Profile-Parser)|The Cannabis API (Piyush-Bhor),0.65
black-dhalia,Black-dhalia,,hybrid,,,earthy|herbal|spicy,earthy|herbal|spicy|sweet,,thc,,,,"Black-dhalia is a hybrid with flavors of earthy, herbal, spicy.",Kushy cannabis-dataset|The Cannabis API (Piyush-Bhor),0.65
black-label-kush,Black-label-kush,,indica,,,berry|earthy|woody,berry|earthy|woody,,thc,,,,"Black-label-kush is an indica with flavors of berry, earthy, woody.",Kushy cannabis-dataset|The Cannabis API (Piyush-Bhor),0.65
black-tuna,Black-tuna,,hybrid,,,earthy|skunk|woody,earthy|skunk|woody,,thc,,,,"Black-tuna is a hybrid with flavors of earthy, skunk, woody.",The Cannabis API (Piyush-Bhor),0.65
blackberry bubble,Blackberry Bubble,,indica,,,berry|blueberry|skunk,berry|blueberry|skunk|sweet,,thc,WA flower lots test around 14% THC on average.,,,"Blackberry Bubble is an indica with flavors of berry, blueberry, skunk.",Kushy cannabis-dataset|The Cannabis API (Piyush-Bhor)|WA I-502 state lab tests (dolthub/cannabis-testing-wa),0.65
blackberry chem og,Blackberry Chem Og,,hybrid,,,berry|diesel,berry|diesel,,thc,WA flower lots test around 25% THC on average.,,,"Blackberry Chem Og is a hybrid with flavors of berry, diesel.",The Cannabis API (Piyush-Bhor)|WA I-502 state lab tests (dolthub/cannabis-testing-wa),0.65
blackberry cream,Blackberry Cream,,indica,,,berry|sweet|vanilla,berry|sweet|vanilla,,thc,WA flower lots test around 21% THC on average.,,Exotic Genetix,"Blackberry Cream is an indica with flavors of berry, sweet, vanilla.",Kushy cannabis-dataset|Lab terpene assays (analytical360/sclabs/psilabs via Terpene-Profile-Parser)|The Cannabis API (Piyush-Bhor)|WA I-502 state lab tests (dolthub/cannabis-testing-wa),0.65
blackberry diesel,Blackberry Diesel,,sativa,,,diesel|herbal|pungent,diesel|herbal|pungent|spicy,,thc,WA flower lots test around 23% THC on average.,,,"Blackberry Diesel is a sativa with flavors of diesel, herbal, pungent.",Kushy cannabis-dataset|The Cannabis API (Piyush-Bhor)|WA I-502 state lab tests (dolthub/cannabis-testing-wa),0.65
blackberry dream,Blackberry Dream,,hybrid,,,citrus|herbal|spicy,citrus|herbal|spicy|sweet,,thc,WA flower lots test around 21% THC on average.,,Elev8 Seeds,"Blackberry Dream is a hybrid with flavors of citrus, herbal, spicy.",Kushy cannabis-dataset|The Cannabis API (Piyush-Bhor)|WA I-502 state lab tests (dolthub/cannabis-testing-wa),0.65
blackberry haze,Blackberry Haze,,sativa,,,berry|herbal|spicy,berry|herbal|spicy|sweet,,thc,,,ABC Seeds,"Blackberry Haze is a sativa with flavors of berry, herbal, spicy.",Kushy cannabis-dataset|Lab terpene assays (analytical360/sclabs/psilabs via Terpene-Profile-Parser)|The Cannabis API (Piyush-Bhor),0.65
blackberry pie,Blackberry Pie,,hybrid,,,berry|blueberry|sweet,berry|blueberry|sweet,,thc,WA flower lots test around 20% THC on average.,,Gage Green Group,"Blackberry Pie is a hybrid with flavors of berry, blueberry, sweet.",Kushy cannabis-dataset|Lab terpene assays (analytical360/sclabs/psilabs via Terpene-Profile-Parser)|The Cannabis API (Piyush-Bhor)|WA I-502 state lab tests (dolthub/cannabis-testing-wa),0.65
blackberry rhino,Blackberry Rhino,,indica,,,berry|herbal|spicy,berry|herbal|spicy|sweet,,thc,WA flower lots test around 19% THC on average.,,,"Blackberry Rhino is an indica with flavors of berry, herbal, spicy.",Kushy cannabis-dataset|The Cannabis API (Piyush-Bhor)|WA I-502 state lab tests (dolthub/cannabis-testing-wa),0.65
blackberry trainwreck,Blackberry Trainwreck,,hybrid,,,berry|pungent|sweet,berry|pungent|sweet,,thc,WA flower lots test around 16% THC on average.,,CannaVenture,"Blackberry Trainwreck is a hybrid with flavors of berry, pungent, sweet.",Kushy cannabis-dataset|The Cannabis API (Piyush-Bhor)|WA I-502 state lab tests (dolthub/cannabis-testing-wa),0.65
blackberry-fire,Blackberry-fire,,hybrid,,,berry|blueberry|sweet,berry|blueberry|sweet,,thc,,,,"Blackberry-fire is a hybrid with flavors of berry, blueberry, sweet.",The Cannabis API (Piyush-Bhor),0.65
blackberry-hashplant,Blackberry-hashplant,,indica,,,berry|earthy|sweet,berry|earthy|sweet,,thc,,,,"Blackberry-hashplant is an indica with flavors of berry, earthy, sweet.",Kushy cannabis-dataset|The Cannabis API (Piyush-Bhor),0.65
blackberry-lime-haze,Blackberry-lime-haze,,sativa,,,berry|citrus|sweet,berry|citrus|sweet,,thc,,,,"Blackberry-lime-haze is a sativa with flavors of berry, citrus, sweet.",Kushy cannabis-dataset|The Cannabis API (Piyush-Bhor),0.65
blackberry-x-blueberry,Blackberry-x-blueberry,,indica,,,berry|blueberry|earthy,berry|blueberry|earthy|skunk,,thc,,,,"Blackberry-x-blueberry is an indica with flavors of berry, blueberry, earthy.",Kushy cannabis-dataset|The Cannabis API (Piyush-Bhor),0.65
blaze,Blaze,,sativa,,,berry|blueberry|earthy,berry|blueberry|earthy|pine|sweet,,thc,WA flower lots test around 13% THC on average.,,BC Seed Company,"Blaze is a sativa with flavors of berry, blueberry, earthy.",Kushy cannabis-dataset|The Cannabis API (Piyush-Bhor)|WA I-502 state lab tests (dolthub/cannabis-testing-wa),0.65
blissful-wizard,Blissful-wizard,,hybrid,,,earthy|pungent|vanilla,earthy|pungent|vanilla,,thc,,,The Captains Connection,"Blissful-wizard is a hybrid with flavors of earthy, pungent, vanilla.",Kushy cannabis-dataset|The Cannabis API (Piyush-Bhor),0.65
blob og,Blob Og,,hybrid,,,diesel|lemon,diesel|lemon,,thc,WA flower lots test around 23% THC on average.,,,"Blob Og is a hybrid with flavors of diesel, lemon.",The Cannabis API (Piyush-Bhor)|WA I-502 state lab tests (dolthub/cannabis-testing-wa),0.65
blockhead,Blockhead,,hybrid,,,floral|pungent|woody,floral|pungent|woody,,thc,WA flower lots test around 20% THC on average.,,Spice of Life Seeds,"Blockhead is a hybrid with flavors of floral, pungent, woody.",Kushy cannabis-dataset|The Cannabis API (Piyush-Bhor)|WA I-502 state lab tests (dolthub/cannabis-testing-wa),0.65
blood-orange-kush,Blood-orange-kush,,indica,,,citrus|diesel|orange,citrus|diesel|orange,,thc,,,,"Blood-orange-kush is an indica with flavors of citrus, diesel, orange.",The Cannabis API (Piyush-Bhor),0.65
bloodhound,Bloodhound,,hybrid,,,earthy|herbal|spicy,earthy|herbal|spicy,,thc,WA flower lots test around 17% THC on average.,,,"Bloodhound is a hybrid with flavors of earthy, herbal, spicy.",The Cannabis API (Piyush-Bhor)|WA I-502 state lab tests (dolthub/cannabis-testing-wa),0.65
bloos-kloos,Bloos-kloos,,indica,,,berry|earthy|floral,berry|earthy|floral,,thc,,,,"Bloos-kloos is an indica with flavors of berry, earthy, floral.",The Cannabis API (Piyush-Bhor),0.65
blowfish,Blowfish,,hybrid,,,herbal|peppery|spicy,herbal|peppery|spicy,,thc,,,Dutch Flowers,"Blowfish is a hybrid with flavors of herbal, peppery, spicy.",Kushy cannabis-dataset|The Cannabis API (Piyush-Bhor),0.65
blucifer,Blucifer,,sativa,,,berry|blueberry|herbal,berry|blueberry|herbal|spicy,,thc,,,Terraform Genetics,"Blucifer is a sativa with flavors of berry, blueberry, herbal.",Kushy cannabis-dataset|Lab terpene assays (analytical360/sclabs/psilabs via Terpene-Profile-Parser)|The Cannabis API (Piyush-Bhor),0.65
blue alien,Blue Alien,,indica,,,berry|blueberry|citrus,berry|blueberry|citrus|grape,,thc,WA flower lots test around 20% THC on average.,,Pacific NW Roots,"Blue Alien is an indica with flavors of berry, blueberry, citrus.",Kushy cannabis-dataset|Lab terpene assays (analytical360/sclabs/psilabs via Terpene-Profile-Parser)|The Cannabis API (Piyush-Bhor)|WA I-502 state lab tests (dolthub/cannabis-testing-wa),0.65
blue bastard,Blue Bastard,,indica,,,berry|pine,berry|pine,,thc,WA flower lots test around 23% THC on average.,,,"Blue Bastard is an indica with flavors of berry, pine.",Kushy cannabis-dataset|Lab terpene assays (analytical360/sclabs/psilabs via Terpene-Profile-Parser)|The Cannabis API (Piyush-Bhor)|WA I-502 state lab tests (dolthub/cannabis-testing-wa),0.65
blue blood,Blue Blood,,indica,,,blueberry|earthy|sweet,blueberry|earthy|sweet,,thc,WA flower lots test around 6% THC on average.,,Medicann Seeds,"Blue Blood is an indica with flavors of blueberry, earthy, sweet.",Kushy cannabis-dataset|Lab terpene assays (analytical360/sclabs/psilabs via Terpene-Profile-Parser)|The Cannabis API (Piyush-Bhor)|WA I-502 state lab tests (dolthub/cannabis-testing-wa),0.65
blue boy,Blue Boy,,hybrid,,,earthy|floral|pungent,earthy|floral|pungent,,thc,WA flower lots test around 19% THC on average.,,,"Blue Boy is a hybrid with flavors of earthy, floral, pungent.",Lab terpene assays (analytical360/sclabs/psilabs via Terpene-Profile-Parser)|The Cannabis API (Piyush-Bhor)|WA I-502 state lab tests (dolthub/cannabis-testing-wa),0.65
blue buddha,Blue Buddha,,indica,,,blueberry|cheese|citrus,blueberry|cheese|citrus,,thc,WA flower lots test around 18% THC on average.,,PAPA GANJA,"Blue Buddha is an indica with flavors of blueberry, cheese, citrus.",Kushy cannabis-dataset|The Cannabis API (Piyush-Bhor)|WA I-502 state lab tests (dolthub/cannabis-testing-wa),0.65
blue champange,Blue Champange,,hybrid,,,berry|blueberry|sweet,berry|blueberry|sweet,,thc,WA flower lots test around 22% THC on average.,,,"Blue Champange is a hybrid with flavors of berry, blueberry, sweet.",The Cannabis API (Piyush-Bhor)|WA I-502 state lab tests (dolthub/cannabis-testing-wa),0.65
blue cinex,Blue Cinex,,hybrid,,,blueberry|earthy,blueberry|earthy,,thc,WA flower lots test around 22% THC on average.,,The Clone Zone,"Blue Cinex is a hybrid with flavors of blueberry, earthy.",Kushy cannabis-dataset|Lab terpene assays (analytical360/sclabs/psilabs via Terpene-Profile-Parser)|The Cannabis API (Piyush-Bhor)|WA I-502 state lab tests (dolthub/cannabis-testing-wa),0.65
blue cookies,Blue Cookies,,hybrid,,,berry|blueberry|sweet,berry|blueberry|sweet,,thc,WA flower lots test around 20% THC on average.,,,"Blue Cookies is a hybrid with flavors of berry, blueberry, sweet.",Kushy cannabis-dataset|Lab terpene assays (analytical360/sclabs/psilabs via Terpene-Profile-Parser)|The Cannabis API (Piyush-Bhor)|WA I-502 state lab tests (dolthub/cannabis-testing-wa),0.65
blue crack,Blue Crack,,hybrid,,,berry|blueberry|sweet,berry|blueberry|sweet,,thc,WA flower lots test around 16% THC on average.,,,"Blue Crack is a hybrid with flavors of berry, blueberry, sweet.",Kushy cannabis-dataset|Lab terpene assays (analytical360/sclabs/psilabs via Terpene-Profile-Parser)|The Cannabis API (Piyush-Bhor)|WA I-502 state lab tests (dolthub/cannabis-testing-wa),0.65
blue diamond,Blue Diamond,,indica,,,earthy|pineapple|sweet,earthy|pineapple|sweet,,thc,WA flower lots test around 20% THC on average.,,BioQueen Seeds,"Blue Diamond is an indica with flavors of earthy, pineapple, sweet.",Kushy cannabis-dataset|The Cannabis API (Piyush-Bhor)|WA I-502 state lab tests (dolthub/cannabis-testing-wa),0.65
blue dot,Blue Dot,,sativa,,,berry|earthy|pungent,berry|earthy|pungent,,thc,WA flower lots test around 23% THC on average.,,Holistic Healing Collective,"Blue Dot is a sativa with flavors of berry, earthy, pungent.",Kushy cannabis-dataset|The Cannabis API (Piyush-Bhor)|WA I-502 state lab tests (dolthub/cannabis-testing-wa),0.65
blue dream 1,Blue Dream 1,,hybrid,,pinene,pine|fresh|earthy|musky,,pinene|myrcene|caryophyllene,thc,,,,Blue Dream 1 is a hybrid with Pinene-forward terpene profile.,Lab terpene assays (analytical360/sclabs/psilabs via Terpene-Profile-Parser),0.65
blue dynamite,Blue Dynamite,,indica,,,berry|citrus|earthy,berry|citrus|earthy|herbal|lemon|pine,,thc,WA flower lots test around 6% THC on average.,,THC Seeds,"Blue Dynamite is an indica with flavors of berry, citrus, earthy.",Kushy cannabis-dataset|Lab terpene assays (analytical360/sclabs/psilabs via Terpene-Profile-Parser)|The Cannabis API (Piyush-Bhor)|WA I-502 state lab tests (dolthub/cannabis-testing-wa),0.65
blue frost,Blue Frost,,hybrid,,,blueberry|cheese|mint,blueberry|cheese|mint,,thc,WA flower lots test around 19% THC on average.,,GoldenSeed,"Blue Frost is a hybrid with flavors of blueberry, cheese, mint.",Kushy cannabis-dataset|Lab terpene assays (analytical360/sclabs/psilabs via Terpene-Profile-Parser)|The Cannabis API (Piyush-Bhor)|WA I-502 state lab tests (dolthub/cannabis-testing-wa),0.65
blue galaxy,Blue Galaxy,,hybrid,,,berry|blueberry|earthy,berry|blueberry|earthy,,thc,WA flower lots test around 21% THC on average.,,,"Blue Galaxy is a hybrid with flavors of berry, blueberry, earthy.",The Cannabis API (Piyush-Bhor)|WA I-502 state lab tests (dolthub/cannabis-testing-wa),0.65
blue goo,Blue Goo,,hybrid,,,berry|pine|skunk,berry|pine|skunk,,thc,,,Bluegrass Seeds,"Blue Goo is a hybrid with flavors of berry, pine, skunk.",Kushy cannabis-dataset|Lab terpene assays (analytical360/sclabs/psilabs via Terpene-Profile-Parser)|The Cannabis API (Piyush-Bhor),0.65
blue hash,Blue Hash,,hybrid,,,blueberry|earthy|sweet,blueberry|earthy|sweet,,thc,WA flower lots test around 17% THC on average.,,Dinafem Seeds,"Blue Hash is a hybrid with flavors of blueberry, earthy, sweet.",Kushy cannabis-dataset|Lab terpene assays (analytical360/sclabs/psilabs via Terpene-Profile-Parser)|The Cannabis API (Piyush-Bhor)|WA I-502 state lab tests (dolthub/cannabis-testing-wa),0.65
blue kiss,Blue Kiss,,hybrid,,,berry|blueberry|sweet,berry|blueberry|sweet,,thc,WA flower lots test around 21% THC on average.,,,"Blue Kiss is a hybrid with flavors of berry, blueberry, sweet.",The Cannabis API (Piyush-Bhor)|WA I-502 state lab tests (dolthub/cannabis-testing-wa),0.65
blue knight,Blue Knight,,indica,,,berry|blueberry|sweet,berry|blueberry|sweet,,thc,WA flower lots test around 18% THC on average.,,,"Blue Knight is an indica with flavors of berry, blueberry, sweet.",Kushy cannabis-dataset|The Cannabis API (Piyush-Bhor)|WA I-502 state lab tests (dolthub/cannabis-testing-wa),0.65
blue kush,Blue Kush,,hybrid,,,blueberry|lemon|pine,blueberry|lemon|pine,,thc,WA flower lots test around 19% THC on average.,,,"Blue Kush is a hybrid with flavors of blueberry, lemon, pine.",Lab terpene assays (analytical360/sclabs/psilabs via Terpene-Profile-Parser)|The Cannabis API (Piyush-Bhor)|WA I-502 state lab tests (dolthub/cannabis-testing-wa),0.65
blue lights,Blue Lights,,indica,,,berry|blueberry|earthy,berry|blueberry|earthy|sweet,,thc,WA flower lots test around 17% THC on average.,,,"Blue Lights is an indica with flavors of berry, blueberry, earthy.",Kushy cannabis-dataset|Lab terpene assays (analytical360/sclabs/psilabs via Terpene-Profile-Parser)|The Cannabis API (Piyush-Bhor)|WA I-502 state lab tests (dolthub/cannabis-testing-wa),0.65
blue magic,Blue Magic,,sativa,,,blueberry|citrus|lemon,blueberry|citrus|lemon|sweet|tropical,,thc,,,All Green Collective,"Blue Magic is a sativa with flavors of blueberry, citrus, lemon.",Kushy cannabis-dataset|Lab terpene assays (analytical360/sclabs/psilabs via Terpene-Profile-Parser)|The Cannabis API (Piyush-Bhor),0.65
blue monster,Blue Monster,,indica,,,berry|diesel|skunk,berry|diesel|skunk|sweet,,thc,WA flower lots test around 20% THC on average.,,GoldenSeed,"Blue Monster is an indica with flavors of berry, diesel, skunk.",Kushy cannabis-dataset|The Cannabis API (Piyush-Bhor)|WA I-502 state lab tests (dolthub/cannabis-testing-wa),0.65
blue moon rocks,Blue Moon Rocks,,hybrid,,,berry|floral|strawberry,berry|floral|strawberry,,thc,WA flower lots test around 15% THC on average.,,,"Blue Moon Rocks is a hybrid with flavors of berry, floral, strawberry.",Lab terpene assays (analytical360/sclabs/psilabs via Terpene-Profile-Parser)|The Cannabis API (Piyush-Bhor)|WA I-502 state lab tests (dolthub/cannabis-testing-wa),0.65
blue moonshine,Blue Moonshine,,indica,,,berry|earthy|pine,berry|earthy|pine|woody,,thc,WA flower lots test around 17% THC on average.,,DJ Short,"Blue Moonshine is an indica with flavors of berry, earthy, pine.",Kushy cannabis-dataset|Lab terpene assays (analytical360/sclabs/psilabs via Terpene-Profile-Parser)|The Cannabis API (Piyush-Bhor)|WA I-502 state lab tests (dolthub/cannabis-testing-wa),0.65
blue nightmare,Blue Nightmare,,hybrid,,,berry|blueberry|earthy,berry|blueberry|earthy,,thc,WA flower lots test around 15% THC on average.,,RNM Flowers,"Blue Nightmare is a hybrid with flavors of berry, blueberry, earthy.",Kushy cannabis-dataset|The Cannabis API (Piyush-Bhor)|WA I-502 state lab tests (dolthub/cannabis-testing-wa),0.65
blue og,Blue Og,,hybrid,,,berry|blueberry|earthy,berry|blueberry|earthy,,thc,WA flower lots test around 20% THC on average.,,G13 Labs,"Blue Og is a hybrid with flavors of berry, blueberry, earthy.",Kushy cannabis-dataset|Lab terpene assays (analytical360/sclabs/psilabs via Terpene-Profile-Parser)|The Cannabis API (Piyush-Bhor)|WA I-502 state lab tests (dolthub/cannabis-testing-wa),0.65
blue ox,Blue Ox,,indica,,,berry|blueberry|floral,berry|blueberry|floral,,thc,WA flower lots test around 18% THC on average.,,Rare Dankness Seeds,"Blue Ox is an indica with flavors of berry, blueberry, floral.",Kushy cannabis-dataset|The Cannabis API (Piyush-Bhor)|WA I-502 state lab tests (dolthub/cannabis-testing-wa),0.65
blue persuasion,Blue Persuasion,,hybrid,,,berry|blueberry|sweet,berry|blueberry|sweet,,thc,WA flower lots test around 16% THC on average.,,Buds Pasco,"Blue Persuasion is a hybrid with flavors of berry, blueberry, sweet.",Kushy cannabis-dataset|The Cannabis API (Piyush-Bhor)|WA I-502 state lab tests (dolthub/cannabis-testing-wa),0.65
blue satellite,Blue Satellite,,sativa,,,blueberry|citrus|sweet,blueberry|citrus|sweet,,thc,WA flower lots test around 15% THC on average.,,Spice of Life Seeds,"Blue Satellite is a sativa with flavors of blueberry, citrus, sweet.",Kushy cannabis-dataset|The Cannabis API (Piyush-Bhor)|WA I-502 state lab tests (dolthub/cannabis-testing-wa),0.65
blue sky,Blue Sky,,hybrid,,,earthy|pine|sweet,earthy|pine|sweet,,thc,,,,"Blue Sky is a hybrid with flavors of earthy, pine, sweet.",Kushy cannabis-dataset|Lab terpene assays (analytical360/sclabs/psilabs via Terpene-Profile-Parser)|The Cannabis API (Piyush-Bhor),0.65
blue steel,Blue Steel,,indica,,,blueberry|earthy|pungent,blueberry|earthy|pungent,,thc,WA flower lots test around 22% THC on average.,,,"Blue Steel is an indica with flavors of blueberry, earthy, pungent.",Kushy cannabis-dataset|The Cannabis API (Piyush-Bhor)|WA I-502 state lab tests (dolthub/cannabis-testing-wa),0.65
blue thai,Blue Thai,,hybrid,,,earthy|pungent|woody,earthy|pungent|woody,,thc,WA flower lots test around 20% THC on average.,,Dinafem Seeds,"Blue Thai is a hybrid with flavors of earthy, pungent, woody.",Kushy cannabis-dataset|Lab terpene assays (analytical360/sclabs/psilabs via Terpene-Profile-Parser)|The Cannabis API (Piyush-Bhor)|WA I-502 state lab tests (dolthub/cannabis-testing-wa),0.65
blue train,Blue Train,,hybrid,,,berry|blueberry|sweet,berry|blueberry|sweet,,thc,WA flower lots test around 14% THC on average.,,,"Blue Train is a hybrid with flavors of berry, blueberry, sweet.",Kushy cannabis-dataset|The Cannabis API (Piyush-Bhor)|WA I-502 state lab tests (dolthub/cannabis-testing-wa),0.65
blue treat,Blue Treat,,hybrid,,,berry|blueberry|earthy,berry|blueberry|earthy,,thc,WA flower lots test around 21% THC on average.,,,"Blue Treat is a hybrid with flavors of berry, blueberry, earthy.",Lab terpene assays (analytical360/sclabs/psilabs via Terpene-Profile-Parser)|The Cannabis API (Piyush-Bhor)|WA I-502 state lab tests (dolthub/cannabis-testing-wa),0.65
blue venom,Blue Venom,,hybrid,,,berry|blueberry|pine,berry|blueberry|pine,,thc,WA flower lots test around 20% THC on average.,,G13 Labs,"Blue Venom is a hybrid with flavors of berry, blueberry, pine.",Kushy cannabis-dataset|Lab terpene assays (analytical360/sclabs/psilabs via Terpene-Profile-Parser)|The Cannabis API (Piyush-Bhor)|WA I-502 state lab tests (dolthub/cannabis-testing-wa),0.65
blue wreck,Blue Wreck,,hybrid,,,blueberry|earthy|honey,blueberry|earthy|honey,,thc,,,,"Blue Wreck is a hybrid with flavors of blueberry, earthy, honey.",Kushy cannabis-dataset|Lab terpene assays (analytical360/sclabs/psilabs via Terpene-Profile-Parser)|The Cannabis API (Piyush-Bhor),0.65
blue zkittlez,Blue Zkittlez,,indica,,,berry|floral|sweet,berry|floral|sweet,,thc,,,,"Blue Zkittlez is an indica with flavors of berry, floral, sweet.",Lab terpene assays (analytical360/sclabs/psilabs via Terpene-Profile-Parser)|The Cannabis API (Piyush-Bhor),0.65
blue-ivy,Blue-ivy,,hybrid,,,blueberry|earthy|peppery,blueberry|earthy|peppery,,thc,,,,"Blue-ivy is a hybrid with flavors of blueberry, earthy, peppery.",Kushy cannabis-dataset|The Cannabis API (Piyush-Bhor),0.65
blue-jay-way,Blue-jay-way,,hybrid,,,blueberry|citrus|sweet,blueberry|citrus|sweet,,thc,,,,"Blue-jay-way is a hybrid with flavors of blueberry, citrus, sweet.",Kushy cannabis-dataset|The Cannabis API (Piyush-Bhor),0.65
blue-kripple,Blue-kripple,,indica,,,earthy|grape,earthy|grape,,thc,,,Dr. Krippling,"Blue-kripple is an indica with flavors of earthy, grape.",Kushy cannabis-dataset|The Cannabis API (Piyush-Bhor),0.65
blue-mountain-fire,Blue-mountain-fire,,sativa,,,earthy|floral,earthy|floral,,thc,,,,"Blue-mountain-fire is a sativa with flavors of earthy, floral.",Kushy cannabis-dataset|The Cannabis API (Piyush-Bhor),0.65
blue-nina,Blue-nina,,hybrid,,,blueberry|floral,blueberry|floral,,thc,,,,"Blue-nina is a hybrid with flavors of blueberry, floral.",The Cannabis API (Piyush-Bhor),0.65
blue-velvet,Blue-velvet,,hybrid,,,diesel|earthy|sweet,diesel|earthy|sweet,,thc,,,DJ Short,"Blue-velvet is a hybrid with flavors of diesel, earthy, sweet.",Kushy cannabis-dataset|The Cannabis API (Piyush-Bhor),0.65
blue-zombie,Blue-zombie,,indica,,,berry|earthy|peppery,berry|earthy|peppery|pungent,,thc,,,,"Blue-zombie is an indica with flavors of berry, earthy, peppery.",Kushy cannabis-dataset|The Cannabis API (Piyush-Bhor),0.65
blueberry ak,Blueberry Ak,,hybrid,,,blueberry|pungent|sweet,blueberry|pungent|sweet,,thc,WA flower lots test around 23% THC on average.,,,"Blueberry Ak is a hybrid with flavors of blueberry, pungent, sweet.",The Cannabis API (Piyush-Bhor)|WA I-502 state lab tests (dolthub/cannabis-testing-wa),0.65
blueberry diesel,Blueberry Diesel,,hybrid,,,blueberry|diesel|sweet,blueberry|diesel|sweet,,thc,WA flower lots test around 21% THC on average.,,,"Blueberry Diesel is a hybrid with flavors of blueberry, diesel, sweet.",Kushy cannabis-dataset|The Cannabis API (Piyush-Bhor)|WA I-502 state lab tests (dolthub/cannabis-testing-wa),0.65
blueberry dream,Blueberry Dream,,sativa,,,berry|blueberry|earthy,berry|blueberry|earthy|floral|pine|sweet,,thc,WA flower lots test around 18% THC on average.,,,"Blueberry Dream is a sativa with flavors of berry, blueberry, earthy.",Kushy cannabis-dataset|Lab terpene assays (analytical360/sclabs/psilabs via Terpene-Profile-Parser)|The Cannabis API (Piyush-Bhor)|WA I-502 state lab tests (dolthub/cannabis-testing-wa),0.65
blueberry essence,Blueberry Essence,,hybrid,,,blueberry|mango|sweet,blueberry|mango|sweet,,thc,WA flower lots test around 12% THC on average.,,Life Gardens,"Blueberry Essence is a hybrid with flavors of blueberry, mango, sweet.",Kushy cannabis-dataset|The Cannabis API (Piyush-Bhor)|WA I-502 state lab tests (dolthub/cannabis-testing-wa),0.65
blueberry jack,Blueberry Jack,,hybrid,,,berry|blueberry|pine,berry|blueberry|pine,,thc,WA flower lots test around 19% THC on average.,,,"Blueberry Jack is a hybrid with flavors of berry, blueberry, pine.",Kushy cannabis-dataset|The Cannabis API (Piyush-Bhor)|WA I-502 state lab tests (dolthub/cannabis-testing-wa),0.65
blueberry og,Blueberry Og,,hybrid,,,berry|blueberry|floral,berry|blueberry|floral,,thc,WA flower lots test around 18% THC on average.,,Apothecary Seed Company,"Blueberry Og is a hybrid with flavors of berry, blueberry, floral.",Kushy cannabis-dataset|Lab terpene assays (analytical360/sclabs/psilabs via Terpene-Profile-Parser)|The Cannabis API (Piyush-Bhor)|WA I-502 state lab tests (dolthub/cannabis-testing-wa),0.65
blueberry pancakes,Blueberry Pancakes,,hybrid,,,berry|blueberry|sweet,berry|blueberry|sweet,,thc,WA flower lots test around 22% THC on average.,,,"Blueberry Pancakes is a hybrid with flavors of berry, blueberry, sweet.",The Cannabis API (Piyush-Bhor)|WA I-502 state lab tests (dolthub/cannabis-testing-wa),0.65
blueberry pie,Blueberry Pie,,hybrid,,,berry|blueberry|earthy,berry|blueberry|earthy,,thc,WA flower lots test around 20% THC on average.,,,"Blueberry Pie is a hybrid with flavors of berry, blueberry, earthy.",Kushy cannabis-dataset|Lab terpene assays (analytical360/sclabs/psilabs via Terpene-Profile-Parser)|The Cannabis API (Piyush-Bhor)|WA I-502 state lab tests (dolthub/cannabis-testing-wa),0.65
blueberry silvertip,Blueberry Silvertip,,hybrid,,,berry|blueberry|floral,berry|blueberry|floral,,thc,WA flower lots test around 22% THC on average.,,,"Blueberry Silvertip is a hybrid with flavors of berry, blueberry, floral.",The Cannabis API (Piyush-Bhor)|WA I-502 state lab tests (dolthub/cannabis-testing-wa),0.65
blueberry skunk,Blueberry Skunk,,indica,,,berry|blueberry|skunk,berry|blueberry|skunk,,thc,WA flower lots test around 15% THC on average.,,Flying Dutchmen Seed Company,"Blueberry Skunk is an indica with flavors of berry, blueberry, skunk.",Kushy cannabis-dataset|The Cannabis API (Piyush-Bhor)|WA I-502 state lab tests (dolthub/cannabis-testing-wa),0.65
blueberry trainwreck,Blueberry Trainwreck,,hybrid,,,berry|blueberry|sweet,berry|blueberry|sweet,,thc,,,Phat Panda,"Blueberry Trainwreck is a hybrid with flavors of berry, blueberry, sweet.",Kushy cannabis-dataset|Lab terpene assays (analytical360/sclabs/psilabs via Terpene-Profile-Parser)|The Cannabis API (Piyush-Bhor),0.65
blueberry yum yum,Blueberry Yum Yum,,hybrid,,,berry|blueberry|sweet,berry|blueberry|sweet,,thc,WA flower lots test around 18% THC on average.,,,"Blueberry Yum Yum is a hybrid with flavors of berry, blueberry, sweet.",Kushy cannabis-dataset|The Cannabis API (Piyush-Bhor)|WA I-502 state lab tests (dolthub/cannabis-testing-wa),0.65
blueberry-bomb,Blueberry-bomb,,hybrid,,,berry|citrus,berry|citrus,,thc,,,,"Blueberry-bomb is a hybrid with flavors of berry, citrus.",The Cannabis API (Piyush-Bhor),0.65
blueberry-lambsbread,Blueberry-lambsbread,,hybrid,,,blueberry|earthy|sweet,blueberry|earthy|sweet,,thc,,,,"Blueberry-lambsbread is a hybrid with flavors of blueberry, earthy, sweet.",The Cannabis API (Piyush-Bhor),0.65
blueberry-space-cake,Blueberry-space-cake,,indica,,,berry|blueberry|tropical,berry|blueberry|tropical,,thc,,,,"Blueberry-space-cake is an indica with flavors of berry, blueberry, tropical.",Kushy cannabis-dataset|The Cannabis API (Piyush-Bhor),0.65
blueberry-waltz,Blueberry-waltz,,indica,,,blueberry|sweet|tropical,blueberry|sweet|tropical,,thc,,,,"Blueberry-waltz is an indica with flavors of blueberry, sweet, tropical.",Kushy cannabis-dataset|The Cannabis API (Piyush-Bhor),0.65
blues,Blues,,hybrid,,,berry|earthy|sweet,berry|earthy|sweet,,thc,WA flower lots test around 21% THC on average.,,,"Blues is a hybrid with flavors of berry, earthy, sweet.",Kushy cannabis-dataset|The Cannabis API (Piyush-Bhor)|WA I-502 state lab tests (dolthub/cannabis-testing-wa),0.65
bluniverse,Bluniverse,,hybrid,,,berry|blueberry|vanilla,berry|blueberry|vanilla,,thc,WA flower lots test around 21% THC on average.,,Dynasty Seeds,"Bluniverse is a hybrid with flavors of berry, blueberry, vanilla.",Kushy cannabis-dataset|The Cannabis API (Piyush-Bhor)|WA I-502 state lab tests (dolthub/cannabis-testing-wa),0.65
blurple,Blurple,,hybrid,,,floral|grape|sweet,floral|grape|sweet,,thc,WA flower lots test around 16% THC on average.,,,"Blurple is a hybrid with flavors of floral, grape, sweet.",Lab terpene assays (analytical360/sclabs/psilabs via Terpene-Profile-Parser)|The Cannabis API (Piyush-Bhor)|WA I-502 state lab tests (dolthub/cannabis-testing-wa),0.65
blush,Blush,,hybrid,,,earthy|honey|peppery,earthy|honey|peppery,,thc,,,,"Blush is a hybrid with flavors of earthy, honey, peppery.",The Cannabis API (Piyush-Bhor),0.65
bob-saget,Bob-saget,,sativa,,,diesel|herbal,diesel|herbal,,thc,,,,"Bob-saget is a sativa with flavors of diesel, herbal.",Kushy cannabis-dataset|The Cannabis API (Piyush-Bhor),0.65
bog bubble,Bog Bubble,,hybrid,,,berry|earthy|floral,berry|earthy|floral,,thc,,,B.O.G. Seeds,"Bog Bubble is a hybrid with flavors of berry, earthy, floral.",Kushy cannabis-dataset|Lab terpene assays (analytical360/sclabs/psilabs via Terpene-Profile-Parser)|The Cannabis API (Piyush-Bhor),0.65
bogart,Bogart,,hybrid,,,citrus|sweet|tropical,citrus|sweet|tropical,,thc,,,,"Bogart is a hybrid with flavors of citrus, sweet, tropical.",The Cannabis API (Piyush-Bhor),0.65
booger,Booger,,hybrid,,,diesel|earthy|skunk,diesel|earthy|skunk,,thc,,,,"Booger is a hybrid with flavors of diesel, earthy, skunk.",The Cannabis API (Piyush-Bhor),0.65
bootlegger,Bootlegger,,hybrid,,,earthy|pungent|sweet,earthy|pungent|sweet,,thc,,,,"Bootlegger is a hybrid with flavors of earthy, pungent, sweet.",The Cannabis API (Piyush-Bhor),0.65
bordello,Bordello,,hybrid,,,citrus|pine|sweet,citrus|pine|sweet,,thc,,,,"Bordello is a hybrid with flavors of citrus, pine, sweet.",The Cannabis API (Piyush-Bhor),0.65
boss hogg,Boss Hogg,,hybrid,,,earthy|pungent|sweet,earthy|pungent|sweet,,thc,WA flower lots test around 21% THC on average.,,,"Boss Hogg is a hybrid with flavors of earthy, pungent, sweet.",The Cannabis API (Piyush-Bhor)|WA I-502 state lab tests (dolthub/cannabis-testing-wa),0.65
boysenberry,Boysenberry,,hybrid,,,berry|earthy|sweet,berry|earthy|sweet,,thc,,,Bodhi Seeds,"Boysenberry is a hybrid with flavors of berry, earthy, sweet.",Kushy cannabis-dataset|The Cannabis API (Piyush-Bhor),0.65
brainstorm haze,Brainstorm Haze,,sativa,,,earthy|mint|sweet,earthy|mint|sweet,,thc,WA flower lots test around 15% THC on average.,,Delta-9 Labs,"Brainstorm Haze is a sativa with flavors of earthy, mint, sweet.",Kushy cannabis-dataset|The Cannabis API (Piyush-Bhor)|WA I-502 state lab tests (dolthub/cannabis-testing-wa),0.65
brand x,Brand X,,indica,,,earthy|pine,earthy|pine,,thc,WA flower lots test around 21% THC on average.,,,"Brand X is an indica with flavors of earthy, pine.",Kushy cannabis-dataset|The Cannabis API (Piyush-Bhor)|WA I-502 state lab tests (dolthub/cannabis-testing-wa),0.65
brandywine,Brandywine,,indica,,,grape|honey|floral,grape|honey|floral,,thc,WA flower lots test around 22% THC on average.,,,"Brandywine is an indica with flavors of grape, honey, floral.",Kushy cannabis-dataset|The Cannabis API (Piyush-Bhor)|WA I-502 state lab tests (dolthub/cannabis-testing-wa),0.65
brazil amazonia,Brazil Amazonia,,sativa,,,berry|earthy|herbal,berry|earthy|herbal|spicy,,thc,WA flower lots test around 23% THC on average.,,,"Brazil Amazonia is a sativa with flavors of berry, earthy, herbal.",Kushy cannabis-dataset|The Cannabis API (Piyush-Bhor)|WA I-502 state lab tests (dolthub/cannabis-testing-wa),0.65
brian berry cough,Brian Berry Cough,,hybrid,,,berry|sweet|tropical,berry|sweet|tropical,,thc,WA flower lots test around 18% THC on average.,,TGA Seeds,"Brian Berry Cough is a hybrid with flavors of berry, sweet, tropical.",Kushy cannabis-dataset|Lab terpene assays (analytical360/sclabs/psilabs via Terpene-Profile-Parser)|The Cannabis API (Piyush-Bhor)|WA I-502 state lab tests (dolthub/cannabis-testing-wa),0.65
bright-fire,Bright-fire,,indica,,,citrus|earthy|pungent,citrus|earthy|pungent,,thc,,,,"Bright-fire is an indica with flavors of citrus, earthy, pungent.",The Cannabis API (Piyush-Bhor),0.65
brooklyn-mango,Brooklyn-mango,,hybrid,,,citrus|mango|tropical,citrus|mango|tropical,,thc,,,,"Brooklyn-mango is a hybrid with flavors of citrus, mango, tropical.",The Cannabis API (Piyush-Bhor),0.65
bruce banner 3,Bruce Banner 3,,hybrid,,,earthy|floral|sweet,earthy|floral|sweet,,thc,WA flower lots test around 22% THC on average.,,,"Bruce Banner 3 is a hybrid with flavors of earthy, floral, sweet.",Lab terpene assays (analytical360/sclabs/psilabs via Terpene-Profile-Parser)|The Cannabis API (Piyush-Bhor)|WA I-502 state lab tests (dolthub/cannabis-testing-wa),0.65
bsc,Bsc,,hybrid,,,earthy|pungent|sweet,earthy|pungent|sweet,,thc,WA flower lots test around 19% THC on average.,,,"Bsc is a hybrid with flavors of earthy, pungent, sweet.",The Cannabis API (Piyush-Bhor)|WA I-502 state lab tests (dolthub/cannabis-testing-wa),0.65
bubba,Bubba,,hybrid,,humulene,hoppy|earthy|woody|peppery,,humulene|caryophyllene,thc,,,,Bubba is a hybrid with Humulene-forward terpene profile.,Lab terpene assays (analytical360/sclabs/psilabs via Terpene-Profile-Parser),0.65
bubba og,Bubba Og,,indica,,,earthy|pungent|sweet,earthy|pungent|sweet,,thc,WA flower lots test around 20% THC on average.,,Dr. Greenthumb Seeds,"Bubba Og is an indica with flavors of earthy, pungent, sweet.",Kushy cannabis-dataset|Lab terpene assays (analytical360/sclabs/psilabs via Terpene-Profile-Parser)|The Cannabis API (Piyush-Bhor)|WA I-502 state lab tests (dolthub/cannabis-testing-wa),0.65
bubba-fresh,Bubba-fresh,,hybrid,,,citrus|earthy|pine,citrus|earthy|pine,,thc,,,NorStar Genetics,"Bubba-fresh is a hybrid with flavors of citrus, earthy, pine.",Kushy cannabis-dataset|The Cannabis API (Piyush-Bhor),0.65
bubba-tom-hayes,Bubba-tom-hayes,,hybrid,,,pungent|earthy,pungent|earthy,,thc,,,,"Bubba-tom-hayes is a hybrid with flavors of pungent, earthy.",The Cannabis API (Piyush-Bhor),0.65
bubba-x-skunk,Bubba-x-skunk,,hybrid,,,diesel|pine|skunk,diesel|pine|skunk,,thc,,,,"Bubba-x-skunk is a hybrid with flavors of diesel, pine, skunk.",The Cannabis API (Piyush-Bhor),0.65
bubbalicious,Bubbalicious,,hybrid,,humulene,hoppy|earthy|woody|peppery,,humulene|caryophyllene,thc,,,,Bubbalicious is a hybrid with Humulene-forward terpene profile.,Lab terpene assays (analytical360/sclabs/psilabs via Terpene-Profile-Parser),0.65
bubbas bitch,Bubbas Bitch,,indica,,,earthy|floral,earthy|floral,,thc,,,,"Bubbas Bitch is an indica with flavors of earthy, floral.",Lab terpene assays (analytical360/sclabs/psilabs via Terpene-Profile-Parser)|The Cannabis API (Piyush-Bhor),0.65
bubbas gift,Bubbas Gift,,indica,,,berry|floral|sweet,berry|floral|sweet,,thc,WA flower lots test around 16% THC on average.,,,"Bubbas Gift is an indica with flavors of berry, floral, sweet.",The Cannabis API (Piyush-Bhor)|WA I-502 state lab tests (dolthub/cannabis-testing-wa),0.65
bubble hash,Bubble Hash,,hybrid,,pinene,pine|fresh|floral|lavender,,pinene|linalool|myrcene,thc,,,,Bubble Hash is a hybrid with Pinene-forward terpene profile.,Lab terpene assays (analytical360/sclabs/psilabs via Terpene-Profile-Parser),0.65
bubblegum kush,Bubblegum Kush,,indica,,,citrus|earthy|floral,citrus|earthy|floral|sweet,,thc,WA flower lots test around 19% THC on average.,,,"Bubblegum Kush is an indica with flavors of citrus, earthy, floral.",Kushy cannabis-dataset|Lab terpene assays (analytical360/sclabs/psilabs via Terpene-Profile-Parser)|The Cannabis API (Piyush-Bhor)|WA I-502 state lab tests (dolthub/cannabis-testing-wa),0.65
bubblegun,Bubblegun,,hybrid,,,blueberry|mint|peppery,blueberry|mint|peppery,,thc,WA flower lots test around 5% THC on average.,,,"Bubblegun is a hybrid with flavors of blueberry, mint, peppery.",Kushy cannabis-dataset|The Cannabis API (Piyush-Bhor)|WA I-502 state lab tests (dolthub/cannabis-testing-wa),0.65
buckeye-purple,Buckeye-purple,,indica,,,diesel|grape|tropical,diesel|grape|tropical,,thc,,,Melvanetics,"Buckeye-purple is an indica with flavors of diesel, grape, tropical.",Kushy cannabis-dataset|The Cannabis API (Piyush-Bhor),0.65
buddha tahoe,Buddha Tahoe,,indica,,,earthy|pungent|sweet,earthy|pungent|sweet,,thc,WA flower lots test around 18% THC on average.,,Big Buddha Seeds,"Buddha Tahoe is an indica with flavors of earthy, pungent, sweet.",Kushy cannabis-dataset|The Cannabis API (Piyush-Bhor)|WA I-502 state lab tests (dolthub/cannabis-testing-wa),0.65
buddhas sister,Buddhas Sister,,indica,,,earthy|floral|sweet,earthy|floral|sweet,,thc,WA flower lots test around 19% THC on average.,,,"Buddhas Sister is an indica with flavors of earthy, floral, sweet.",The Cannabis API (Piyush-Bhor)|WA I-502 state lab tests (dolthub/cannabis-testing-wa),0.65
buddhas-hand,Buddhas-hand,,hybrid,,,citrus|lemon|pungent,citrus|lemon|pungent,,thc,,,,"Buddhas-hand is a hybrid with flavors of citrus, lemon, pungent.",The Cannabis API (Piyush-Bhor),0.65
buffalo bill,Buffalo Bill,,sativa,,,earthy|pine|woody,earthy|pine|woody,,thc,WA flower lots test around 20% THC on average.,,,"Buffalo Bill is a sativa with flavors of earthy, pine, woody.",Kushy cannabis-dataset|The Cannabis API (Piyush-Bhor)|WA I-502 state lab tests (dolthub/cannabis-testing-wa),0.65
bugatti-og,Bugatti-og,,hybrid,,,berry|earthy|pine,berry|earthy|pine,,thc,,,,"Bugatti-og is a hybrid with flavors of berry, earthy, pine.",Kushy cannabis-dataset|The Cannabis API (Piyush-Bhor),0.65
burkle,Burkle,,indica,,,berry|floral|pungent,berry|floral|pungent|sweet,,thc,,,,"Burkle is an indica with flavors of berry, floral, pungent.",Kushy cannabis-dataset|The Cannabis API (Piyush-Bhor),0.65
butter og,Butter Og,,indica,,,creamy|pungent|sweet,creamy|pungent|sweet,,thc,,,,"Butter Og is an indica with flavors of creamy, pungent, sweet.",Kushy cannabis-dataset|Lab terpene assays (analytical360/sclabs/psilabs via Terpene-Profile-Parser)|The Cannabis API (Piyush-Bhor),0.65
butterscotch,Butterscotch,,indica,,,citrus|nutty|pine,citrus|nutty|pine,,thc,,,,"Butterscotch is an indica with flavors of citrus, nutty, pine.",Kushy cannabis-dataset|The Cannabis API (Piyush-Bhor),0.65
c13-haze,C13-haze,,sativa,,,earthy|lemon|pungent,earthy|lemon|pungent,,thc,,,DNA Genetics,"C13-haze is a sativa with flavors of earthy, lemon, pungent.",Kushy cannabis-dataset|The Cannabis API (Piyush-Bhor),0.65
c3po,C3po,,hybrid,,,lemon|pine|sweet,lemon|pine|sweet,,thc,,,,"C3po is a hybrid with flavors of lemon, pine, sweet.",Kushy cannabis-dataset|Lab terpene assays (analytical360/sclabs/psilabs via Terpene-Profile-Parser)|The Cannabis API (Piyush-Bhor),0.65
cbd,CBD,,hybrid,,caryophyllene,peppery|spicy|woody,,caryophyllene,thc,,,,CBD is a hybrid with Caryophyllene-forward terpene profile.,Lab terpene assays (analytical360/sclabs/psilabs via Terpene-Profile-Parser),0.65
cabbage-patch,Cabbage-patch,,hybrid,,,citrus|mint|nutty,citrus|mint|nutty,,thc,,,,"Cabbage-patch is a hybrid with flavors of citrus, mint, nutty.",Kushy cannabis-dataset|The Cannabis API (Piyush-Bhor),0.65
cactus,Cactus,,indica,,,citrus|earthy|pungent,citrus|earthy|pungent,,thc,WA flower lots test around 23% THC on average.,,,"Cactus is an indica with flavors of citrus, earthy, pungent.",Kushy cannabis-dataset|Lab terpene assays (analytical360/sclabs/psilabs via Terpene-Profile-Parser)|The Cannabis API (Piyush-Bhor)|WA I-502 state lab tests (dolthub/cannabis-testing-wa),0.65
cactus-cooler,Cactus-cooler,,hybrid,,,citrus|earthy|sweet,citrus|earthy|sweet,,thc,,,,"Cactus-cooler is a hybrid with flavors of citrus, earthy, sweet.",Kushy cannabis-dataset|The Cannabis API (Piyush-Bhor),0.65
cadillac-purple,Cadillac-purple,,indica,,,berry|earthy|grape,berry|earthy|grape|sweet,,thc,,,,"Cadillac-purple is an indica with flavors of berry, earthy, grape.",Kushy cannabis-dataset|The Cannabis API (Piyush-Bhor),0.65
cali gold,Cali Gold,,hybrid,,,earthy|pine|skunk,earthy|pine|skunk,,thc,,,,"Cali Gold is a hybrid with flavors of earthy, pine, skunk.",Kushy cannabis-dataset|Lab terpene assays (analytical360/sclabs/psilabs via Terpene-Profile-Parser)|The Cannabis API (Piyush-Bhor),0.65
cali kush,Cali Kush,,hybrid,,,earthy|sweet|woody,earthy|sweet|woody,,thc,WA flower lots test around 20% THC on average.,,,"Cali Kush is a hybrid with flavors of earthy, sweet, woody.",Kushy cannabis-dataset|Lab terpene assays (analytical360/sclabs/psilabs via Terpene-Profile-Parser)|The Cannabis API (Piyush-Bhor)|WA I-502 state lab tests (dolthub/cannabis-testing-wa),0.65
cali-jack,Cali-jack,,hybrid,,,diesel|skunk|sweet,diesel|skunk|sweet,,thc,,,,"Cali-jack is a hybrid with flavors of diesel, skunk, sweet.",The Cannabis API (Piyush-Bhor),0.65
california-sour,California-sour,,hybrid,,,citrus|diesel|lemon,citrus|diesel|lemon,,thc,,,,"California-sour is a hybrid with flavors of citrus, diesel, lemon.",Kushy cannabis-dataset|The Cannabis API (Piyush-Bhor),0.65
cambodian,Cambodian,,sativa,,,earthy|floral|tropical,earthy|floral|tropical,,thc,WA flower lots test around 20% THC on average.,,,"Cambodian is a sativa with flavors of earthy, floral, tropical.",Kushy cannabis-dataset|The Cannabis API (Piyush-Bhor)|WA I-502 state lab tests (dolthub/cannabis-testing-wa),0.65
cambodian-haze,Cambodian-haze,,sativa,,,citrus|lemon|sweet,citrus|lemon|sweet,,thc,,,,"Cambodian-haze is a sativa with flavors of citrus, lemon, sweet.",Kushy cannabis-dataset|The Cannabis API (Piyush-Bhor),0.65
candy jack,Candy Jack,,sativa,,,citrus|pine|pungent,citrus|pine|pungent|skunk|sweet,,thc,WA flower lots test around 13% THC on average.,,,"Candy Jack is a sativa with flavors of citrus, pine, pungent.",Kushy cannabis-dataset|Lab terpene assays (analytical360/sclabs/psilabs via Terpene-Profile-Parser)|The Cannabis API (Piyush-Bhor)|WA I-502 state lab tests (dolthub/cannabis-testing-wa),0.65
candy-cane,Candy-cane,,indica,,,citrus|mint|pine,citrus|mint|pine|sweet|tropical,,thc,,,Crop King Seeds,"Candy-cane is an indica with flavors of citrus, mint, pine.",Kushy cannabis-dataset|The Cannabis API (Piyush-Bhor),0.65
canna tsu,Canna Tsu,,hybrid,,,earthy|citrus|woody,earthy|citrus|woody,,thc,WA flower lots test around 6% THC on average.,,Southern Humboldt Seed Collective,"Canna Tsu is a hybrid with flavors of earthy, citrus, woody.",Kushy cannabis-dataset|Lab terpene assays (analytical360/sclabs/psilabs via Terpene-Profile-Parser)|The Cannabis API (Piyush-Bhor)|WA I-502 state lab tests (dolthub/cannabis-testing-wa),0.65
cannadential,Cannadential,,hybrid,,,diesel|earthy|pungent,diesel|earthy|pungent,,thc,,,DNA Genetics,"Cannadential is a hybrid with flavors of diesel, earthy, pungent.",Kushy cannabis-dataset|Lab terpene assays (analytical360/sclabs/psilabs via Terpene-Profile-Parser)|The Cannabis API (Piyush-Bhor),0.65
cannalope kush,Cannalope Kush,,hybrid,,,earthy|sweet|woody,earthy|sweet|woody,,thc,WA flower lots test around 19% THC on average.,,DNA Genetics,"Cannalope Kush is a hybrid with flavors of earthy, sweet, woody.",Kushy cannabis-dataset|Lab terpene assays (analytical360/sclabs/psilabs via Terpene-Profile-Parser)|The Cannabis API (Piyush-Bhor)|WA I-502 state lab tests (dolthub/cannabis-testing-wa),0.65
cannasutra,Cannasutra,,indica,,,berry|earthy|sweet,berry|earthy|sweet,,thc,WA flower lots test around 18% THC on average.,,,"Cannasutra is an indica with flavors of berry, earthy, sweet.",Kushy cannabis-dataset|The Cannabis API (Piyush-Bhor)|WA I-502 state lab tests (dolthub/cannabis-testing-wa),0.65
canndescent - calm 101,Canndescent - Calm 101,,hybrid,,myrcene,earthy|musky|herbal|peppery,,myrcene|caryophyllene,thc,,,,Canndescent - Calm 101 is a hybrid with Myrcene-forward terpene profile.,Lab terpene assays (analytical360/sclabs/psilabs via Terpene-Profile-Parser),0.65
canndescent - connect 407,Canndescent - Connect 407,,hybrid,,myrcene,earthy|musky|herbal,,myrcene,thc,,,,Canndescent - Connect 407 is a hybrid with Myrcene-forward terpene profile.,Lab terpene assays (analytical360/sclabs/psilabs via Terpene-Profile-Parser),0.65
canndescent - create 303,Canndescent - Create 303,,hybrid,,myrcene,earthy|musky|herbal|pine,,myrcene|pinene,thc,,,,Canndescent - Create 303 is a hybrid with Myrcene-forward terpene profile.,Lab terpene assays (analytical360/sclabs/psilabs via Terpene-Profile-Parser),0.65
canndescent - create 309,Canndescent - Create 309,,hybrid,,myrcene,earthy|musky|herbal|peppery,,myrcene|caryophyllene,thc,,,,Canndescent - Create 309 is a hybrid with Myrcene-forward terpene profile.,Lab terpene assays (analytical360/sclabs/psilabs via Terpene-Profile-Parser),0.65
capers,Capers,,indica,,,earthy|pungent|skunk,earthy|pungent|skunk,,thc,,,,"Capers is an indica with flavors of earthy, pungent, skunk.",Kushy cannabis-dataset|The Cannabis API (Piyush-Bhor),0.65
captain america og,Captain America Og,,hybrid,,,berry|diesel|orange,berry|diesel|orange,,thc,,,,"Captain America Og is a hybrid with flavors of berry, diesel, orange.",Lab terpene assays (analytical360/sclabs/psilabs via Terpene-Profile-Parser)|The Cannabis API (Piyush-Bhor),0.65
captain kush,Captain Kush,,hybrid,,myrcene,earthy|musky|herbal|peppery,,myrcene|caryophyllene|humulene,thc,,,,Captain Kush is a hybrid with Myrcene-forward terpene profile.,Lab terpene assays (analytical360/sclabs/psilabs via Terpene-Profile-Parser),0.65
captains-cake,Captains-cake,,hybrid,,,citrus|earthy|sweet,citrus|earthy|sweet,,thc,,,,"Captains-cake is a hybrid with flavors of citrus, earthy, sweet.",The Cannabis API (Piyush-Bhor),0.65
caramel candy kush,Caramel Candy Kush,,hybrid,,,coffee|sweet|vanilla,coffee|sweet|vanilla,,thc,WA flower lots test around 19% THC on average.,,Dynasty Seeds,"Caramel Candy Kush is a hybrid with flavors of coffee, sweet, vanilla.",Kushy cannabis-dataset|Lab terpene assays (analytical360/sclabs/psilabs via Terpene-Profile-Parser)|The Cannabis API (Piyush-Bhor)|WA I-502 state lab tests (dolthub/cannabis-testing-wa),0.65
caramel-kona-coffee-kush,Caramel-kona-coffee-kush,,indica,,,coffee|earthy|sweet,coffee|earthy|sweet|vanilla|woody,,thc,,,,"Caramel-kona-coffee-kush is an indica with flavors of coffee, earthy, sweet.",Kushy cannabis-dataset|The Cannabis API (Piyush-Bhor),0.65
caramelicious,Caramelicious,,hybrid,,,coffee|sweet|vanilla,coffee|sweet|vanilla,,thc,WA flower lots test around 19% THC on average.,,,"Caramelicious is a hybrid with flavors of coffee, sweet, vanilla.",Kushy cannabis-dataset|The Cannabis API (Piyush-Bhor)|WA I-502 state lab tests (dolthub/cannabis-testing-wa),0.65
caramella,Caramella,,indica,,,herbal|mint|spicy,herbal|mint|spicy|sweet,,thc,,,Homegrown Fantaseeds,"Caramella is an indica with flavors of herbal, mint, spicy.",Kushy cannabis-dataset|The Cannabis API (Piyush-Bhor),0.65
caramelo,Caramelo,,sativa,,,coffee|floral|sweet,coffee|floral|sweet|vanilla,,thc,WA flower lots test around 20% THC on average.,,Delicious Seeds,"Caramelo is a sativa with flavors of coffee, floral, sweet.",Kushy cannabis-dataset|Lab terpene assays (analytical360/sclabs/psilabs via Terpene-Profile-Parser)|The Cannabis API (Piyush-Bhor)|WA I-502 state lab tests (dolthub/cannabis-testing-wa),0.65
carl sagan,Carl Sagan,,hybrid,,,earthy|pine|sweet,earthy|pine|sweet,,thc,WA flower lots test around 19% THC on average.,,,"Carl Sagan is a hybrid with flavors of earthy, pine, sweet.",Lab terpene assays (analytical360/sclabs/psilabs via Terpene-Profile-Parser)|The Cannabis API (Piyush-Bhor)|WA I-502 state lab tests (dolthub/cannabis-testing-wa),0.65
carnival,Carnival,,sativa,,,earthy|pine,earthy|pine,,thc,WA flower lots test around 20% THC on average.,,Ministry of Cannabis,"Carnival is a sativa with flavors of earthy, pine.",Kushy cannabis-dataset|Lab terpene assays (analytical360/sclabs/psilabs via Terpene-Profile-Parser)|The Cannabis API (Piyush-Bhor)|WA I-502 state lab tests (dolthub/cannabis-testing-wa),0.65
cascadia kush,Cascadia Kush,,indica,,,earthy|floral|sweet,earthy|floral|sweet,,thc,WA flower lots test around 18% THC on average.,,,"Cascadia Kush is an indica with flavors of earthy, floral, sweet.",Kushy cannabis-dataset|Lab terpene assays (analytical360/sclabs/psilabs via Terpene-Profile-Parser)|The Cannabis API (Piyush-Bhor)|WA I-502 state lab tests (dolthub/cannabis-testing-wa),0.65
casey jones,Casey Jones,,sativa,,,citrus|earthy|sweet,citrus|earthy|sweet,,thc,WA flower lots test around 17% THC on average.,,Head Seeds,"Casey Jones is a sativa with flavors of citrus, earthy, sweet.",Kushy cannabis-dataset|Lab terpene assays (analytical360/sclabs/psilabs via Terpene-Profile-Parser)|The Cannabis API (Piyush-Bhor)|WA I-502 state lab tests (dolthub/cannabis-testing-wa),0.65
cashus-clay,Cashus-clay,,hybrid,,,creamy|earthy|pungent,creamy|earthy|pungent,,thc,,,,"Cashus-clay is a hybrid with flavors of creamy, earthy, pungent.",The Cannabis API (Piyush-Bhor),0.65
casper og,Casper Og,,indica,,,earthy|pine|pungent,earthy|pine|pungent|sweet,,thc,WA flower lots test around 21% THC on average.,,Archive Seed Bank,"Casper Og is an indica with flavors of earthy, pine, pungent.",Kushy cannabis-dataset|The Cannabis API (Piyush-Bhor)|WA I-502 state lab tests (dolthub/cannabis-testing-wa),0.65
cat piss,Cat Piss,,sativa,,,pungent|cheese|earthy,pungent|cheese|earthy|woody,,thc,WA flower lots test around 18% THC on average.,,,"Cat Piss is a sativa with flavors of pungent, cheese, earthy.",Kushy cannabis-dataset|The Cannabis API (Piyush-Bhor)|WA I-502 state lab tests (dolthub/cannabis-testing-wa),0.65
cataract kush,Cataract Kush,,hybrid,,,citrus|pungent|sweet,citrus|pungent|sweet,,thc,WA flower lots test around 24% THC on average.,,DNA Genetics,"Cataract Kush is a hybrid with flavors of citrus, pungent, sweet.",Kushy cannabis-dataset|The Cannabis API (Piyush-Bhor)|WA I-502 state lab tests (dolthub/cannabis-testing-wa),0.65
catfish,Catfish,,sativa,,,pungent|diesel|earthy,pungent|diesel|earthy,,thc,,,,"Catfish is a sativa with flavors of pungent, diesel, earthy.",Kushy cannabis-dataset|The Cannabis API (Piyush-Bhor),0.65
cbd critical cure,Cbd Critical Cure,,indica,,,berry|earthy|sweet,berry|earthy|sweet,,thc,WA flower lots test around 12% THC on average.,,,"Cbd Critical Cure is an indica with flavors of berry, earthy, sweet.",Kushy cannabis-dataset|Lab terpene assays (analytical360/sclabs/psilabs via Terpene-Profile-Parser)|The Cannabis API (Piyush-Bhor)|WA I-502 state lab tests (dolthub/cannabis-testing-wa),0.65
cbd critical mass,Cbd Critical Mass,,indica,,,earthy|mint|pungent,earthy|mint|pungent,,thc,,,CBD Crew,"Cbd Critical Mass is an indica with flavors of earthy, mint, pungent.",Kushy cannabis-dataset|Lab terpene assays (analytical360/sclabs/psilabs via Terpene-Profile-Parser)|The Cannabis API (Piyush-Bhor),0.65
cbd kush,Cbd Kush,,hybrid,,,earthy|herbal|spicy,earthy|herbal|spicy|woody,,thc,WA flower lots test around 7% THC on average.,,Dutch Passion Seed Company,"Cbd Kush is a hybrid with flavors of earthy, herbal, spicy.",Kushy cannabis-dataset|The Cannabis API (Piyush-Bhor)|WA I-502 state lab tests (dolthub/cannabis-testing-wa),0.65
cbd mango haze,Cbd Mango Haze,,sativa,,,floral|mango|peppery,floral|mango|peppery|tropical,,thc,WA flower lots test around 7% THC on average.,,CBD Crew,"Cbd Mango Haze is a sativa with flavors of floral, mango, peppery.",Kushy cannabis-dataset|The Cannabis API (Piyush-Bhor)|WA I-502 state lab tests (dolthub/cannabis-testing-wa),0.65
cbd ox,Cbd Ox,,indica,,,berry|floral|sweet,berry|floral|sweet,,thc,WA flower lots test around 15% THC on average.,,,"Cbd Ox is an indica with flavors of berry, floral, sweet.",Kushy cannabis-dataset|The Cannabis API (Piyush-Bhor)|WA I-502 state lab tests (dolthub/cannabis-testing-wa),0.65
cbd shark,Cbd Shark,,indica,,,earthy|nutty|pine,earthy|nutty|pine|pungent,,thc,WA flower lots test around 7% THC on average.,,,"Cbd Shark is an indica with flavors of earthy, nutty, pine.",Kushy cannabis-dataset|The Cannabis API (Piyush-Bhor)|WA I-502 state lab tests (dolthub/cannabis-testing-wa),0.65
cbd-blue-shark,Cbd-blue-shark,,hybrid,,,blueberry|earthy|floral,blueberry|earthy|floral,,thc,,,,"Cbd-blue-shark is a hybrid with flavors of blueberry, earthy, floral.",The Cannabis API (Piyush-Bhor),0.65
cbdiesel,Cbdiesel,,hybrid,,pinene,pine|fresh|earthy|musky,,pinene|myrcene|caryophyllene,thc,,,,Cbdiesel is a hybrid with Pinene-forward terpene profile.,Lab terpene assays (analytical360/sclabs/psilabs via Terpene-Profile-Parser),0.65
cello-sweet-og,Cello-sweet-og,,hybrid,,,herbal|pineapple|spicy,herbal|pineapple|spicy|sweet,,thc,,,,"Cello-sweet-og is a hybrid with flavors of herbal, pineapple, spicy.",The Cannabis API (Piyush-Bhor),0.65
cenarius,Cenarius,,hybrid,,myrcene,earthy|musky|herbal,,myrcene,thc,,,,Cenarius is a hybrid with Myrcene-forward terpene profile.,Lab terpene assays (analytical360/sclabs/psilabs via Terpene-Profile-Parser),0.65
central-american,Central-american,,sativa,,,diesel|earthy|sweet,diesel|earthy|sweet,,thc,,,,"Central-american is a sativa with flavors of diesel, earthy, sweet.",Kushy cannabis-dataset|The Cannabis API (Piyush-Bhor),0.65
cerebro-haze,Cerebro-haze,,sativa,,,citrus|peppery|vanilla,citrus|peppery|vanilla,,thc,,,,"Cerebro-haze is a sativa with flavors of citrus, peppery, vanilla.",Kushy cannabis-dataset|The Cannabis API (Piyush-Bhor),0.65
chairman-chem-sou,Chairman-chem-sou,,hybrid,,,citrus|diesel|peppery,citrus|diesel|peppery,,thc,,,,"Chairman-chem-sou is a hybrid with flavors of citrus, diesel, peppery.",The Cannabis API (Piyush-Bhor),0.65
champagne kush,Champagne Kush,,hybrid,,,citrus|earthy|sweet,citrus|earthy|sweet,,thc,WA flower lots test around 14% THC on average.,,,"Champagne Kush is a hybrid with flavors of citrus, earthy, sweet.",Lab terpene assays (analytical360/sclabs/psilabs via Terpene-Profile-Parser)|The Cannabis API (Piyush-Bhor)|WA I-502 state lab tests (dolthub/cannabis-testing-wa),0.65
charlie sheen,Charlie Sheen,,hybrid,,,lemon|pine|sweet,lemon|pine|sweet,,thc,WA flower lots test around 17% THC on average.,,,"Charlie Sheen is a hybrid with flavors of lemon, pine, sweet.",Kushy cannabis-dataset|Lab terpene assays (analytical360/sclabs/psilabs via Terpene-Profile-Parser)|The Cannabis API (Piyush-Bhor)|WA I-502 state lab tests (dolthub/cannabis-testing-wa),0.65
cheese candy,Cheese Candy,,hybrid,,,cheese|pungent|sweet,cheese|pungent|sweet,,thc,WA flower lots test around 17% THC on average.,,Delicious Seeds,"Cheese Candy is a hybrid with flavors of cheese, pungent, sweet.",Kushy cannabis-dataset|Lab terpene assays (analytical360/sclabs/psilabs via Terpene-Profile-Parser)|The Cannabis API (Piyush-Bhor)|WA I-502 state lab tests (dolthub/cannabis-testing-wa),0.65
cheeseburger,Cheeseburger,,hybrid,,,cheese|peppery|herbal,cheese|peppery|herbal,,thc,WA flower lots test around 19% THC on average.,,,"Cheeseburger is a hybrid with flavors of cheese, peppery, herbal.",Kushy cannabis-dataset|The Cannabis API (Piyush-Bhor)|WA I-502 state lab tests (dolthub/cannabis-testing-wa),0.65
cheesewreck,Cheesewreck,,hybrid,,,cheese|pungent|woody,cheese|pungent|woody,,thc,WA flower lots test around 20% THC on average.,,Seedism,"Cheesewreck is a hybrid with flavors of cheese, pungent, woody.",Kushy cannabis-dataset|The Cannabis API (Piyush-Bhor)|WA I-502 state lab tests (dolthub/cannabis-testing-wa),0.65
chem 4,Chem 4,,hybrid,,humulene,hoppy|earthy|woody|musky,,humulene|myrcene|pinene,thc,,,,Chem 4 is a hybrid with Humulene-forward terpene profile.,Lab terpene assays (analytical360/sclabs/psilabs via Terpene-Profile-Parser),0.65
chem 91,Chem 91,,hybrid,,pinene,pine|fresh|peppery|spicy,,pinene|caryophyllene,thc,,,,Chem 91 is a hybrid with Pinene-forward terpene profile.,Lab terpene assays (analytical360/sclabs/psilabs via Terpene-Profile-Parser),0.65
chem-crush,Chem-crush,,hybrid,,,earthy|pungent|sweet,earthy|pungent|sweet,,thc,,,,"Chem-crush is a hybrid with flavors of earthy, pungent, sweet.",The Cannabis API (Piyush-Bhor),0.65
chem-jack,Chem-jack,,hybrid,,,earthy|floral|sweet,earthy|floral|sweet,,thc,,,Mother Chucker Seeds,"Chem-jack is a hybrid with flavors of earthy, floral, sweet.",Kushy cannabis-dataset|The Cannabis API (Piyush-Bhor),0.65
chem-scout,Chem-scout,,indica,,,earthy|skunk|herbal,earthy|skunk|herbal,,thc,,,Loud Seeds,"Chem-scout is an indica with flavors of earthy, skunk, herbal.",Kushy cannabis-dataset|The Cannabis API (Piyush-Bhor),0.65
chemdawg 4,Chemdawg 4,,hybrid,,,diesel|lemon|pine,diesel|lemon|pine,,thc,WA flower lots test around 23% THC on average.,,,"Chemdawg 4 is a hybrid with flavors of diesel, lemon, pine.",Kushy cannabis-dataset|Lab terpene assays (analytical360/sclabs/psilabs via Terpene-Profile-Parser)|The Cannabis API (Piyush-Bhor)|WA I-502 state lab tests (dolthub/cannabis-testing-wa),0.65
chemdawg sour diesel,Chemdawg Sour Diesel,,hybrid,,,diesel|pine|pungent,diesel|pine|pungent,,thc,WA flower lots test around 24% THC on average.,,,"Chemdawg Sour Diesel is a hybrid with flavors of diesel, pine, pungent.",The Cannabis API (Piyush-Bhor)|WA I-502 state lab tests (dolthub/cannabis-testing-wa),0.65
chemdawg-4-x-alien-og-kush,Chemdawg-4-x-alien-og-kush,,hybrid,,,floral|mint|nutty,floral|mint|nutty,,thc,,,,"Chemdawg-4-x-alien-og-kush is a hybrid with flavors of floral, mint, nutty.",The Cannabis API (Piyush-Bhor),0.65
chemmy jones,Chemmy Jones,,hybrid,,,earthy|floral|pine,earthy|floral|pine,,thc,WA flower lots test around 19% THC on average.,,Connoisseur Genetics,"Chemmy Jones is a hybrid with flavors of earthy, floral, pine.",Kushy cannabis-dataset|Lab terpene assays (analytical360/sclabs/psilabs via Terpene-Profile-Parser)|The Cannabis API (Piyush-Bhor)|WA I-502 state lab tests (dolthub/cannabis-testing-wa),0.65
chemnesia,Chemnesia,,hybrid,,,citrus|diesel|sweet,citrus|diesel|sweet,,thc,,,,"Chemnesia is a hybrid with flavors of citrus, diesel, sweet.",The Cannabis API (Piyush-Bhor),0.65
chemo,Chemo,,indica,,,earthy|pine|sweet,earthy|pine|sweet|woody,,thc,WA flower lots test around 18% THC on average.,,Federation Seed Company,"Chemo is an indica with flavors of earthy, pine, sweet.",Kushy cannabis-dataset|The Cannabis API (Piyush-Bhor)|WA I-502 state lab tests (dolthub/cannabis-testing-wa),0.65
chems-sister,Chems-sister,,sativa,,,diesel|citrus|pungent,diesel|citrus|pungent,,thc,,,,"Chems-sister is a sativa with flavors of diesel, citrus, pungent.",The Cannabis API (Piyush-Bhor),0.65
chemwreck,Chemwreck,,hybrid,,,diesel|pungent,diesel|pungent,,thc,WA flower lots test around 18% THC on average.,,,"Chemwreck is a hybrid with flavors of diesel, pungent.",The Cannabis API (Piyush-Bhor)|WA I-502 state lab tests (dolthub/cannabis-testing-wa),0.65
cherries jubilee,Cherries Jubilee,,indica,,,berry|herbal|sweet,berry|herbal|sweet|woody,,thc,WA flower lots test around 22% THC on average.,,,"Cherries Jubilee is an indica with flavors of berry, herbal, sweet.",Kushy cannabis-dataset|The Cannabis API (Piyush-Bhor)|WA I-502 state lab tests (dolthub/cannabis-testing-wa),0.65
cherry ak 47,Cherry Ak 47,,hybrid,,,berry|earthy|sweet,berry|earthy|sweet,,thc,WA flower lots test around 18% THC on average.,,,"Cherry Ak 47 is a hybrid with flavors of berry, earthy, sweet.",Kushy cannabis-dataset|The Cannabis API (Piyush-Bhor)|WA I-502 state lab tests (dolthub/cannabis-testing-wa),0.65
cherry cream pie,Cherry Cream Pie,,hybrid,,,diesel|pungent|sweet,diesel|pungent|sweet,,thc,WA flower lots test around 18% THC on average.,,Exotic Genetix,"Cherry Cream Pie is a hybrid with flavors of diesel, pungent, sweet.",Kushy cannabis-dataset|The Cannabis API (Piyush-Bhor)|WA I-502 state lab tests (dolthub/cannabis-testing-wa),0.65
cherry diesel,Cherry Diesel,,hybrid,,,berry|citrus|sweet,berry|citrus|sweet,,thc,WA flower lots test around 12% THC on average.,,,"Cherry Diesel is a hybrid with flavors of berry, citrus, sweet.",Kushy cannabis-dataset|Lab terpene assays (analytical360/sclabs/psilabs via Terpene-Profile-Parser)|The Cannabis API (Piyush-Bhor)|WA I-502 state lab tests (dolthub/cannabis-testing-wa),0.65
cherry kola,Cherry Kola,,indica,,,berry|pungent|sweet,berry|pungent|sweet,,thc,WA flower lots test around 21% THC on average.,,,"Cherry Kola is an indica with flavors of berry, pungent, sweet.",Kushy cannabis-dataset|The Cannabis API (Piyush-Bhor)|WA I-502 state lab tests (dolthub/cannabis-testing-wa),0.65
cherry pie kush,Cherry Pie Kush,,hybrid,,,berry|floral|sweet,berry|floral|sweet,,thc,WA flower lots test around 18% THC on average.,,,"Cherry Pie Kush is a hybrid with flavors of berry, floral, sweet.",Lab terpene assays (analytical360/sclabs/psilabs via Terpene-Profile-Parser)|The Cannabis API (Piyush-Bhor)|WA I-502 state lab tests (dolthub/cannabis-testing-wa),0.65
cherry sherbet,Cherry Sherbet,,hybrid,,,berry|diesel|sweet,berry|diesel|sweet,,thc,WA flower lots test around 17% THC on average.,,,"Cherry Sherbet is a hybrid with flavors of berry, diesel, sweet.",The Cannabis API (Piyush-Bhor)|WA I-502 state lab tests (dolthub/cannabis-testing-wa),0.65
cherry skunk,Cherry Skunk,,hybrid,,,earthy|skunk|sweet,earthy|skunk|sweet,,thc,WA flower lots test around 18% THC on average.,,,"Cherry Skunk is a hybrid with flavors of earthy, skunk, sweet.",Kushy cannabis-dataset|The Cannabis API (Piyush-Bhor)|WA I-502 state lab tests (dolthub/cannabis-testing-wa),0.65
cherry-durban-poison,Cherry-durban-poison,,hybrid,,,citrus|floral|sweet,citrus|floral|sweet,,thc,,,,"Cherry-durban-poison is a hybrid with flavors of citrus, floral, sweet.",Kushy cannabis-dataset|The Cannabis API (Piyush-Bhor),0.65
cherry-grapefruit,Cherry-grapefruit,,hybrid,,,berry|floral|sweet,berry|floral|sweet,,thc,,,Kera Seeds,"Cherry-grapefruit is a hybrid with flavors of berry, floral, sweet.",Kushy cannabis-dataset|The Cannabis API (Piyush-Bhor),0.65
cherry-limeade,Cherry-limeade,,hybrid,,,citrus|sweet,citrus|sweet,,thc,,,Aficionado Seeds,"Cherry-limeade is a hybrid with flavors of citrus, sweet.",Kushy cannabis-dataset|The Cannabis API (Piyush-Bhor),0.65
cherry-sauce,Cherry-sauce,,hybrid,,,floral|herbal|spicy,floral|herbal|spicy|sweet,,thc,,,,"Cherry-sauce is a hybrid with flavors of floral, herbal, spicy.",The Cannabis API (Piyush-Bhor),0.65
cherry-slyder,Cherry-slyder,,hybrid,,,earthy|pine|sweet,earthy|pine|sweet,,thc,,,,"Cherry-slyder is a hybrid with flavors of earthy, pine, sweet.",Kushy cannabis-dataset|The Cannabis API (Piyush-Bhor),0.65
cherry-thunder-fuck,Cherry-thunder-fuck,,hybrid,,,berry|earthy|pungent,berry|earthy|pungent,,thc,,,,"Cherry-thunder-fuck is a hybrid with flavors of berry, earthy, pungent.",The Cannabis API (Piyush-Bhor),0.65
cherwillie,Cherwillie,,hybrid,,,citrus|strawberry|sweet,citrus|strawberry|sweet,,thc,WA flower lots test around 19% THC on average.,,,"Cherwillie is a hybrid with flavors of citrus, strawberry, sweet.",Lab terpene assays (analytical360/sclabs/psilabs via Terpene-Profile-Parser)|The Cannabis API (Piyush-Bhor)|WA I-502 state lab tests (dolthub/cannabis-testing-wa),0.65
chicle,Chicle,,hybrid,,,pungent|diesel|mint,pungent|diesel|mint,,thc,,,,"Chicle is a hybrid with flavors of pungent, diesel, mint.",The Cannabis API (Piyush-Bhor),0.65
china yunnan,China Yunnan,,indica,,,cheese|earthy|sweet,cheese|earthy|sweet,,thc,,,,"China Yunnan is an indica with flavors of cheese, earthy, sweet.",Kushy cannabis-dataset|Lab terpene assays (analytical360/sclabs/psilabs via Terpene-Profile-Parser)|The Cannabis API (Piyush-Bhor),0.65
chinese fire,Chinese Fire,,hybrid,,humulene,hoppy|earthy|woody|peppery,,humulene|caryophyllene,thc,,,,Chinese Fire is a hybrid with Humulene-forward terpene profile.,Lab terpene assays (analytical360/sclabs/psilabs via Terpene-Profile-Parser),0.65
chiquita-banana,Chiquita-banana,,hybrid,,,lemon|orange|sweet,lemon|orange|sweet,,thc,,,Utopia Farms,"Chiquita-banana is a hybrid with flavors of lemon, orange, sweet.",Kushy cannabis-dataset|The Cannabis API (Piyush-Bhor),0.65
chloe,Chloe,,hybrid,,,earthy|herbal|spicy,earthy|herbal|spicy|sweet,,thc,WA flower lots test around 20% THC on average.,,,"Chloe is a hybrid with flavors of earthy, herbal, spicy.",The Cannabis API (Piyush-Bhor)|WA I-502 state lab tests (dolthub/cannabis-testing-wa),0.65
chocolate diesel,Chocolate Diesel,,sativa,,,diesel|nutty|pine,diesel|nutty|pine|woody,,thc,WA flower lots test around 21% THC on average.,,B.O.G. Seeds,"Chocolate Diesel is a sativa with flavors of diesel, nutty, pine.",Kushy cannabis-dataset|The Cannabis API (Piyush-Bhor)|WA I-502 state lab tests (dolthub/cannabis-testing-wa),0.65
chocolate fondue,Chocolate Fondue,,sativa,,,cheese|earthy|sweet,cheese|earthy|sweet,,thc,WA flower lots test around 19% THC on average.,,DNA Genetics,"Chocolate Fondue is a sativa with flavors of cheese, earthy, sweet.",Kushy cannabis-dataset|The Cannabis API (Piyush-Bhor)|WA I-502 state lab tests (dolthub/cannabis-testing-wa),0.65
chocolate og,Chocolate Og,,indica,,,earthy|pungent|sweet,earthy|pungent|sweet,,thc,,,,"Chocolate Og is an indica with flavors of earthy, pungent, sweet.",Kushy cannabis-dataset|Lab terpene assays (analytical360/sclabs/psilabs via Terpene-Profile-Parser)|The Cannabis API (Piyush-Bhor),0.65
chocolate-drop,Chocolate-drop,,hybrid,,,earthy|vanilla,earthy|vanilla,,thc,,,,"Chocolate-drop is a hybrid with flavors of earthy, vanilla.",The Cannabis API (Piyush-Bhor),0.65
chocolate-rain,Chocolate-rain,,hybrid,,,coffee|sweet|vanilla,coffee|sweet|vanilla,,thc,,,BigDogs Genetics,"Chocolate-rain is a hybrid with flavors of coffee, sweet, vanilla.",Kushy cannabis-dataset|The Cannabis API (Piyush-Bhor),0.65
chocolate-sap,Chocolate-sap,,hybrid,,,diesel|citrus|skunk,diesel|citrus|skunk,,thc,,,,"Chocolate-sap is a hybrid with flavors of diesel, citrus, skunk.",The Cannabis API (Piyush-Bhor),0.65
chocolate-thunder,Chocolate-thunder,,sativa,,,herbal|honey|nutty,herbal|honey|nutty|spicy,,thc,,,,"Chocolate-thunder is a sativa with flavors of herbal, honey, nutty.",Kushy cannabis-dataset|The Cannabis API (Piyush-Bhor),0.65
chocolope kush,Chocolope Kush,,hybrid,,,earthy|sweet|vanilla,earthy|sweet|vanilla,,thc,WA flower lots test around 17% THC on average.,,DNA Genetics,"Chocolope Kush is a hybrid with flavors of earthy, sweet, vanilla.",Kushy cannabis-dataset|Lab terpene assays (analytical360/sclabs/psilabs via Terpene-Profile-Parser)|The Cannabis API (Piyush-Bhor)|WA I-502 state lab tests (dolthub/cannabis-testing-wa),0.65
chong-star,Chong-star,,hybrid,,,earthy|honey|skunk,earthy|honey|skunk,,thc,,,,"Chong-star is a hybrid with flavors of earthy, honey, skunk.",The Cannabis API (Piyush-Bhor),0.65
chr-super-og,Chr-super-og,,indica,,,diesel|skunk|sweet,diesel|skunk|sweet,,thc,,,,"Chr-super-og is an indica with flavors of diesel, skunk, sweet.",Kushy cannabis-dataset|The Cannabis API (Piyush-Bhor),0.65
chronic thunder,Chronic Thunder,,indica,,,diesel|earthy|pungent,diesel|earthy|pungent|sweet,,thc,WA flower lots test around 18% THC on average.,,5 Star Cannabis,"Chronic Thunder is an indica with flavors of diesel, earthy, pungent.",Kushy cannabis-dataset|Lab terpene assays (analytical360/sclabs/psilabs via Terpene-Profile-Parser)|The Cannabis API (Piyush-Bhor)|WA I-502 state lab tests (dolthub/cannabis-testing-wa),0.65
chuckys-bride,Chuckys-bride,,hybrid,,,floral|lemon|pungent,floral|lemon|pungent,,thc,,,,"Chuckys-bride is a hybrid with flavors of floral, lemon, pungent.",The Cannabis API (Piyush-Bhor),0.65
chunky diesel,Chunky Diesel,,hybrid,,,diesel|earthy|pungent,diesel|earthy|pungent,,thc,WA flower lots test around 20% THC on average.,,,"Chunky Diesel is a hybrid with flavors of diesel, earthy, pungent.",The Cannabis API (Piyush-Bhor)|WA I-502 state lab tests (dolthub/cannabis-testing-wa),0.65
chupacabra,Chupacabra,,hybrid,,,earthy|sweet|vanilla,earthy|sweet|vanilla,,thc,,,Sick Meds Seeds,"Chupacabra is a hybrid with flavors of earthy, sweet, vanilla.",Kushy cannabis-dataset|The Cannabis API (Piyush-Bhor),0.65
church og,Church Og,,indica,,,citrus|earthy|lemon,citrus|earthy|lemon|pine|sweet,,thc,WA flower lots test around 14% THC on average.,,,"Church Og is an indica with flavors of citrus, earthy, lemon.",Kushy cannabis-dataset|The Cannabis API (Piyush-Bhor)|WA I-502 state lab tests (dolthub/cannabis-testing-wa),0.65
cinderellas dream,Cinderellas Dream,,hybrid,,,citrus|peppery|sweet,citrus|peppery|sweet,,thc,WA flower lots test around 22% THC on average.,,,"Cinderellas Dream is a hybrid with flavors of citrus, peppery, sweet.",The Cannabis API (Piyush-Bhor)|WA I-502 state lab tests (dolthub/cannabis-testing-wa),0.65
cindy-white,Cindy-white,,hybrid,,,citrus|earthy|lemon,citrus|earthy|lemon,,thc,,,,"Cindy-white is a hybrid with flavors of citrus, earthy, lemon.",The Cannabis API (Piyush-Bhor),0.65
cinx,Cinx,,hybrid,,humulene,hoppy|earthy|woody|pine,,humulene|pinene|caryophyllene,thc,,,,Cinx is a hybrid with Humulene-forward terpene profile.,Lab terpene assays (analytical360/sclabs/psilabs via Terpene-Profile-Parser),0.65
cirrus,Cirrus,,sativa,,,diesel|earthy|grape,diesel|earthy|grape|mint,,thc,,,,"Cirrus is a sativa with flavors of diesel, earthy, grape.",Kushy cannabis-dataset|The Cannabis API (Piyush-Bhor),0.65
citrix,Citrix,,hybrid,,,citrus|lemon,citrus|lemon,,thc,WA flower lots test around 22% THC on average.,,,"Citrix is a hybrid with flavors of citrus, lemon.",Kushy cannabis-dataset|The Cannabis API (Piyush-Bhor)|WA I-502 state lab tests (dolthub/cannabis-testing-wa),0.65
citrus kush,Citrus Kush,,hybrid,,,citrus|orange|sweet,citrus|orange|sweet,,thc,WA flower lots test around 13% THC on average.,,,"Citrus Kush is a hybrid with flavors of citrus, orange, sweet.",Kushy cannabis-dataset|The Cannabis API (Piyush-Bhor)|WA I-502 state lab tests (dolthub/cannabis-testing-wa),0.65
citrus sap,Citrus Sap,,hybrid,,,citrus|orange|pungent,citrus|orange|pungent,,thc,WA flower lots test around 23% THC on average.,,DNA Genetics,"Citrus Sap is a hybrid with flavors of citrus, orange, pungent.",Kushy cannabis-dataset|Lab terpene assays (analytical360/sclabs/psilabs via Terpene-Profile-Parser)|The Cannabis API (Piyush-Bhor)|WA I-502 state lab tests (dolthub/cannabis-testing-wa),0.65
citrus-punch,Citrus-punch,,sativa,,,citrus|orange|tropical,citrus|orange|tropical,,thc,,,,"Citrus-punch is a sativa with flavors of citrus, orange, tropical.",Kushy cannabis-dataset|The Cannabis API (Piyush-Bhor),0.65
citrus-sunshine-haze,Citrus-sunshine-haze,,hybrid,,,citrus|lemon|orange,citrus|lemon|orange,,thc,,,,"Citrus-sunshine-haze is a hybrid with flavors of citrus, lemon, orange.",The Cannabis API (Piyush-Bhor),0.65
clementine kush,Clementine Kush,,hybrid,,,citrus|floral|orange,citrus|floral|orange,,thc,WA flower lots test around 24% THC on average.,,,"Clementine Kush is a hybrid with flavors of citrus, floral, orange.",The Cannabis API (Piyush-Bhor)|WA I-502 state lab tests (dolthub/cannabis-testing-wa),0.65
clementines-terpentine,Clementines-terpentine,,hybrid,,,earthy|pine|sweet,earthy|pine|sweet,,thc,,,,"Clementines-terpentine is a hybrid with flavors of earthy, pine, sweet.",The Cannabis API (Piyush-Bhor),0.65
clockwork-orange,Clockwork-orange,,hybrid,,,citrus|herbal|spicy,citrus|herbal|spicy|sweet,,thc,,,,"Clockwork-orange is a hybrid with flavors of citrus, herbal, spicy.",Kushy cannabis-dataset|The Cannabis API (Piyush-Bhor),0.65
club-69,Club-69,,indica,,,diesel|earthy|floral,diesel|earthy|floral,,thc,,,,"Club-69 is an indica with flavors of diesel, earthy, floral.",Kushy cannabis-dataset|The Cannabis API (Piyush-Bhor),0.65
co2 blue dream,Co2 Blue Dream,,hybrid,,caryophyllene,peppery|spicy|woody|pine,,caryophyllene|pinene|humulene,thc,,,,Co2 Blue Dream is a hybrid with Caryophyllene-forward terpene profile.,Lab terpene assays (analytical360/sclabs/psilabs via Terpene-Profile-Parser),0.65
cold creek kush,Cold Creek Kush,,hybrid,,,earthy|pine|woody,earthy|pine|woody,,thc,WA flower lots test around 12% THC on average.,,T.H.Seeds,"Cold Creek Kush is a hybrid with flavors of earthy, pine, woody.",Kushy cannabis-dataset|Lab terpene assays (analytical360/sclabs/psilabs via Terpene-Profile-Parser)|The Cannabis API (Piyush-Bhor)|WA I-502 state lab tests (dolthub/cannabis-testing-wa),0.65
colombian gold,Colombian Gold,,sativa,,,earthy|herbal|pungent,earthy|herbal|pungent|spicy|sweet,,thc,WA flower lots test around 18% THC on average.,,Brazilian Seed Company,"Colombian Gold is a sativa with flavors of earthy, herbal, pungent.",Kushy cannabis-dataset|The Cannabis API (Piyush-Bhor)|WA I-502 state lab tests (dolthub/cannabis-testing-wa),0.65
colombian-mojito,Colombian-mojito,,sativa,,,citrus|mint|sweet,citrus|mint|sweet,,thc,,,,"Colombian-mojito is a sativa with flavors of citrus, mint, sweet.",Kushy cannabis-dataset|The Cannabis API (Piyush-Bhor),0.65
colorado-bubba,Colorado-bubba,,indica,,,mango|pine|pineapple,mango|pine|pineapple,,thc,,,The Vault Genetics,"Colorado-bubba is an indica with flavors of mango, pine, pineapple.",Kushy cannabis-dataset|The Cannabis API (Piyush-Bhor),0.65
colorado-chem,Colorado-chem,,hybrid,,,earthy|skunk|sweet,earthy|skunk|sweet,,thc,,,,"Colorado-chem is a hybrid with flavors of earthy, skunk, sweet.",The Cannabis API (Piyush-Bhor),0.65
colorado-clementines,Colorado-clementines,,indica,,,citrus|earthy|lemon,citrus|earthy|lemon|orange,,thc,,,La Plata Labs,"Colorado-clementines is an indica with flavors of citrus, earthy, lemon.",Kushy cannabis-dataset|The Cannabis API (Piyush-Bhor),0.65
commerce city kush,Commerce City Kush,,indica,,,diesel|floral|sweet,diesel|floral|sweet,,thc,,,Rare Dankness Seeds,"Commerce City Kush is an indica with flavors of diesel, floral, sweet.",Kushy cannabis-dataset|Lab terpene assays (analytical360/sclabs/psilabs via Terpene-Profile-Parser)|The Cannabis API (Piyush-Bhor),0.65
concord-grape-blockhead,Concord-grape-blockhead,,hybrid,,,grape|sweet,grape|sweet,,thc,,,,"Concord-grape-blockhead is a hybrid with flavors of grape, sweet.",The Cannabis API (Piyush-Bhor),0.65
confidential cheese,Confidential Cheese,,indica,,,cheese|pine|sweet,cheese|pine|sweet|woody,,thc,WA flower lots test around 26% THC on average.,,DNA Genetics,"Confidential Cheese is an indica with flavors of cheese, pine, sweet.",Kushy cannabis-dataset|Lab terpene assays (analytical360/sclabs/psilabs via Terpene-Profile-Parser)|The Cannabis API (Piyush-Bhor)|WA I-502 state lab tests (dolthub/cannabis-testing-wa),0.65
congo,Congo,,sativa,,,pungent|diesel|sweet,pungent|diesel|sweet,,thc,,,,"Congo is a sativa with flavors of pungent, diesel, sweet.",Kushy cannabis-dataset|The Cannabis API (Piyush-Bhor),0.65
cookie dough,Cookie Dough,,hybrid,,,earthy|sweet|vanilla,earthy|sweet|vanilla,,thc,WA flower lots test around 19% THC on average.,,,"Cookie Dough is a hybrid with flavors of earthy, sweet, vanilla.",Kushy cannabis-dataset|Lab terpene assays (analytical360/sclabs/psilabs via Terpene-Profile-Parser)|The Cannabis API (Piyush-Bhor)|WA I-502 state lab tests (dolthub/cannabis-testing-wa),0.65
cookie monster,Cookie Monster,,indica,,,earthy|floral|grape,earthy|floral|grape|sweet,,thc,WA flower lots test around 21% THC on average.,,,"Cookie Monster is an indica with flavors of earthy, floral, grape.",Kushy cannabis-dataset|Lab terpene assays (analytical360/sclabs/psilabs via Terpene-Profile-Parser)|The Cannabis API (Piyush-Bhor)|WA I-502 state lab tests (dolthub/cannabis-testing-wa),0.65
cookie wreck,Cookie Wreck,,hybrid,,,earthy|pungent|sweet,earthy|pungent|sweet,,thc,WA flower lots test around 21% THC on average.,,CannaVenture,"Cookie Wreck is a hybrid with flavors of earthy, pungent, sweet.",Kushy cannabis-dataset|Lab terpene assays (analytical360/sclabs/psilabs via Terpene-Profile-Parser)|The Cannabis API (Piyush-Bhor)|WA I-502 state lab tests (dolthub/cannabis-testing-wa),0.65
cookie-breath,Cookie-breath,,hybrid,,,earthy|pungent|sweet,earthy|pungent|sweet,,thc,,,,"Cookie-breath is a hybrid with flavors of earthy, pungent, sweet.",The Cannabis API (Piyush-Bhor),0.65
cookie-jar,Cookie-jar,,hybrid,,,floral|pungent|sweet,floral|pungent|sweet,,thc,,,GREENLIFE Seeds,"Cookie-jar is a hybrid with flavors of floral, pungent, sweet.",Kushy cannabis-dataset|The Cannabis API (Piyush-Bhor),0.65
cookies kush,Cookies Kush,,indica,,,earthy|pungent|sweet,earthy|pungent|sweet,,thc,WA flower lots test around 22% THC on average.,,,"Cookies Kush is an indica with flavors of earthy, pungent, sweet.",Kushy cannabis-dataset|The Cannabis API (Piyush-Bhor)|WA I-502 state lab tests (dolthub/cannabis-testing-wa),0.65
cookies ‘n’ cream,Cookies ‘N’ Cream,,hybrid,,caryophyllene,peppery|spicy|woody|hoppy,,caryophyllene|humulene|pinene,thc,,,,Cookies ‘N’ Cream is a hybrid with Caryophyllene-forward terpene profile.,Lab terpene assays (analytical360/sclabs/psilabs via Terpene-Profile-Parser),0.65
cookies-and-dream,Cookies-and-dream,,hybrid,,,berry|citrus|sweet,berry|citrus|sweet,,thc,,,,"Cookies-and-dream is a hybrid with flavors of berry, citrus, sweet.",The Cannabis API (Piyush-Bhor),0.65
copper-kush,Copper-kush,,indica,,,earthy|pungent|woody,earthy|pungent|woody,,thc,,,Nine Point Growth Industries,"Copper-kush is an indica with flavors of earthy, pungent, woody.",Kushy cannabis-dataset|The Cannabis API (Piyush-Bhor),0.65
corleone kush,Corleone Kush,,indica,,,earthy|floral|herbal,earthy|floral|herbal|pine|spicy|sweet,,thc,,,The Cali Connection,"Corleone Kush is an indica with flavors of earthy, floral, herbal.",Kushy cannabis-dataset|Lab terpene assays (analytical360/sclabs/psilabs via Terpene-Profile-Parser)|The Cannabis API (Piyush-Bhor),0.65
cornbread,Cornbread,,indica,,,citrus|earthy|lemon,citrus|earthy|lemon|woody,,thc,WA flower lots test around 22% THC on average.,,Rare Dankness Seeds,"Cornbread is an indica with flavors of citrus, earthy, lemon.",Kushy cannabis-dataset|Lab terpene assays (analytical360/sclabs/psilabs via Terpene-Profile-Parser)|The Cannabis API (Piyush-Bhor)|WA I-502 state lab tests (dolthub/cannabis-testing-wa),0.65
cosmic-collision,Cosmic-collision,,sativa,,,earthy|mint|sweet,earthy|mint|sweet,,thc,,,MTG Seeds,"Cosmic-collision is a sativa with flavors of earthy, mint, sweet.",Kushy cannabis-dataset|The Cannabis API (Piyush-Bhor),0.65
cotton purple chem,Cotton Purple Chem,,hybrid,,,berry|earthy|sweet,berry|earthy|sweet,,thc,WA flower lots test around 20% THC on average.,,,"Cotton Purple Chem is a hybrid with flavors of berry, earthy, sweet.",Lab terpene assays (analytical360/sclabs/psilabs via Terpene-Profile-Parser)|The Cannabis API (Piyush-Bhor)|WA I-502 state lab tests (dolthub/cannabis-testing-wa),0.65
cowboy-kush,Cowboy-kush,,hybrid,,,diesel|earthy|pine,diesel|earthy|pine,,thc,,,,"Cowboy-kush is a hybrid with flavors of diesel, earthy, pine.",The Cannabis API (Piyush-Bhor),0.65
crater lake,Crater Lake,,hybrid,,,citrus|pine|pungent,citrus|pine|pungent,,thc,WA flower lots test around 22% THC on average.,,,"Crater Lake is a hybrid with flavors of citrus, pine, pungent.",The Cannabis API (Piyush-Bhor)|WA I-502 state lab tests (dolthub/cannabis-testing-wa),0.65
crazy miss hyde,Crazy Miss Hyde,,hybrid,,,creamy|sweet|vanilla,creamy|sweet|vanilla,,thc,WA flower lots test around 14% THC on average.,,Samsara Seeds,"Crazy Miss Hyde is a hybrid with flavors of creamy, sweet, vanilla.",Kushy cannabis-dataset|Lab terpene assays (analytical360/sclabs/psilabs via Terpene-Profile-Parser)|The Cannabis API (Piyush-Bhor)|WA I-502 state lab tests (dolthub/cannabis-testing-wa),0.65
cream caramel,Cream Caramel,,indica,,,creamy|earthy|honey,creamy|earthy|honey|sweet,,thc,WA flower lots test around 18% THC on average.,,Sweet Seeds,"Cream Caramel is an indica with flavors of creamy, earthy, honey.",Kushy cannabis-dataset|The Cannabis API (Piyush-Bhor)|WA I-502 state lab tests (dolthub/cannabis-testing-wa),0.65
crimea blue,Crimea Blue,,hybrid,,,berry|blueberry|herbal,berry|blueberry|herbal,,thc,,,,"Crimea Blue is a hybrid with flavors of berry, blueberry, herbal.",Lab terpene assays (analytical360/sclabs/psilabs via Terpene-Profile-Parser)|The Cannabis API (Piyush-Bhor),0.65
critical cheese,Critical Cheese,,hybrid,,,cheese|earthy|pungent,cheese|earthy|pungent,,thc,WA flower lots test around 14% THC on average.,,Dinafem Seeds,"Critical Cheese is a hybrid with flavors of cheese, earthy, pungent.",Kushy cannabis-dataset|Lab terpene assays (analytical360/sclabs/psilabs via Terpene-Profile-Parser)|The Cannabis API (Piyush-Bhor)|WA I-502 state lab tests (dolthub/cannabis-testing-wa),0.65
critical haze,Critical Haze,,hybrid,,,citrus|earthy|pine,citrus|earthy|pine,,thc,WA flower lots test around 24% THC on average.,,Mr. Nice,"Critical Haze is a hybrid with flavors of citrus, earthy, pine.",Kushy cannabis-dataset|Lab terpene assays (analytical360/sclabs/psilabs via Terpene-Profile-Parser)|The Cannabis API (Piyush-Bhor)|WA I-502 state lab tests (dolthub/cannabis-testing-wa),0.65
critical hog,Critical Hog,,indica,,,earthy|floral|woody,earthy|floral|woody,,thc,WA flower lots test around 17% THC on average.,,T.H.Seeds,"Critical Hog is an indica with flavors of earthy, floral, woody.",Kushy cannabis-dataset|Lab terpene assays (analytical360/sclabs/psilabs via Terpene-Profile-Parser)|The Cannabis API (Piyush-Bhor)|WA I-502 state lab tests (dolthub/cannabis-testing-wa),0.65
critical kali mist,Critical Kali Mist,,sativa,,,earthy|pine|sweet,earthy|pine|sweet,,thc,WA flower lots test around 19% THC on average.,,,"Critical Kali Mist is a sativa with flavors of earthy, pine, sweet.",Kushy cannabis-dataset|The Cannabis API (Piyush-Bhor)|WA I-502 state lab tests (dolthub/cannabis-testing-wa),0.65
critical plus 20,Critical Plus 20,,indica,,,earthy|lemon|pine,earthy|lemon|pine,,thc,WA flower lots test around 13% THC on average.,,,"Critical Plus 20 is an indica with flavors of earthy, lemon, pine.",The Cannabis API (Piyush-Bhor)|WA I-502 state lab tests (dolthub/cannabis-testing-wa),0.65
critical skunk,Critical Skunk,,hybrid,,,earthy|skunk,earthy|skunk,,thc,WA flower lots test around 17% THC on average.,,Mr. Nice,"Critical Skunk is a hybrid with flavors of earthy, skunk.",Kushy cannabis-dataset|Lab terpene assays (analytical360/sclabs/psilabs via Terpene-Profile-Parser)|The Cannabis API (Piyush-Bhor)|WA I-502 state lab tests (dolthub/cannabis-testing-wa),0.65
critical-bilbo,Critical-bilbo,,hybrid,,,earthy|sweet,earthy|sweet,,thc,,,,"Critical-bilbo is a hybrid with flavors of earthy, sweet.",Kushy cannabis-dataset|The Cannabis API (Piyush-Bhor),0.65
critical-widow,Critical-widow,,hybrid,,,citrus|pungent|sweet,citrus|pungent|sweet,,thc,,,Mr. Nice,"Critical-widow is a hybrid with flavors of citrus, pungent, sweet.",Kushy cannabis-dataset|The Cannabis API (Piyush-Bhor),0.65
critters cookies,Critters Cookies,,hybrid,,,earthy|lemon|pungent,earthy|lemon|pungent,,thc,WA flower lots test around 24% THC on average.,,GREENLIFE Seeds,"Critters Cookies is a hybrid with flavors of earthy, lemon, pungent.",Kushy cannabis-dataset|The Cannabis API (Piyush-Bhor)|WA I-502 state lab tests (dolthub/cannabis-testing-wa),0.65
crosswalker,Crosswalker,,indica,,,blueberry|pine|sweet,blueberry|pine|sweet,,thc,,,,"Crosswalker is an indica with flavors of blueberry, pine, sweet.",Kushy cannabis-dataset|The Cannabis API (Piyush-Bhor),0.65
crown-og,Crown-og,,indica,,,diesel|earthy|peppery,diesel|earthy|peppery,,thc,,,Crown Genetics,"Crown-og is an indica with flavors of diesel, earthy, peppery.",Kushy cannabis-dataset|The Cannabis API (Piyush-Bhor),0.65
crown-royale,Crown-royale,,indica,,,berry|blueberry|floral,berry|blueberry|floral|sweet,,thc,,,,"Crown-royale is an indica with flavors of berry, blueberry, floral.",Kushy cannabis-dataset|The Cannabis API (Piyush-Bhor),0.65
crunch berry kush,Crunch Berry Kush,,hybrid,,,berry|honey|sweet,berry|honey|sweet,,thc,WA flower lots test around 15% THC on average.,,,"Crunch Berry Kush is a hybrid with flavors of berry, honey, sweet.",The Cannabis API (Piyush-Bhor)|WA I-502 state lab tests (dolthub/cannabis-testing-wa),0.65
crypt,Crypt,,hybrid,,,cheese|pungent|sweet,cheese|pungent|sweet,,thc,,,,"Crypt is a hybrid with flavors of cheese, pungent, sweet.",Kushy cannabis-dataset|Lab terpene assays (analytical360/sclabs/psilabs via Terpene-Profile-Parser)|The Cannabis API (Piyush-Bhor),0.65
crystal-coma,Crystal-coma,,sativa,,,citrus|earthy|floral,citrus|earthy|floral|sweet,,thc,,,,"Crystal-coma is a sativa with flavors of citrus, earthy, floral.",Kushy cannabis-dataset|The Cannabis API (Piyush-Bhor),0.65
crystal-gayle,Crystal-gayle,,hybrid,,,diesel|earthy|skunk,diesel|earthy|skunk,,thc,,,,"Crystal-gayle is a hybrid with flavors of diesel, earthy, skunk.",Kushy cannabis-dataset|The Cannabis API (Piyush-Bhor),0.65
cuvee,Cuvee,,indica,,,berry|citrus|earthy,berry|citrus|earthy|grape|sweet,,thc,WA flower lots test around 19% THC on average.,,,"Cuvee is an indica with flavors of berry, citrus, earthy.",Kushy cannabis-dataset|Lab terpene assays (analytical360/sclabs/psilabs via Terpene-Profile-Parser)|The Cannabis API (Piyush-Bhor)|WA I-502 state lab tests (dolthub/cannabis-testing-wa),0.65
cynex,Cynex,,hybrid,,humulene,hoppy|earthy|woody|pine,,humulene|pinene|linalool,thc,,,,Cynex is a hybrid with Humulene-forward terpene profile.,Lab terpene assays (analytical360/sclabs/psilabs via Terpene-Profile-Parser),0.65
dakini-kush,Dakini-kush,,indica,,,berry|coffee|earthy,berry|coffee|earthy|herbal|spicy,,thc,,,Centennial Seeds,"Dakini-kush is an indica with flavors of berry, coffee, earthy.",Kushy cannabis-dataset|The Cannabis API (Piyush-Bhor),0.65
damn-sour,Damn-sour,,sativa,,,pungent|earthy|sweet,pungent|earthy|sweet,,thc,,,,"Damn-sour is a sativa with flavors of pungent, earthy, sweet.",Kushy cannabis-dataset|The Cannabis API (Piyush-Bhor),0.65
damnesia,Damnesia,,hybrid,,,earthy|herbal|peppery,earthy|herbal|peppery|spicy,,thc,,,Strain Hunters Seed Bank,"Damnesia is a hybrid with flavors of earthy, herbal, peppery.",Kushy cannabis-dataset|The Cannabis API (Piyush-Bhor),0.65
dance world,Dance World,,sativa,,,citrus|earthy|herbal,citrus|earthy|herbal|spicy,,thc,WA flower lots test around 9% THC on average.,,Royal Queen,"Dance World is a sativa with flavors of citrus, earthy, herbal.",Kushy cannabis-dataset|Lab terpene assays (analytical360/sclabs/psilabs via Terpene-Profile-Parser)|The Cannabis API (Piyush-Bhor)|WA I-502 state lab tests (dolthub/cannabis-testing-wa),0.65
dancehall,Dancehall,,hybrid,,,citrus|earthy|floral,citrus|earthy|floral,,thc,WA flower lots test around 4% THC on average.,,Reggae Seeds,"Dancehall is a hybrid with flavors of citrus, earthy, floral.",Kushy cannabis-dataset|The Cannabis API (Piyush-Bhor)|WA I-502 state lab tests (dolthub/cannabis-testing-wa),0.65
dank sinatra,Dank Sinatra,,hybrid,,,berry|diesel|tropical,berry|diesel|tropical,,thc,WA flower lots test around 22% THC on average.,,Bodhi Seeds,"Dank Sinatra is a hybrid with flavors of berry, diesel, tropical.",Kushy cannabis-dataset|Lab terpene assays (analytical360/sclabs/psilabs via Terpene-Profile-Parser)|The Cannabis API (Piyush-Bhor)|WA I-502 state lab tests (dolthub/cannabis-testing-wa),0.65
dank-schrader,Dank-schrader,,indica,,,earthy|pine|tropical,earthy|pine|tropical,,thc,,,,"Dank-schrader is an indica with flavors of earthy, pine, tropical.",Kushy cannabis-dataset|The Cannabis API (Piyush-Bhor),0.65
danky doodle,Danky Doodle,,indica,,,skunk|sweet,skunk|sweet,,thc,,,,"Danky Doodle is an indica with flavors of skunk, sweet.",Kushy cannabis-dataset|Lab terpene assays (analytical360/sclabs/psilabs via Terpene-Profile-Parser),0.65
dark side of the moon,Dark Side Of The Moon,,indica,,,berry|earthy|herbal,berry|earthy|herbal|spicy|sweet,,thc,WA flower lots test around 22% THC on average.,,Exotic Genetix,"Dark Side Of The Moon is an indica with flavors of berry, earthy, herbal.",Kushy cannabis-dataset|Lab terpene assays (analytical360/sclabs/psilabs via Terpene-Profile-Parser)|The Cannabis API (Piyush-Bhor)|WA I-502 state lab tests (dolthub/cannabis-testing-wa),0.65
dark-blue-dream,Dark-blue-dream,,hybrid,,,berry|blueberry|sweet,berry|blueberry|sweet,,thc,,,,"Dark-blue-dream is a hybrid with flavors of berry, blueberry, sweet.",The Cannabis API (Piyush-Bhor),0.65
darkside-og,Darkside-og,,indica,,,citrus|earthy|lemon,citrus|earthy|lemon|sweet,,thc,,,,"Darkside-og is an indica with flavors of citrus, earthy, lemon.",Kushy cannabis-dataset|The Cannabis API (Piyush-Bhor),0.65
darth vader og,Darth Vader Og,,indica,,,earthy|grape|pine,earthy|grape|pine|sweet,,thc,WA flower lots test around 12% THC on average.,,,"Darth Vader Og is an indica with flavors of earthy, grape, pine.",Kushy cannabis-dataset|Lab terpene assays (analytical360/sclabs/psilabs via Terpene-Profile-Parser)|The Cannabis API (Piyush-Bhor)|WA I-502 state lab tests (dolthub/cannabis-testing-wa),0.65
dawgfather og,Dawgfather Og,,hybrid,,,herbal|peppery|pungent,herbal|peppery|pungent|spicy,,thc,WA flower lots test around 15% THC on average.,,,"Dawgfather Og is a hybrid with flavors of herbal, peppery, pungent.",The Cannabis API (Piyush-Bhor)|WA I-502 state lab tests (dolthub/cannabis-testing-wa),0.65
dawgs-waltz,Dawgs-waltz,,hybrid,,,earthy|skunk|sweet,earthy|skunk|sweet,,thc,,,,"Dawgs-waltz is a hybrid with flavors of earthy, skunk, sweet.",The Cannabis API (Piyush-Bhor),0.65
day tripper,Day Tripper,,hybrid,,,blueberry|pineapple|strawberry,blueberry|pineapple|strawberry,,thc,WA flower lots test around 22% THC on average.,,,"Day Tripper is a hybrid with flavors of blueberry, pineapple, strawberry.",The Cannabis API (Piyush-Bhor)|WA I-502 state lab tests (dolthub/cannabis-testing-wa),0.65
deadwood,Deadwood,,indica,,,berry|earthy|floral,berry|earthy|floral,,thc,WA flower lots test around 13% THC on average.,,,"Deadwood is an indica with flavors of berry, earthy, floral.",Kushy cannabis-dataset|Lab terpene assays (analytical360/sclabs/psilabs via Terpene-Profile-Parser)|The Cannabis API (Piyush-Bhor)|WA I-502 state lab tests (dolthub/cannabis-testing-wa),0.65
death-bubba,Death-bubba,,indica,,,earthy|pungent|sweet,earthy|pungent|sweet,,thc,,,,"Death-bubba is an indica with flavors of earthy, pungent, sweet.",Kushy cannabis-dataset|The Cannabis API (Piyush-Bhor),0.65
deathstar-og,Deathstar-og,,indica,,,diesel|earthy|skunk,diesel|earthy|skunk,,thc,,,,"Deathstar-og is an indica with flavors of diesel, earthy, skunk.",Kushy cannabis-dataset|The Cannabis API (Piyush-Bhor),0.65
deep cheese,Deep Cheese,,hybrid,,,cheese|pungent|skunk,cheese|pungent|skunk,,thc,WA flower lots test around 19% THC on average.,,Dinafem Seeds,"Deep Cheese is a hybrid with flavors of cheese, pungent, skunk.",Kushy cannabis-dataset|The Cannabis API (Piyush-Bhor)|WA I-502 state lab tests (dolthub/cannabis-testing-wa),0.65
deep sleep,Deep Sleep,,indica,,,earthy|pine|pungent,earthy|pine|pungent|sweet,,thc,WA flower lots test around 15% THC on average.,,PAPA GANJA,"Deep Sleep is an indica with flavors of earthy, pine, pungent.",Kushy cannabis-dataset|Lab terpene assays (analytical360/sclabs/psilabs via Terpene-Profile-Parser)|The Cannabis API (Piyush-Bhor)|WA I-502 state lab tests (dolthub/cannabis-testing-wa),0.65
deep-chunk,Deep-chunk,,indica,,,pungent|earthy|grape,pungent|earthy|grape,,thc,,,Tom Hill,"Deep-chunk is an indica with flavors of pungent, earthy, grape.",Kushy cannabis-dataset|The Cannabis API (Piyush-Bhor),0.65
delahaze,Delahaze,,sativa,,,citrus|mango|sweet,citrus|mango|sweet,,thc,WA flower lots test around 21% THC on average.,,Paradise Seeds,"Delahaze is a sativa with flavors of citrus, mango, sweet.",Kushy cannabis-dataset|Lab terpene assays (analytical360/sclabs/psilabs via Terpene-Profile-Parser)|The Cannabis API (Piyush-Bhor)|WA I-502 state lab tests (dolthub/cannabis-testing-wa),0.65
denver-maple,Denver-maple,,indica,,,earthy|pine|sweet,earthy|pine|sweet,,thc,,,,"Denver-maple is an indica with flavors of earthy, pine, sweet.",Kushy cannabis-dataset|The Cannabis API (Piyush-Bhor),0.65
destroyer,Destroyer,,sativa,,,pungent|floral|sweet,pungent|floral|sweet,,thc,WA flower lots test around 16% THC on average.,,Canna BioGen,"Destroyer is a sativa with flavors of pungent, floral, sweet.",Kushy cannabis-dataset|The Cannabis API (Piyush-Bhor)|WA I-502 state lab tests (dolthub/cannabis-testing-wa),0.65
devil fruit,Devil Fruit,,indica,,,herbal|peppery|spicy,herbal|peppery|spicy|sweet,,thc,WA flower lots test around 22% THC on average.,,Medical Seeds Co.,"Devil Fruit is an indica with flavors of herbal, peppery, spicy.",Kushy cannabis-dataset|The Cannabis API (Piyush-Bhor)|WA I-502 state lab tests (dolthub/cannabis-testing-wa),0.65
devils-tit,Devils-tit,,sativa,,,earthy|herbal|peppery,earthy|herbal|peppery|spicy,,thc,,,,"Devils-tit is a sativa with flavors of earthy, herbal, peppery.",The Cannabis API (Piyush-Bhor),0.65
diablo,Diablo,,indica,,,earthy|herbal|spicy,earthy|herbal|spicy|sweet,,thc,WA flower lots test around 19% THC on average.,,Next Generation Seeds,"Diablo is an indica with flavors of earthy, herbal, spicy.",Kushy cannabis-dataset|Lab terpene assays (analytical360/sclabs/psilabs via Terpene-Profile-Parser)|The Cannabis API (Piyush-Bhor)|WA I-502 state lab tests (dolthub/cannabis-testing-wa),0.65
diamond-valley-kush,Diamond-valley-kush,,hybrid,,,earthy|herbal|pungent,earthy|herbal|pungent|spicy,,thc,,,,"Diamond-valley-kush is a hybrid with flavors of earthy, herbal, pungent.",The Cannabis API (Piyush-Bhor),0.65
diesel-duff,Diesel-duff,,hybrid,,,floral|honey|sweet,floral|honey|sweet,,thc,,,,"Diesel-duff is a hybrid with flavors of floral, honey, sweet.",Kushy cannabis-dataset|The Cannabis API (Piyush-Bhor),0.65
dieseltonic,Dieseltonic,,hybrid,,,diesel|earthy|woody,diesel|earthy|woody,,thc,,,,"Dieseltonic is a hybrid with flavors of diesel, earthy, woody.",The Cannabis API (Piyush-Bhor),0.65
digweed,Digweed,,indica,,,earthy|herbal|skunk,earthy|herbal|skunk|spicy,,thc,,,,"Digweed is an indica with flavors of earthy, herbal, skunk.",Kushy cannabis-dataset|The Cannabis API (Piyush-Bhor),0.65
dinachem,Dinachem,,hybrid,,,earthy|pungent|tropical,earthy|pungent|tropical,,thc,WA flower lots test around 18% THC on average.,,Dinafem Seeds,"Dinachem is a hybrid with flavors of earthy, pungent, tropical.",Kushy cannabis-dataset|The Cannabis API (Piyush-Bhor)|WA I-502 state lab tests (dolthub/cannabis-testing-wa),0.65
dirty widow,Dirty Widow,,hybrid,,,earthy|pungent|sweet,earthy|pungent|sweet,,thc,WA flower lots test around 20% THC on average.,,,"Dirty Widow is a hybrid with flavors of earthy, pungent, sweet.",Lab terpene assays (analytical360/sclabs/psilabs via Terpene-Profile-Parser)|The Cannabis API (Piyush-Bhor)|WA I-502 state lab tests (dolthub/cannabis-testing-wa),0.65
dirty-old-bastard,Dirty-old-bastard,,indica,,,floral|herbal|spicy,floral|herbal|spicy,,thc,,,,"Dirty-old-bastard is an indica with flavors of floral, herbal, spicy.",Kushy cannabis-dataset|The Cannabis API (Piyush-Bhor),0.65
disney-blue,Disney-blue,,hybrid,,,apple|citrus|sweet,apple|citrus|sweet,,thc,,,,"Disney-blue is a hybrid with flavors of apple, citrus, sweet.",The Cannabis API (Piyush-Bhor),0.65
dizzy-og,Dizzy-og,,hybrid,,,herbal|pungent|spicy,herbal|pungent|spicy|sweet,,thc,,,Crown Genetics,"Dizzy-og is a hybrid with flavors of herbal, pungent, spicy.",Kushy cannabis-dataset|The Cannabis API (Piyush-Bhor),0.65
dj shorts blueberry,Dj Shorts Blueberry,,hybrid,,pinene,pine|fresh|peppery|spicy,,pinene|caryophyllene|myrcene,thc,,,,Dj Shorts Blueberry is a hybrid with Pinene-forward terpene profile.,Lab terpene assays (analytical360/sclabs/psilabs via Terpene-Profile-Parser),0.65
dj-smoke,Dj-smoke,,hybrid,,,citrus|floral|sweet,citrus|floral|sweet,,thc,,,,"Dj-smoke is a hybrid with flavors of citrus, floral, sweet.",The Cannabis API (Piyush-Bhor),0.65
django,Django,,sativa,,,earthy|floral|sweet,earthy|floral|sweet,,thc,,,,"Django is a sativa with flavors of earthy, floral, sweet.",Kushy cannabis-dataset|The Cannabis API (Piyush-Bhor),0.65
doctor doctor,Doctor Doctor,,sativa,,,citrus|strawberry|sweet,citrus|strawberry|sweet,,thc,WA flower lots test around 1% THC on average.,,,"Doctor Doctor is a sativa with flavors of citrus, strawberry, sweet.",Kushy cannabis-dataset|The Cannabis API (Piyush-Bhor)|WA I-502 state lab tests (dolthub/cannabis-testing-wa),0.65
dog shit,Dog Shit,,hybrid,,,berry|earthy|pungent,berry|earthy|pungent,,thc,WA flower lots test around 18% THC on average.,,,"Dog Shit is a hybrid with flavors of berry, earthy, pungent.",The Cannabis API (Piyush-Bhor)|WA I-502 state lab tests (dolthub/cannabis-testing-wa),0.65
dogwalker og,Dogwalker Og,,hybrid,,,earthy|pungent|skunk,earthy|pungent|skunk,,thc,WA flower lots test around 24% THC on average.,,,"Dogwalker Og is a hybrid with flavors of earthy, pungent, skunk.",Kushy cannabis-dataset|The Cannabis API (Piyush-Bhor)|WA I-502 state lab tests (dolthub/cannabis-testing-wa),0.65
dolla-sign-og-kush,Dolla-sign-og-kush,,indica,,,floral|pungent|sweet,floral|pungent|sweet,,thc,,,,"Dolla-sign-og-kush is an indica with flavors of floral, pungent, sweet.",Kushy cannabis-dataset|The Cannabis API (Piyush-Bhor),0.65
don-shula,Don-shula,,hybrid,,,citrus|diesel|tropical,citrus|diesel|tropical,,thc,,,,"Don-shula is a hybrid with flavors of citrus, diesel, tropical.",The Cannabis API (Piyush-Bhor),0.65
donegal,Donegal,,hybrid,,,earthy|pungent|woody,earthy|pungent|woody,,thc,,,,"Donegal is a hybrid with flavors of earthy, pungent, woody.",The Cannabis API (Piyush-Bhor),0.65
donna-og,Donna-og,,hybrid,,,citrus|pungent|sweet,citrus|pungent|sweet,,thc,,,,"Donna-og is a hybrid with flavors of citrus, pungent, sweet.",Kushy cannabis-dataset|The Cannabis API (Piyush-Bhor),0.65
doobiebird-daydream,Doobiebird-daydream,,hybrid,,,blueberry|earthy|sweet,blueberry|earthy|sweet,,thc,,,,"Doobiebird-daydream is a hybrid with flavors of blueberry, earthy, sweet.",The Cannabis API (Piyush-Bhor),0.65
doox,Doox,,sativa,,,citrus|sweet,citrus|sweet,,thc,,,,"Doox is a sativa with flavors of citrus, sweet.",Kushy cannabis-dataset|The Cannabis API (Piyush-Bhor),0.65
dopium,Dopium,,hybrid,,,earthy|pine|pungent,earthy|pine|pungent,,thc,,,,"Dopium is a hybrid with flavors of earthy, pine, pungent.",Lab terpene assays (analytical360/sclabs/psilabs via Terpene-Profile-Parser)|The Cannabis API (Piyush-Bhor),0.65
dorit,Dorit,,indica,,,pungent|herbal|mint,pungent|herbal|mint|spicy,,thc,,,Tikun Olam,"Dorit is an indica with flavors of pungent, herbal, mint.",Kushy cannabis-dataset|The Cannabis API (Piyush-Bhor),0.65
dosido,Dosido,,hybrid,,caryophyllene,peppery|spicy|woody|earthy,,caryophyllene|myrcene,thc,,,,Dosido is a hybrid with Caryophyllene-forward terpene profile.,Lab terpene assays (analytical360/sclabs/psilabs via Terpene-Profile-Parser),0.65
double barrel og,Double Barrel Og,,hybrid,,,citrus|earthy,citrus|earthy,,thc,WA flower lots test around 25% THC on average.,,,"Double Barrel Og is a hybrid with flavors of citrus, earthy.",Lab terpene assays (analytical360/sclabs/psilabs via Terpene-Profile-Parser)|The Cannabis API (Piyush-Bhor)|WA I-502 state lab tests (dolthub/cannabis-testing-wa),0.65
double d,Double D,,indica,,,pungent|skunk|sweet,pungent|skunk|sweet,,thc,,,PAPA GANJA,"Double D is an indica with flavors of pungent, skunk, sweet.",Kushy cannabis-dataset|Lab terpene assays (analytical360/sclabs/psilabs via Terpene-Profile-Parser)|The Cannabis API (Piyush-Bhor),0.65
double dream,Double Dream,,hybrid,,,berry|earthy|sweet,berry|earthy|sweet,,thc,WA flower lots test around 20% THC on average.,,Canadian Hemp Company,"Double Dream is a hybrid with flavors of berry, earthy, sweet.",Kushy cannabis-dataset|Lab terpene assays (analytical360/sclabs/psilabs via Terpene-Profile-Parser)|The Cannabis API (Piyush-Bhor)|WA I-502 state lab tests (dolthub/cannabis-testing-wa),0.65
double dutch,Double Dutch,,hybrid,,,earthy|sweet,earthy|sweet,,thc,WA flower lots test around 19% THC on average.,,Magus Genetics,"Double Dutch is a hybrid with flavors of earthy, sweet.",Kushy cannabis-dataset|Lab terpene assays (analytical360/sclabs/psilabs via Terpene-Profile-Parser)|The Cannabis API (Piyush-Bhor)|WA I-502 state lab tests (dolthub/cannabis-testing-wa),0.65
double og,Double Og,,indica,,,diesel|earthy|skunk,diesel|earthy|skunk,,thc,,,,"Double Og is an indica with flavors of diesel, earthy, skunk.",Kushy cannabis-dataset|Lab terpene assays (analytical360/sclabs/psilabs via Terpene-Profile-Parser)|The Cannabis API (Piyush-Bhor),0.65
double tangie banana,Double Tangie Banana,,hybrid,,,citrus|orange|sweet,citrus|orange|sweet,,thc,WA flower lots test around 21% THC on average.,,Crockett Family Farms,"Double Tangie Banana is a hybrid with flavors of citrus, orange, sweet.",Kushy cannabis-dataset|Lab terpene assays (analytical360/sclabs/psilabs via Terpene-Profile-Parser)|The Cannabis API (Piyush-Bhor)|WA I-502 state lab tests (dolthub/cannabis-testing-wa),0.65
double-diesel,Double-diesel,,sativa,,,citrus|diesel,citrus|diesel,,thc,,,Lowlife Seeds,"Double-diesel is a sativa with flavors of citrus, diesel.",Kushy cannabis-dataset|The Cannabis API (Piyush-Bhor),0.65
double-mint,Double-mint,,indica,,,lemon|mint,lemon|mint,,thc,,,Natural Genetics Seeds,"Double-mint is an indica with flavors of lemon, mint.",Kushy cannabis-dataset|The Cannabis API (Piyush-Bhor),0.65
dr funk,Dr Funk,,indica,,,berry|blueberry|earthy,berry|blueberry|earthy,,thc,WA flower lots test around 24% THC on average.,,,"Dr Funk is an indica with flavors of berry, blueberry, earthy.",Kushy cannabis-dataset|Lab terpene assays (analytical360/sclabs/psilabs via Terpene-Profile-Parser)|The Cannabis API (Piyush-Bhor)|WA I-502 state lab tests (dolthub/cannabis-testing-wa),0.65
dr grinspoon,Dr Grinspoon,,sativa,,,citrus|earthy|pungent,citrus|earthy|pungent,,thc,WA flower lots test around 25% THC on average.,,,"Dr Grinspoon is a sativa with flavors of citrus, earthy, pungent.",Kushy cannabis-dataset|Lab terpene assays (analytical360/sclabs/psilabs via Terpene-Profile-Parser)|The Cannabis API (Piyush-Bhor)|WA I-502 state lab tests (dolthub/cannabis-testing-wa),0.65
dr-feelgood,Dr-feelgood,,hybrid,,,earthy|nutty|woody,earthy|nutty|woody,,thc,,,,"Dr-feelgood is a hybrid with flavors of earthy, nutty, woody.",The Cannabis API (Piyush-Bhor),0.65
dragon og,Dragon Og,,hybrid,,,berry|diesel|tropical,berry|diesel|tropical,,thc,WA flower lots test around 21% THC on average.,,,"Dragon Og is a hybrid with flavors of berry, diesel, tropical.",Lab terpene assays (analytical360/sclabs/psilabs via Terpene-Profile-Parser)|The Cannabis API (Piyush-Bhor)|WA I-502 state lab tests (dolthub/cannabis-testing-wa),0.65
dragons breath,Dragons Breath,,hybrid,,,earthy|herbal|skunk,earthy|herbal|skunk|spicy,,thc,WA flower lots test around 15% THC on average.,,,"Dragons Breath is a hybrid with flavors of earthy, herbal, skunk.",The Cannabis API (Piyush-Bhor)|WA I-502 state lab tests (dolthub/cannabis-testing-wa),0.65
dreadlock,Dreadlock,,hybrid,,,diesel|earthy|herbal,diesel|earthy|herbal,,thc,,,,"Dreadlock is a hybrid with flavors of diesel, earthy, herbal.",The Cannabis API (Piyush-Bhor),0.65
dream beaver,Dream Beaver,,sativa,,,earthy|herbal|pineapple,earthy|herbal|pineapple|spicy|woody,,thc,WA flower lots test around 22% THC on average.,,Bodhi Seeds,"Dream Beaver is a sativa with flavors of earthy, herbal, pineapple.",Kushy cannabis-dataset|Lab terpene assays (analytical360/sclabs/psilabs via Terpene-Profile-Parser)|The Cannabis API (Piyush-Bhor)|WA I-502 state lab tests (dolthub/cannabis-testing-wa),0.65
dream berry,Dream Berry,,indica,,,berry|citrus|diesel,berry|citrus|diesel,,thc,WA flower lots test around 19% THC on average.,,Apothecary Seed Company,"Dream Berry is an indica with flavors of berry, citrus, diesel.",Kushy cannabis-dataset|Lab terpene assays (analytical360/sclabs/psilabs via Terpene-Profile-Parser)|The Cannabis API (Piyush-Bhor)|WA I-502 state lab tests (dolthub/cannabis-testing-wa),0.65
dream-police,Dream-police,,hybrid,,,blueberry|citrus|peppery,blueberry|citrus|peppery,,thc,,,,"Dream-police is a hybrid with flavors of blueberry, citrus, peppery.",The Cannabis API (Piyush-Bhor),0.65
dream-star,Dream-star,,hybrid,,,earthy|sweet|woody,earthy|sweet|woody,,thc,,,Oaksterdam Seed Company,"Dream-star is a hybrid with flavors of earthy, sweet, woody.",Kushy cannabis-dataset|The Cannabis API (Piyush-Bhor),0.65
dreamers-glass,Dreamers-glass,,hybrid,,,earthy|skunk|sweet,earthy|skunk|sweet,,thc,,,,"Dreamers-glass is a hybrid with flavors of earthy, skunk, sweet.",The Cannabis API (Piyush-Bhor),0.65
drizella,Drizella,,sativa,,,earthy|pungent|sweet,earthy|pungent|sweet,,thc,,,Dynasty Seeds,"Drizella is a sativa with flavors of earthy, pungent, sweet.",Kushy cannabis-dataset|The Cannabis API (Piyush-Bhor),0.65
duke nukem,Duke Nukem,,hybrid,,,earthy|pungent|sweet,earthy|pungent|sweet,,thc,,,Cabin Fever Seed Breeders,"Duke Nukem is a hybrid with flavors of earthy, pungent, sweet.",Kushy cannabis-dataset|Lab terpene assays (analytical360/sclabs/psilabs via Terpene-Profile-Parser)|The Cannabis API (Piyush-Bhor),0.65
dungeness og,Dungeness Og,,hybrid,,pinene,pine|fresh|peppery|spicy,,pinene|caryophyllene|humulene,thc,,,,Dungeness Og is a hybrid with Pinene-forward terpene profile.,Lab terpene assays (analytical360/sclabs/psilabs via Terpene-Profile-Parser),0.65
durban berry,Durban Berry,,hybrid,,,citrus|lemon|pine,citrus|lemon|pine,,thc,WA flower lots test around 22% THC on average.,,,"Durban Berry is a hybrid with flavors of citrus, lemon, pine.",Kushy cannabis-dataset|The Cannabis API (Piyush-Bhor)|WA I-502 state lab tests (dolthub/cannabis-testing-wa),0.65
durban cheese,Durban Cheese,,hybrid,,,cheese|earthy,cheese|earthy,,thc,WA flower lots test around 17% THC on average.,,,"Durban Cheese is a hybrid with flavors of cheese, earthy.",Kushy cannabis-dataset|The Cannabis API (Piyush-Bhor)|WA I-502 state lab tests (dolthub/cannabis-testing-wa),0.65
durban cookies,Durban Cookies,,sativa,,,earthy|sweet|woody,earthy|sweet|woody,,thc,WA flower lots test around 19% THC on average.,,,"Durban Cookies is a sativa with flavors of earthy, sweet, woody.",Kushy cannabis-dataset|Lab terpene assays (analytical360/sclabs/psilabs via Terpene-Profile-Parser)|The Cannabis API (Piyush-Bhor)|WA I-502 state lab tests (dolthub/cannabis-testing-wa),0.65
durga-mata,Durga-mata,,indica,,,citrus|earthy|lemon,citrus|earthy|lemon|mint,,thc,,,Paradise Seeds,"Durga-mata is an indica with flavors of citrus, earthy, lemon.",Kushy cannabis-dataset|The Cannabis API (Piyush-Bhor),0.65
dutch dragon,Dutch Dragon,,sativa,,,citrus|mint|sweet,citrus|mint|sweet,,thc,WA flower lots test around 21% THC on average.,,Paradise Seeds,"Dutch Dragon is a sativa with flavors of citrus, mint, sweet.",Kushy cannabis-dataset|The Cannabis API (Piyush-Bhor)|WA I-502 state lab tests (dolthub/cannabis-testing-wa),0.65
dutch haze,Dutch Haze,,sativa,,,citrus|earthy,citrus|earthy,,thc,WA flower lots test around 22% THC on average.,,Dutch Passion Seed Company,"Dutch Haze is a sativa with flavors of citrus, earthy.",Kushy cannabis-dataset|Lab terpene assays (analytical360/sclabs/psilabs via Terpene-Profile-Parser)|The Cannabis API (Piyush-Bhor)|WA I-502 state lab tests (dolthub/cannabis-testing-wa),0.65
dutch queen,Dutch Queen,,hybrid,,,earthy|pungent|sweet,earthy|pungent|sweet,,thc,WA flower lots test around 21% THC on average.,,Buddy Boy Farm,"Dutch Queen is a hybrid with flavors of earthy, pungent, sweet.",Kushy cannabis-dataset|The Cannabis API (Piyush-Bhor)|WA I-502 state lab tests (dolthub/cannabis-testing-wa),0.65
dutch thunder fuck,Dutch Thunder Fuck,,hybrid,,,citrus|earthy|lemon,citrus|earthy|lemon,,thc,WA flower lots test around 22% THC on average.,,,"Dutch Thunder Fuck is a hybrid with flavors of citrus, earthy, lemon.",Lab terpene assays (analytical360/sclabs/psilabs via Terpene-Profile-Parser)|The Cannabis API (Piyush-Bhor)|WA I-502 state lab tests (dolthub/cannabis-testing-wa),0.65
dutch treat (patient solutions),Dutch Treat (patient Solutions),,hybrid,,myrcene,earthy|musky|herbal,,myrcene,thc,,,,Dutch Treat (patient Solutions) is a hybrid with Myrcene-forward terpene profile.,Lab terpene assays (analytical360/sclabs/psilabs via Terpene-Profile-Parser),0.65
dutch treat (urban farmacy),Dutch Treat (urban Farmacy),,hybrid,,humulene,hoppy|earthy|woody,,humulene,thc,,,,Dutch Treat (urban Farmacy) is a hybrid with Humulene-forward terpene profile.,Lab terpene assays (analytical360/sclabs/psilabs via Terpene-Profile-Parser),0.65
dutch treat haze,Dutch Treat Haze,,hybrid,,,berry|citrus|earthy,berry|citrus|earthy,,thc,WA flower lots test around 22% THC on average.,,,"Dutch Treat Haze is a hybrid with flavors of berry, citrus, earthy.",Lab terpene assays (analytical360/sclabs/psilabs via Terpene-Profile-Parser)|The Cannabis API (Piyush-Bhor)|WA I-502 state lab tests (dolthub/cannabis-testing-wa),0.65
dutch-crunch,Dutch-crunch,,hybrid,,,citrus|herbal|peppery,citrus|herbal|peppery|spicy,,thc,,,,"Dutch-crunch is a hybrid with flavors of citrus, herbal, peppery.",Kushy cannabis-dataset|The Cannabis API (Piyush-Bhor),0.65
dutch-kush,Dutch-kush,,indica,,,berry|coffee|floral,berry|coffee|floral,,thc,,,,"Dutch-kush is an indica with flavors of berry, coffee, floral.",Kushy cannabis-dataset|The Cannabis API (Piyush-Bhor),0.65
dutchberry,Dutchberry,,hybrid,,,berry|orange|sweet,berry|orange|sweet,,thc,WA flower lots test around 21% THC on average.,,,"Dutchberry is a hybrid with flavors of berry, orange, sweet.",The Cannabis API (Piyush-Bhor)|WA I-502 state lab tests (dolthub/cannabis-testing-wa),0.65
early girl,Early Girl,,indica,,,citrus|earthy|pine,citrus|earthy|pine|sweet,,thc,WA flower lots test around 24% THC on average.,,,"Early Girl is an indica with flavors of citrus, earthy, pine.",Kushy cannabis-dataset|Lab terpene assays (analytical360/sclabs/psilabs via Terpene-Profile-Parser)|The Cannabis API (Piyush-Bhor)|WA I-502 state lab tests (dolthub/cannabis-testing-wa),0.65
early miss,Early Miss,,hybrid,,,pungent|herbal|peppery,pungent|herbal|peppery|spicy,,thc,WA flower lots test around 20% THC on average.,,,"Early Miss is a hybrid with flavors of pungent, herbal, peppery.",The Cannabis API (Piyush-Bhor)|WA I-502 state lab tests (dolthub/cannabis-testing-wa),0.65
early skunk,Early Skunk,,hybrid,,,earthy|floral|skunk,earthy|floral|skunk,,thc,WA flower lots test around 18% THC on average.,,Seed Bank,"Early Skunk is a hybrid with flavors of earthy, floral, skunk.",Kushy cannabis-dataset|The Cannabis API (Piyush-Bhor)|WA I-502 state lab tests (dolthub/cannabis-testing-wa),0.65
early-pearl,Early-pearl,,sativa,,,pungent|earthy|sweet,pungent|earthy|sweet|herbal,,thc,,,Sensi Seeds,"Early-pearl is a sativa with flavors of pungent, earthy, sweet.",Kushy cannabis-dataset|The Cannabis API (Piyush-Bhor),0.65
earth og,Earth Og,,hybrid,,,earthy|herbal|pine,earthy|herbal|pine|spicy,,thc,WA flower lots test around 14% THC on average.,,Clone Queen,"Earth Og is a hybrid with flavors of earthy, herbal, pine.",Kushy cannabis-dataset|The Cannabis API (Piyush-Bhor)|WA I-502 state lab tests (dolthub/cannabis-testing-wa),0.65
earthquake,Earthquake,,hybrid,,,earthy|pine|woody,earthy|pine|woody,,thc,WA flower lots test around 16% THC on average.,,,"Earthquake is a hybrid with flavors of earthy, pine, woody.",Kushy cannabis-dataset|The Cannabis API (Piyush-Bhor)|WA I-502 state lab tests (dolthub/cannabis-testing-wa),0.65
east coast alien,East Coast Alien,,sativa,,,diesel|earthy|herbal,diesel|earthy|herbal|spicy,,thc,WA flower lots test around 15% THC on average.,,,"East Coast Alien is a sativa with flavors of diesel, earthy, herbal.",Kushy cannabis-dataset|The Cannabis API (Piyush-Bhor)|WA I-502 state lab tests (dolthub/cannabis-testing-wa),0.65
eastern-european,Eastern-european,,indica,,,earthy|pine|woody,earthy|pine|woody,,thc,,,,"Eastern-european is an indica with flavors of earthy, pine, woody.",Kushy cannabis-dataset|The Cannabis API (Piyush-Bhor),0.65
easy-bud,Easy-bud,,hybrid,,,herbal|lemon|skunk,herbal|lemon|skunk|spicy,,thc,,,Female Seeds,"Easy-bud is a hybrid with flavors of herbal, lemon, skunk.",Kushy cannabis-dataset|The Cannabis API (Piyush-Bhor),0.65
easy-peezy,Easy-peezy,,hybrid,,,earthy|herbal|lemon,earthy|herbal|lemon|spicy,,thc,,,,"Easy-peezy is a hybrid with flavors of earthy, herbal, lemon.",The Cannabis API (Piyush-Bhor),0.65
ebola-7,Ebola-7,,hybrid,,,herbal|pine|spicy,herbal|pine|spicy|sweet,,thc,,,,"Ebola-7 is a hybrid with flavors of herbal, pine, spicy.",The Cannabis API (Piyush-Bhor),0.65
ecto-cooler,Ecto-cooler,,hybrid,,,diesel|citrus|earthy,diesel|citrus|earthy,,thc,,,Lost River Seeds,"Ecto-cooler is a hybrid with flavors of diesel, citrus, earthy.",Kushy cannabis-dataset|The Cannabis API (Piyush-Bhor),0.65
ed rosenthal super bud,Ed Rosenthal Super Bud,,hybrid,,,citrus|earthy|pine,citrus|earthy|pine,,thc,,,Sensi Seeds,"Ed Rosenthal Super Bud is a hybrid with flavors of citrus, earthy, pine.",Kushy cannabis-dataset|Lab terpene assays (analytical360/sclabs/psilabs via Terpene-Profile-Parser)|The Cannabis API (Piyush-Bhor),0.65
edelweiss,Edelweiss,,indica,,,earthy|citrus|sweet,earthy|citrus|sweet,,thc,,,Flying Dutchmen Seed Company,"Edelweiss is an indica with flavors of earthy, citrus, sweet.",Kushy cannabis-dataset|The Cannabis API (Piyush-Bhor),0.65
el jefe,El Jefe,,hybrid,,,earthy|pine,earthy|pine,,thc,,,Rare Dankness Seeds,"El Jefe is a hybrid with flavors of earthy, pine.",Kushy cannabis-dataset,0.65
el jeffe,El Jeffe,,indica,,,earthy|pine|pungent,earthy|pine|pungent,,thc,WA flower lots test around 28% THC on average.,,,"El Jeffe is an indica with flavors of earthy, pine, pungent.",Kushy cannabis-dataset|The Cannabis API (Piyush-Bhor)|WA I-502 state lab tests (dolthub/cannabis-testing-wa),0.65
el nino,El Nino,,hybrid,,,earthy|herbal|spicy,earthy|herbal|spicy|woody,,thc,WA flower lots test around 11% THC on average.,,Green House Seed Co.,"El Nino is a hybrid with flavors of earthy, herbal, spicy.",Kushy cannabis-dataset|The Cannabis API (Piyush-Bhor)|WA I-502 state lab tests (dolthub/cannabis-testing-wa),0.65
el-chapo-og,El-chapo-og,,indica,,,coffee|earthy|floral,coffee|earthy|floral|pungent|sweet,,thc,,,,"El-chapo-og is an indica with flavors of coffee, earthy, floral.",Kushy cannabis-dataset|The Cannabis API (Piyush-Bhor),0.65
el-na,El-na,,hybrid,,,earthy|pine|pungent,earthy|pine|pungent,,thc,,,Tikun Olam,"El-na is a hybrid with flavors of earthy, pine, pungent.",Kushy cannabis-dataset|The Cannabis API (Piyush-Bhor),0.65
el-perro,El-perro,,hybrid,,,earthy|pine|pungent,earthy|pine|pungent,,thc,,,,"El-perro is a hybrid with flavors of earthy, pine, pungent.",The Cannabis API (Piyush-Bhor),0.65
elderberry kush,Elderberry Kush,,hybrid,,,berry|earthy|woody,berry|earthy|woody,,thc,WA flower lots test around 15% THC on average.,,Love Genetics,"Elderberry Kush is a hybrid with flavors of berry, earthy, woody.",Kushy cannabis-dataset|The Cannabis API (Piyush-Bhor)|WA I-502 state lab tests (dolthub/cannabis-testing-wa),0.65
electric kool aid,Electric Kool Aid,,hybrid,,,berry|diesel|grape,berry|diesel|grape,,thc,,,,"Electric Kool Aid is a hybrid with flavors of berry, diesel, grape.",Lab terpene assays (analytical360/sclabs/psilabs via Terpene-Profile-Parser)|The Cannabis API (Piyush-Bhor),0.65
electric lemon g,Electric Lemon G,,sativa,,,citrus|lemon,citrus|lemon,,thc,WA flower lots test around 12% THC on average.,,T.H.Seeds,"Electric Lemon G is a sativa with flavors of citrus, lemon.",Kushy cannabis-dataset|The Cannabis API (Piyush-Bhor)|WA I-502 state lab tests (dolthub/cannabis-testing-wa),0.65
electric-black-mamba,Electric-black-mamba,,indica,,,earthy|pine,earthy|pine,,thc,,,,"Electric-black-mamba is an indica with flavors of earthy, pine.",Kushy cannabis-dataset|The Cannabis API (Piyush-Bhor),0.65
electric-lemonade,Electric-lemonade,,sativa,,,berry|lemon|orange,berry|lemon|orange,,thc,,,,"Electric-lemonade is a sativa with flavors of berry, lemon, orange.",The Cannabis API (Piyush-Bhor),0.65
elmers-glue,Elmers-glue,,hybrid,,,peppery|herbal|sweet,peppery|herbal|sweet,,thc,,,,"Elmers-glue is a hybrid with flavors of peppery, herbal, sweet.",The Cannabis API (Piyush-Bhor),0.65
elphinstone,Elphinstone,,sativa,,,citrus|pine|skunk,citrus|pine|skunk|sweet|tropical,,thc,WA flower lots test around 20% THC on average.,,Bodhi Seeds,"Elphinstone is a sativa with flavors of citrus, pine, skunk.",Kushy cannabis-dataset|The Cannabis API (Piyush-Bhor)|WA I-502 state lab tests (dolthub/cannabis-testing-wa),0.65
elvis,Elvis,,hybrid,,,earthy|floral|sweet,earthy|floral|sweet,,thc,WA flower lots test around 17% THC on average.,,Celebrity Seeds,"Elvis is a hybrid with flavors of earthy, floral, sweet.",Kushy cannabis-dataset|Lab terpene assays (analytical360/sclabs/psilabs via Terpene-Profile-Parser)|The Cannabis API (Piyush-Bhor)|WA I-502 state lab tests (dolthub/cannabis-testing-wa),0.65
emerald jack,Emerald Jack,,sativa,,,citrus|earthy|grape,citrus|earthy|grape|pine,,thc,WA flower lots test around 16% THC on average.,,Emerald Triangle,"Emerald Jack is a sativa with flavors of citrus, earthy, grape.",Kushy cannabis-dataset|The Cannabis API (Piyush-Bhor)|WA I-502 state lab tests (dolthub/cannabis-testing-wa),0.65
emerald og,Emerald Og,,indica,,,citrus|earthy|woody,citrus|earthy|woody,,thc,WA flower lots test around 18% THC on average.,,California Breeders Association,"Emerald Og is an indica with flavors of citrus, earthy, woody.",Kushy cannabis-dataset|The Cannabis API (Piyush-Bhor)|WA I-502 state lab tests (dolthub/cannabis-testing-wa),0.65
emperor-cookie-dough,Emperor-cookie-dough,,hybrid,,,citrus|diesel|sweet,citrus|diesel|sweet,,thc,,,,"Emperor-cookie-dough is a hybrid with flavors of citrus, diesel, sweet.",The Cannabis API (Piyush-Bhor),0.65
endless sky,Endless Sky,,indica,,,berry|creamy|sweet,berry|creamy|sweet,,thc,,,Dr. Greenthumb Seeds,"Endless Sky is an indica with flavors of berry, creamy, sweet.",Kushy cannabis-dataset|Lab terpene assays (analytical360/sclabs/psilabs via Terpene-Profile-Parser)|The Cannabis API (Piyush-Bhor),0.65
enemy of the state,Enemy Of The State,,indica,,,berry|earthy|herbal,berry|earthy|herbal|spicy|sweet,,thc,WA flower lots test around 20% THC on average.,,,"Enemy Of The State is an indica with flavors of berry, earthy, herbal.",Kushy cannabis-dataset|Lab terpene assays (analytical360/sclabs/psilabs via Terpene-Profile-Parser)|The Cannabis API (Piyush-Bhor)|WA I-502 state lab tests (dolthub/cannabis-testing-wa),0.65
enigma,Enigma,,indica,,,citrus|floral|pungent,citrus|floral|pungent,,thc,WA flower lots test around 13% THC on average.,,Alpha Kronik Genes,"Enigma is an indica with flavors of citrus, floral, pungent.",Kushy cannabis-dataset|The Cannabis API (Piyush-Bhor)|WA I-502 state lab tests (dolthub/cannabis-testing-wa),0.65
eran-almog,Eran-almog,,indica,,,citrus|earthy|sweet,citrus|earthy|sweet|woody,,thc,,,Tikun Olam,"Eran-almog is an indica with flavors of citrus, earthy, sweet.",Kushy cannabis-dataset|The Cannabis API (Piyush-Bhor),0.65
erez,Erez,,indica,,,berry|blueberry|floral,berry|blueberry|floral,,thc,,,Tikun Olam,"Erez is an indica with flavors of berry, blueberry, floral.",Kushy cannabis-dataset|The Cannabis API (Piyush-Bhor),0.65
euforia,Euforia,,hybrid,,,earthy|skunk,earthy|skunk,,thc,,,Dutch Passion Seed Company,"Euforia is a hybrid with flavors of earthy, skunk.",Kushy cannabis-dataset|Lab terpene assays (analytical360/sclabs/psilabs via Terpene-Profile-Parser),0.65
eugene-cream,Eugene-cream,,hybrid,,,creamy|earthy|sweet,creamy|earthy|sweet,,thc,,,,"Eugene-cream is a hybrid with flavors of creamy, earthy, sweet.",Kushy cannabis-dataset|The Cannabis API (Piyush-Bhor),0.65
euphoria,Euphoria,,sativa,,,earthy|skunk|sweet,earthy|skunk|sweet,,thc,WA flower lots test around 14% THC on average.,,Royal Queen,"Euphoria is a sativa with flavors of earthy, skunk, sweet.",Kushy cannabis-dataset|Lab terpene assays (analytical360/sclabs/psilabs via Terpene-Profile-Parser)|The Cannabis API (Piyush-Bhor)|WA I-502 state lab tests (dolthub/cannabis-testing-wa),0.65
euphoria-cookies,Euphoria-cookies,,hybrid,,,citrus|sweet|tropical,citrus|sweet|tropical,,thc,,,,"Euphoria-cookies is a hybrid with flavors of citrus, sweet, tropical.",The Cannabis API (Piyush-Bhor),0.65
everlast,Everlast,,indica,,,earthy|floral|skunk,earthy|floral|skunk,,thc,,,,"Everlast is an indica with flavors of earthy, floral, skunk.",Kushy cannabis-dataset|The Cannabis API (Piyush-Bhor),0.65
exodus cheese,Exodus Cheese,,hybrid,,,blueberry|cheese|citrus,blueberry|cheese|citrus,,thc,WA flower lots test around 18% THC on average.,,Green House Seed Co.,"Exodus Cheese is a hybrid with flavors of blueberry, cheese, citrus.",Kushy cannabis-dataset|Lab terpene assays (analytical360/sclabs/psilabs via Terpene-Profile-Parser)|The Cannabis API (Piyush-Bhor)|WA I-502 state lab tests (dolthub/cannabis-testing-wa),0.65
extreme cream,Extreme Cream,,indica,,,creamy|earthy|sweet,creamy|earthy|sweet,,thc,WA flower lots test around 24% THC on average.,,Exotic Genetix,"Extreme Cream is an indica with flavors of creamy, earthy, sweet.",Kushy cannabis-dataset|Lab terpene assays (analytical360/sclabs/psilabs via Terpene-Profile-Parser)|The Cannabis API (Piyush-Bhor)|WA I-502 state lab tests (dolthub/cannabis-testing-wa),0.65
fallen-angel,Fallen-angel,,indica,,,earthy|herbal|sweet,earthy|herbal|sweet,,thc,,,The Devils Harvest,"Fallen-angel is an indica with flavors of earthy, herbal, sweet.",Kushy cannabis-dataset|The Cannabis API (Piyush-Bhor),0.65
false-teeth,False-teeth,,hybrid,,,diesel|earthy|grape,diesel|earthy|grape,,thc,,,,"False-teeth is a hybrid with flavors of diesel, earthy, grape.",The Cannabis API (Piyush-Bhor),0.65
fast-eddy,Fast-eddy,,hybrid,,,citrus|pungent|skunk,citrus|pungent|skunk,,thc,,,,"Fast-eddy is a hybrid with flavors of citrus, pungent, skunk.",The Cannabis API (Piyush-Bhor),0.65
fat purple,Fat Purple,,indica,,,berry|grape|sweet,berry|grape|sweet,,thc,WA flower lots test around 18% THC on average.,,Hazeman Seeds,"Fat Purple is an indica with flavors of berry, grape, sweet.",Kushy cannabis-dataset|Lab terpene assays (analytical360/sclabs/psilabs via Terpene-Profile-Parser)|The Cannabis API (Piyush-Bhor)|WA I-502 state lab tests (dolthub/cannabis-testing-wa),0.65
fat-axl,Fat-axl,,hybrid,,,diesel|earthy|skunk,diesel|earthy|skunk,,thc,,,,"Fat-axl is a hybrid with flavors of diesel, earthy, skunk.",The Cannabis API (Piyush-Bhor),0.65
fat-nelson,Fat-nelson,,hybrid,,,citrus|pungent|herbal,citrus|pungent|herbal,,thc,,,,"Fat-nelson is a hybrid with flavors of citrus, pungent, herbal.",The Cannabis API (Piyush-Bhor),0.65
faygo red pop,Faygo Red Pop,,indica,,,herbal|pine|floral,herbal|pine|floral|spicy|strawberry,,thc,,,,"Faygo Red Pop is an indica with flavors of herbal, pine, floral.",Kushy cannabis-dataset|Lab terpene assays (analytical360/sclabs/psilabs via Terpene-Profile-Parser)|The Cannabis API (Piyush-Bhor),0.65
fire alien strawberry,Fire Alien Strawberry,,hybrid,,,earthy|herbal|spicy,earthy|herbal|spicy|strawberry,,thc,,,Og Raskal,"Fire Alien Strawberry is a hybrid with flavors of earthy, herbal, spicy.",Kushy cannabis-dataset|Lab terpene assays (analytical360/sclabs/psilabs via Terpene-Profile-Parser)|The Cannabis API (Piyush-Bhor),0.65
fire haze,Fire Haze,,sativa,,,berry|earthy|sweet,berry|earthy|sweet,,thc,,,,"Fire Haze is a sativa with flavors of berry, earthy, sweet.",Kushy cannabis-dataset|Lab terpene assays (analytical360/sclabs/psilabs via Terpene-Profile-Parser)|The Cannabis API (Piyush-Bhor),0.65
firewalker-og,Firewalker-og,,sativa,,,citrus|earthy|pine,citrus|earthy|pine|woody,,thc,,,OMG PMO Collective,"Firewalker-og is a sativa with flavors of citrus, earthy, pine.",Kushy cannabis-dataset|The Cannabis API (Piyush-Bhor),0.65
flaming cookies,Flaming Cookies,,indica,,,diesel|earthy|herbal,diesel|earthy|herbal|spicy|sweet,,thc,WA flower lots test around 11% THC on average.,,CannaVenture,"Flaming Cookies is an indica with flavors of diesel, earthy, herbal.",Kushy cannabis-dataset|The Cannabis API (Piyush-Bhor)|WA I-502 state lab tests (dolthub/cannabis-testing-wa),0.65
flo,Flo,,hybrid,,,earthy|floral|sweet,earthy|floral|sweet,,thc,WA flower lots test around 17% THC on average.,,DJ Short,"Flo is a hybrid with flavors of earthy, floral, sweet.",Kushy cannabis-dataset|Lab terpene assays (analytical360/sclabs/psilabs via Terpene-Profile-Parser)|The Cannabis API (Piyush-Bhor)|WA I-502 state lab tests (dolthub/cannabis-testing-wa),0.65
flo og,Flo Og,,indica,,,berry|earthy|floral,berry|earthy|floral|pungent|sweet,,thc,WA flower lots test around 20% THC on average.,,Rare Dankness Seeds,"Flo Og is an indica with flavors of berry, earthy, floral.",Kushy cannabis-dataset|Lab terpene assays (analytical360/sclabs/psilabs via Terpene-Profile-Parser)|The Cannabis API (Piyush-Bhor)|WA I-502 state lab tests (dolthub/cannabis-testing-wa),0.65
flo-limone,Flo-limone,,sativa,,,lemon|sweet|tropical,lemon|sweet|tropical,,thc,,,,"Flo-limone is a sativa with flavors of lemon, sweet, tropical.",Kushy cannabis-dataset|The Cannabis API (Piyush-Bhor),0.65
flo-walker,Flo-walker,,hybrid,,,citrus|earthy|lemon,citrus|earthy|lemon,,thc,,,,"Flo-walker is a hybrid with flavors of citrus, earthy, lemon.",The Cannabis API (Piyush-Bhor),0.65
flowerbomb kush,Flowerbomb Kush,,indica,,,citrus|earthy|sweet,citrus|earthy|sweet,,thc,WA flower lots test around 15% THC on average.,,Strain Hunters Seed Bank,"Flowerbomb Kush is an indica with flavors of citrus, earthy, sweet.",Kushy cannabis-dataset|The Cannabis API (Piyush-Bhor)|WA I-502 state lab tests (dolthub/cannabis-testing-wa),0.65
flowers-for-algernon,Flowers-for-algernon,,hybrid,,,citrus|diesel|mint,citrus|diesel|mint,,thc,,,,"Flowers-for-algernon is a hybrid with flavors of citrus, diesel, mint.",The Cannabis API (Piyush-Bhor),0.65
fn-louzer,Fn-louzer,,indica,,,diesel|earthy|pungent,diesel|earthy|pungent,,thc,,,,"Fn-louzer is an indica with flavors of diesel, earthy, pungent.",The Cannabis API (Piyush-Bhor),0.65
fortune cookies,Fortune Cookies,,hybrid,,,earthy|honey|sweet,earthy|honey|sweet,,thc,WA flower lots test around 20% THC on average.,,,"Fortune Cookies is a hybrid with flavors of earthy, honey, sweet.",Kushy cannabis-dataset|The Cannabis API (Piyush-Bhor)|WA I-502 state lab tests (dolthub/cannabis-testing-wa),0.65
forum cookies,Forum Cookies,,hybrid,,caryophyllene,peppery|spicy|woody|hoppy,,caryophyllene|humulene,thc,,,,Forum Cookies is a hybrid with Caryophyllene-forward terpene profile.,Lab terpene assays (analytical360/sclabs/psilabs via Terpene-Profile-Parser),0.65
four-cups,Four-cups,,hybrid,,,diesel|earthy|herbal,diesel|earthy|herbal|spicy,,thc,,,,"Four-cups is a hybrid with flavors of diesel, earthy, herbal.",The Cannabis API (Piyush-Bhor),0.65
four-star-general,Four-star-general,,hybrid,,,diesel|earthy|floral,diesel|earthy|floral,,thc,,,,"Four-star-general is a hybrid with flavors of diesel, earthy, floral.",The Cannabis API (Piyush-Bhor),0.65
four-way,Four-way,,indica,,,honey|peppery|sweet,honey|peppery|sweet,,thc,,,Exotic Seed Co.,"Four-way is an indica with flavors of honey, peppery, sweet.",Kushy cannabis-dataset|The Cannabis API (Piyush-Bhor),0.65
frank,Frank,,hybrid,,pinene,pine|fresh,,pinene,thc,,,,Frank is a hybrid with Pinene-forward terpene profile.,Lab terpene assays (analytical360/sclabs/psilabs via Terpene-Profile-Parser),0.65
franks gift,Franks Gift,,hybrid,,,skunk|earthy|woody,skunk|earthy|woody,,thc,WA flower lots test around 11% THC on average.,,,"Franks Gift is a hybrid with flavors of skunk, earthy, woody.",The Cannabis API (Piyush-Bhor)|WA I-502 state lab tests (dolthub/cannabis-testing-wa),0.65
fred-flipn-stoned,Fred-flipn-stoned,,indica,,,herbal|spicy,herbal|spicy,,thc,,,,"Fred-flipn-stoned is an indica with flavors of herbal, spicy.",Kushy cannabis-dataset|The Cannabis API (Piyush-Bhor),0.65
freezeland,Freezeland,,indica,,,earthy|pine|woody,earthy|pine|woody,,thc,WA flower lots test around 14% THC on average.,,,"Freezeland is an indica with flavors of earthy, pine, woody.",Kushy cannabis-dataset|Lab terpene assays (analytical360/sclabs/psilabs via Terpene-Profile-Parser)|The Cannabis API (Piyush-Bhor)|WA I-502 state lab tests (dolthub/cannabis-testing-wa),0.65
frida,Frida,,indica,,,earthy|lemon|pine,earthy|lemon|pine,,thc,WA flower lots test around 7% THC on average.,,,"Frida is an indica with flavors of earthy, lemon, pine.",Kushy cannabis-dataset|The Cannabis API (Piyush-Bhor)|WA I-502 state lab tests (dolthub/cannabis-testing-wa),0.65
frisian dew,Frisian Dew,,hybrid,,,citrus|pungent|sweet,citrus|pungent|sweet,,thc,WA flower lots test around 17% THC on average.,,Dutch Passion Seed Company,"Frisian Dew is a hybrid with flavors of citrus, pungent, sweet.",Kushy cannabis-dataset|The Cannabis API (Piyush-Bhor)|WA I-502 state lab tests (dolthub/cannabis-testing-wa),0.65
frisian duck,Frisian Duck,,hybrid,,,citrus|sweet|woody,citrus|sweet|woody,,thc,WA flower lots test around 22% THC on average.,,Dutch Passion Seed Company,"Frisian Duck is a hybrid with flavors of citrus, sweet, woody.",Kushy cannabis-dataset|The Cannabis API (Piyush-Bhor)|WA I-502 state lab tests (dolthub/cannabis-testing-wa),0.65
frost,Frost,,hybrid,,pinene,pine|fresh|peppery|spicy,,pinene|caryophyllene|myrcene,thc,,,,Frost is a hybrid with Pinene-forward terpene profile.,Lab terpene assays (analytical360/sclabs/psilabs via Terpene-Profile-Parser),0.65
frostbite,Frostbite,,sativa,,,berry|earthy|skunk,berry|earthy|skunk,,thc,WA flower lots test around 15% THC on average.,,,"Frostbite is a sativa with flavors of berry, earthy, skunk.",Kushy cannabis-dataset|The Cannabis API (Piyush-Bhor)|WA I-502 state lab tests (dolthub/cannabis-testing-wa),0.65
frosted freak,Frosted Freak,,hybrid,,,floral|citrus|vanilla,floral|citrus|vanilla,,thc,WA flower lots test around 14% THC on average.,,,"Frosted Freak is a hybrid with flavors of floral, citrus, vanilla.",The Cannabis API (Piyush-Bhor)|WA I-502 state lab tests (dolthub/cannabis-testing-wa),0.65
frosty,Frosty,,indica,,,earthy|skunk|sweet,earthy|skunk|sweet,,thc,WA flower lots test around 13% THC on average.,,,"Frosty is an indica with flavors of earthy, skunk, sweet.",Kushy cannabis-dataset|The Cannabis API (Piyush-Bhor)|WA I-502 state lab tests (dolthub/cannabis-testing-wa),0.65
fruit loops,Fruit Loops,,hybrid,,,berry|lemon|sweet,berry|lemon|sweet,,thc,WA flower lots test around 23% THC on average.,,,"Fruit Loops is a hybrid with flavors of berry, lemon, sweet.",Lab terpene assays (analytical360/sclabs/psilabs via Terpene-Profile-Parser)|The Cannabis API (Piyush-Bhor)|WA I-502 state lab tests (dolthub/cannabis-testing-wa),0.65
fruit punch,Fruit Punch,,sativa,,,berry|skunk|sweet,berry|skunk|sweet,,thc,WA flower lots test around 19% THC on average.,,Heavyweight Seeds,"Fruit Punch is a sativa with flavors of berry, skunk, sweet.",Kushy cannabis-dataset|Lab terpene assays (analytical360/sclabs/psilabs via Terpene-Profile-Parser)|The Cannabis API (Piyush-Bhor)|WA I-502 state lab tests (dolthub/cannabis-testing-wa),0.65
fruit spirit,Fruit Spirit,,hybrid,,,blueberry|earthy|sweet,blueberry|earthy|sweet,,thc,WA flower lots test around 15% THC on average.,,,"Fruit Spirit is a hybrid with flavors of blueberry, earthy, sweet.",The Cannabis API (Piyush-Bhor)|WA I-502 state lab tests (dolthub/cannabis-testing-wa),0.65
fruity-widow,Fruity-widow,,hybrid,,,blueberry|sweet,blueberry|sweet,,thc,,,,"Fruity-widow is a hybrid with flavors of blueberry, sweet.",The Cannabis API (Piyush-Bhor),0.65
fruitylicious,Fruitylicious,,indica,,,blueberry|mint|sweet,blueberry|mint|sweet,,thc,,,Mandala Seeds,"Fruitylicious is an indica with flavors of blueberry, mint, sweet.",Kushy cannabis-dataset|The Cannabis API (Piyush-Bhor),0.65
full moon,Full Moon,,sativa,,,pungent|citrus|earthy,pungent|citrus|earthy|herbal|spicy,,thc,WA flower lots test around 16% THC on average.,,Sativa Seedbank,"Full Moon is a sativa with flavors of pungent, citrus, earthy.",Kushy cannabis-dataset|Lab terpene assays (analytical360/sclabs/psilabs via Terpene-Profile-Parser)|The Cannabis API (Piyush-Bhor)|WA I-502 state lab tests (dolthub/cannabis-testing-wa),0.65
funfetti,Funfetti,,hybrid,,,berry|earthy|woody,berry|earthy|woody,,thc,WA flower lots test around 17% THC on average.,,,"Funfetti is a hybrid with flavors of berry, earthy, woody.",Kushy cannabis-dataset|The Cannabis API (Piyush-Bhor)|WA I-502 state lab tests (dolthub/cannabis-testing-wa),0.65
funky-monkey,Funky-monkey,,indica,,,berry|earthy|grape,berry|earthy|grape|sweet,,thc,,,,"Funky-monkey is an indica with flavors of berry, earthy, grape.",Kushy cannabis-dataset|The Cannabis API (Piyush-Bhor),0.65
future,Future,,hybrid,,,citrus|diesel|earthy,citrus|diesel|earthy,,thc,WA flower lots test around 19% THC on average.,,Exotic Genetix,"Future is a hybrid with flavors of citrus, diesel, earthy.",Kushy cannabis-dataset|Lab terpene assays (analytical360/sclabs/psilabs via Terpene-Profile-Parser)|The Cannabis API (Piyush-Bhor)|WA I-502 state lab tests (dolthub/cannabis-testing-wa),0.65
g13 haze,G13 Haze,,hybrid,,,earthy|pine|sweet,earthy|pine|sweet,,thc,WA flower lots test around 18% THC on average.,,Soma Seeds,"G13 Haze is a hybrid with flavors of earthy, pine, sweet.",Kushy cannabis-dataset|Lab terpene assays (analytical360/sclabs/psilabs via Terpene-Profile-Parser)|The Cannabis API (Piyush-Bhor)|WA I-502 state lab tests (dolthub/cannabis-testing-wa),0.65
g13-diesel,G13-diesel,,hybrid,,,diesel|skunk|sweet,diesel|skunk|sweet,,thc,,,Head Seeds,"G13-diesel is a hybrid with flavors of diesel, skunk, sweet.",Kushy cannabis-dataset|The Cannabis API (Piyush-Bhor),0.65
g13-widow,G13-widow,,hybrid,,,earthy|floral|citrus,earthy|floral|citrus,,thc,,,Shantibaba,"G13-widow is a hybrid with flavors of earthy, floral, citrus.",Kushy cannabis-dataset|The Cannabis API (Piyush-Bhor),0.65
gg4,GG4,,hybrid,,caryophyllene,peppery|spicy|woody|hoppy,,caryophyllene|humulene,thc,,,,GG4 is a hybrid with Caryophyllene-forward terpene profile.,Lab terpene assays (analytical360/sclabs/psilabs via Terpene-Profile-Parser),0.65
gabriel-sherbet,Gabriel-sherbet,,hybrid,,,berry|mint|sweet,berry|mint|sweet,,thc,,,,"Gabriel-sherbet is a hybrid with flavors of berry, mint, sweet.",The Cannabis API (Piyush-Bhor),0.65
galactica-og,Galactica-og,,indica,,,earthy|herbal|pungent,earthy|herbal|pungent|spicy,,thc,,,,"Galactica-og is an indica with flavors of earthy, herbal, pungent.",The Cannabis API (Piyush-Bhor),0.65
game changer,Game Changer,,hybrid,,,apple|earthy|grape,apple|earthy|grape,,thc,WA flower lots test around 23% THC on average.,,,"Game Changer is a hybrid with flavors of apple, earthy, grape.",Kushy cannabis-dataset|The Cannabis API (Piyush-Bhor)|WA I-502 state lab tests (dolthub/cannabis-testing-wa),0.65
gandalf og,Gandalf Og,,indica,,,grape|pine|sweet,grape|pine|sweet,,thc,WA flower lots test around 16% THC on average.,,,"Gandalf Og is an indica with flavors of grape, pine, sweet.",Kushy cannabis-dataset|The Cannabis API (Piyush-Bhor)|WA I-502 state lab tests (dolthub/cannabis-testing-wa),0.65
ganesh berry,Ganesh Berry,,hybrid,,,berry|floral|sweet,berry|floral|sweet,,thc,WA flower lots test around 17% THC on average.,,,"Ganesh Berry is a hybrid with flavors of berry, floral, sweet.",The Cannabis API (Piyush-Bhor)|WA I-502 state lab tests (dolthub/cannabis-testing-wa),0.65
garlic-bud,Garlic-bud,,indica,,,earthy|peppery|woody,earthy|peppery|woody,,thc,,,Sensi Seeds,"Garlic-bud is an indica with flavors of earthy, peppery, woody.",Kushy cannabis-dataset|The Cannabis API (Piyush-Bhor),0.65
gas mask,Gas Mask,,indica,,,diesel|pungent,diesel|pungent,,thc,,,,"Gas Mask is an indica with flavors of diesel, pungent.",Lab terpene assays (analytical360/sclabs/psilabs via Terpene-Profile-Parser)|The Cannabis API (Piyush-Bhor),0.65
gatekeeper-og,Gatekeeper-og,,hybrid,,,earthy|floral|sweet,earthy|floral|sweet,,thc,,,,"Gatekeeper-og is a hybrid with flavors of earthy, floral, sweet.",The Cannabis API (Piyush-Bhor),0.65
gemstone,Gemstone,,hybrid,,,citrus|earthy|floral,citrus|earthy|floral,,thc,,,,"Gemstone is a hybrid with flavors of citrus, earthy, floral.",Kushy cannabis-dataset|The Cannabis API (Piyush-Bhor),0.65
georgia-pine,Georgia-pine,,hybrid,,,floral|pine|sweet,floral|pine|sweet,,thc,,,,"Georgia-pine is a hybrid with flavors of floral, pine, sweet.",The Cannabis API (Piyush-Bhor),0.65
gg-1,Gg-1,,hybrid,,,earthy|pine|pungent,earthy|pine|pungent,,thc,,,,"Gg-1 is a hybrid with flavors of earthy, pine, pungent.",The Cannabis API (Piyush-Bhor),0.65
gg-5,Gg-5,,hybrid,,,earthy|pungent|woody,earthy|pungent|woody,,thc,,,,"Gg-5 is a hybrid with flavors of earthy, pungent, woody.",The Cannabis API (Piyush-Bhor),0.65
ghost og moonshine,Ghost Og Moonshine,,indica,,,earthy|pine|pungent,earthy|pine|pungent|skunk,,thc,WA flower lots test around 22% THC on average.,,,"Ghost Og Moonshine is an indica with flavors of earthy, pine, pungent.",Kushy cannabis-dataset|The Cannabis API (Piyush-Bhor)|WA I-502 state lab tests (dolthub/cannabis-testing-wa),0.65
ghost-bubba,Ghost-bubba,,hybrid,,,grape|pungent|sweet,grape|pungent|sweet,,thc,,,,"Ghost-bubba is a hybrid with flavors of grape, pungent, sweet.",The Cannabis API (Piyush-Bhor),0.65
ghost-cookies,Ghost-cookies,,hybrid,,,berry|blueberry|earthy,berry|blueberry|earthy,,thc,,,,"Ghost-cookies is a hybrid with flavors of berry, blueberry, earthy.",The Cannabis API (Piyush-Bhor),0.65
ghost-ship,Ghost-ship,,indica,,,earthy|pungent|skunk,earthy|pungent|skunk,,thc,,,,"Ghost-ship is an indica with flavors of earthy, pungent, skunk.",Kushy cannabis-dataset|The Cannabis API (Piyush-Bhor),0.65
gi-001,Gi-001,,hybrid,,,citrus|lemon,citrus|lemon,,thc,,,,"Gi-001 is a hybrid with flavors of citrus, lemon.",The Cannabis API (Piyush-Bhor),0.65
gigabud,Gigabud,,indica,,,herbal|pine|spicy,herbal|pine|spicy|sweet|tropical,,thc,WA flower lots test around 19% THC on average.,,G13 Labs,"Gigabud is an indica with flavors of herbal, pine, spicy.",Kushy cannabis-dataset|Lab terpene assays (analytical360/sclabs/psilabs via Terpene-Profile-Parser)|The Cannabis API (Piyush-Bhor)|WA I-502 state lab tests (dolthub/cannabis-testing-wa),0.65
ginger-ale,Ginger-ale,,hybrid,,,berry|diesel|earthy,berry|diesel|earthy,,thc,,,Brothers Grimm Marijuana Seed Bank,"Ginger-ale is a hybrid with flavors of berry, diesel, earthy.",Kushy cannabis-dataset|The Cannabis API (Piyush-Bhor),0.65
girl scout cookie thin mint,Girl Scout Cookie Thin Mint,,hybrid,,caryophyllene,peppery|spicy|woody|hoppy,,caryophyllene|humulene,thc,,,,Girl Scout Cookie Thin Mint is a hybrid with Caryophyllene-forward terpene profile.,Lab terpene assays (analytical360/sclabs/psilabs via Terpene-Profile-Parser),0.65
girl scout cookies thin mint,Girl Scout Cookies Thin Mint,,hybrid,,humulene,hoppy|earthy|woody|peppery,,humulene|caryophyllene,thc,,,,Girl Scout Cookies Thin Mint is a hybrid with Humulene-forward terpene profile.,Lab terpene assays (analytical360/sclabs/psilabs via Terpene-Profile-Parser),0.65
glad-max,Glad-max,,hybrid,,,earthy|floral|sweet,earthy|floral|sweet,,thc,,,,"Glad-max is a hybrid with flavors of earthy, floral, sweet.",The Cannabis API (Piyush-Bhor),0.65
glass slipper,Glass Slipper,,hybrid,,,earthy|floral|sweet,earthy|floral|sweet,,thc,WA flower lots test around 21% THC on average.,,,"Glass Slipper is a hybrid with flavors of earthy, floral, sweet.",Kushy cannabis-dataset|Lab terpene assays (analytical360/sclabs/psilabs via Terpene-Profile-Parser)|The Cannabis API (Piyush-Bhor)|WA I-502 state lab tests (dolthub/cannabis-testing-wa),0.65
glass-apple,Glass-apple,,hybrid,,,apple|mint|sweet,apple|mint|sweet,,thc,,,,"Glass-apple is a hybrid with flavors of apple, mint, sweet.",The Cannabis API (Piyush-Bhor),0.65
glue tech,Glue Tech,,hybrid,,,berry|earthy|sweet,berry|earthy|sweet,,thc,WA flower lots test around 20% THC on average.,,,"Glue Tech is a hybrid with flavors of berry, earthy, sweet.",Lab terpene assays (analytical360/sclabs/psilabs via Terpene-Profile-Parser)|The Cannabis API (Piyush-Bhor)|WA I-502 state lab tests (dolthub/cannabis-testing-wa),0.65
gmo,Gmo,,hybrid,,myrcene,earthy|musky|herbal|citrus,,myrcene|limonene,thc,,,,Gmo is a hybrid with Myrcene-forward terpene profile.,Lab terpene assays (analytical360/sclabs/psilabs via Terpene-Profile-Parser),0.65
go time,Go Time,,hybrid,,,earthy|herbal|woody,earthy|herbal|woody,,thc,WA flower lots test around 23% THC on average.,,TGA Seeds,"Go Time is a hybrid with flavors of earthy, herbal, woody.",Kushy cannabis-dataset|The Cannabis API (Piyush-Bhor)|WA I-502 state lab tests (dolthub/cannabis-testing-wa),0.65
goat,Goat,,hybrid,,,earthy|lemon|herbal,earthy|lemon|herbal,,thc,,,,"Goat is a hybrid with flavors of earthy, lemon, herbal.",The Cannabis API (Piyush-Bhor),0.65
gobbilygoo,Gobbilygoo,,indica,,,berry|grape|floral,berry|grape|floral,,thc,WA flower lots test around 20% THC on average.,,Alpha Kronik Genes,"Gobbilygoo is an indica with flavors of berry, grape, floral.",Kushy cannabis-dataset|The Cannabis API (Piyush-Bhor)|WA I-502 state lab tests (dolthub/cannabis-testing-wa),0.65
gobbstopper,Gobbstopper,,indica,,,berry|herbal|spicy,berry|herbal|spicy|sweet,,thc,WA flower lots test around 16% THC on average.,,Alpha Kronik Genes,"Gobbstopper is an indica with flavors of berry, herbal, spicy.",Kushy cannabis-dataset|The Cannabis API (Piyush-Bhor)|WA I-502 state lab tests (dolthub/cannabis-testing-wa),0.65
god's treat,God's Treat,,hybrid,,,blueberry|earthy,blueberry|earthy,,thc,,,Jordan of the Island,"God's Treat is a hybrid with flavors of blueberry, earthy.",Kushy cannabis-dataset|Lab terpene assays (analytical360/sclabs/psilabs via Terpene-Profile-Parser),0.65
godberry,Godberry,,indica,,,berry|blueberry|earthy,berry|blueberry|earthy|sweet,,thc,WA flower lots test around 18% THC on average.,,,"Godberry is an indica with flavors of berry, blueberry, earthy.",Kushy cannabis-dataset|Lab terpene assays (analytical360/sclabs/psilabs via Terpene-Profile-Parser)|The Cannabis API (Piyush-Bhor)|WA I-502 state lab tests (dolthub/cannabis-testing-wa),0.65
godfather purple kush,Godfather Purple Kush,,indica,,,berry|herbal|pungent,berry|herbal|pungent|spicy,,thc,WA flower lots test around 16% THC on average.,,,"Godfather Purple Kush is an indica with flavors of berry, herbal, pungent.",Kushy cannabis-dataset|The Cannabis API (Piyush-Bhor)|WA I-502 state lab tests (dolthub/cannabis-testing-wa),0.65
gods-bubba,Gods-bubba,,indica,,,earthy|pungent|woody,earthy|pungent|woody,,thc,,,,"Gods-bubba is an indica with flavors of earthy, pungent, woody.",The Cannabis API (Piyush-Bhor),0.65
gods-green-crack,Gods-green-crack,,hybrid,,,earthy|sweet|woody,earthy|sweet|woody,,thc,,,,"Gods-green-crack is a hybrid with flavors of earthy, sweet, woody.",The Cannabis API (Piyush-Bhor),0.65
godzilla,Godzilla,,indica,,,berry|earthy|floral,berry|earthy|floral|woody,,thc,WA flower lots test around 16% THC on average.,,CaÃ±a De EspaÃ±a,"Godzilla is an indica with flavors of berry, earthy, floral.",Kushy cannabis-dataset|The Cannabis API (Piyush-Bhor)|WA I-502 state lab tests (dolthub/cannabis-testing-wa),0.65
godzilla-glue,Godzilla-glue,,hybrid,,,herbal|spicy|sweet,herbal|spicy|sweet|tropical,,thc,,,,"Godzilla-glue is a hybrid with flavors of herbal, spicy, sweet.",The Cannabis API (Piyush-Bhor),0.65
gog-magog,Gog-magog,,indica,,,earthy|herbal|pungent,earthy|herbal|pungent|spicy,,thc,,,,"Gog-magog is an indica with flavors of earthy, herbal, pungent.",The Cannabis API (Piyush-Bhor),0.65
gold-kings-thai,Gold-kings-thai,,sativa,,,citrus|earthy,citrus|earthy,,thc,,,,"Gold-kings-thai is a sativa with flavors of citrus, earthy.",The Cannabis API (Piyush-Bhor),0.65
goldberry,Goldberry,,indica,,,earthy|mint|woody,earthy|mint|woody,,thc,,,,"Goldberry is an indica with flavors of earthy, mint, woody.",Kushy cannabis-dataset|The Cannabis API (Piyush-Bhor),0.65
golden gage,Golden Gage,,hybrid,,,citrus|herbal|peppery,citrus|herbal|peppery|spicy,,thc,WA flower lots test around 22% THC on average.,,Gage Green Group,"Golden Gage is a hybrid with flavors of citrus, herbal, peppery.",Kushy cannabis-dataset|The Cannabis API (Piyush-Bhor)|WA I-502 state lab tests (dolthub/cannabis-testing-wa),0.65
golden nugget,Golden Nugget,,hybrid,,,citrus|skunk|sweet,citrus|skunk|sweet,,thc,WA flower lots test around 20% THC on average.,,PAPA GANJA,"Golden Nugget is a hybrid with flavors of citrus, skunk, sweet.",Kushy cannabis-dataset|The Cannabis API (Piyush-Bhor)|WA I-502 state lab tests (dolthub/cannabis-testing-wa),0.65
golden panda,Golden Panda,,hybrid,,,citrus|pungent|sweet,citrus|pungent|sweet,,thc,WA flower lots test around 24% THC on average.,,,"Golden Panda is a hybrid with flavors of citrus, pungent, sweet.",Lab terpene assays (analytical360/sclabs/psilabs via Terpene-Profile-Parser)|The Cannabis API (Piyush-Bhor)|WA I-502 state lab tests (dolthub/cannabis-testing-wa),0.65
golden pineapple,Golden Pineapple,,hybrid,,,citrus|pineapple|tropical,citrus|pineapple|tropical,,thc,WA flower lots test around 22% THC on average.,,WallyDuck Seeds,"Golden Pineapple is a hybrid with flavors of citrus, pineapple, tropical.",Kushy cannabis-dataset|Lab terpene assays (analytical360/sclabs/psilabs via Terpene-Profile-Parser)|The Cannabis API (Piyush-Bhor)|WA I-502 state lab tests (dolthub/cannabis-testing-wa),0.65
golden tangie,Golden Tangie,,sativa,,,citrus|earthy|orange,citrus|earthy|orange,,thc,,,,"Golden Tangie is a sativa with flavors of citrus, earthy, orange.",Kushy cannabis-dataset|Lab terpene assays (analytical360/sclabs/psilabs via Terpene-Profile-Parser)|The Cannabis API (Piyush-Bhor),0.65
golden-calyx,Golden-calyx,,sativa,,,citrus|sweet|tropical,citrus|sweet|tropical,,thc,,,,"Golden-calyx is a sativa with flavors of citrus, sweet, tropical.",The Cannabis API (Piyush-Bhor),0.65
golden-state-banana,Golden-state-banana,,indica,,,citrus|sweet|tropical,citrus|sweet|tropical,,thc,,,,"Golden-state-banana is an indica with flavors of citrus, sweet, tropical.",The Cannabis API (Piyush-Bhor),0.65
golden-tiger,Golden-tiger,,sativa,,,apricot|lemon|mint,apricot|lemon|mint,,thc,,,,"Golden-tiger is a sativa with flavors of apricot, lemon, mint.",The Cannabis API (Piyush-Bhor),0.65
goo,Goo,,indica,,,berry|blueberry|sweet,berry|blueberry|sweet,,thc,WA flower lots test around 19% THC on average.,,,"Goo is an indica with flavors of berry, blueberry, sweet.",Kushy cannabis-dataset|Lab terpene assays (analytical360/sclabs/psilabs via Terpene-Profile-Parser)|The Cannabis API (Piyush-Bhor)|WA I-502 state lab tests (dolthub/cannabis-testing-wa),0.65
gooberry,Gooberry,,indica,,,berry|blueberry|sweet,berry|blueberry|sweet,,thc,WA flower lots test around 15% THC on average.,,TGA Seeds,"Gooberry is an indica with flavors of berry, blueberry, sweet.",Kushy cannabis-dataset|The Cannabis API (Piyush-Bhor)|WA I-502 state lab tests (dolthub/cannabis-testing-wa),0.65
good-medicine,Good-medicine,,hybrid,,,citrus|earthy|herbal,citrus|earthy|herbal|spicy,,thc,,,Bodhi Seeds,"Good-medicine is a hybrid with flavors of citrus, earthy, herbal.",Kushy cannabis-dataset|The Cannabis API (Piyush-Bhor),0.65
gorilla biscuit,Gorilla Biscuit,,indica,,,cheese|coffee|pine,cheese|coffee|pine,,thc,WA flower lots test around 22% THC on average.,,Seeds Of Compassion,"Gorilla Biscuit is an indica with flavors of cheese, coffee, pine.",Kushy cannabis-dataset|The Cannabis API (Piyush-Bhor)|WA I-502 state lab tests (dolthub/cannabis-testing-wa),0.65
gorilla cookies,Gorilla Cookies,,hybrid,,,earthy|mint|sweet,earthy|mint|sweet,,thc,WA flower lots test around 23% THC on average.,,,"Gorilla Cookies is a hybrid with flavors of earthy, mint, sweet.",Kushy cannabis-dataset|Lab terpene assays (analytical360/sclabs/psilabs via Terpene-Profile-Parser)|The Cannabis API (Piyush-Bhor)|WA I-502 state lab tests (dolthub/cannabis-testing-wa),0.65
gorilla-grips,Gorilla-grips,,indica,,,berry|blueberry|grape,berry|blueberry|grape,,thc,,,,"Gorilla-grips is an indica with flavors of berry, blueberry, grape.",The Cannabis API (Piyush-Bhor),0.65
goverment mule,Goverment Mule,,indica,,,lemon|sweet,lemon|sweet,,thc,,,,"Goverment Mule is an indica with flavors of lemon, sweet.",Kushy cannabis-dataset,0.65
government-mule,Government-mule,,indica,,,floral|lemon|sweet,floral|lemon|sweet,,thc,,,Cannacopia Seeds,"Government-mule is an indica with flavors of floral, lemon, sweet.",Kushy cannabis-dataset|The Cannabis API (Piyush-Bhor),0.65
grand daddy purp,Grand Daddy Purp,,hybrid,,pinene,pine|fresh|hoppy|earthy,,pinene|humulene|caryophyllene,thc,,,,Grand Daddy Purp is a hybrid with Pinene-forward terpene profile.,Lab terpene assays (analytical360/sclabs/psilabs via Terpene-Profile-Parser),0.65
grand doggy purps,Grand Doggy Purps,,indica,,,earthy|grape|sweet,earthy|grape|sweet,,thc,,,,"Grand Doggy Purps is an indica with flavors of earthy, grape, sweet.",Kushy cannabis-dataset|Lab terpene assays (analytical360/sclabs/psilabs via Terpene-Profile-Parser)|The Cannabis API (Piyush-Bhor),0.65
grand hindu,Grand Hindu,,indica,,,berry|citrus|grape,berry|citrus|grape|sweet,,thc,WA flower lots test around 18% THC on average.,,,"Grand Hindu is an indica with flavors of berry, citrus, grape.",Kushy cannabis-dataset|The Cannabis API (Piyush-Bhor)|WA I-502 state lab tests (dolthub/cannabis-testing-wa),0.65
grand hustle,Grand Hustle,,hybrid,,,citrus|earthy|honey,citrus|earthy|honey,,thc,,,,"Grand Hustle is a hybrid with flavors of citrus, earthy, honey.",Lab terpene assays (analytical360/sclabs/psilabs via Terpene-Profile-Parser)|The Cannabis API (Piyush-Bhor),0.65
grandmas-sugar-cookies,Grandmas-sugar-cookies,,indica,,,cheese|pungent|sweet,cheese|pungent|sweet,,thc,,,,"Grandmas-sugar-cookies is an indica with flavors of cheese, pungent, sweet.",The Cannabis API (Piyush-Bhor),0.65
grandpa larry og,Grandpa Larry Og,,indica,,,earthy|grape|pungent,earthy|grape|pungent|sweet,,thc,WA flower lots test around 18% THC on average.,,Grand Daddy Purp,"Grandpa Larry Og is an indica with flavors of earthy, grape, pungent.",Kushy cannabis-dataset|The Cannabis API (Piyush-Bhor)|WA I-502 state lab tests (dolthub/cannabis-testing-wa),0.65
grandpas breath,Grandpas Breath,,indica,,,earthy|floral,earthy|floral,,thc,WA flower lots test around 21% THC on average.,,,"Grandpas Breath is an indica with flavors of earthy, floral.",The Cannabis API (Piyush-Bhor)|WA I-502 state lab tests (dolthub/cannabis-testing-wa),0.65
grape calyx,Grape Calyx,,hybrid,,,floral|grape|sweet,floral|grape|sweet,,thc,,,,"Grape Calyx is a hybrid with flavors of floral, grape, sweet.",Lab terpene assays (analytical360/sclabs/psilabs via Terpene-Profile-Parser)|The Cannabis API (Piyush-Bhor),0.65
grape cookies,Grape Cookies,,indica,,,berry|diesel|grape,berry|diesel|grape|sweet,,thc,WA flower lots test around 14% THC on average.,,Purple Caper Seeds,"Grape Cookies is an indica with flavors of berry, diesel, grape.",Kushy cannabis-dataset|Lab terpene assays (analytical360/sclabs/psilabs via Terpene-Profile-Parser)|The Cannabis API (Piyush-Bhor)|WA I-502 state lab tests (dolthub/cannabis-testing-wa),0.65
grape crush,Grape Crush,,hybrid,,,berry|grape|sweet,berry|grape|sweet,,thc,WA flower lots test around 17% THC on average.,,,"Grape Crush is a hybrid with flavors of berry, grape, sweet.",Kushy cannabis-dataset|Lab terpene assays (analytical360/sclabs/psilabs via Terpene-Profile-Parser)|The Cannabis API (Piyush-Bhor)|WA I-502 state lab tests (dolthub/cannabis-testing-wa),0.65
grape inferno,Grape Inferno,,indica,,,citrus|diesel|grape,citrus|diesel|grape|sweet,,thc,WA flower lots test around 24% THC on average.,,TGA Seeds,"Grape Inferno is an indica with flavors of citrus, diesel, grape.",Kushy cannabis-dataset|The Cannabis API (Piyush-Bhor)|WA I-502 state lab tests (dolthub/cannabis-testing-wa),0.65
grape krush,Grape Krush,,indica,,,berry|grape|sweet,berry|grape|sweet,,thc,WA flower lots test around 10% THC on average.,,DJ Short,"Grape Krush is an indica with flavors of berry, grape, sweet.",Kushy cannabis-dataset|Lab terpene assays (analytical360/sclabs/psilabs via Terpene-Profile-Parser)|The Cannabis API (Piyush-Bhor)|WA I-502 state lab tests (dolthub/cannabis-testing-wa),0.65
grape ox,Grape Ox,,indica,,,cheese|grape|sweet,cheese|grape|sweet,,thc,WA flower lots test around 20% THC on average.,,Rare Dankness Seeds,"Grape Ox is an indica with flavors of cheese, grape, sweet.",Kushy cannabis-dataset|The Cannabis API (Piyush-Bhor)|WA I-502 state lab tests (dolthub/cannabis-testing-wa),0.65
grape skunk,Grape Skunk,,indica,,,earthy|grape|skunk,earthy|grape|skunk|sweet,,thc,WA flower lots test around 17% THC on average.,,Next Generation Seeds,"Grape Skunk is an indica with flavors of earthy, grape, skunk.",Kushy cannabis-dataset|The Cannabis API (Piyush-Bhor)|WA I-502 state lab tests (dolthub/cannabis-testing-wa),0.65
grape-drink,Grape-drink,,indica,,,floral|grape|sweet,floral|grape|sweet,,thc,,,,"Grape-drink is an indica with flavors of floral, grape, sweet.",Kushy cannabis-dataset|The Cannabis API (Piyush-Bhor),0.65
grape-soda,Grape-soda,,hybrid,,,citrus|grape|sweet,citrus|grape|sweet,,thc,,,,"Grape-soda is a hybrid with flavors of citrus, grape, sweet.",The Cannabis API (Piyush-Bhor),0.65
grape-valley-kush,Grape-valley-kush,,indica,,,berry|grape|pine,berry|grape|pine|pineapple,,thc,,,Moxie Seeds,"Grape-valley-kush is an indica with flavors of berry, grape, pine.",Kushy cannabis-dataset|The Cannabis API (Piyush-Bhor),0.65
grapefruit diesel,Grapefruit Diesel,,hybrid,,,citrus|diesel,citrus|diesel,,thc,WA flower lots test around 16% THC on average.,,Next Generation Seeds,"Grapefruit Diesel is a hybrid with flavors of citrus, diesel.",Kushy cannabis-dataset|The Cannabis API (Piyush-Bhor)|WA I-502 state lab tests (dolthub/cannabis-testing-wa),0.65
grapefruit haze,Grapefruit Haze,,sativa,,,citrus|diesel|earthy,citrus|diesel|earthy|lemon,,thc,WA flower lots test around 19% THC on average.,,Next Generation Seeds,"Grapefruit Haze is a sativa with flavors of citrus, diesel, earthy.",Kushy cannabis-dataset|The Cannabis API (Piyush-Bhor)|WA I-502 state lab tests (dolthub/cannabis-testing-wa),0.65
gravity,Gravity,,indica,,,citrus|floral|sweet,citrus|floral|sweet,,thc,,,T.H.Seeds,"Gravity is an indica with flavors of citrus, floral, sweet.",Kushy cannabis-dataset|Lab terpene assays (analytical360/sclabs/psilabs via Terpene-Profile-Parser)|The Cannabis API (Piyush-Bhor),0.65
green candy,Green Candy,,sativa,,,earthy|pine|sweet,earthy|pine|sweet,,thc,,,,"Green Candy is a sativa with flavors of earthy, pine, sweet.",Kushy cannabis-dataset|Lab terpene assays (analytical360/sclabs/psilabs via Terpene-Profile-Parser)|The Cannabis API (Piyush-Bhor),0.65
green cheese,Green Cheese,,hybrid,,,cheese|earthy|pungent,cheese|earthy|pungent,,thc,,,,"Green Cheese is a hybrid with flavors of cheese, earthy, pungent.",Lab terpene assays (analytical360/sclabs/psilabs via Terpene-Profile-Parser)|The Cannabis API (Piyush-Bhor),0.65
green door kush,Green Door Kush,,hybrid,,,citrus|herbal|spicy,citrus|herbal|spicy|woody,,thc,,,,"Green Door Kush is a hybrid with flavors of citrus, herbal, spicy.",Kushy cannabis-dataset|Lab terpene assays (analytical360/sclabs/psilabs via Terpene-Profile-Parser)|The Cannabis API (Piyush-Bhor),0.65
green dragon,Green Dragon,,indica,,,earthy|pungent|sweet,earthy|pungent|sweet,,thc,WA flower lots test around 23% THC on average.,,Master Thai,"Green Dragon is an indica with flavors of earthy, pungent, sweet.",Kushy cannabis-dataset|Lab terpene assays (analytical360/sclabs/psilabs via Terpene-Profile-Parser)|The Cannabis API (Piyush-Bhor)|WA I-502 state lab tests (dolthub/cannabis-testing-wa),0.65
green dream,Green Dream,,hybrid,,,citrus|earthy|floral,citrus|earthy|floral,,thc,WA flower lots test around 22% THC on average.,,,"Green Dream is a hybrid with flavors of citrus, earthy, floral.",Kushy cannabis-dataset|Lab terpene assays (analytical360/sclabs/psilabs via Terpene-Profile-Parser)|The Cannabis API (Piyush-Bhor)|WA I-502 state lab tests (dolthub/cannabis-testing-wa),0.65
green goblin,Green Goblin,,sativa,,,citrus|diesel|pine,citrus|diesel|pine|sweet,,thc,,,,"Green Goblin is a sativa with flavors of citrus, diesel, pine.",Kushy cannabis-dataset|Lab terpene assays (analytical360/sclabs/psilabs via Terpene-Profile-Parser)|The Cannabis API (Piyush-Bhor),0.65
green goddess,Green Goddess,,hybrid,,,citrus|earthy|floral,citrus|earthy|floral,,thc,WA flower lots test around 18% THC on average.,,GN03,"Green Goddess is a hybrid with flavors of citrus, earthy, floral.",Kushy cannabis-dataset|Lab terpene assays (analytical360/sclabs/psilabs via Terpene-Profile-Parser)|The Cannabis API (Piyush-Bhor)|WA I-502 state lab tests (dolthub/cannabis-testing-wa),0.65
green haze,Green Haze,,sativa,,,earthy|floral|woody,earthy|floral|woody,,thc,,,,"Green Haze is a sativa with flavors of earthy, floral, woody.",Kushy cannabis-dataset|Lab terpene assays (analytical360/sclabs/psilabs via Terpene-Profile-Parser)|The Cannabis API (Piyush-Bhor),0.65
green krack,Green Krack,,hybrid,,caryophyllene,peppery|spicy|woody|hoppy,,caryophyllene|humulene,thc,,,,Green Krack is a hybrid with Caryophyllene-forward terpene profile.,Lab terpene assays (analytical360/sclabs/psilabs via Terpene-Profile-Parser),0.65
green kush,Green Kush,,indica,,,citrus|earthy|sweet,citrus|earthy|sweet,,thc,WA flower lots test around 22% THC on average.,,,"Green Kush is an indica with flavors of citrus, earthy, sweet.",Kushy cannabis-dataset|Lab terpene assays (analytical360/sclabs/psilabs via Terpene-Profile-Parser)|The Cannabis API (Piyush-Bhor)|WA I-502 state lab tests (dolthub/cannabis-testing-wa),0.65
green lantern,Green Lantern,,sativa,,,citrus|earthy|pine,citrus|earthy|pine,,thc,WA flower lots test around 21% THC on average.,,,"Green Lantern is a sativa with flavors of citrus, earthy, pine.",Kushy cannabis-dataset|Lab terpene assays (analytical360/sclabs/psilabs via Terpene-Profile-Parser)|The Cannabis API (Piyush-Bhor)|WA I-502 state lab tests (dolthub/cannabis-testing-wa),0.65
green love potion,Green Love Potion,,indica,,,herbal|floral|pine,herbal|floral|pine|spicy|sweet,,thc,WA flower lots test around 18% THC on average.,,Samsara Seeds,"Green Love Potion is an indica with flavors of herbal, floral, pine.",Kushy cannabis-dataset|Lab terpene assays (analytical360/sclabs/psilabs via Terpene-Profile-Parser)|The Cannabis API (Piyush-Bhor)|WA I-502 state lab tests (dolthub/cannabis-testing-wa),0.65
green poison,Green Poison,,indica,,,citrus|earthy|floral,citrus|earthy|floral|sweet,,thc,WA flower lots test around 22% THC on average.,,Sweet Seeds,"Green Poison is an indica with flavors of citrus, earthy, floral.",Kushy cannabis-dataset|Lab terpene assays (analytical360/sclabs/psilabs via Terpene-Profile-Parser)|The Cannabis API (Piyush-Bhor)|WA I-502 state lab tests (dolthub/cannabis-testing-wa),0.65
green-avenger,Green-avenger,,hybrid,,,honey|mint|sweet,honey|mint|sweet,,thc,,,Brothers Grimm Marijuana Seed Bank,"Green-avenger is a hybrid with flavors of honey, mint, sweet.",Kushy cannabis-dataset|The Cannabis API (Piyush-Bhor),0.65
green-crack-extreme,Green-crack-extreme,,sativa,,,earthy|herbal|spicy,earthy|herbal|spicy|sweet,,thc,,,,"Green-crack-extreme is a sativa with flavors of earthy, herbal, spicy.",Kushy cannabis-dataset|The Cannabis API (Piyush-Bhor),0.65
green-hornet,Green-hornet,,hybrid,,,pine|sweet|woody,pine|sweet|woody,,thc,,,,"Green-hornet is a hybrid with flavors of pine, sweet, woody.",Kushy cannabis-dataset|The Cannabis API (Piyush-Bhor),0.65
green-line-og,Green-line-og,,hybrid,,,citrus|skunk|sweet,citrus|skunk|sweet,,thc,,,,"Green-line-og is a hybrid with flavors of citrus, skunk, sweet.",The Cannabis API (Piyush-Bhor),0.65
green-mango,Green-mango,,indica,,,citrus|earthy|woody,citrus|earthy|woody,,thc,,,,"Green-mango is an indica with flavors of citrus, earthy, woody.",Kushy cannabis-dataset|The Cannabis API (Piyush-Bhor),0.65
green-monster,Green-monster,,hybrid,,,diesel|earthy,diesel|earthy,,thc,,,,"Green-monster is a hybrid with flavors of diesel, earthy.",Kushy cannabis-dataset|The Cannabis API (Piyush-Bhor),0.65
green-python,Green-python,,indica,,,earthy|sweet|woody,earthy|sweet|woody,,thc,,,House Of Funk Genetics,"Green-python is an indica with flavors of earthy, sweet, woody.",Kushy cannabis-dataset|The Cannabis API (Piyush-Bhor),0.65
gremlin,Gremlin,,hybrid,,,citrus|pungent|sweet,citrus|pungent|sweet,,thc,,,,"Gremlin is a hybrid with flavors of citrus, pungent, sweet.",Kushy cannabis-dataset|The Cannabis API (Piyush-Bhor),0.65
grilled cheese,Grilled Cheese,,hybrid,,,cheese|peppery|pungent,cheese|peppery|pungent,,thc,WA flower lots test around 19% THC on average.,,,"Grilled Cheese is a hybrid with flavors of cheese, peppery, pungent.",The Cannabis API (Piyush-Bhor)|WA I-502 state lab tests (dolthub/cannabis-testing-wa),0.65
grimace,Grimace,,indica,,,earthy|pungent|sweet,earthy|pungent|sweet,,thc,,,,"Grimace is an indica with flavors of earthy, pungent, sweet.",Kushy cannabis-dataset|The Cannabis API (Piyush-Bhor),0.65
grimace og,Grimace Og,,indica,,,diesel|herbal|pungent,diesel|herbal|pungent|spicy,,thc,WA flower lots test around 18% THC on average.,,Archive Seed Bank,"Grimace Og is an indica with flavors of diesel, herbal, pungent.",Kushy cannabis-dataset|The Cannabis API (Piyush-Bhor)|WA I-502 state lab tests (dolthub/cannabis-testing-wa),0.65
griz kush,Griz Kush,,hybrid,,,lemon|pungent|skunk,lemon|pungent|skunk,,thc,WA flower lots test around 17% THC on average.,,Native Roots,"Griz Kush is a hybrid with flavors of lemon, pungent, skunk.",Kushy cannabis-dataset|The Cannabis API (Piyush-Bhor)|WA I-502 state lab tests (dolthub/cannabis-testing-wa),0.65
guard-dawg,Guard-dawg,,indica,,,diesel|earthy|sweet,diesel|earthy|sweet,,thc,,,RedEyed Genetics,"Guard-dawg is an indica with flavors of diesel, earthy, sweet.",Kushy cannabis-dataset|The Cannabis API (Piyush-Bhor),0.65
guava chem,Guava Chem,,hybrid,,,diesel|sweet|tropical,diesel|sweet|tropical,,thc,WA flower lots test around 21% THC on average.,,,"Guava Chem is a hybrid with flavors of diesel, sweet, tropical.",Kushy cannabis-dataset|The Cannabis API (Piyush-Bhor)|WA I-502 state lab tests (dolthub/cannabis-testing-wa),0.65
guava kush,Guava Kush,,hybrid,,,peach|sweet|tropical,peach|sweet|tropical,,thc,WA flower lots test around 22% THC on average.,,,"Guava Kush is a hybrid with flavors of peach, sweet, tropical.",The Cannabis API (Piyush-Bhor)|WA I-502 state lab tests (dolthub/cannabis-testing-wa),0.65
guava-gelato,Guava-gelato,,hybrid,,,citrus|mint|tropical,citrus|mint|tropical,,thc,,,Cookie Family,"Guava-gelato is a hybrid with flavors of citrus, mint, tropical.",Kushy cannabis-dataset|The Cannabis API (Piyush-Bhor),0.65
gucci-og,Gucci-og,,hybrid,,,lemon|pine|sweet,lemon|pine|sweet,,thc,,,,"Gucci-og is a hybrid with flavors of lemon, pine, sweet.",Kushy cannabis-dataset|The Cannabis API (Piyush-Bhor),0.65
gumbo,Gumbo,,indica,,,earthy|floral|sweet,earthy|floral|sweet,,thc,WA flower lots test around 18% THC on average.,,Canadian Hemp Company,"Gumbo is an indica with flavors of earthy, floral, sweet.",Kushy cannabis-dataset|The Cannabis API (Piyush-Bhor)|WA I-502 state lab tests (dolthub/cannabis-testing-wa),0.65
gummo,Gummo,,hybrid,,,citrus|orange|sweet,citrus|orange|sweet,,thc,,,Franchise Genetics,"Gummo is a hybrid with flavors of citrus, orange, sweet.",Kushy cannabis-dataset|The Cannabis API (Piyush-Bhor),0.65
gummy bears,Gummy Bears,,hybrid,,,berry|strawberry|sweet,berry|strawberry|sweet,,thc,WA flower lots test around 20% THC on average.,,Elemental Seeds,"Gummy Bears is a hybrid with flavors of berry, strawberry, sweet.",Kushy cannabis-dataset|The Cannabis API (Piyush-Bhor)|WA I-502 state lab tests (dolthub/cannabis-testing-wa),0.65
gupta-haze,Gupta-haze,,hybrid,,,citrus|earthy|lemon,citrus|earthy|lemon,,thc,,,,"Gupta-haze is a hybrid with flavors of citrus, earthy, lemon.",The Cannabis API (Piyush-Bhor),0.65
gupta-kush,Gupta-kush,,hybrid,,,earthy|sweet|woody,earthy|sweet|woody,,thc,,,Helping Hands Herbals,"Gupta-kush is a hybrid with flavors of earthy, sweet, woody.",Kushy cannabis-dataset|The Cannabis API (Piyush-Bhor),0.65
guptilla,Guptilla,,hybrid,,,grape|orange|peppery,grape|orange|peppery,,thc,,,,"Guptilla is a hybrid with flavors of grape, orange, peppery.",The Cannabis API (Piyush-Bhor),0.65
gutbuster,Gutbuster,,indica,,,berry|blueberry|woody,berry|blueberry|woody,,thc,,,Exotic Genetix,"Gutbuster is an indica with flavors of berry, blueberry, woody.",Kushy cannabis-dataset|The Cannabis API (Piyush-Bhor),0.65
hades haze,Hades Haze,,indica,,,citrus|earthy|mint,citrus|earthy|mint,,thc,WA flower lots test around 16% THC on average.,,,"Hades Haze is an indica with flavors of citrus, earthy, mint.",Kushy cannabis-dataset|The Cannabis API (Piyush-Bhor)|WA I-502 state lab tests (dolthub/cannabis-testing-wa),0.65
haleighs-hope,Haleighs-hope,,hybrid,,,earthy|pine|pungent,earthy|pine|pungent,,thc,,,,"Haleighs-hope is a hybrid with flavors of earthy, pine, pungent.",The Cannabis API (Piyush-Bhor),0.65
hammerhead,Hammerhead,,indica,,,berry|diesel|earthy,berry|diesel|earthy,,thc,WA flower lots test around 10% THC on average.,,Medical Seeds Co.,"Hammerhead is an indica with flavors of berry, diesel, earthy.",Kushy cannabis-dataset|The Cannabis API (Piyush-Bhor)|WA I-502 state lab tests (dolthub/cannabis-testing-wa),0.65
hannibal-nectar,Hannibal-nectar,,indica,,,earthy|strawberry|vanilla,earthy|strawberry|vanilla,,thc,,,,"Hannibal-nectar is an indica with flavors of earthy, strawberry, vanilla.",The Cannabis API (Piyush-Bhor),0.65
haole,Haole,,hybrid,,,earthy|pungent|sweet,earthy|pungent|sweet,,thc,WA flower lots test around 18% THC on average.,,,"Haole is a hybrid with flavors of earthy, pungent, sweet.",The Cannabis API (Piyush-Bhor)|WA I-502 state lab tests (dolthub/cannabis-testing-wa),0.65
haoma,Haoma,,indica,,,citrus|earthy|floral,citrus|earthy|floral,,thc,,,,"Haoma is an indica with flavors of citrus, earthy, floral.",Kushy cannabis-dataset|The Cannabis API (Piyush-Bhor),0.65
haoma-mist,Haoma-mist,,hybrid,,,citrus|floral|sweet,citrus|floral|sweet,,thc,,,,"Haoma-mist is a hybrid with flavors of citrus, floral, sweet.",The Cannabis API (Piyush-Bhor),0.65
hardcore-og,Hardcore-og,,indica,,,berry|blueberry|earthy,berry|blueberry|earthy|pine|sweet,,thc,,,,"Hardcore-og is an indica with flavors of berry, blueberry, earthy.",Kushy cannabis-dataset|The Cannabis API (Piyush-Bhor),0.65
harlequin rx,Harlequin Rx,,hybrid,,myrcene,earthy|musky|herbal|peppery,,myrcene|caryophyllene,thc,,,,Harlequin Rx is a hybrid with Myrcene-forward terpene profile.,Lab terpene assays (analytical360/sclabs/psilabs via Terpene-Profile-Parser),0.65
harlequin-gdp,Harlequin-gdp,,hybrid,,,earthy|mint,earthy|mint,,thc,,,,"Harlequin-gdp is a hybrid with flavors of earthy, mint.",Kushy cannabis-dataset|The Cannabis API (Piyush-Bhor),0.65
harley-storm,Harley-storm,,sativa,,,herbal|spicy|sweet,herbal|spicy|sweet|tropical,,thc,,,,"Harley-storm is a sativa with flavors of herbal, spicy, sweet.",Kushy cannabis-dataset|The Cannabis API (Piyush-Bhor),0.65
harmonia,Harmonia,,indica,,,earthy|sweet|tropical,earthy|sweet|tropical,,thc,,,,"Harmonia is an indica with flavors of earthy, sweet, tropical.",Kushy cannabis-dataset|The Cannabis API (Piyush-Bhor),0.65
harmony,Harmony,,hybrid,,,citrus|lemon|woody,citrus|lemon|woody,,thc,,,Reeferman Seeds,"Harmony is a hybrid with flavors of citrus, lemon, woody.",Kushy cannabis-dataset|Lab terpene assays (analytical360/sclabs/psilabs via Terpene-Profile-Parser)|The Cannabis API (Piyush-Bhor),0.65
harry-potter,Harry-potter,,hybrid,,,citrus|lemon|sweet,citrus|lemon|sweet,,thc,,,,"Harry-potter is a hybrid with flavors of citrus, lemon, sweet.",The Cannabis API (Piyush-Bhor),0.65
hashbar og,Hashbar Og,,indica,,,earthy|skunk|sweet,earthy|skunk|sweet,,thc,WA flower lots test around 20% THC on average.,,Archive Seed Bank,"Hashbar Og is an indica with flavors of earthy, skunk, sweet.",Kushy cannabis-dataset|The Cannabis API (Piyush-Bhor)|WA I-502 state lab tests (dolthub/cannabis-testing-wa),0.65
hashberry,Hashberry,,indica,,,berry|mint|sweet,berry|mint|sweet,,thc,WA flower lots test around 18% THC on average.,,Mandala Seeds,"Hashberry is an indica with flavors of berry, mint, sweet.",Kushy cannabis-dataset|Lab terpene assays (analytical360/sclabs/psilabs via Terpene-Profile-Parser)|The Cannabis API (Piyush-Bhor)|WA I-502 state lab tests (dolthub/cannabis-testing-wa),0.65
hashplant-haze,Hashplant-haze,,sativa,,,blueberry|orange|sweet,blueberry|orange|sweet,,thc,,,,"Hashplant-haze is a sativa with flavors of blueberry, orange, sweet.",Kushy cannabis-dataset|The Cannabis API (Piyush-Bhor),0.65
hawaii-78,Hawaii-78,,sativa,,,pineapple|sweet|tropical,pineapple|sweet|tropical,,thc,,,,"Hawaii-78 is a sativa with flavors of pineapple, sweet, tropical.",The Cannabis API (Piyush-Bhor),0.65
hawaiian diesel,Hawaiian Diesel,,sativa,,,citrus|diesel|tropical,citrus|diesel|tropical,,thc,WA flower lots test around 24% THC on average.,,,"Hawaiian Diesel is a sativa with flavors of citrus, diesel, tropical.",Kushy cannabis-dataset|Lab terpene assays (analytical360/sclabs/psilabs via Terpene-Profile-Parser)|The Cannabis API (Piyush-Bhor)|WA I-502 state lab tests (dolthub/cannabis-testing-wa),0.65
hawaiian dream,Hawaiian Dream,,sativa,,,pineapple|sweet|tropical,pineapple|sweet|tropical,,thc,WA flower lots test around 8% THC on average.,,,"Hawaiian Dream is a sativa with flavors of pineapple, sweet, tropical.",Kushy cannabis-dataset|The Cannabis API (Piyush-Bhor)|WA I-502 state lab tests (dolthub/cannabis-testing-wa),0.65
hawaiian dutch,Hawaiian Dutch,,hybrid,,myrcene,earthy|musky|herbal|piney,,myrcene|terpinolene|humulene,thc,,,,Hawaiian Dutch is a hybrid with Myrcene-forward terpene profile.,Lab terpene assays (analytical360/sclabs/psilabs via Terpene-Profile-Parser),0.65
hawaiian fire,Hawaiian Fire,,hybrid,,,strawberry|sweet|tropical,strawberry|sweet|tropical,,thc,WA flower lots test around 20% THC on average.,,,"Hawaiian Fire is a hybrid with flavors of strawberry, sweet, tropical.",Kushy cannabis-dataset|The Cannabis API (Piyush-Bhor)|WA I-502 state lab tests (dolthub/cannabis-testing-wa),0.65
hawaiian haze,Hawaiian Haze,,sativa,,,pineapple|skunk|sweet,pineapple|skunk|sweet|tropical,,thc,WA flower lots test around 16% THC on average.,,,"Hawaiian Haze is a sativa with flavors of pineapple, skunk, sweet.",Kushy cannabis-dataset|The Cannabis API (Piyush-Bhor)|WA I-502 state lab tests (dolthub/cannabis-testing-wa),0.65
hawaiian punch,Hawaiian Punch,,sativa,,,berry|citrus|sweet,berry|citrus|sweet,,thc,WA flower lots test around 23% THC on average.,,Sagarmatha Seeds,"Hawaiian Punch is a sativa with flavors of berry, citrus, sweet.",Kushy cannabis-dataset|The Cannabis API (Piyush-Bhor)|WA I-502 state lab tests (dolthub/cannabis-testing-wa),0.65
hawaiian purple kush,Hawaiian Purple Kush,,indica,,,floral|sweet|tropical,floral|sweet|tropical,,thc,WA flower lots test around 20% THC on average.,,Stoney Girl Gardens,"Hawaiian Purple Kush is an indica with flavors of floral, sweet, tropical.",Kushy cannabis-dataset|The Cannabis API (Piyush-Bhor)|WA I-502 state lab tests (dolthub/cannabis-testing-wa),0.65
hawaiian skunk,Hawaiian Skunk,,hybrid,,,earthy|skunk|sweet,earthy|skunk|sweet,,thc,WA flower lots test around 24% THC on average.,,Reeferman Seeds,"Hawaiian Skunk is a hybrid with flavors of earthy, skunk, sweet.",Kushy cannabis-dataset|Lab terpene assays (analytical360/sclabs/psilabs via Terpene-Profile-Parser)|The Cannabis API (Piyush-Bhor)|WA I-502 state lab tests (dolthub/cannabis-testing-wa),0.65
hawaiian snow,Hawaiian Snow,,sativa,,,earthy|tropical|woody,earthy|tropical|woody,,thc,WA flower lots test around 22% THC on average.,,Green House Seed Co.,"Hawaiian Snow is a sativa with flavors of earthy, tropical, woody.",Kushy cannabis-dataset|Lab terpene assays (analytical360/sclabs/psilabs via Terpene-Profile-Parser)|The Cannabis API (Piyush-Bhor)|WA I-502 state lab tests (dolthub/cannabis-testing-wa),0.65
hawaiian-cookies,Hawaiian-cookies,,hybrid,,,citrus|pineapple|sweet,citrus|pineapple|sweet,,thc,,,,"Hawaiian-cookies is a hybrid with flavors of citrus, pineapple, sweet.",Kushy cannabis-dataset|The Cannabis API (Piyush-Bhor),0.65
hawaiian-delight,Hawaiian-delight,,indica,,,diesel|pungent|sweet,diesel|pungent|sweet,,thc,,,,"Hawaiian-delight is an indica with flavors of diesel, pungent, sweet.",Kushy cannabis-dataset|The Cannabis API (Piyush-Bhor),0.65
hawaiian-mayan-gold,Hawaiian-mayan-gold,,sativa,,,citrus|mint|sweet,citrus|mint|sweet,,thc,,,,"Hawaiian-mayan-gold is a sativa with flavors of citrus, mint, sweet.",Kushy cannabis-dataset|The Cannabis API (Piyush-Bhor),0.65
hawaiian-sativa,Hawaiian-sativa,,sativa,,,citrus|sweet|tropical,citrus|sweet|tropical,,thc,,,,"Hawaiian-sativa is a sativa with flavors of citrus, sweet, tropical.",Kushy cannabis-dataset|The Cannabis API (Piyush-Bhor),0.65
hawaiian-sunrise,Hawaiian-sunrise,,hybrid,,,citrus|herbal|lemon,citrus|herbal|lemon|spicy,,thc,,,,"Hawaiian-sunrise is a hybrid with flavors of citrus, herbal, lemon.",The Cannabis API (Piyush-Bhor),0.65
hawaiian-thunder-fuck,Hawaiian-thunder-fuck,,hybrid,,,citrus|earthy|sweet,citrus|earthy|sweet,,thc,,,,"Hawaiian-thunder-fuck is a hybrid with flavors of citrus, earthy, sweet.",Kushy cannabis-dataset|The Cannabis API (Piyush-Bhor),0.65
hawaiian-trinity,Hawaiian-trinity,,hybrid,,,floral|sweet|tropical,floral|sweet|tropical,,thc,,,,"Hawaiian-trinity is a hybrid with flavors of floral, sweet, tropical.",The Cannabis API (Piyush-Bhor),0.65
haze berry,Haze Berry,,sativa,,,berry|blueberry|sweet,berry|blueberry|sweet,,thc,WA flower lots test around 16% THC on average.,,Royal Queen,"Haze Berry is a sativa with flavors of berry, blueberry, sweet.",Kushy cannabis-dataset|The Cannabis API (Piyush-Bhor)|WA I-502 state lab tests (dolthub/cannabis-testing-wa),0.65
haze wreck,Haze Wreck,,sativa,,,citrus|pine|skunk,citrus|pine|skunk|sweet|woody,,thc,WA flower lots test around 8% THC on average.,,,"Haze Wreck is a sativa with flavors of citrus, pine, skunk.",Kushy cannabis-dataset|The Cannabis API (Piyush-Bhor)|WA I-502 state lab tests (dolthub/cannabis-testing-wa),0.65
haze-heaven,Haze-heaven,,hybrid,,,herbal|pungent|spicy,herbal|pungent|spicy|sweet,,thc,,,Soma Seeds,"Haze-heaven is a hybrid with flavors of herbal, pungent, spicy.",Kushy cannabis-dataset|The Cannabis API (Piyush-Bhor),0.65
head trip,Head Trip,,hybrid,,,coffee|earthy|pine,coffee|earthy|pine,,thc,WA flower lots test around 15% THC on average.,,Bodhi Seeds,"Head Trip is a hybrid with flavors of coffee, earthy, pine.",Kushy cannabis-dataset|The Cannabis API (Piyush-Bhor)|WA I-502 state lab tests (dolthub/cannabis-testing-wa),0.65
headbanger,Headbanger,,hybrid,,,citrus|skunk|sweet,citrus|skunk|sweet,,thc,WA flower lots test around 15% THC on average.,,Karma Genetics,"Headbanger is a hybrid with flavors of citrus, skunk, sweet.",Kushy cannabis-dataset|Lab terpene assays (analytical360/sclabs/psilabs via Terpene-Profile-Parser)|The Cannabis API (Piyush-Bhor)|WA I-502 state lab tests (dolthub/cannabis-testing-wa),0.65
heaven-scent,Heaven-scent,,hybrid,,,mint|sweet|tropical,mint|sweet|tropical,,thc,,,,"Heaven-scent is a hybrid with flavors of mint, sweet, tropical.",The Cannabis API (Piyush-Bhor),0.65
heavy duty fruity,Heavy Duty Fruity,,hybrid,,,citrus|earthy|sweet,citrus|earthy|sweet,,thc,WA flower lots test around 18% THC on average.,,ThSeeds,"Heavy Duty Fruity is a hybrid with flavors of citrus, earthy, sweet.",Kushy cannabis-dataset|Lab terpene assays (analytical360/sclabs/psilabs via Terpene-Profile-Parser)|The Cannabis API (Piyush-Bhor)|WA I-502 state lab tests (dolthub/cannabis-testing-wa),0.65
heisenberg kush,Heisenberg Kush,,sativa,,,berry|grape|strawberry,berry|grape|strawberry|sweet,,thc,WA flower lots test around 17% THC on average.,,,"Heisenberg Kush is a sativa with flavors of berry, grape, strawberry.",Kushy cannabis-dataset|The Cannabis API (Piyush-Bhor)|WA I-502 state lab tests (dolthub/cannabis-testing-wa),0.65
hell raiser og,Hell Raiser Og,,hybrid,,,citrus|herbal|pine,citrus|herbal|pine|spicy,,thc,WA flower lots test around 25% THC on average.,,Archive Seed Bank,"Hell Raiser Og is a hybrid with flavors of citrus, herbal, pine.",Kushy cannabis-dataset|The Cannabis API (Piyush-Bhor)|WA I-502 state lab tests (dolthub/cannabis-testing-wa),0.65
hellfire og,Hellfire Og,,hybrid,,,citrus|diesel|earthy,citrus|diesel|earthy,,thc,WA flower lots test around 25% THC on average.,,Divine Genetics,"Hellfire Og is a hybrid with flavors of citrus, diesel, earthy.",Kushy cannabis-dataset|The Cannabis API (Piyush-Bhor)|WA I-502 state lab tests (dolthub/cannabis-testing-wa),0.65
hells angel og,Hells Angel Og,,hybrid,,,earthy|pungent|woody,earthy|pungent|woody,,thc,WA flower lots test around 8% THC on average.,,,"Hells Angel Og is a hybrid with flavors of earthy, pungent, woody.",Kushy cannabis-dataset|The Cannabis API (Piyush-Bhor)|WA I-502 state lab tests (dolthub/cannabis-testing-wa),0.65
hells og x querkle,Hells Og X Querkle,,hybrid,,terpinolene,herbal|piney|floral|earthy,,terpinolene|myrcene,thc,,,,Hells Og X Querkle is a hybrid with Terpinolene-forward terpene profile.,Lab terpene assays (analytical360/sclabs/psilabs via Terpene-Profile-Parser),0.65
hemlock,Hemlock,,hybrid,,,citrus|pine|sweet,citrus|pine|sweet,,thc,,,,"Hemlock is a hybrid with flavors of citrus, pine, sweet.",The Cannabis API (Piyush-Bhor),0.65
hempstar,Hempstar,,sativa,,,earthy|pungent|woody,earthy|pungent|woody,,thc,WA flower lots test around 18% THC on average.,,Dutch Passion,"Hempstar is a sativa with flavors of earthy, pungent, woody.",Kushy cannabis-dataset|The Cannabis API (Piyush-Bhor)|WA I-502 state lab tests (dolthub/cannabis-testing-wa),0.65
hercules,Hercules,,hybrid,,,earthy|sweet|tropical,earthy|sweet|tropical,,thc,,,7 Dwarfs,"Hercules is a hybrid with flavors of earthy, sweet, tropical.",Kushy cannabis-dataset|The Cannabis API (Piyush-Bhor),0.65
herijuana,Herijuana,,hybrid,,,earthy|pine,earthy|pine,,thc,,,,"Herijuana is a hybrid with flavors of earthy, pine.",Kushy cannabis-dataset|Lab terpene assays (analytical360/sclabs/psilabs via Terpene-Profile-Parser),0.65
herojuana,Herojuana,,indica,,,earthy|herbal|spicy,earthy|herbal|spicy|woody,,thc,WA flower lots test around 19% THC on average.,,StructuredHydro,"Herojuana is an indica with flavors of earthy, herbal, spicy.",Kushy cannabis-dataset|The Cannabis API (Piyush-Bhor)|WA I-502 state lab tests (dolthub/cannabis-testing-wa),0.65
hibiscus-sunrise,Hibiscus-sunrise,,hybrid,,,floral|sweet,floral|sweet,,thc,,,,"Hibiscus-sunrise is a hybrid with flavors of floral, sweet.",The Cannabis API (Piyush-Bhor),0.65
higher-power,Higher-power,,sativa,,,floral|grape,floral|grape,,thc,,,,"Higher-power is a sativa with flavors of floral, grape.",Kushy cannabis-dataset|The Cannabis API (Piyush-Bhor),0.65
highwayman,Highwayman,,hybrid,,,earthy|floral|herbal,earthy|floral|herbal|spicy,,thc,WA flower lots test around 19% THC on average.,,,"Highwayman is a hybrid with flavors of earthy, floral, herbal.",The Cannabis API (Piyush-Bhor)|WA I-502 state lab tests (dolthub/cannabis-testing-wa),0.65
himalayan blackberry,Himalayan Blackberry,,indica,,,berry|blueberry|earthy,berry|blueberry|earthy|pine,,thc,WA flower lots test around 20% THC on average.,,,"Himalayan Blackberry is an indica with flavors of berry, blueberry, earthy.",Kushy cannabis-dataset|The Cannabis API (Piyush-Bhor)|WA I-502 state lab tests (dolthub/cannabis-testing-wa),0.65
himalayan gold,Himalayan Gold,,hybrid,,,citrus|earthy|herbal,citrus|earthy|herbal|spicy,,thc,,,Greenhouse,"Himalayan Gold is a hybrid with flavors of citrus, earthy, herbal.",Kushy cannabis-dataset|Lab terpene assays (analytical360/sclabs/psilabs via Terpene-Profile-Parser)|The Cannabis API (Piyush-Bhor),0.65
hindu skunk,Hindu Skunk,,indica,,,earthy|skunk|sweet,earthy|skunk|sweet|woody,,thc,WA flower lots test around 16% THC on average.,,Oaksterdam Seed Company,"Hindu Skunk is an indica with flavors of earthy, skunk, sweet.",Kushy cannabis-dataset|The Cannabis API (Piyush-Bhor)|WA I-502 state lab tests (dolthub/cannabis-testing-wa),0.65
hippie crippler,Hippie Crippler,,hybrid,,,earthy|pungent|sweet,earthy|pungent|sweet,,thc,WA flower lots test around 22% THC on average.,,,"Hippie Crippler is a hybrid with flavors of earthy, pungent, sweet.",Kushy cannabis-dataset|The Cannabis API (Piyush-Bhor)|WA I-502 state lab tests (dolthub/cannabis-testing-wa),0.65
hippie-chicken,Hippie-chicken,,sativa,,,berry|peppery|sweet,berry|peppery|sweet,,thc,,,,"Hippie-chicken is a sativa with flavors of berry, peppery, sweet.",Kushy cannabis-dataset|The Cannabis API (Piyush-Bhor),0.65
hoarfrost,Hoarfrost,,hybrid,,,herbal|spicy|vanilla,herbal|spicy|vanilla|woody,,thc,,,Cabin Fever Seed Breeders,"Hoarfrost is a hybrid with flavors of herbal, spicy, vanilla.",Kushy cannabis-dataset|The Cannabis API (Piyush-Bhor),0.65
hobbit,Hobbit,,hybrid,,,floral|herbal|vanilla,floral|herbal|vanilla,,thc,,,Kannabia,"Hobbit is a hybrid with flavors of floral, herbal, vanilla.",Kushy cannabis-dataset|The Cannabis API (Piyush-Bhor),0.65
hogs breath,Hogs Breath,,indica,,,cheese|earthy|pungent,cheese|earthy|pungent,,thc,WA flower lots test around 18% THC on average.,,,"Hogs Breath is an indica with flavors of cheese, earthy, pungent.",The Cannabis API (Piyush-Bhor)|WA I-502 state lab tests (dolthub/cannabis-testing-wa),0.65
hollands hope,Hollands Hope,,indica,,,earthy|pungent|sweet,earthy|pungent|sweet,,thc,WA flower lots test around 20% THC on average.,,,"Hollands Hope is an indica with flavors of earthy, pungent, sweet.",Kushy cannabis-dataset|The Cannabis API (Piyush-Bhor)|WA I-502 state lab tests (dolthub/cannabis-testing-wa),0.65
hollywood og,Hollywood Og,,hybrid,,,pungent|earthy|sweet,pungent|earthy|sweet,,thc,WA flower lots test around 18% THC on average.,,,"Hollywood Og is a hybrid with flavors of pungent, earthy, sweet.",Kushy cannabis-dataset|Lab terpene assays (analytical360/sclabs/psilabs via Terpene-Profile-Parser)|The Cannabis API (Piyush-Bhor)|WA I-502 state lab tests (dolthub/cannabis-testing-wa),0.65
holy-ghost,Holy-ghost,,hybrid,,,citrus|earthy,citrus|earthy,,thc,,,,"Holy-ghost is a hybrid with flavors of citrus, earthy.",The Cannabis API (Piyush-Bhor),0.65
honey bananas,Honey Bananas,,hybrid,,,floral|honey|sweet,floral|honey|sweet,,thc,WA flower lots test around 19% THC on average.,,Elemental Seeds,"Honey Bananas is a hybrid with flavors of floral, honey, sweet.",Kushy cannabis-dataset|The Cannabis API (Piyush-Bhor)|WA I-502 state lab tests (dolthub/cannabis-testing-wa),0.65
honey boo boo,Honey Boo Boo,,indica,,,creamy|citrus|honey,creamy|citrus|honey|lemon|pungent|sweet,,thc,WA flower lots test around 18% THC on average.,,,"Honey Boo Boo is an indica with flavors of creamy, citrus, honey.",Kushy cannabis-dataset|Lab terpene assays (analytical360/sclabs/psilabs via Terpene-Profile-Parser)|The Cannabis API (Piyush-Bhor)|WA I-502 state lab tests (dolthub/cannabis-testing-wa),0.65
hong-kong,Hong-kong,,hybrid,,,citrus|diesel|earthy,citrus|diesel|earthy,,thc,,,,"Hong-kong is a hybrid with flavors of citrus, diesel, earthy.",Kushy cannabis-dataset|The Cannabis API (Piyush-Bhor),0.65
hoodwreck,Hoodwreck,,sativa,,,mint|sweet|tropical,mint|sweet|tropical,,thc,,,,"Hoodwreck is a sativa with flavors of mint, sweet, tropical.",Kushy cannabis-dataset|The Cannabis API (Piyush-Bhor),0.65
huckleberry-hound,Huckleberry-hound,,hybrid,,,blueberry|diesel|skunk,blueberry|diesel|skunk,,thc,,,Chron Inc. Seeds,"Huckleberry-hound is a hybrid with flavors of blueberry, diesel, skunk.",Kushy cannabis-dataset|The Cannabis API (Piyush-Bhor),0.65
hulkamania,Hulkamania,,indica,,,berry|floral|sweet,berry|floral|sweet,,thc,WA flower lots test around 17% THC on average.,,,"Hulkamania is an indica with flavors of berry, floral, sweet.",Kushy cannabis-dataset|The Cannabis API (Piyush-Bhor)|WA I-502 state lab tests (dolthub/cannabis-testing-wa),0.65
humboldt,Humboldt,,hybrid,,,citrus|floral|sweet,citrus|floral|sweet,,thc,WA flower lots test around 15% THC on average.,,,"Humboldt is a hybrid with flavors of citrus, floral, sweet.",Kushy cannabis-dataset|The Cannabis API (Piyush-Bhor)|WA I-502 state lab tests (dolthub/cannabis-testing-wa),0.65
humboldt-dream,Humboldt-dream,,indica,,,berry|earthy|sweet,berry|earthy|sweet,,thc,,,,"Humboldt-dream is an indica with flavors of berry, earthy, sweet.",Kushy cannabis-dataset|The Cannabis API (Piyush-Bhor),0.65
humboldt-headband,Humboldt-headband,,indica,,,diesel|grape|sweet,diesel|grape|sweet,,thc,,,,"Humboldt-headband is an indica with flavors of diesel, grape, sweet.",The Cannabis API (Piyush-Bhor),0.65
hurkle,Hurkle,,hybrid,,,berry|earthy|sweet,berry|earthy|sweet,,thc,WA flower lots test around 13% THC on average.,,TGA Seeds,"Hurkle is a hybrid with flavors of berry, earthy, sweet.",Kushy cannabis-dataset|Lab terpene assays (analytical360/sclabs/psilabs via Terpene-Profile-Parser)|The Cannabis API (Piyush-Bhor)|WA I-502 state lab tests (dolthub/cannabis-testing-wa),0.65
hurricane,Hurricane,,sativa,,,berry|grape|herbal,berry|grape|herbal|spicy|sweet,,thc,WA flower lots test around 20% THC on average.,,,"Hurricane is a sativa with flavors of berry, grape, herbal.",Kushy cannabis-dataset|Lab terpene assays (analytical360/sclabs/psilabs via Terpene-Profile-Parser)|The Cannabis API (Piyush-Bhor)|WA I-502 state lab tests (dolthub/cannabis-testing-wa),0.65
hustler kush,Hustler Kush,,hybrid,,,earthy|sweet|woody,earthy|sweet|woody,,thc,WA flower lots test around 20% THC on average.,,,"Hustler Kush is a hybrid with flavors of earthy, sweet, woody.",Lab terpene assays (analytical360/sclabs/psilabs via Terpene-Profile-Parser)|The Cannabis API (Piyush-Bhor)|WA I-502 state lab tests (dolthub/cannabis-testing-wa),0.65
ice cream,Ice Cream,,hybrid,,,sweet|vanilla|woody,sweet|vanilla|woody,,thc,WA flower lots test around 19% THC on average.,,Paradise Seeds,"Ice Cream is a hybrid with flavors of sweet, vanilla, woody.",Kushy cannabis-dataset|Lab terpene assays (analytical360/sclabs/psilabs via Terpene-Profile-Parser)|The Cannabis API (Piyush-Bhor)|WA I-502 state lab tests (dolthub/cannabis-testing-wa),0.65
ice wreck,Ice Wreck,,hybrid,,,earthy|sweet|woody,earthy|sweet|woody,,thc,WA flower lots test around 17% THC on average.,,Crop King Seeds,"Ice Wreck is a hybrid with flavors of earthy, sweet, woody.",Kushy cannabis-dataset|The Cannabis API (Piyush-Bhor)|WA I-502 state lab tests (dolthub/cannabis-testing-wa),0.65
ice-queen,Ice-queen,,hybrid,,,earthy|floral|sweet,earthy|floral|sweet,,thc,,,No Mercy Seeds,"Ice-queen is a hybrid with flavors of earthy, floral, sweet.",Kushy cannabis-dataset|The Cannabis API (Piyush-Bhor),0.65
iced grapefruit,Iced Grapefruit,,hybrid,,,citrus|grape,citrus|grape,,thc,WA flower lots test around 16% THC on average.,,Female Seeds,"Iced Grapefruit is a hybrid with flavors of citrus, grape.",Kushy cannabis-dataset|Lab terpene assays (analytical360/sclabs/psilabs via Terpene-Profile-Parser)|The Cannabis API (Piyush-Bhor)|WA I-502 state lab tests (dolthub/cannabis-testing-wa),0.65
iced widow,Iced Widow,,indica,,,earthy|pine|pungent,earthy|pine|pungent|strawberry|sweet,,thc,WA flower lots test around 12% THC on average.,,,"Iced Widow is an indica with flavors of earthy, pine, pungent.",Kushy cannabis-dataset|The Cannabis API (Piyush-Bhor)|WA I-502 state lab tests (dolthub/cannabis-testing-wa),0.65
ig-kush,Ig-kush,,hybrid,,,earthy|orange|sweet,earthy|orange|sweet,,thc,,,Imperial Genetics,"Ig-kush is a hybrid with flavors of earthy, orange, sweet.",Kushy cannabis-dataset|The Cannabis API (Piyush-Bhor),0.65
ill-og,Ill-og,,indica,,,earthy|pine|pungent,earthy|pine|pungent,,thc,,,,"Ill-og is an indica with flavors of earthy, pine, pungent.",Kushy cannabis-dataset|The Cannabis API (Piyush-Bhor),0.65
illuminati og,Illuminati Og,,indica,,,earthy|pine|pungent,earthy|pine|pungent|sweet,,thc,WA flower lots test around 22% THC on average.,,,"Illuminati Og is an indica with flavors of earthy, pine, pungent.",Kushy cannabis-dataset|The Cannabis API (Piyush-Bhor)|WA I-502 state lab tests (dolthub/cannabis-testing-wa),0.65
in the pines,In The Pines,,sativa,,,earthy|pine|pineapple,earthy|pine|pineapple|sweet,,thc,WA flower lots test around 10% THC on average.,,Aficionado Seeds,"In The Pines is a sativa with flavors of earthy, pine, pineapple.",Kushy cannabis-dataset|Lab terpene assays (analytical360/sclabs/psilabs via Terpene-Profile-Parser)|The Cannabis API (Piyush-Bhor)|WA I-502 state lab tests (dolthub/cannabis-testing-wa),0.65
incredible bulk,Incredible Bulk,,indica,,,citrus|earthy|herbal,citrus|earthy|herbal|skunk|spicy,,thc,WA flower lots test around 19% THC on average.,,TreeStar Organics,"Incredible Bulk is an indica with flavors of citrus, earthy, herbal.",Kushy cannabis-dataset|Lab terpene assays (analytical360/sclabs/psilabs via Terpene-Profile-Parser)|The Cannabis API (Piyush-Bhor)|WA I-502 state lab tests (dolthub/cannabis-testing-wa),0.65
incredible hulk,Incredible Hulk,,sativa,,,citrus|earthy|sweet,citrus|earthy|sweet,,thc,WA flower lots test around 18% THC on average.,,,"Incredible Hulk is a sativa with flavors of citrus, earthy, sweet.",Kushy cannabis-dataset|Lab terpene assays (analytical360/sclabs/psilabs via Terpene-Profile-Parser)|The Cannabis API (Piyush-Bhor)|WA I-502 state lab tests (dolthub/cannabis-testing-wa),0.65
industrial plant,Industrial Plant,,hybrid,,,citrus|herbal|spicy,citrus|herbal|spicy|sweet,,thc,WA flower lots test around 17% THC on average.,,,"Industrial Plant is a hybrid with flavors of citrus, herbal, spicy.",Lab terpene assays (analytical360/sclabs/psilabs via Terpene-Profile-Parser)|The Cannabis API (Piyush-Bhor)|WA I-502 state lab tests (dolthub/cannabis-testing-wa),0.65
ingrid,Ingrid,,indica,,,cheese|earthy|pungent,cheese|earthy|pungent|skunk,,thc,,,,"Ingrid is an indica with flavors of cheese, earthy, pungent.",Kushy cannabis-dataset|The Cannabis API (Piyush-Bhor),0.65
irene-kush,Irene-kush,,hybrid,,,citrus|earthy|pine,citrus|earthy|pine,,thc,,,,"Irene-kush is a hybrid with flavors of citrus, earthy, pine.",The Cannabis API (Piyush-Bhor),0.65
iron-triangle,Iron-triangle,,hybrid,,,diesel|herbal|spicy,diesel|herbal|spicy|sweet,,thc,,,,"Iron-triangle is a hybrid with flavors of diesel, herbal, spicy.",The Cannabis API (Piyush-Bhor),0.65
island haze,Island Haze,,sativa,,,berry|blueberry|sweet,berry|blueberry|sweet,,thc,,,,"Island Haze is a sativa with flavors of berry, blueberry, sweet.",Kushy cannabis-dataset|Lab terpene assays (analytical360/sclabs/psilabs via Terpene-Profile-Parser)|The Cannabis API (Piyush-Bhor),0.65
island maui haze,Island Maui Haze,,sativa,,,pungent|mango|tropical,pungent|mango|tropical,,thc,WA flower lots test around 14% THC on average.,,,"Island Maui Haze is a sativa with flavors of pungent, mango, tropical.",Kushy cannabis-dataset|Lab terpene assays (analytical360/sclabs/psilabs via Terpene-Profile-Parser)|The Cannabis API (Piyush-Bhor)|WA I-502 state lab tests (dolthub/cannabis-testing-wa),0.65
j-27,J-27,,sativa,,,citrus|diesel|earthy,citrus|diesel|earthy|orange|woody,,thc,,,,"J-27 is a sativa with flavors of citrus, diesel, earthy.",Kushy cannabis-dataset|The Cannabis API (Piyush-Bhor),0.65
jack 47,Jack 47,,hybrid,,,earthy|herbal|lemon,earthy|herbal|lemon|spicy,,thc,WA flower lots test around 15% THC on average.,,,"Jack 47 is a hybrid with flavors of earthy, herbal, lemon.",The Cannabis API (Piyush-Bhor)|WA I-502 state lab tests (dolthub/cannabis-testing-wa),0.65
jack diesel,Jack Diesel,,sativa,,,citrus|diesel|earthy,citrus|diesel|earthy|sweet,,thc,WA flower lots test around 20% THC on average.,,Positronics Seeds,"Jack Diesel is a sativa with flavors of citrus, diesel, earthy.",Kushy cannabis-dataset|Lab terpene assays (analytical360/sclabs/psilabs via Terpene-Profile-Parser)|The Cannabis API (Piyush-Bhor)|WA I-502 state lab tests (dolthub/cannabis-testing-wa),0.65
jack haze,Jack Haze,,hybrid,,,earthy|herbal|spicy,earthy|herbal|spicy|woody,,thc,WA flower lots test around 20% THC on average.,,,"Jack Haze is a hybrid with flavors of earthy, herbal, spicy.",Kushy cannabis-dataset|Lab terpene assays (analytical360/sclabs/psilabs via Terpene-Profile-Parser)|The Cannabis API (Piyush-Bhor)|WA I-502 state lab tests (dolthub/cannabis-testing-wa),0.65
jack kush,Jack Kush,,hybrid,,,citrus|pungent|sweet,citrus|pungent|sweet,,thc,WA flower lots test around 20% THC on average.,,,"Jack Kush is a hybrid with flavors of citrus, pungent, sweet.",Kushy cannabis-dataset|The Cannabis API (Piyush-Bhor)|WA I-502 state lab tests (dolthub/cannabis-testing-wa),0.65
jack skellington,Jack Skellington,,sativa,,,citrus|diesel|earthy,citrus|diesel|earthy|pungent|sweet,,thc,WA flower lots test around 19% THC on average.,,TGA Seeds,"Jack Skellington is a sativa with flavors of citrus, diesel, earthy.",Kushy cannabis-dataset|Lab terpene assays (analytical360/sclabs/psilabs via Terpene-Profile-Parser)|The Cannabis API (Piyush-Bhor)|WA I-502 state lab tests (dolthub/cannabis-testing-wa),0.65
jack smack,Jack Smack,,sativa,,,blueberry|earthy|floral,blueberry|earthy|floral,,thc,WA flower lots test around 16% THC on average.,,,"Jack Smack is a sativa with flavors of blueberry, earthy, floral.",Kushy cannabis-dataset|The Cannabis API (Piyush-Bhor)|WA I-502 state lab tests (dolthub/cannabis-testing-wa),0.65
jack the ripper (duael),Jack The Ripper (duael),,hybrid,,humulene,hoppy|earthy|woody,,humulene,thc,,,,Jack The Ripper (duael) is a hybrid with Humulene-forward terpene profile.,Lab terpene assays (analytical360/sclabs/psilabs via Terpene-Profile-Parser),0.65
jack wreck,Jack Wreck,,sativa,,,citrus|earthy|pine,citrus|earthy|pine|sweet,,thc,WA flower lots test around 26% THC on average.,,,"Jack Wreck is a sativa with flavors of citrus, earthy, pine.",Kushy cannabis-dataset|The Cannabis API (Piyush-Bhor)|WA I-502 state lab tests (dolthub/cannabis-testing-wa),0.65
jack's haze,Jack's Haze,,hybrid,,limonene,citrus|lemon|floral|lavender,,limonene|linalool|humulene,thc,,,,Jack's Haze is a hybrid with Limonene-forward terpene profile.,Lab terpene assays (analytical360/sclabs/psilabs via Terpene-Profile-Parser),0.65
jack-burton,Jack-burton,,indica,,,floral|sweet,floral|sweet,,thc,,,,"Jack-burton is an indica with flavors of floral, sweet.",Kushy cannabis-dataset|The Cannabis API (Piyush-Bhor),0.65
jack-widow,Jack-widow,,hybrid,,,earthy|mango|sweet,earthy|mango|sweet,,thc,,,Queen Seeds,"Jack-widow is a hybrid with flavors of earthy, mango, sweet.",Kushy cannabis-dataset|The Cannabis API (Piyush-Bhor),0.65
jackalope,Jackalope,,sativa,,,citrus|earthy|floral,citrus|earthy|floral,,thc,,,,"Jackalope is a sativa with flavors of citrus, earthy, floral.",Kushy cannabis-dataset|The Cannabis API (Piyush-Bhor),0.65
jacks dream,Jacks Dream,,hybrid,,,berry|blueberry|grape,berry|blueberry|grape,,thc,WA flower lots test around 19% THC on average.,,,"Jacks Dream is a hybrid with flavors of berry, blueberry, grape.",Lab terpene assays (analytical360/sclabs/psilabs via Terpene-Profile-Parser)|The Cannabis API (Piyush-Bhor)|WA I-502 state lab tests (dolthub/cannabis-testing-wa),0.65
jacky white,Jacky White,,sativa,,,citrus|sweet,citrus|sweet,,thc,WA flower lots test around 19% THC on average.,,Paradise Seeds,"Jacky White is a sativa with flavors of citrus, sweet.",Kushy cannabis-dataset|The Cannabis API (Piyush-Bhor)|WA I-502 state lab tests (dolthub/cannabis-testing-wa),0.65
jah-kush,Jah-kush,,hybrid,,,citrus|earthy|sweet,citrus|earthy|sweet,,thc,,,,"Jah-kush is a hybrid with flavors of citrus, earthy, sweet.",The Cannabis API (Piyush-Bhor),0.65
jahwaiian,Jahwaiian,,sativa,,,earthy|sweet|tropical,earthy|sweet|tropical,,thc,,,,"Jahwaiian is a sativa with flavors of earthy, sweet, tropical.",Kushy cannabis-dataset|The Cannabis API (Piyush-Bhor),0.65
jamaican,Jamaican,,sativa,,,earthy|pungent|skunk,earthy|pungent|skunk|woody,,thc,WA flower lots test around 14% THC on average.,,Federation Seed Company,"Jamaican is a sativa with flavors of earthy, pungent, skunk.",Kushy cannabis-dataset|The Cannabis API (Piyush-Bhor)|WA I-502 state lab tests (dolthub/cannabis-testing-wa),0.65
jamaican dream,Jamaican Dream,,sativa,,,earthy|citrus|pineapple,earthy|citrus|pineapple|sweet,,thc,WA flower lots test around 17% THC on average.,,Eva Female Seeds,"Jamaican Dream is a sativa with flavors of earthy, citrus, pineapple.",Kushy cannabis-dataset|Lab terpene assays (analytical360/sclabs/psilabs via Terpene-Profile-Parser)|The Cannabis API (Piyush-Bhor)|WA I-502 state lab tests (dolthub/cannabis-testing-wa),0.65
jamaican lion,Jamaican Lion,,sativa,,,earthy|citrus|tropical,earthy|citrus|tropical,,thc,WA flower lots test around 15% THC on average.,,Shadrock,"Jamaican Lion is a sativa with flavors of earthy, citrus, tropical.",Kushy cannabis-dataset|Lab terpene assays (analytical360/sclabs/psilabs via Terpene-Profile-Parser)|The Cannabis API (Piyush-Bhor)|WA I-502 state lab tests (dolthub/cannabis-testing-wa),0.65
jamaican-pearl,Jamaican-pearl,,sativa,,,earthy|sweet|tropical,earthy|sweet|tropical,,thc,,,,"Jamaican-pearl is a sativa with flavors of earthy, sweet, tropical.",Kushy cannabis-dataset|The Cannabis API (Piyush-Bhor),0.65
jamba-juice,Jamba-juice,,hybrid,,,berry|earthy|sweet,berry|earthy|sweet,,thc,,,,"Jamba-juice is a hybrid with flavors of berry, earthy, sweet.",The Cannabis API (Piyush-Bhor),0.65
jane-doe,Jane-doe,,hybrid,,,berry|citrus|sweet,berry|citrus|sweet,,thc,,,,"Jane-doe is a hybrid with flavors of berry, citrus, sweet.",The Cannabis API (Piyush-Bhor),0.65
jasmin,Jasmin,,hybrid,,,floral|sweet,floral|sweet,,thc,,,,"Jasmin is a hybrid with flavors of floral, sweet.",The Cannabis API (Piyush-Bhor),0.65
jawa-pie,Jawa-pie,,indica,,,earthy|honey|citrus,earthy|honey|citrus|mint|sweet,,thc,,,,"Jawa-pie is an indica with flavors of earthy, honey, citrus.",Kushy cannabis-dataset|The Cannabis API (Piyush-Bhor),0.65
jazz,Jazz,,hybrid,,,floral|peppery|sweet,floral|peppery|sweet,,thc,WA flower lots test around 18% THC on average.,,Dr. Greenthumb Seeds,"Jazz is a hybrid with flavors of floral, peppery, sweet.",Kushy cannabis-dataset|The Cannabis API (Piyush-Bhor)|WA I-502 state lab tests (dolthub/cannabis-testing-wa),0.65
jean-guy,Jean-guy,,hybrid,,,lemon|sweet|woody,lemon|sweet|woody,,thc,,,,"Jean-guy is a hybrid with flavors of lemon, sweet, woody.",The Cannabis API (Piyush-Bhor),0.65
jelly-roll,Jelly-roll,,indica,,,pungent|sweet,pungent|sweet,,thc,,,,"Jelly-roll is an indica with flavors of pungent, sweet.",Kushy cannabis-dataset|The Cannabis API (Piyush-Bhor),0.65
jenni,Jenni,,sativa,,,berry|sweet,berry|sweet,,thc,,,,"Jenni is a sativa with flavors of berry, sweet.",Kushy cannabis-dataset|The Cannabis API (Piyush-Bhor),0.65
jenny kush,Jenny Kush,,hybrid,,,citrus|earthy|lemon,citrus|earthy|lemon,,thc,WA flower lots test around 23% THC on average.,,,"Jenny Kush is a hybrid with flavors of citrus, earthy, lemon.",The Cannabis API (Piyush-Bhor)|WA I-502 state lab tests (dolthub/cannabis-testing-wa),0.65
jericho-haze,Jericho-haze,,sativa,,,apple|earthy|strawberry,apple|earthy|strawberry,,thc,,,,"Jericho-haze is a sativa with flavors of apple, earthy, strawberry.",The Cannabis API (Piyush-Bhor),0.65
jesses-girl,Jesses-girl,,indica,,,earthy|herbal|spicy,earthy|herbal|spicy|woody,,thc,,,,"Jesses-girl is an indica with flavors of earthy, herbal, spicy.",The Cannabis API (Piyush-Bhor),0.65
jilly-dawg,Jilly-dawg,,hybrid,,,citrus|mango|pungent,citrus|mango|pungent,,thc,,,,"Jilly-dawg is a hybrid with flavors of citrus, mango, pungent.",The Cannabis API (Piyush-Bhor),0.65
jimi-hendrix,Jimi-hendrix,,hybrid,,,citrus|earthy|sweet,citrus|earthy|sweet,,thc,,,,"Jimi-hendrix is a hybrid with flavors of citrus, earthy, sweet.",Kushy cannabis-dataset|The Cannabis API (Piyush-Bhor),0.65
jock horror,Jock Horror,,sativa,,,berry|earthy|sweet,berry|earthy|sweet,,thc,WA flower lots test around 18% THC on average.,,,"Jock Horror is a sativa with flavors of berry, earthy, sweet.",Kushy cannabis-dataset|The Cannabis API (Piyush-Bhor)|WA I-502 state lab tests (dolthub/cannabis-testing-wa),0.65
johnnys-tonic,Johnnys-tonic,,sativa,,,earthy|floral|skunk,earthy|floral|skunk,,thc,,,,"Johnnys-tonic is a sativa with flavors of earthy, floral, skunk.",The Cannabis API (Piyush-Bhor),0.65
joliet-jake,Joliet-jake,,indica,,,berry|mint|sweet,berry|mint|sweet,,thc,,,,"Joliet-jake is an indica with flavors of berry, mint, sweet.",Kushy cannabis-dataset|The Cannabis API (Piyush-Bhor),0.65
jolly rancher,Jolly Rancher,,hybrid,,,berry|pungent|sweet,berry|pungent|sweet,,thc,WA flower lots test around 24% THC on average.,,Spice of Life Seeds,"Jolly Rancher is a hybrid with flavors of berry, pungent, sweet.",Kushy cannabis-dataset|Lab terpene assays (analytical360/sclabs/psilabs via Terpene-Profile-Parser)|The Cannabis API (Piyush-Bhor)|WA I-502 state lab tests (dolthub/cannabis-testing-wa),0.65
josh-d-og,Josh-d-og,,indica,,,berry|blueberry|cheese,berry|blueberry|cheese,,thc,,,,"Josh-d-og is an indica with flavors of berry, blueberry, cheese.",Kushy cannabis-dataset|The Cannabis API (Piyush-Bhor),0.65
js-famous-kush,Js-famous-kush,,hybrid,,,earthy|peppery|skunk,earthy|peppery|skunk,,thc,,,,"Js-famous-kush is a hybrid with flavors of earthy, peppery, skunk.",The Cannabis API (Piyush-Bhor),0.65
juicy jack,Juicy Jack,,hybrid,,,citrus|earthy|sweet,citrus|earthy|sweet,,thc,WA flower lots test around 18% THC on average.,,,"Juicy Jack is a hybrid with flavors of citrus, earthy, sweet.",Kushy cannabis-dataset|The Cannabis API (Piyush-Bhor)|WA I-502 state lab tests (dolthub/cannabis-testing-wa),0.65
juliet,Juliet,,hybrid,,,earthy|pine|sweet,earthy|pine|sweet,,thc,,,John Lee Pedimore,"Juliet is a hybrid with flavors of earthy, pine, sweet.",Kushy cannabis-dataset|The Cannabis API (Piyush-Bhor),0.65
julius caesar,Julius Caesar,,hybrid,,,earthy|pine|sweet,earthy|pine|sweet,,thc,WA flower lots test around 22% THC on average.,,The Cali Connection,"Julius Caesar is a hybrid with flavors of earthy, pine, sweet.",Kushy cannabis-dataset|Lab terpene assays (analytical360/sclabs/psilabs via Terpene-Profile-Parser)|The Cannabis API (Piyush-Bhor)|WA I-502 state lab tests (dolthub/cannabis-testing-wa),0.65
jungle juice,Jungle Juice,,hybrid,,,citrus|floral,citrus|floral,,thc,,,Illuminati Seeds,"Jungle Juice is a hybrid with flavors of citrus, floral.",Kushy cannabis-dataset|Lab terpene assays (analytical360/sclabs/psilabs via Terpene-Profile-Parser)|The Cannabis API (Piyush-Bhor),0.65
jupiter-og,Jupiter-og,,indica,,,citrus|diesel|pine,citrus|diesel|pine|pungent|sweet,,thc,,,Clone Queen,"Jupiter-og is an indica with flavors of citrus, diesel, pine.",Kushy cannabis-dataset|The Cannabis API (Piyush-Bhor),0.65
k train,K Train,,indica,,,citrus|earthy|lemon,citrus|earthy|lemon,,thc,WA flower lots test around 23% THC on average.,,Woodhorse,"K Train is an indica with flavors of citrus, earthy, lemon.",Kushy cannabis-dataset|The Cannabis API (Piyush-Bhor)|WA I-502 state lab tests (dolthub/cannabis-testing-wa),0.65
kaboom,Kaboom,,sativa,,,earthy|lemon|pine,earthy|lemon|pine,,thc,WA flower lots test around 16% THC on average.,,TGA Seeds,"Kaboom is a sativa with flavors of earthy, lemon, pine.",Kushy cannabis-dataset|Lab terpene assays (analytical360/sclabs/psilabs via Terpene-Profile-Parser)|The Cannabis API (Piyush-Bhor)|WA I-502 state lab tests (dolthub/cannabis-testing-wa),0.65
kahuna,Kahuna,,indica,,,orange|sweet|tropical,orange|sweet|tropical,,thc,,,Soma Seeds,"Kahuna is an indica with flavors of orange, sweet, tropical.",Kushy cannabis-dataset|The Cannabis API (Piyush-Bhor),0.65
kaia kush,Kaia Kush,,hybrid,,,lemon|pungent|sweet,lemon|pungent|sweet,,thc,WA flower lots test around 22% THC on average.,,Apothecary Seed Company,"Kaia Kush is a hybrid with flavors of lemon, pungent, sweet.",Kushy cannabis-dataset|Lab terpene assays (analytical360/sclabs/psilabs via Terpene-Profile-Parser)|The Cannabis API (Piyush-Bhor)|WA I-502 state lab tests (dolthub/cannabis-testing-wa),0.65
kalalau-kush,Kalalau-kush,,hybrid,,,pineapple|sweet|tropical,pineapple|sweet|tropical,,thc,,,,"Kalalau-kush is a hybrid with flavors of pineapple, sweet, tropical.",The Cannabis API (Piyush-Bhor),0.65
kalashnikova,Kalashnikova,,hybrid,,,citrus|earthy|sweet,citrus|earthy|sweet,,thc,WA flower lots test around 8% THC on average.,,Green House Seed Co.,"Kalashnikova is a hybrid with flavors of citrus, earthy, sweet.",Kushy cannabis-dataset|The Cannabis API (Piyush-Bhor)|WA I-502 state lab tests (dolthub/cannabis-testing-wa),0.65
kali china,Kali China,,indica,,,herbal|mango|mint,herbal|mango|mint|peppery|spicy,,thc,,,,"Kali China is an indica with flavors of herbal, mango, mint.",Kushy cannabis-dataset|Lab terpene assays (analytical360/sclabs/psilabs via Terpene-Profile-Parser)|The Cannabis API (Piyush-Bhor),0.65
kali dog,Kali Dog,,hybrid,,,citrus|diesel|lemon,citrus|diesel|lemon,,thc,WA flower lots test around 22% THC on average.,,Royal Queen,"Kali Dog is a hybrid with flavors of citrus, diesel, lemon.",Kushy cannabis-dataset|The Cannabis API (Piyush-Bhor)|WA I-502 state lab tests (dolthub/cannabis-testing-wa),0.65
kali mist,Kali Mist,,sativa,,,citrus|earthy|sweet,citrus|earthy|sweet|woody,,thc,WA flower lots test around 20% THC on average.,,Serious Seeds,"Kali Mist is a sativa with flavors of citrus, earthy, sweet.",Kushy cannabis-dataset|Lab terpene assays (analytical360/sclabs/psilabs via Terpene-Profile-Parser)|The Cannabis API (Piyush-Bhor)|WA I-502 state lab tests (dolthub/cannabis-testing-wa),0.65
kali-47,Kali-47,,sativa,,,sweet|vanilla,sweet|vanilla,,thc,,,,"Kali-47 is a sativa with flavors of sweet, vanilla.",Kushy cannabis-dataset|The Cannabis API (Piyush-Bhor),0.65
kandahar,Kandahar,,indica,,,apricot|earthy|herbal,apricot|earthy|herbal|spicy,,thc,,,Ministry of Cannabis,"Kandahar is an indica with flavors of apricot, earthy, herbal.",Kushy cannabis-dataset|The Cannabis API (Piyush-Bhor),0.65
kaptns-grand-dream,Kaptns-grand-dream,,hybrid,,,pungent|blueberry|grape,pungent|blueberry|grape,,thc,,,,"Kaptns-grand-dream is a hybrid with flavors of pungent, blueberry, grape.",The Cannabis API (Piyush-Bhor),0.65
karma bitch,Karma Bitch,,hybrid,,,coffee|earthy|herbal,coffee|earthy|herbal,,thc,,,,"Karma Bitch is a hybrid with flavors of coffee, earthy, herbal.",Lab terpene assays (analytical360/sclabs/psilabs via Terpene-Profile-Parser)|The Cannabis API (Piyush-Bhor),0.65
katsu kush,Katsu Kush,,indica,,,earthy|sweet|woody,earthy|sweet|woody,,thc,WA flower lots test around 19% THC on average.,,,"Katsu Kush is an indica with flavors of earthy, sweet, woody.",Kushy cannabis-dataset|The Cannabis API (Piyush-Bhor)|WA I-502 state lab tests (dolthub/cannabis-testing-wa),0.65
katsu-bubba-kush,Katsu-bubba-kush,,indica,,,berry|grape|citrus,berry|grape|citrus|mint|sweet,,thc,,,,"Katsu-bubba-kush is an indica with flavors of berry, grape, citrus.",Kushy cannabis-dataset|The Cannabis API (Piyush-Bhor),0.65
kauai-electric,Kauai-electric,,sativa,,,orange|sweet,orange|sweet,,thc,,,,"Kauai-electric is a sativa with flavors of orange, sweet.",The Cannabis API (Piyush-Bhor),0.65
kc-33,Kc-33,,hybrid,,,citrus|lemon|sweet,citrus|lemon|sweet,,thc,,,,"Kc-33 is a hybrid with flavors of citrus, lemon, sweet.",The Cannabis API (Piyush-Bhor),0.65
kc-36,Kc-36,,indica,,,blueberry|grape|sweet,blueberry|grape|sweet,,thc,,,,"Kc-36 is an indica with flavors of blueberry, grape, sweet.",Kushy cannabis-dataset|The Cannabis API (Piyush-Bhor),0.65
kelly-hill-gold,Kelly-hill-gold,,indica,,,coffee|earthy|peppery,coffee|earthy|peppery,,thc,,,,"Kelly-hill-gold is an indica with flavors of coffee, earthy, peppery.",Kushy cannabis-dataset|The Cannabis API (Piyush-Bhor),0.65
kens kush,Kens Kush,,hybrid,,,earthy|herbal|skunk,earthy|herbal|skunk|spicy,,thc,WA flower lots test around 18% THC on average.,,Grandaddypurp Collective,"Kens Kush is a hybrid with flavors of earthy, herbal, skunk.",Kushy cannabis-dataset|The Cannabis API (Piyush-Bhor)|WA I-502 state lab tests (dolthub/cannabis-testing-wa),0.65
kerala-krush,Kerala-krush,,sativa,,,mango|orange|sweet,mango|orange|sweet,,thc,,,Flying Dutchmen Seed Company,"Kerala-krush is a sativa with flavors of mango, orange, sweet.",Kushy cannabis-dataset|The Cannabis API (Piyush-Bhor),0.65
key-lime-haze,Key-lime-haze,,sativa,,,citrus|sweet,citrus|sweet,,thc,,,,"Key-lime-haze is a sativa with flavors of citrus, sweet.",Kushy cannabis-dataset|The Cannabis API (Piyush-Bhor),0.65
khufu,Khufu,,indica,,,pungent|sweet|woody,pungent|sweet|woody,,thc,,,The Devils Harvest,"Khufu is an indica with flavors of pungent, sweet, woody.",Kushy cannabis-dataset|The Cannabis API (Piyush-Bhor),0.65
kid n cookies,Kid N Cookies,,hybrid,,,earthy|pine|skunk,earthy|pine|skunk,,thc,WA flower lots test around 15% THC on average.,,,"Kid N Cookies is a hybrid with flavors of earthy, pine, skunk.",The Cannabis API (Piyush-Bhor)|WA I-502 state lab tests (dolthub/cannabis-testing-wa),0.65
kilimanjaro,Kilimanjaro,,sativa,,,earthy|herbal|lemon,earthy|herbal|lemon|pine|spicy,,thc,WA flower lots test around 14% THC on average.,,,"Kilimanjaro is a sativa with flavors of earthy, herbal, lemon.",Kushy cannabis-dataset|The Cannabis API (Piyush-Bhor)|WA I-502 state lab tests (dolthub/cannabis-testing-wa),0.65
kill bill,Kill Bill,,hybrid,,,diesel|pine|herbal,diesel|pine|herbal,,thc,WA flower lots test around 20% THC on average.,,Reservoir,"Kill Bill is a hybrid with flavors of diesel, pine, herbal.",Kushy cannabis-dataset|The Cannabis API (Piyush-Bhor)|WA I-502 state lab tests (dolthub/cannabis-testing-wa),0.65
killer grape,Killer Grape,,hybrid,,,grape|sweet|tropical,grape|sweet|tropical,,thc,WA flower lots test around 16% THC on average.,,TGA Seeds,"Killer Grape is a hybrid with flavors of grape, sweet, tropical.",Kushy cannabis-dataset|The Cannabis API (Piyush-Bhor)|WA I-502 state lab tests (dolthub/cannabis-testing-wa),0.65
killer queen,Killer Queen,,hybrid,,,citrus|sweet|tropical,citrus|sweet|tropical,,thc,,,Reservoir,"Killer Queen is a hybrid with flavors of citrus, sweet, tropical.",Kushy cannabis-dataset|Lab terpene assays (analytical360/sclabs/psilabs via Terpene-Profile-Parser)|The Cannabis API (Piyush-Bhor),0.65
killing fields,Killing Fields,,sativa,,,citrus|lemon|pungent,citrus|lemon|pungent,,thc,WA flower lots test around 20% THC on average.,,,"Killing Fields is a sativa with flavors of citrus, lemon, pungent.",Kushy cannabis-dataset|The Cannabis API (Piyush-Bhor)|WA I-502 state lab tests (dolthub/cannabis-testing-wa),0.65
king kong,King Kong,,hybrid,,,earthy|floral|pungent,earthy|floral|pungent,,thc,WA flower lots test around 14% THC on average.,,Dr. Underground,"King Kong is a hybrid with flavors of earthy, floral, pungent.",Kushy cannabis-dataset|Lab terpene assays (analytical360/sclabs/psilabs via Terpene-Profile-Parser)|The Cannabis API (Piyush-Bhor)|WA I-502 state lab tests (dolthub/cannabis-testing-wa),0.65
king louis,King Louis,,indica,,,earthy|pine|woody,earthy|pine|woody,,thc,WA flower lots test around 17% THC on average.,,Uprising Seed Co.,"King Louis is an indica with flavors of earthy, pine, woody.",Kushy cannabis-dataset|The Cannabis API (Piyush-Bhor)|WA I-502 state lab tests (dolthub/cannabis-testing-wa),0.65
king louis xiii,King Louis XIII,,hybrid,,,earthy|pine,earthy|pine,,thc,,,,"King Louis XIII is a hybrid with flavors of earthy, pine.",Kushy cannabis-dataset,0.65
king-cake,King-cake,,hybrid,,,skunk|sweet|vanilla,skunk|sweet|vanilla,,thc,,,,"King-cake is a hybrid with flavors of skunk, sweet, vanilla.",The Cannabis API (Piyush-Bhor),0.65
king-kush,King-kush,,indica,,,diesel|earthy|sweet,diesel|earthy|sweet,,thc,,,GreenLeaf Healing Collective,"King-kush is an indica with flavors of diesel, earthy, sweet.",Kushy cannabis-dataset|The Cannabis API (Piyush-Bhor),0.65
kings-bread,Kings-bread,,sativa,,,citrus|earthy|lemon,citrus|earthy|lemon,,thc,,,,"Kings-bread is a sativa with flavors of citrus, earthy, lemon.",The Cannabis API (Piyush-Bhor),0.65
kiwiskunk,Kiwiskunk,,indica,,,citrus|herbal|pungent,citrus|herbal|pungent|spicy|woody,,thc,WA flower lots test around 20% THC on average.,,Kiwiseeds,"Kiwiskunk is an indica with flavors of citrus, herbal, pungent.",Kushy cannabis-dataset|The Cannabis API (Piyush-Bhor)|WA I-502 state lab tests (dolthub/cannabis-testing-wa),0.65
kobain-kush,Kobain-kush,,indica,,,pungent|nutty|earthy,pungent|nutty|earthy,,thc,,,RedEyed Genetics,"Kobain-kush is an indica with flavors of pungent, nutty, earthy.",Kushy cannabis-dataset|The Cannabis API (Piyush-Bhor),0.65
kona gold,Kona Gold,,sativa,,,honey|orange|pineapple,honey|orange|pineapple|sweet|tropical,,thc,WA flower lots test around 19% THC on average.,,,"Kona Gold is a sativa with flavors of honey, orange, pineapple.",Kushy cannabis-dataset|Lab terpene assays (analytical360/sclabs/psilabs via Terpene-Profile-Parser)|The Cannabis API (Piyush-Bhor)|WA I-502 state lab tests (dolthub/cannabis-testing-wa),0.65
kong,Kong,,hybrid,,,earthy|skunk|woody,earthy|skunk|woody,,thc,WA flower lots test around 16% THC on average.,,Laughing Moon Seeds,"Kong is a hybrid with flavors of earthy, skunk, woody.",Kushy cannabis-dataset|Lab terpene assays (analytical360/sclabs/psilabs via Terpene-Profile-Parser)|The Cannabis API (Piyush-Bhor)|WA I-502 state lab tests (dolthub/cannabis-testing-wa),0.65
kool-aid-smile,Kool-aid-smile,,indica,,,berry|grape|herbal,berry|grape|herbal,,thc,,,,"Kool-aid-smile is an indica with flavors of berry, grape, herbal.",Kushy cannabis-dataset|The Cannabis API (Piyush-Bhor),0.65
kosher tangie,Kosher Tangie,,hybrid,,,citrus|orange|pine,citrus|orange|pine,,thc,WA flower lots test around 21% THC on average.,,DNA Genetics,"Kosher Tangie is a hybrid with flavors of citrus, orange, pine.",Kushy cannabis-dataset|Lab terpene assays (analytical360/sclabs/psilabs via Terpene-Profile-Parser)|The Cannabis API (Piyush-Bhor)|WA I-502 state lab tests (dolthub/cannabis-testing-wa),0.65
krishna-kush,Krishna-kush,,indica,,,berry|floral|sweet,berry|floral|sweet,,thc,,,,"Krishna-kush is an indica with flavors of berry, floral, sweet.",Kushy cannabis-dataset|The Cannabis API (Piyush-Bhor),0.65
kt-dawg,Kt-dawg,,hybrid,,,earthy|floral|sweet,earthy|floral|sweet,,thc,,,,"Kt-dawg is a hybrid with flavors of earthy, floral, sweet.",The Cannabis API (Piyush-Bhor),0.65
kuato,Kuato,,hybrid,,,orange|pungent|sweet,orange|pungent|sweet,,thc,,,Terraform Genetics,"Kuato is a hybrid with flavors of orange, pungent, sweet.",Kushy cannabis-dataset|The Cannabis API (Piyush-Bhor),0.65
kubbie-kush,Kubbie-kush,,indica,,,berry|blueberry|floral,berry|blueberry|floral,,thc,,,,"Kubbie-kush is an indica with flavors of berry, blueberry, floral.",Kushy cannabis-dataset|The Cannabis API (Piyush-Bhor),0.65
kuchi,Kuchi,,hybrid,,,earthy|lemon|sweet,earthy|lemon|sweet,,thc,,,The Devils Harvest,"Kuchi is a hybrid with flavors of earthy, lemon, sweet.",Kushy cannabis-dataset|The Cannabis API (Piyush-Bhor),0.65
kurple-fantasy,Kurple-fantasy,,hybrid,,,earthy|floral|grape,earthy|floral|grape,,thc,,,Imperial Genetics,"Kurple-fantasy is a hybrid with flavors of earthy, floral, grape.",Kushy cannabis-dataset|The Cannabis API (Piyush-Bhor),0.65
kush-cleaner,Kush-cleaner,,hybrid,,,diesel|pine|woody,diesel|pine|woody,,thc,,,,"Kush-cleaner is a hybrid with flavors of diesel, pine, woody.",Kushy cannabis-dataset|The Cannabis API (Piyush-Bhor),0.65
kush-n-cheese,Kush-n-cheese,,hybrid,,,cheese|lemon|sweet,cheese|lemon|sweet,,thc,,,,"Kush-n-cheese is a hybrid with flavors of cheese, lemon, sweet.",The Cannabis API (Piyush-Bhor),0.65
kushadelic,Kushadelic,,indica,,,earthy|pine|pungent,earthy|pine|pungent|sweet,,thc,,,Soma Seeds,"Kushadelic is an indica with flavors of earthy, pine, pungent.",Kushy cannabis-dataset|The Cannabis API (Piyush-Bhor),0.65
kushage,Kushage,,hybrid,,,earthy|herbal|spicy,earthy|herbal|spicy,,thc,WA flower lots test around 20% THC on average.,,T.H.Seeds,"Kushage is a hybrid with flavors of earthy, herbal, spicy.",Kushy cannabis-dataset|Lab terpene assays (analytical360/sclabs/psilabs via Terpene-Profile-Parser)|The Cannabis API (Piyush-Bhor)|WA I-502 state lab tests (dolthub/cannabis-testing-wa),0.65
kushashima,Kushashima,,hybrid,,,pine|pungent|sweet,pine|pungent|sweet,,thc,,,,"Kushashima is a hybrid with flavors of pine, pungent, sweet.",The Cannabis API (Piyush-Bhor),0.65
kushberry,Kushberry,,indica,,,berry|earthy|lemon,berry|earthy|lemon|sweet,,thc,WA flower lots test around 18% THC on average.,,,"Kushberry is an indica with flavors of berry, earthy, lemon.",Kushy cannabis-dataset|Lab terpene assays (analytical360/sclabs/psilabs via Terpene-Profile-Parser)|The Cannabis API (Piyush-Bhor)|WA I-502 state lab tests (dolthub/cannabis-testing-wa),0.65
la chocolat,La Chocolat,,hybrid,,,coffee|earthy|sweet,coffee|earthy|sweet,,thc,WA flower lots test around 19% THC on average.,,DNA Genetics,"La Chocolat is a hybrid with flavors of coffee, earthy, sweet.",Kushy cannabis-dataset|The Cannabis API (Piyush-Bhor)|WA I-502 state lab tests (dolthub/cannabis-testing-wa),0.65
la kookies,La Kookies,,hybrid,,,berry|coffee|earthy,berry|coffee|earthy,,thc,WA flower lots test around 23% THC on average.,,,"La Kookies is a hybrid with flavors of berry, coffee, earthy.",The Cannabis API (Piyush-Bhor)|WA I-502 state lab tests (dolthub/cannabis-testing-wa),0.65
la kush,La Kush,,hybrid,,,mint|pine|pungent,mint|pine|pungent,,thc,WA flower lots test around 18% THC on average.,,,"La Kush is a hybrid with flavors of mint, pine, pungent.",Lab terpene assays (analytical360/sclabs/psilabs via Terpene-Profile-Parser)|The Cannabis API (Piyush-Bhor)|WA I-502 state lab tests (dolthub/cannabis-testing-wa),0.65
la niã±a,La Niã±a,,sativa,,,earthy|sweet,earthy|sweet,,thc,,,,"La Niã±a is a sativa with flavors of earthy, sweet.",Kushy cannabis-dataset,0.65
la og,La Og,,indica,,,berry|earthy|floral,berry|earthy|floral|grape,,thc,WA flower lots test around 19% THC on average.,,,"La Og is an indica with flavors of berry, earthy, floral.",Kushy cannabis-dataset|Lab terpene assays (analytical360/sclabs/psilabs via Terpene-Profile-Parser)|The Cannabis API (Piyush-Bhor)|WA I-502 state lab tests (dolthub/cannabis-testing-wa),0.65
la ultra,La Ultra,,indica,,,diesel|lemon,diesel|lemon,,thc,WA flower lots test around 10% THC on average.,,,"La Ultra is an indica with flavors of diesel, lemon.",Kushy cannabis-dataset|The Cannabis API (Piyush-Bhor)|WA I-502 state lab tests (dolthub/cannabis-testing-wa),0.65
la-jack,La-jack,,hybrid,,,apple|berry|blueberry,apple|berry|blueberry,,thc,,,,"La-jack is a hybrid with flavors of apple, berry, blueberry.",Kushy cannabis-dataset|The Cannabis API (Piyush-Bhor),0.65
la-nina,La-nina,,sativa,,,earthy|sweet,earthy|sweet,,thc,,,Shantibaba,"La-nina is a sativa with flavors of earthy, sweet.",Kushy cannabis-dataset|The Cannabis API (Piyush-Bhor),0.65
la-sunshine,La-sunshine,,hybrid,,,citrus|earthy|herbal,citrus|earthy|herbal|spicy,,thc,,,,"La-sunshine is a hybrid with flavors of citrus, earthy, herbal.",The Cannabis API (Piyush-Bhor),0.65
ladyburn 1974,Ladyburn 1974,,hybrid,,,pungent|earthy|peppery,pungent|earthy|peppery,,thc,WA flower lots test around 9% THC on average.,,Green House Seed Co.,"Ladyburn 1974 is a hybrid with flavors of pungent, earthy, peppery.",Kushy cannabis-dataset|The Cannabis API (Piyush-Bhor)|WA I-502 state lab tests (dolthub/cannabis-testing-wa),0.65
lak-federal-reserve,Lak-federal-reserve,,indica,,,earthy|lemon|sweet,earthy|lemon|sweet,,thc,,,,"Lak-federal-reserve is an indica with flavors of earthy, lemon, sweet.",The Cannabis API (Piyush-Bhor),0.65
lake of fire,Lake Of Fire,,hybrid,,,diesel|earthy|pine,diesel|earthy|pine,,thc,WA flower lots test around 20% THC on average.,,BareRoots Farms,"Lake Of Fire is a hybrid with flavors of diesel, earthy, pine.",Kushy cannabis-dataset|The Cannabis API (Piyush-Bhor)|WA I-502 state lab tests (dolthub/cannabis-testing-wa),0.65
lambo-og,Lambo-og,,hybrid,,,pungent|sweet|tropical,pungent|sweet|tropical,,thc,,,,"Lambo-og is a hybrid with flavors of pungent, sweet, tropical.",Kushy cannabis-dataset|The Cannabis API (Piyush-Bhor),0.65
lamborghini,Lamborghini,,hybrid,,,diesel|citrus|pine,diesel|citrus|pine,,thc,,,,"Lamborghini is a hybrid with flavors of diesel, citrus, pine.",The Cannabis API (Piyush-Bhor),0.65
lapd,Lapd,,hybrid,,,diesel|peppery|pungent,diesel|peppery|pungent,,thc,,,,"Lapd is a hybrid with flavors of diesel, peppery, pungent.",The Cannabis API (Piyush-Bhor),0.65
larry bird kush,Larry Bird Kush,,hybrid,,,earthy|orange|sweet,earthy|orange|sweet,,thc,WA flower lots test around 26% THC on average.,,,"Larry Bird Kush is a hybrid with flavors of earthy, orange, sweet.",The Cannabis API (Piyush-Bhor)|WA I-502 state lab tests (dolthub/cannabis-testing-wa),0.65
lashkar-gah,Lashkar-gah,,indica,,,earthy|pungent|sweet,earthy|pungent|sweet,,thc,,,,"Lashkar-gah is an indica with flavors of earthy, pungent, sweet.",Kushy cannabis-dataset|The Cannabis API (Piyush-Bhor),0.65
laughing buddha,Laughing Buddha,,sativa,,,citrus|herbal|spicy,citrus|herbal|spicy|sweet|tropical,,thc,WA flower lots test around 21% THC on average.,,,"Laughing Buddha is a sativa with flavors of citrus, herbal, spicy.",Kushy cannabis-dataset|Lab terpene assays (analytical360/sclabs/psilabs via Terpene-Profile-Parser)|The Cannabis API (Piyush-Bhor)|WA I-502 state lab tests (dolthub/cannabis-testing-wa),0.65
lavender haze,Lavender Haze,,sativa,,,earthy|floral,earthy|floral,,thc,WA flower lots test around 20% THC on average.,,,"Lavender Haze is a sativa with flavors of earthy, floral.",Kushy cannabis-dataset|The Cannabis API (Piyush-Bhor)|WA I-502 state lab tests (dolthub/cannabis-testing-wa),0.65
lavender-jones,Lavender-jones,,hybrid,,,earthy|floral|sweet,earthy|floral|sweet,,thc,,,,"Lavender-jones is a hybrid with flavors of earthy, floral, sweet.",The Cannabis API (Piyush-Bhor),0.65
le-silver-royale,Le-silver-royale,,hybrid,,,cheese|skunk|woody,cheese|skunk|woody,,thc,,,,"Le-silver-royale is a hybrid with flavors of cheese, skunk, woody.",Kushy cannabis-dataset|The Cannabis API (Piyush-Bhor),0.65
leagle-eagle,Leagle-eagle,,hybrid,,,diesel|skunk|sweet,diesel|skunk|sweet,,thc,,,,"Leagle-eagle is a hybrid with flavors of diesel, skunk, sweet.",The Cannabis API (Piyush-Bhor),0.65
lee roy,Lee Roy,,indica,,,citrus|earthy|lemon,citrus|earthy|lemon,,thc,WA flower lots test around 19% THC on average.,,Rare Dankness Seeds,"Lee Roy is an indica with flavors of citrus, earthy, lemon.",Kushy cannabis-dataset|The Cannabis API (Piyush-Bhor)|WA I-502 state lab tests (dolthub/cannabis-testing-wa),0.65
legalized og,Legalized Og,,hybrid,,,diesel|herbal|pungent,diesel|herbal|pungent|spicy,,thc,WA flower lots test around 19% THC on average.,,,"Legalized Og is a hybrid with flavors of diesel, herbal, pungent.",The Cannabis API (Piyush-Bhor)|WA I-502 state lab tests (dolthub/cannabis-testing-wa),0.65
legendary-lemon,Legendary-lemon,,sativa,,,apricot|blueberry|diesel,apricot|blueberry|diesel,,thc,,,Mr. Lemon,"Legendary-lemon is a sativa with flavors of apricot, blueberry, diesel.",Kushy cannabis-dataset|The Cannabis API (Piyush-Bhor),0.65
lemon alien dawg,Lemon Alien Dawg,,hybrid,,,earthy|pine|pungent,earthy|pine|pungent,,thc,WA flower lots test around 21% THC on average.,,Alien Genetics,"Lemon Alien Dawg is a hybrid with flavors of earthy, pine, pungent.",Kushy cannabis-dataset|Lab terpene assays (analytical360/sclabs/psilabs via Terpene-Profile-Parser)|The Cannabis API (Piyush-Bhor)|WA I-502 state lab tests (dolthub/cannabis-testing-wa),0.65
lemon cake,Lemon Cake,,sativa,,,cheese|lemon|sweet,cheese|lemon|sweet,,thc,,,Moxie Seeds,"Lemon Cake is a sativa with flavors of cheese, lemon, sweet.",Kushy cannabis-dataset|Lab terpene assays (analytical360/sclabs/psilabs via Terpene-Profile-Parser)|The Cannabis API (Piyush-Bhor),0.65
lemon daddy,Lemon Daddy,,hybrid,,,citrus|earthy|lemon,citrus|earthy|lemon,,thc,WA flower lots test around 18% THC on average.,,,"Lemon Daddy is a hybrid with flavors of citrus, earthy, lemon.",The Cannabis API (Piyush-Bhor)|WA I-502 state lab tests (dolthub/cannabis-testing-wa),0.65
lemon drop,Lemon Drop,,hybrid,,,citrus|lemon|pine,citrus|lemon|pine,,thc,WA flower lots test around 17% THC on average.,,,"Lemon Drop is a hybrid with flavors of citrus, lemon, pine.",Kushy cannabis-dataset|Lab terpene assays (analytical360/sclabs/psilabs via Terpene-Profile-Parser)|The Cannabis API (Piyush-Bhor)|WA I-502 state lab tests (dolthub/cannabis-testing-wa),0.65
lemon fire,Lemon Fire,,hybrid,,,citrus|earthy|lemon,citrus|earthy|lemon,,thc,,,,"Lemon Fire is a hybrid with flavors of citrus, earthy, lemon.",Lab terpene assays (analytical360/sclabs/psilabs via Terpene-Profile-Parser)|The Cannabis API (Piyush-Bhor),0.65
lemon jack,Lemon Jack,,sativa,,,citrus|earthy|lemon,citrus|earthy|lemon|sweet,,thc,WA flower lots test around 20% THC on average.,,,"Lemon Jack is a sativa with flavors of citrus, earthy, lemon.",Kushy cannabis-dataset|The Cannabis API (Piyush-Bhor)|WA I-502 state lab tests (dolthub/cannabis-testing-wa),0.65
lemon marmalade,Lemon Marmalade,,hybrid,,,diesel|lemon|sweet,diesel|lemon|sweet,,thc,WA flower lots test around 23% THC on average.,,,"Lemon Marmalade is a hybrid with flavors of diesel, lemon, sweet.",The Cannabis API (Piyush-Bhor)|WA I-502 state lab tests (dolthub/cannabis-testing-wa),0.65
lemon og haze,Lemon Og Haze,,hybrid,,,citrus|lemon,citrus|lemon,,thc,WA flower lots test around 23% THC on average.,,,"Lemon Og Haze is a hybrid with flavors of citrus, lemon.",The Cannabis API (Piyush-Bhor)|WA I-502 state lab tests (dolthub/cannabis-testing-wa),0.65
lemon wreck,Lemon Wreck,,hybrid,,,citrus|diesel|lemon,citrus|diesel|lemon,,thc,WA flower lots test around 19% THC on average.,,,"Lemon Wreck is a hybrid with flavors of citrus, diesel, lemon.",Kushy cannabis-dataset|The Cannabis API (Piyush-Bhor)|WA I-502 state lab tests (dolthub/cannabis-testing-wa),0.65
lemon-bananas,Lemon-bananas,,hybrid,,,herbal|lemon|citrus,herbal|lemon|citrus|spicy,,thc,,,,"Lemon-bananas is a hybrid with flavors of herbal, lemon, citrus.",Kushy cannabis-dataset|The Cannabis API (Piyush-Bhor),0.65
lemon-bubble,Lemon-bubble,,sativa,,,citrus|lemon|sweet,citrus|lemon|sweet,,thc,,,,"Lemon-bubble is a sativa with flavors of citrus, lemon, sweet.",Kushy cannabis-dataset|The Cannabis API (Piyush-Bhor),0.65
lemon-ice,Lemon-ice,,sativa,,,citrus|diesel|lemon,citrus|diesel|lemon,,thc,,,Ripper Seeds,"Lemon-ice is a sativa with flavors of citrus, diesel, lemon.",Kushy cannabis-dataset|The Cannabis API (Piyush-Bhor),0.65
lemon-jeffery,Lemon-jeffery,,hybrid,,,citrus|lemon|sweet,citrus|lemon|sweet,,thc,,,,"Lemon-jeffery is a hybrid with flavors of citrus, lemon, sweet.",The Cannabis API (Piyush-Bhor),0.65
lemon-larry-lavender,Lemon-larry-lavender,,hybrid,,,citrus|floral|lemon,citrus|floral|lemon,,thc,,,,"Lemon-larry-lavender is a hybrid with flavors of citrus, floral, lemon.",The Cannabis API (Piyush-Bhor),0.65
lemon-pie,Lemon-pie,,sativa,,,citrus|diesel|lemon,citrus|diesel|lemon,,thc,,,,"Lemon-pie is a sativa with flavors of citrus, diesel, lemon.",Kushy cannabis-dataset|The Cannabis API (Piyush-Bhor),0.65
lemon-sativa,Lemon-sativa,,sativa,,,citrus|earthy|lemon,citrus|earthy|lemon,,thc,,,,"Lemon-sativa is a sativa with flavors of citrus, earthy, lemon.",Kushy cannabis-dataset|The Cannabis API (Piyush-Bhor),0.65
lemon-walker-og,Lemon-walker-og,,hybrid,,,citrus|lemon|pungent,citrus|lemon|pungent,,thc,,,,"Lemon-walker-og is a hybrid with flavors of citrus, lemon, pungent.",The Cannabis API (Piyush-Bhor),0.65
lemonberry,Lemonberry,,hybrid,,,blueberry|lemon|sweet,blueberry|lemon|sweet,,thc,WA flower lots test around 19% THC on average.,,Fusion Seeds,"Lemonberry is a hybrid with flavors of blueberry, lemon, sweet.",Kushy cannabis-dataset|The Cannabis API (Piyush-Bhor)|WA I-502 state lab tests (dolthub/cannabis-testing-wa),0.65
lemonder,Lemonder,,hybrid,,,citrus|earthy|lemon,citrus|earthy|lemon,,thc,WA flower lots test around 19% THC on average.,,,"Lemonder is a hybrid with flavors of citrus, earthy, lemon.",The Cannabis API (Piyush-Bhor)|WA I-502 state lab tests (dolthub/cannabis-testing-wa),0.65
lemonhead og,Lemonhead Og,,hybrid,,,citrus|lemon|sweet,citrus|lemon|sweet,,thc,WA flower lots test around 22% THC on average.,,Baked Genetics,"Lemonhead Og is a hybrid with flavors of citrus, lemon, sweet.",Kushy cannabis-dataset|Lab terpene assays (analytical360/sclabs/psilabs via Terpene-Profile-Parser)|The Cannabis API (Piyush-Bhor)|WA I-502 state lab tests (dolthub/cannabis-testing-wa),0.65
leonidas,Leonidas,,sativa,,,grape|floral,grape|floral,,thc,,,,"Leonidas is a sativa with flavors of grape, floral.",Kushy cannabis-dataset|The Cannabis API (Piyush-Bhor),0.65
lethal-purple,Lethal-purple,,hybrid,,,floral|grape|sweet,floral|grape|sweet,,thc,,,,"Lethal-purple is a hybrid with flavors of floral, grape, sweet.",Kushy cannabis-dataset|The Cannabis API (Piyush-Bhor),0.65
lifesaver,Lifesaver,,hybrid,,,berry|citrus|sweet,berry|citrus|sweet,,thc,WA flower lots test around 14% THC on average.,,B.O.G. Seeds,"Lifesaver is a hybrid with flavors of berry, citrus, sweet.",Kushy cannabis-dataset|Lab terpene assays (analytical360/sclabs/psilabs via Terpene-Profile-Parser)|The Cannabis API (Piyush-Bhor)|WA I-502 state lab tests (dolthub/cannabis-testing-wa),0.65
light of jah,Light Of Jah,,sativa,,,earthy|herbal|pungent,earthy|herbal|pungent|spicy|tropical,,thc,WA flower lots test around 19% THC on average.,,,"Light Of Jah is a sativa with flavors of earthy, herbal, pungent.",Kushy cannabis-dataset|The Cannabis API (Piyush-Bhor)|WA I-502 state lab tests (dolthub/cannabis-testing-wa),0.65
lime green skunk,Lime Green Skunk,,hybrid,,,citrus|tropical,citrus|tropical,,thc,,,,"Lime Green Skunk is a hybrid with flavors of citrus, tropical.",Lab terpene assays (analytical360/sclabs/psilabs via Terpene-Profile-Parser)|The Cannabis API (Piyush-Bhor),0.65
lime skunk,Lime Skunk,,sativa,,,citrus|lemon|pungent,citrus|lemon|pungent,,thc,WA flower lots test around 22% THC on average.,,Exotic Genetix,"Lime Skunk is a sativa with flavors of citrus, lemon, pungent.",Kushy cannabis-dataset|The Cannabis API (Piyush-Bhor)|WA I-502 state lab tests (dolthub/cannabis-testing-wa),0.65
lime-purple-mist,Lime-purple-mist,,indica,,,berry|citrus|sweet,berry|citrus|sweet,,thc,,,,"Lime-purple-mist is an indica with flavors of berry, citrus, sweet.",Kushy cannabis-dataset|The Cannabis API (Piyush-Bhor),0.65
lime-sorbet,Lime-sorbet,,indica,,,citrus|lemon|sweet,citrus|lemon|sweet,,thc,,,,"Lime-sorbet is an indica with flavors of citrus, lemon, sweet.",Kushy cannabis-dataset|The Cannabis API (Piyush-Bhor),0.65
limon,Limon,,sativa,,,citrus|diesel|lemon,citrus|diesel|lemon,,thc,WA flower lots test around 20% THC on average.,,,"Limon is a sativa with flavors of citrus, diesel, lemon.",Kushy cannabis-dataset|Lab terpene assays (analytical360/sclabs/psilabs via Terpene-Profile-Parser)|The Cannabis API (Piyush-Bhor)|WA I-502 state lab tests (dolthub/cannabis-testing-wa),0.65
lions-gate,Lions-gate,,indica,,,citrus|mint|herbal,citrus|mint|herbal,,thc,,,,"Lions-gate is an indica with flavors of citrus, mint, herbal.",Kushy cannabis-dataset|The Cannabis API (Piyush-Bhor),0.65
liquid-butter,Liquid-butter,,indica,,,creamy|earthy|woody,creamy|earthy|woody,,thc,,,,"Liquid-butter is an indica with flavors of creamy, earthy, woody.",Kushy cannabis-dataset|The Cannabis API (Piyush-Bhor),0.65
little-dragon,Little-dragon,,hybrid,,,diesel|mint|woody,diesel|mint|woody,,thc,,,,"Little-dragon is a hybrid with flavors of diesel, mint, woody.",The Cannabis API (Piyush-Bhor),0.65
locomotion,Locomotion,,indica,,,earthy|pungent|sweet,earthy|pungent|sweet,,thc,WA flower lots test around 19% THC on average.,,TGA Seeds,"Locomotion is an indica with flavors of earthy, pungent, sweet.",Kushy cannabis-dataset|Lab terpene assays (analytical360/sclabs/psilabs via Terpene-Profile-Parser)|The Cannabis API (Piyush-Bhor)|WA I-502 state lab tests (dolthub/cannabis-testing-wa),0.65
logic-diesel,Logic-diesel,,hybrid,,,diesel|mint|skunk,diesel|mint|skunk,,thc,,,,"Logic-diesel is a hybrid with flavors of diesel, mint, skunk.",The Cannabis API (Piyush-Bhor),0.65
longbottom-leaf,Longbottom-leaf,,hybrid,,,herbal|peppery|spicy,herbal|peppery|spicy|sweet,,thc,,,Motarebel Seeds,"Longbottom-leaf is a hybrid with flavors of herbal, peppery, spicy.",Kushy cannabis-dataset|The Cannabis API (Piyush-Bhor),0.65
lost coast og,Lost Coast Og,,hybrid,,,citrus|earthy|lemon,citrus|earthy|lemon,,thc,WA flower lots test around 23% THC on average.,,Emerald Triangle,"Lost Coast Og is a hybrid with flavors of citrus, earthy, lemon.",Kushy cannabis-dataset|The Cannabis API (Piyush-Bhor)|WA I-502 state lab tests (dolthub/cannabis-testing-wa),0.65
loud dream,Loud Dream,,hybrid,,,earthy|herbal|pine,earthy|herbal|pine|spicy,,thc,WA flower lots test around 13% THC on average.,,Loud Seeds,"Loud Dream is a hybrid with flavors of earthy, herbal, pine.",Kushy cannabis-dataset|The Cannabis API (Piyush-Bhor)|WA I-502 state lab tests (dolthub/cannabis-testing-wa),0.65
loud scout,Loud Scout,,hybrid,,,grape|sweet|tropical,grape|sweet|tropical,,thc,WA flower lots test around 16% THC on average.,,Loud Seeds,"Loud Scout is a hybrid with flavors of grape, sweet, tropical.",Kushy cannabis-dataset|Lab terpene assays (analytical360/sclabs/psilabs via Terpene-Profile-Parser)|The Cannabis API (Piyush-Bhor)|WA I-502 state lab tests (dolthub/cannabis-testing-wa),0.65
love potion,Love Potion,,sativa,,,citrus|skunk,citrus|skunk,,thc,WA flower lots test around 20% THC on average.,,,"Love Potion is a sativa with flavors of citrus, skunk.",Lab terpene assays (analytical360/sclabs/psilabs via Terpene-Profile-Parser)|The Cannabis API (Piyush-Bhor)|WA I-502 state lab tests (dolthub/cannabis-testing-wa),0.65
love potion 9,Love Potion 9,,indica,,,floral|honey|sweet,floral|honey|sweet,,thc,WA flower lots test around 18% THC on average.,,Joker,"Love Potion 9 is an indica with flavors of floral, honey, sweet.",Kushy cannabis-dataset|The Cannabis API (Piyush-Bhor)|WA I-502 state lab tests (dolthub/cannabis-testing-wa),0.65
lowryder,Lowryder,,hybrid,,,citrus|pine|sweet,citrus|pine|sweet,,thc,,,,"Lowryder is a hybrid with flavors of citrus, pine, sweet.",The Cannabis API (Piyush-Bhor),0.65
loyality,Loyality,,hybrid,,,citrus|earthy|pungent,citrus|earthy|pungent,,thc,,,,"Loyality is a hybrid with flavors of citrus, earthy, pungent.",The Cannabis API (Piyush-Bhor),0.65
luca-brasi-x-sour-diesel,Luca-brasi-x-sour-diesel,,hybrid,,,earthy|lemon|pungent,earthy|lemon|pungent,,thc,,,,"Luca-brasi-x-sour-diesel is a hybrid with flavors of earthy, lemon, pungent.",The Cannabis API (Piyush-Bhor),0.65
lucid dream,Lucid Dream,,hybrid,,,berry|blueberry|sweet,berry|blueberry|sweet,,thc,WA flower lots test around 20% THC on average.,,,"Lucid Dream is a hybrid with flavors of berry, blueberry, sweet.",Kushy cannabis-dataset|Lab terpene assays (analytical360/sclabs/psilabs via Terpene-Profile-Parser)|The Cannabis API (Piyush-Bhor)|WA I-502 state lab tests (dolthub/cannabis-testing-wa),0.65
lucid-bolt,Lucid-bolt,,indica,,,berry|blueberry|earthy,berry|blueberry|earthy,,thc,,,,"Lucid-bolt is an indica with flavors of berry, blueberry, earthy.",Kushy cannabis-dataset|The Cannabis API (Piyush-Bhor),0.65
lucky charms,Lucky Charms,,hybrid,,,berry|citrus|sweet,berry|citrus|sweet,,thc,WA flower lots test around 23% THC on average.,,Bodhi Seeds,"Lucky Charms is a hybrid with flavors of berry, citrus, sweet.",Kushy cannabis-dataset|Lab terpene assays (analytical360/sclabs/psilabs via Terpene-Profile-Parser)|The Cannabis API (Piyush-Bhor)|WA I-502 state lab tests (dolthub/cannabis-testing-wa),0.65
lucy,Lucy,,hybrid,,,earthy|sweet|woody,earthy|sweet|woody,,thc,,,Reserva Privada Colorado,"Lucy is a hybrid with flavors of earthy, sweet, woody.",Kushy cannabis-dataset|Lab terpene assays (analytical360/sclabs/psilabs via Terpene-Profile-Parser)|The Cannabis API (Piyush-Bhor),0.65
lvpk,Lvpk,,hybrid,,,berry|earthy|sweet,berry|earthy|sweet,,thc,,,,"Lvpk is a hybrid with flavors of berry, earthy, sweet.",Kushy cannabis-dataset|The Cannabis API (Piyush-Bhor),0.65
m-39,M-39,,indica,,,earthy|lemon|woody,earthy|lemon|woody,,thc,,,SSSC,"M-39 is an indica with flavors of earthy, lemon, woody.",Kushy cannabis-dataset|Lab terpene assays (analytical360/sclabs/psilabs via Terpene-Profile-Parser)|The Cannabis API (Piyush-Bhor),0.65
mad dawg,Mad Dawg,,hybrid,,,citrus|earthy|sweet,citrus|earthy|sweet,,thc,WA flower lots test around 15% THC on average.,,,"Mad Dawg is a hybrid with flavors of citrus, earthy, sweet.",Kushy cannabis-dataset|The Cannabis API (Piyush-Bhor)|WA I-502 state lab tests (dolthub/cannabis-testing-wa),0.65
mad scientist,Mad Scientist,,indica,,,earthy|pine|pungent,earthy|pine|pungent|woody,,thc,WA flower lots test around 20% THC on average.,,,"Mad Scientist is an indica with flavors of earthy, pine, pungent.",Kushy cannabis-dataset|The Cannabis API (Piyush-Bhor)|WA I-502 state lab tests (dolthub/cannabis-testing-wa),0.65
madagascar,Madagascar,,indica,,,earthy|skunk|sweet,earthy|skunk|sweet,,thc,,,,"Madagascar is an indica with flavors of earthy, skunk, sweet.",Kushy cannabis-dataset|The Cannabis API (Piyush-Bhor),0.65
madcow,Madcow,,sativa,,,pungent|earthy|sweet,pungent|earthy|sweet,,thc,,,,"Madcow is a sativa with flavors of pungent, earthy, sweet.",Kushy cannabis-dataset|The Cannabis API (Piyush-Bhor),0.65
madman-og,Madman-og,,hybrid,,,earthy|pine|woody,earthy|pine|woody,,thc,,,,"Madman-og is a hybrid with flavors of earthy, pine, woody.",Kushy cannabis-dataset|The Cannabis API (Piyush-Bhor),0.65
madzilla,Madzilla,,indica,,,earthy|pine|woody,earthy|pine|woody,,thc,,,,"Madzilla is an indica with flavors of earthy, pine, woody.",Kushy cannabis-dataset|The Cannabis API (Piyush-Bhor),0.65
mag-landrace,Mag-landrace,,indica,,,earthy|pungent|sweet,earthy|pungent|sweet,,thc,,,,"Mag-landrace is an indica with flavors of earthy, pungent, sweet.",The Cannabis API (Piyush-Bhor),0.65
magic-beans-og,Magic-beans-og,,indica,,,lemon|pine|woody,lemon|pine|woody,,thc,,,,"Magic-beans-og is an indica with flavors of lemon, pine, woody.",Kushy cannabis-dataset|The Cannabis API (Piyush-Bhor),0.65
magic-jordan,Magic-jordan,,hybrid,,,lemon|mint|orange,lemon|mint|orange,,thc,,,,"Magic-jordan is a hybrid with flavors of lemon, mint, orange.",The Cannabis API (Piyush-Bhor),0.65
magnificent mile,Magnificent Mile,,indica,,,berry|earthy,berry|earthy,,thc,,,,"Magnificent Mile is an indica with flavors of berry, earthy.",Kushy cannabis-dataset,0.65
magnum,Magnum,,hybrid,,,citrus|earthy|lemon,citrus|earthy|lemon,,thc,WA flower lots test around 17% THC on average.,,Cannacopia Seeds,"Magnum is a hybrid with flavors of citrus, earthy, lemon.",Kushy cannabis-dataset|The Cannabis API (Piyush-Bhor)|WA I-502 state lab tests (dolthub/cannabis-testing-wa),0.65
mai-tai-cookies,Mai-tai-cookies,,hybrid,,,herbal|orange|spicy,herbal|orange|spicy,,thc,,,,"Mai-tai-cookies is a hybrid with flavors of herbal, orange, spicy.",The Cannabis API (Piyush-Bhor),0.65
majestic-12,Majestic-12,,hybrid,,,berry|earthy|sweet,berry|earthy|sweet,,thc,,,,"Majestic-12 is a hybrid with flavors of berry, earthy, sweet.",The Cannabis API (Piyush-Bhor),0.65
mako-haze,Mako-haze,,sativa,,,citrus|earthy|pine,citrus|earthy|pine,,thc,,,Kiwiseeds,"Mako-haze is a sativa with flavors of citrus, earthy, pine.",Kushy cannabis-dataset|The Cannabis API (Piyush-Bhor),0.65
malakoff,Malakoff,,sativa,,,earthy|sweet|woody,earthy|sweet|woody,,thc,,,,"Malakoff is a sativa with flavors of earthy, sweet, woody.",Kushy cannabis-dataset|The Cannabis API (Piyush-Bhor),0.65
mammoth,Mammoth,,hybrid,,,earthy|honey|woody,earthy|honey|woody,,thc,WA flower lots test around 14% THC on average.,,The Bank Cannabis Genetics,"Mammoth is a hybrid with flavors of earthy, honey, woody.",Kushy cannabis-dataset|The Cannabis API (Piyush-Bhor)|WA I-502 state lab tests (dolthub/cannabis-testing-wa),0.65
mandala 1,Mandala 1,,hybrid,,,apple|berry|mint,apple|berry|mint,,thc,WA flower lots test around 14% THC on average.,,Mandala Seeds,"Mandala 1 is a hybrid with flavors of apple, berry, mint.",Kushy cannabis-dataset|The Cannabis API (Piyush-Bhor)|WA I-502 state lab tests (dolthub/cannabis-testing-wa),0.65
mango haze,Mango Haze,,sativa,,,mango|sweet|tropical,mango|sweet|tropical,,thc,WA flower lots test around 18% THC on average.,,Shantibaba,"Mango Haze is a sativa with flavors of mango, sweet, tropical.",Kushy cannabis-dataset|Lab terpene assays (analytical360/sclabs/psilabs via Terpene-Profile-Parser)|The Cannabis API (Piyush-Bhor)|WA I-502 state lab tests (dolthub/cannabis-testing-wa),0.65
mango tango,Mango Tango,,hybrid,,,citrus|mango|tropical,citrus|mango|tropical,,thc,WA flower lots test around 16% THC on average.,,Elemental Seeds,"Mango Tango is a hybrid with flavors of citrus, mango, tropical.",Kushy cannabis-dataset|Lab terpene assays (analytical360/sclabs/psilabs via Terpene-Profile-Parser)|The Cannabis API (Piyush-Bhor)|WA I-502 state lab tests (dolthub/cannabis-testing-wa),0.65
mango-dream,Mango-dream,,sativa,,,earthy|mango|sweet,earthy|mango|sweet|tropical,,thc,,,,"Mango-dream is a sativa with flavors of earthy, mango, sweet.",Kushy cannabis-dataset|The Cannabis API (Piyush-Bhor),0.65
mango-habanero,Mango-habanero,,hybrid,,,herbal|peppery|spicy,herbal|peppery|spicy|sweet,,thc,,,,"Mango-habanero is a hybrid with flavors of herbal, peppery, spicy.",The Cannabis API (Piyush-Bhor),0.65
mangolicious,Mangolicious,,indica,,,pineapple|sweet|tropical,pineapple|sweet|tropical,,thc,,,,"Mangolicious is an indica with flavors of pineapple, sweet, tropical.",Kushy cannabis-dataset|The Cannabis API (Piyush-Bhor),0.65
manitoba-poison,Manitoba-poison,,hybrid,,,cheese|earthy|herbal,cheese|earthy|herbal|spicy,,thc,,,,"Manitoba-poison is a hybrid with flavors of cheese, earthy, herbal.",Kushy cannabis-dataset|The Cannabis API (Piyush-Bhor),0.65
maple leaf indica,Maple Leaf Indica,,indica,,,creamy|sweet|woody,creamy|sweet|woody,,thc,WA flower lots test around 15% THC on average.,,Sensi Seeds,"Maple Leaf Indica is an indica with flavors of creamy, sweet, woody.",Kushy cannabis-dataset|Lab terpene assays (analytical360/sclabs/psilabs via Terpene-Profile-Parser)|The Cannabis API (Piyush-Bhor)|WA I-502 state lab tests (dolthub/cannabis-testing-wa),0.65
maramota-10,Maramota-10,,hybrid,,,berry|earthy|sweet,berry|earthy|sweet,,thc,,,,"Maramota-10 is a hybrid with flavors of berry, earthy, sweet.",The Cannabis API (Piyush-Bhor),0.65
marcosus-marshmellow,Marcosus-marshmellow,,hybrid,,,berry|mint|sweet,berry|mint|sweet,,thc,,,,"Marcosus-marshmellow is a hybrid with flavors of berry, mint, sweet.",The Cannabis API (Piyush-Bhor),0.65
margaret-cho-g,Margaret-cho-g,,hybrid,,,citrus|honey|sweet,citrus|honey|sweet,,thc,,,,"Margaret-cho-g is a hybrid with flavors of citrus, honey, sweet.",The Cannabis API (Piyush-Bhor),0.65
marion berry,Marion Berry,,hybrid,,humulene,hoppy|earthy|woody|peppery,,humulene|caryophyllene,thc,,,,Marion Berry is a hybrid with Humulene-forward terpene profile.,Lab terpene assays (analytical360/sclabs/psilabs via Terpene-Profile-Parser),0.65
mars og,Mars Og,,indica,,,citrus|earthy|pine,citrus|earthy|pine|woody,,thc,,,Clone Queen,"Mars Og is an indica with flavors of citrus, earthy, pine.",Kushy cannabis-dataset|Lab terpene assays (analytical360/sclabs/psilabs via Terpene-Profile-Parser)|The Cannabis API (Piyush-Bhor),0.65
martian mean green,Martian Mean Green,,hybrid,,,citrus|sweet,citrus|sweet,,thc,WA flower lots test around 23% THC on average.,,DNA Genetics,"Martian Mean Green is a hybrid with flavors of citrus, sweet.",Kushy cannabis-dataset|The Cannabis API (Piyush-Bhor)|WA I-502 state lab tests (dolthub/cannabis-testing-wa),0.65
martian-candy,Martian-candy,,hybrid,,,earthy|sweet|woody,earthy|sweet|woody,,thc,,,,"Martian-candy is a hybrid with flavors of earthy, sweet, woody.",The Cannabis API (Piyush-Bhor),0.65
master bubba,Master Bubba,,indica,,,earthy|pungent|skunk,earthy|pungent|skunk|sweet,,thc,,,,"Master Bubba is an indica with flavors of earthy, pungent, skunk.",Kushy cannabis-dataset|Lab terpene assays (analytical360/sclabs/psilabs via Terpene-Profile-Parser)|The Cannabis API (Piyush-Bhor),0.65
master skunk,Master Skunk,,hybrid,,,honey|lemon|skunk,honey|lemon|skunk,,thc,WA flower lots test around 20% THC on average.,,,"Master Skunk is a hybrid with flavors of honey, lemon, skunk.",The Cannabis API (Piyush-Bhor)|WA I-502 state lab tests (dolthub/cannabis-testing-wa),0.65
master-jedi,Master-jedi,,indica,,,diesel|earthy|herbal,diesel|earthy|herbal|skunk|spicy,,thc,,,,"Master-jedi is an indica with flavors of diesel, earthy, herbal.",Kushy cannabis-dataset|The Cannabis API (Piyush-Bhor),0.65
master-og,Master-og,,indica,,,citrus|earthy|pine,citrus|earthy|pine|pungent,,thc,,,Cabin Fever Seed Breeders,"Master-og is an indica with flavors of citrus, earthy, pine.",Kushy cannabis-dataset|The Cannabis API (Piyush-Bhor),0.65
master-yoda,Master-yoda,,hybrid,,,earthy|pungent|sweet,earthy|pungent|sweet,,thc,,,,"Master-yoda is a hybrid with flavors of earthy, pungent, sweet.",Kushy cannabis-dataset|The Cannabis API (Piyush-Bhor),0.65
matanuska thunder fuck,Matanuska Thunder Fuck,,sativa,,,earthy|pine|pungent,earthy|pine|pungent|woody,,thc,WA flower lots test around 16% THC on average.,,,"Matanuska Thunder Fuck is a sativa with flavors of earthy, pine, pungent.",Kushy cannabis-dataset|Lab terpene assays (analytical360/sclabs/psilabs via Terpene-Profile-Parser)|The Cannabis API (Piyush-Bhor)|WA I-502 state lab tests (dolthub/cannabis-testing-wa),0.65
mataro blue,Mataro Blue,,indica,,,berry|earthy|sweet,berry|earthy|sweet,,thc,WA flower lots test around 16% THC on average.,,Kannabia,"Mataro Blue is an indica with flavors of berry, earthy, sweet.",Kushy cannabis-dataset|The Cannabis API (Piyush-Bhor)|WA I-502 state lab tests (dolthub/cannabis-testing-wa),0.65
maui mango diesel,Maui Mango Diesel,,hybrid,,,diesel|mango|sweet,diesel|mango|sweet,,thc,WA flower lots test around 21% THC on average.,,,"Maui Mango Diesel is a hybrid with flavors of diesel, mango, sweet.",The Cannabis API (Piyush-Bhor)|WA I-502 state lab tests (dolthub/cannabis-testing-wa),0.65
maui-berry,Maui-berry,,hybrid,,,berry|citrus|pungent,berry|citrus|pungent,,thc,,,,"Maui-berry is a hybrid with flavors of berry, citrus, pungent.",Kushy cannabis-dataset|The Cannabis API (Piyush-Bhor),0.65
maui-bubble-gift,Maui-bubble-gift,,hybrid,,,citrus|pungent|sweet,citrus|pungent|sweet,,thc,,,,"Maui-bubble-gift is a hybrid with flavors of citrus, pungent, sweet.",The Cannabis API (Piyush-Bhor),0.65
maui-citrus-punch,Maui-citrus-punch,,sativa,,,citrus|skunk|tropical,citrus|skunk|tropical,,thc,,,,"Maui-citrus-punch is a sativa with flavors of citrus, skunk, tropical.",Kushy cannabis-dataset|The Cannabis API (Piyush-Bhor),0.65
maui-haole,Maui-haole,,hybrid,,,earthy|pungent|tropical,earthy|pungent|tropical,,thc,,,,"Maui-haole is a hybrid with flavors of earthy, pungent, tropical.",The Cannabis API (Piyush-Bhor),0.65
maui-pineapple-chunk,Maui-pineapple-chunk,,hybrid,,,floral|mint|tropical,floral|mint|tropical,,thc,,,,"Maui-pineapple-chunk is a hybrid with flavors of floral, mint, tropical.",The Cannabis API (Piyush-Bhor),0.65
mazar kush,Mazar Kush,,indica,,,earthy|herbal|pungent,earthy|herbal|pungent|spicy,,thc,WA flower lots test around 20% THC on average.,,,"Mazar Kush is an indica with flavors of earthy, herbal, pungent.",Kushy cannabis-dataset|Lab terpene assays (analytical360/sclabs/psilabs via Terpene-Profile-Parser)|The Cannabis API (Piyush-Bhor)|WA I-502 state lab tests (dolthub/cannabis-testing-wa),0.65
mazar-i-sharif,Mazar-i-sharif,,indica,,,earthy|herbal|pine,earthy|herbal|pine|spicy,,thc,,,,"Mazar-i-sharif is an indica with flavors of earthy, herbal, pine.",Kushy cannabis-dataset|The Cannabis API (Piyush-Bhor),0.65
mc1,Mc1,,hybrid,,,diesel|herbal|spicy,diesel|herbal|spicy|sweet,,thc,,,,"Mc1 is a hybrid with flavors of diesel, herbal, spicy.",The Cannabis API (Piyush-Bhor),0.65
mean misty,Mean Misty,,hybrid,,,floral|sweet,floral|sweet,,thc,WA flower lots test around 19% THC on average.,,The Clone Zone,"Mean Misty is a hybrid with flavors of floral, sweet.",Kushy cannabis-dataset|The Cannabis API (Piyush-Bhor)|WA I-502 state lab tests (dolthub/cannabis-testing-wa),0.65
medibud,Medibud,,hybrid,,,earthy|skunk|sweet,earthy|skunk|sweet,,thc,WA flower lots test around 13% THC on average.,,,"Medibud is a hybrid with flavors of earthy, skunk, sweet.",The Cannabis API (Piyush-Bhor)|WA I-502 state lab tests (dolthub/cannabis-testing-wa),0.65
medicine man,Medicine Man,,hybrid,,,berry|earthy|woody,berry|earthy|woody,,thc,WA flower lots test around 18% THC on average.,,Shantibaba,"Medicine Man is a hybrid with flavors of berry, earthy, woody.",Kushy cannabis-dataset|The Cannabis API (Piyush-Bhor)|WA I-502 state lab tests (dolthub/cannabis-testing-wa),0.65
medicine woman,Medicine Woman,,hybrid,,,citrus|diesel|earthy,citrus|diesel|earthy,,thc,WA flower lots test around 17% THC on average.,,,"Medicine Woman is a hybrid with flavors of citrus, diesel, earthy.",Kushy cannabis-dataset|Lab terpene assays (analytical360/sclabs/psilabs via Terpene-Profile-Parser)|The Cannabis API (Piyush-Bhor)|WA I-502 state lab tests (dolthub/cannabis-testing-wa),0.65
medihaze,Medihaze,,sativa,,,citrus|earthy|herbal,citrus|earthy|herbal|pine|spicy|sweet,,thc,WA flower lots test around 6% THC on average.,,,"Medihaze is a sativa with flavors of citrus, earthy, herbal.",Kushy cannabis-dataset|The Cannabis API (Piyush-Bhor)|WA I-502 state lab tests (dolthub/cannabis-testing-wa),0.65
medusa,Medusa,,hybrid,,,blueberry|earthy|pungent,blueberry|earthy|pungent,,thc,WA flower lots test around 19% THC on average.,,,"Medusa is a hybrid with flavors of blueberry, earthy, pungent.",Kushy cannabis-dataset|Lab terpene assays (analytical360/sclabs/psilabs via Terpene-Profile-Parser)|The Cannabis API (Piyush-Bhor)|WA I-502 state lab tests (dolthub/cannabis-testing-wa),0.65
mega jackpot,Mega Jackpot,,hybrid,,,berry|grape|strawberry,berry|grape|strawberry,,thc,WA flower lots test around 22% THC on average.,,,"Mega Jackpot is a hybrid with flavors of berry, grape, strawberry.",The Cannabis API (Piyush-Bhor)|WA I-502 state lab tests (dolthub/cannabis-testing-wa),0.65
megalodon,Megalodon,,sativa,,,earthy|pungent|skunk,earthy|pungent|skunk,,thc,,,,"Megalodon is a sativa with flavors of earthy, pungent, skunk.",Kushy cannabis-dataset|The Cannabis API (Piyush-Bhor),0.65
mekamika-haze,Mekamika-haze,,sativa,,,floral|mango|pineapple,floral|mango|pineapple,,thc,,,,"Mekamika-haze is a sativa with flavors of floral, mango, pineapple.",Kushy cannabis-dataset|The Cannabis API (Piyush-Bhor),0.65
melon gum,Melon Gum,,hybrid,,,floral|sweet,floral|sweet,,thc,WA flower lots test around 17% THC on average.,,Dr. Underground,"Melon Gum is a hybrid with flavors of floral, sweet.",Kushy cannabis-dataset|Lab terpene assays (analytical360/sclabs/psilabs via Terpene-Profile-Parser)|The Cannabis API (Piyush-Bhor)|WA I-502 state lab tests (dolthub/cannabis-testing-wa),0.65
memory loss,Memory Loss,,sativa,,,earthy|sweet|woody,earthy|sweet|woody,,thc,WA flower lots test around 20% THC on average.,,Archive Seed Bank,"Memory Loss is a sativa with flavors of earthy, sweet, woody.",Kushy cannabis-dataset|Lab terpene assays (analytical360/sclabs/psilabs via Terpene-Profile-Parser)|The Cannabis API (Piyush-Bhor)|WA I-502 state lab tests (dolthub/cannabis-testing-wa),0.65
mendo-afgoo,Mendo-afgoo,,indica,,,earthy|pungent|skunk,earthy|pungent|skunk,,thc,,,Oaksterdam Seed Company,"Mendo-afgoo is an indica with flavors of earthy, pungent, skunk.",Kushy cannabis-dataset|The Cannabis API (Piyush-Bhor),0.65
mendocino-madness,Mendocino-madness,,hybrid,,,nutty|earthy,nutty|earthy,,thc,,,T.H.Seeds,"Mendocino-madness is a hybrid with flavors of nutty, earthy.",Kushy cannabis-dataset|The Cannabis API (Piyush-Bhor),0.65
mercury-og,Mercury-og,,indica,,,earthy|pungent|woody,earthy|pungent|woody,,thc,,,,"Mercury-og is an indica with flavors of earthy, pungent, woody.",Kushy cannabis-dataset|The Cannabis API (Piyush-Bhor),0.65
mexican,Mexican,,sativa,,,diesel|earthy|woody,diesel|earthy|woody,,thc,,,,"Mexican is a sativa with flavors of diesel, earthy, woody.",Kushy cannabis-dataset|The Cannabis API (Piyush-Bhor),0.65
mexican-sativa,Mexican-sativa,,sativa,,,earthy|nutty|pine,earthy|nutty|pine|woody,,thc,,,Sensi Seeds,"Mexican-sativa is a sativa with flavors of earthy, nutty, pine.",Kushy cannabis-dataset|The Cannabis API (Piyush-Bhor),0.65
michael-phelps-og,Michael-phelps-og,,hybrid,,,earthy|apple|pine,earthy|apple|pine,,thc,,,,"Michael-phelps-og is a hybrid with flavors of earthy, apple, pine.",Kushy cannabis-dataset|The Cannabis API (Piyush-Bhor),0.65
middlefork,Middlefork,,hybrid,,,blueberry|earthy,blueberry|earthy,,thc,WA flower lots test around 22% THC on average.,,,"Middlefork is a hybrid with flavors of blueberry, earthy.",Lab terpene assays (analytical360/sclabs/psilabs via Terpene-Profile-Parser)|The Cannabis API (Piyush-Bhor)|WA I-502 state lab tests (dolthub/cannabis-testing-wa),0.65
middlefork-x-pineapple-express,Middlefork-x-pineapple-express,,sativa,,,grape|citrus|pineapple,grape|citrus|pineapple|sweet,,thc,,,,"Middlefork-x-pineapple-express is a sativa with flavors of grape, citrus, pineapple.",Kushy cannabis-dataset|The Cannabis API (Piyush-Bhor),0.65
midnight,Midnight,,hybrid,,,earthy|floral|pungent,earthy|floral|pungent,,thc,WA flower lots test around 14% THC on average.,,Vancouver Island Seed Company,"Midnight is a hybrid with flavors of earthy, floral, pungent.",Kushy cannabis-dataset|The Cannabis API (Piyush-Bhor)|WA I-502 state lab tests (dolthub/cannabis-testing-wa),0.65
milf,Milf,,hybrid,,,earthy|herbal|sweet,earthy|herbal|sweet,,thc,WA flower lots test around 20% THC on average.,,Mother Chucker Seeds,"Milf is a hybrid with flavors of earthy, herbal, sweet.",Kushy cannabis-dataset|Lab terpene assays (analytical360/sclabs/psilabs via Terpene-Profile-Parser)|The Cannabis API (Piyush-Bhor)|WA I-502 state lab tests (dolthub/cannabis-testing-wa),0.65
milky-way,Milky-way,,indica,,,floral|mint|peppery,floral|mint|peppery|sweet,,thc,,,Kiwiseeds,"Milky-way is an indica with flavors of floral, mint, peppery.",Kushy cannabis-dataset|The Cannabis API (Piyush-Bhor),0.65
millennium,Millennium,,hybrid,,,blueberry|diesel|earthy,blueberry|diesel|earthy,,thc,,,,"Millennium is a hybrid with flavors of blueberry, diesel, earthy.",The Cannabis API (Piyush-Bhor),0.65
mint chocolate chip,Mint Chocolate Chip,,hybrid,,,earthy|mint,earthy|mint,,thc,WA flower lots test around 21% THC on average.,,Exotic Genetix,"Mint Chocolate Chip is a hybrid with flavors of earthy, mint.",Kushy cannabis-dataset|Lab terpene assays (analytical360/sclabs/psilabs via Terpene-Profile-Parser)|The Cannabis API (Piyush-Bhor)|WA I-502 state lab tests (dolthub/cannabis-testing-wa),0.65
misty kush,Misty Kush,,indica,,,lemon|mango|sweet,lemon|mango|sweet,,thc,WA flower lots test around 18% THC on average.,,,"Misty Kush is an indica with flavors of lemon, mango, sweet.",Kushy cannabis-dataset|The Cannabis API (Piyush-Bhor)|WA I-502 state lab tests (dolthub/cannabis-testing-wa),0.65
misty-morning,Misty-morning,,hybrid,,,herbal|pine|spicy,herbal|pine|spicy,,thc,,,,"Misty-morning is a hybrid with flavors of herbal, pine, spicy.",The Cannabis API (Piyush-Bhor),0.65
mlb,Mlb,,hybrid,,humulene,hoppy|earthy|woody|pine,,humulene|pinene|caryophyllene,thc,,,,Mlb is a hybrid with Humulene-forward terpene profile.,Lab terpene assays (analytical360/sclabs/psilabs via Terpene-Profile-Parser),0.65
mob boss,Mob Boss,,hybrid,,,citrus|earthy|pine,citrus|earthy|pine,,thc,WA flower lots test around 23% THC on average.,,The GrindHouse,"Mob Boss is a hybrid with flavors of citrus, earthy, pine.",Kushy cannabis-dataset|The Cannabis API (Piyush-Bhor)|WA I-502 state lab tests (dolthub/cannabis-testing-wa),0.65
moby dick,Moby Dick,,sativa,,,citrus|earthy|sweet,citrus|earthy|sweet,,thc,WA flower lots test around 17% THC on average.,,Dinafem Seeds,"Moby Dick is a sativa with flavors of citrus, earthy, sweet.",Kushy cannabis-dataset|Lab terpene assays (analytical360/sclabs/psilabs via Terpene-Profile-Parser)|The Cannabis API (Piyush-Bhor)|WA I-502 state lab tests (dolthub/cannabis-testing-wa),0.65
molokai-frost,Molokai-frost,,indica,,,nutty|pungent|woody,nutty|pungent|woody,,thc,,,Motarebel Seeds,"Molokai-frost is an indica with flavors of nutty, pungent, woody.",Kushy cannabis-dataset|The Cannabis API (Piyush-Bhor),0.65
molokai-purpz,Molokai-purpz,,indica,,,berry|grape|sweet,berry|grape|sweet,,thc,,,,"Molokai-purpz is an indica with flavors of berry, grape, sweet.",The Cannabis API (Piyush-Bhor),0.65
money maker,Money Maker,,indica,,,berry|earthy|skunk,berry|earthy|skunk,,thc,WA flower lots test around 18% THC on average.,,Strain Hunters Seed Bank,"Money Maker is an indica with flavors of berry, earthy, skunk.",Kushy cannabis-dataset|The Cannabis API (Piyush-Bhor)|WA I-502 state lab tests (dolthub/cannabis-testing-wa),0.65
monkey paw,Monkey Paw,,hybrid,,,berry|grape|herbal,berry|grape|herbal|spicy,,thc,WA flower lots test around 13% THC on average.,,,"Monkey Paw is a hybrid with flavors of berry, grape, herbal.",Kushy cannabis-dataset|Lab terpene assays (analytical360/sclabs/psilabs via Terpene-Profile-Parser)|The Cannabis API (Piyush-Bhor)|WA I-502 state lab tests (dolthub/cannabis-testing-wa),0.65
monolith,Monolith,,indica,,,earthy|pine|pungent,earthy|pine|pungent,,thc,WA flower lots test around 19% THC on average.,,,"Monolith is an indica with flavors of earthy, pine, pungent.",Kushy cannabis-dataset|The Cannabis API (Piyush-Bhor)|WA I-502 state lab tests (dolthub/cannabis-testing-wa),0.65
monster cookies,Monster Cookies,,indica,,,earthy|grape|pine,earthy|grape|pine|sweet,,thc,WA flower lots test around 18% THC on average.,,303 Seeds,"Monster Cookies is an indica with flavors of earthy, grape, pine.",Kushy cannabis-dataset|Lab terpene assays (analytical360/sclabs/psilabs via Terpene-Profile-Parser)|The Cannabis API (Piyush-Bhor)|WA I-502 state lab tests (dolthub/cannabis-testing-wa),0.65
monster-og,Monster-og,,hybrid,,,earthy|herbal|spicy,earthy|herbal|spicy|woody,,thc,,,,"Monster-og is a hybrid with flavors of earthy, herbal, spicy.",The Cannabis API (Piyush-Bhor),0.65
montana silvertip,Montana Silvertip,,hybrid,,,earthy|herbal|spicy,earthy|herbal|spicy|sweet,,thc,WA flower lots test around 21% THC on average.,,,"Montana Silvertip is a hybrid with flavors of earthy, herbal, spicy.",The Cannabis API (Piyush-Bhor)|WA I-502 state lab tests (dolthub/cannabis-testing-wa),0.65
moon cookies,Moon Cookies,,hybrid,,,floral|herbal|mint,floral|herbal|mint|spicy,,thc,WA flower lots test around 18% THC on average.,,,"Moon Cookies is a hybrid with flavors of floral, herbal, mint.",The Cannabis API (Piyush-Bhor)|WA I-502 state lab tests (dolthub/cannabis-testing-wa),0.65
moon walker,Moon Walker,,hybrid,,humulene,hoppy|earthy|woody,,humulene,thc,,,,Moon Walker is a hybrid with Humulene-forward terpene profile.,Lab terpene assays (analytical360/sclabs/psilabs via Terpene-Profile-Parser),0.65
moondance,Moondance,,sativa,,,floral|pine,floral|pine,,thc,,,,"Moondance is a sativa with flavors of floral, pine.",Kushy cannabis-dataset|The Cannabis API (Piyush-Bhor),0.65
moonshine haze,Moonshine Haze,,sativa,,,citrus|earthy|pine,citrus|earthy|pine,,thc,WA flower lots test around 18% THC on average.,,,"Moonshine Haze is a sativa with flavors of citrus, earthy, pine.",Kushy cannabis-dataset|Lab terpene assays (analytical360/sclabs/psilabs via Terpene-Profile-Parser)|The Cannabis API (Piyush-Bhor)|WA I-502 state lab tests (dolthub/cannabis-testing-wa),0.65
moonwalker kush,Moonwalker Kush,,hybrid,,,earthy|mint|pine,earthy|mint|pine,,thc,WA flower lots test around 23% THC on average.,,,"Moonwalker Kush is a hybrid with flavors of earthy, mint, pine.",The Cannabis API (Piyush-Bhor)|WA I-502 state lab tests (dolthub/cannabis-testing-wa),0.65
moose and lobsta,Moose And Lobsta,,sativa,,,citrus|diesel|pungent,citrus|diesel|pungent|sweet,,thc,WA flower lots test around 19% THC on average.,,Dynasty Seeds,"Moose And Lobsta is a sativa with flavors of citrus, diesel, pungent.",Kushy cannabis-dataset|The Cannabis API (Piyush-Bhor)|WA I-502 state lab tests (dolthub/cannabis-testing-wa),0.65
morning-glory,Morning-glory,,hybrid,,,citrus|peppery,citrus|peppery,,thc,,,,"Morning-glory is a hybrid with flavors of citrus, peppery.",The Cannabis API (Piyush-Bhor),0.65
morning-star,Morning-star,,hybrid,,,berry|blueberry|orange,berry|blueberry|orange,,thc,,,Holistic Healing Collective,"Morning-star is a hybrid with flavors of berry, blueberry, orange.",Kushy cannabis-dataset|The Cannabis API (Piyush-Bhor),0.65
mossad,Mossad,,indica,,,earthy|lemon|sweet,earthy|lemon|sweet,,thc,,,,"Mossad is an indica with flavors of earthy, lemon, sweet.",Kushy cannabis-dataset|The Cannabis API (Piyush-Bhor),0.65
mossimo-og,Mossimo-og,,indica,,,honey|lemon|pungent,honey|lemon|pungent,,thc,,,,"Mossimo-og is an indica with flavors of honey, lemon, pungent.",Kushy cannabis-dataset|The Cannabis API (Piyush-Bhor),0.65
motavation,Motavation,,indica,,,floral|pungent|sweet,floral|pungent|sweet,,thc,WA flower lots test around 16% THC on average.,,Magus Genetics,"Motavation is an indica with flavors of floral, pungent, sweet.",Kushy cannabis-dataset|The Cannabis API (Piyush-Bhor)|WA I-502 state lab tests (dolthub/cannabis-testing-wa),0.65
mother tongue,Mother Tongue,,sativa,,,earthy|lemon|sweet,earthy|lemon|sweet,,thc,WA flower lots test around 20% THC on average.,,,"Mother Tongue is a sativa with flavors of earthy, lemon, sweet.",Kushy cannabis-dataset|Lab terpene assays (analytical360/sclabs/psilabs via Terpene-Profile-Parser)|The Cannabis API (Piyush-Bhor)|WA I-502 state lab tests (dolthub/cannabis-testing-wa),0.65
mother-of-berries,Mother-of-berries,,indica,,,berry|blueberry|sweet,berry|blueberry|sweet,,thc,,,,"Mother-of-berries is an indica with flavors of berry, blueberry, sweet.",Kushy cannabis-dataset|The Cannabis API (Piyush-Bhor),0.65
mothers-finest,Mothers-finest,,sativa,,,lemon|pine|sweet,lemon|pine|sweet,,thc,,,,"Mothers-finest is a sativa with flavors of lemon, pine, sweet.",The Cannabis API (Piyush-Bhor),0.65
mothers-helper,Mothers-helper,,hybrid,,,citrus|earthy|sweet,citrus|earthy|sweet,,thc,,,,"Mothers-helper is a hybrid with flavors of citrus, earthy, sweet.",The Cannabis API (Piyush-Bhor),0.65
mothers-milk,Mothers-milk,,hybrid,,,earthy|sweet|vanilla,earthy|sweet|vanilla,,thc,,,Bodhi Seeds,"Mothers-milk is a hybrid with flavors of earthy, sweet, vanilla.",Kushy cannabis-dataset|The Cannabis API (Piyush-Bhor),0.65
mountain-girl,Mountain-girl,,hybrid,,,earthy|herbal|spicy,earthy|herbal|spicy,,thc,,,,"Mountain-girl is a hybrid with flavors of earthy, herbal, spicy.",The Cannabis API (Piyush-Bhor),0.65
mr nice,Mr Nice,,indica,,,earthy|sweet|woody,earthy|sweet|woody,,thc,WA flower lots test around 18% THC on average.,,Sensi Seeds,"Mr Nice is an indica with flavors of earthy, sweet, woody.",Kushy cannabis-dataset|Lab terpene assays (analytical360/sclabs/psilabs via Terpene-Profile-Parser)|The Cannabis API (Piyush-Bhor)|WA I-502 state lab tests (dolthub/cannabis-testing-wa),0.65
mr-tusk,Mr-tusk,,hybrid,,,berry|citrus|sweet,berry|citrus|sweet,,thc,,,,"Mr-tusk is a hybrid with flavors of berry, citrus, sweet.",The Cannabis API (Piyush-Bhor),0.65
ms. universe,Ms. Universe,,hybrid,,,berry|pineapple|sweet,berry|pineapple|sweet,,thc,,,Dynasty Seeds,"Ms. Universe is a hybrid with flavors of berry, pineapple, sweet.",Kushy cannabis-dataset|Lab terpene assays (analytical360/sclabs/psilabs via Terpene-Profile-Parser)|The Cannabis API (Piyush-Bhor),0.65
mt rainier,Mt Rainier,,hybrid,,,earthy|sweet|woody,earthy|sweet|woody,,thc,WA flower lots test around 22% THC on average.,,RedEyed Genetics,"Mt Rainier is a hybrid with flavors of earthy, sweet, woody.",Kushy cannabis-dataset|Lab terpene assays (analytical360/sclabs/psilabs via Terpene-Profile-Parser)|The Cannabis API (Piyush-Bhor)|WA I-502 state lab tests (dolthub/cannabis-testing-wa),0.65
mt-cook,Mt-cook,,indica,,,pungent|diesel|herbal,pungent|diesel|herbal|peppery|spicy,,thc,,,Kiwiseeds,"Mt-cook is an indica with flavors of pungent, diesel, herbal.",Kushy cannabis-dataset|The Cannabis API (Piyush-Bhor),0.65
mt-hood-magic,Mt-hood-magic,,hybrid,,,citrus|earthy|sweet,citrus|earthy|sweet,,thc,,,,"Mt-hood-magic is a hybrid with flavors of citrus, earthy, sweet.",The Cannabis API (Piyush-Bhor),0.65
mtf,Mtf,,hybrid,,myrcene,earthy|musky|herbal|peppery,,myrcene|caryophyllene|humulene,thc,,,,Mtf is a hybrid with Myrcene-forward terpene profile.,Lab terpene assays (analytical360/sclabs/psilabs via Terpene-Profile-Parser),0.65
narnia,Narnia,,sativa,,,citrus|earthy|herbal,citrus|earthy|herbal|spicy|sweet,,thc,WA flower lots test around 22% THC on average.,,,"Narnia is a sativa with flavors of citrus, earthy, herbal.",Kushy cannabis-dataset|The Cannabis API (Piyush-Bhor)|WA I-502 state lab tests (dolthub/cannabis-testing-wa),0.65
nebula,Nebula,,hybrid,,,earthy|honey|pungent,earthy|honey|pungent,,thc,WA flower lots test around 14% THC on average.,,,"Nebula is a hybrid with flavors of earthy, honey, pungent.",Kushy cannabis-dataset|Lab terpene assays (analytical360/sclabs/psilabs via Terpene-Profile-Parser)|The Cannabis API (Piyush-Bhor)|WA I-502 state lab tests (dolthub/cannabis-testing-wa),0.65
nebula-ii-cbd,Nebula-ii-cbd,,hybrid,,,earthy|herbal|spicy,earthy|herbal|spicy|woody,,thc,,,Paradise Seeds,"Nebula-ii-cbd is a hybrid with flavors of earthy, herbal, spicy.",Kushy cannabis-dataset|The Cannabis API (Piyush-Bhor),0.65
negra-44,Negra-44,,indica,,,citrus|earthy|sweet,citrus|earthy|sweet,,thc,,,,"Negra-44 is an indica with flavors of citrus, earthy, sweet.",Kushy cannabis-dataset|The Cannabis API (Piyush-Bhor),0.65
nepalese,Nepalese,,sativa,,,earthy|citrus|sweet,earthy|citrus|sweet,,thc,WA flower lots test around 21% THC on average.,,,"Nepalese is a sativa with flavors of earthy, citrus, sweet.",Kushy cannabis-dataset|The Cannabis API (Piyush-Bhor)|WA I-502 state lab tests (dolthub/cannabis-testing-wa),0.65
neptune-kush,Neptune-kush,,indica,,,citrus|honey|pine,citrus|honey|pine,,thc,,,,"Neptune-kush is an indica with flavors of citrus, honey, pine.",Kushy cannabis-dataset|The Cannabis API (Piyush-Bhor),0.65
neptune-og,Neptune-og,,indica,,,earthy|pungent,earthy|pungent,,thc,,,,"Neptune-og is an indica with flavors of earthy, pungent.",Kushy cannabis-dataset|The Cannabis API (Piyush-Bhor),0.65
nevilles haze,Nevilles Haze,,sativa,,,diesel|earthy|sweet,diesel|earthy|sweet,,thc,WA flower lots test around 20% THC on average.,,,"Nevilles Haze is a sativa with flavors of diesel, earthy, sweet.",Lab terpene assays (analytical360/sclabs/psilabs via Terpene-Profile-Parser)|The Cannabis API (Piyush-Bhor)|WA I-502 state lab tests (dolthub/cannabis-testing-wa),0.65
nevils-wreck,Nevils-wreck,,sativa,,,earthy|pine|herbal,earthy|pine|herbal,,thc,,,,"Nevils-wreck is a sativa with flavors of earthy, pine, herbal.",The Cannabis API (Piyush-Bhor),0.65
new york sour diesel,New York Sour Diesel,,hybrid,,pinene,pine|fresh|earthy|musky,,pinene|myrcene,thc,,,,New York Sour Diesel is a hybrid with Pinene-forward terpene profile.,Lab terpene assays (analytical360/sclabs/psilabs via Terpene-Profile-Parser),0.65
nexus-og,Nexus-og,,indica,,,berry|earthy|sweet,berry|earthy|sweet,,thc,,,,"Nexus-og is an indica with flavors of berry, earthy, sweet.",Kushy cannabis-dataset|The Cannabis API (Piyush-Bhor),0.65
nice-cherry,Nice-cherry,,indica,,,berry|pungent|sweet,berry|pungent|sweet,,thc,,,,"Nice-cherry is an indica with flavors of berry, pungent, sweet.",Kushy cannabis-dataset|The Cannabis API (Piyush-Bhor),0.65
nicole kush,Nicole Kush,,indica,,,earthy|pungent|sweet,earthy|pungent|sweet|woody,,thc,WA flower lots test around 19% THC on average.,,DNA Genetics,"Nicole Kush is an indica with flavors of earthy, pungent, sweet.",Kushy cannabis-dataset|The Cannabis API (Piyush-Bhor)|WA I-502 state lab tests (dolthub/cannabis-testing-wa),0.65
night nurse,Night Nurse,,indica,,,diesel|earthy|sweet,diesel|earthy|sweet,,thc,WA flower lots test around 16% THC on average.,,Reeferman Seeds,"Night Nurse is an indica with flavors of diesel, earthy, sweet.",Kushy cannabis-dataset|The Cannabis API (Piyush-Bhor)|WA I-502 state lab tests (dolthub/cannabis-testing-wa),0.65
night terror og,Night Terror Og,,indica,,,berry|earthy|grape,berry|earthy|grape,,thc,WA flower lots test around 17% THC on average.,,Rare Dankness Seeds,"Night Terror Og is an indica with flavors of berry, earthy, grape.",Kushy cannabis-dataset|Lab terpene assays (analytical360/sclabs/psilabs via Terpene-Profile-Parser)|The Cannabis API (Piyush-Bhor)|WA I-502 state lab tests (dolthub/cannabis-testing-wa),0.65
night train,Night Train,,indica,,,diesel|peppery|pungent,diesel|peppery|pungent,,thc,WA flower lots test around 19% THC on average.,,,"Night Train is an indica with flavors of diesel, peppery, pungent.",Kushy cannabis-dataset|Lab terpene assays (analytical360/sclabs/psilabs via Terpene-Profile-Parser)|The Cannabis API (Piyush-Bhor)|WA I-502 state lab tests (dolthub/cannabis-testing-wa),0.65
nightfire og,Nightfire Og,,sativa,,,citrus|earthy|pine,citrus|earthy|pine,,thc,WA flower lots test around 20% THC on average.,,Sin City Seeds,"Nightfire Og is a sativa with flavors of citrus, earthy, pine.",Kushy cannabis-dataset|The Cannabis API (Piyush-Bhor)|WA I-502 state lab tests (dolthub/cannabis-testing-wa),0.65
nightmare cookies,Nightmare Cookies,,hybrid,,,pine|sweet|woody,pine|sweet|woody,,thc,WA flower lots test around 22% THC on average.,,Sin City Seeds,"Nightmare Cookies is a hybrid with flavors of pine, sweet, woody.",Kushy cannabis-dataset|The Cannabis API (Piyush-Bhor)|WA I-502 state lab tests (dolthub/cannabis-testing-wa),0.65
nina-limone,Nina-limone,,sativa,,,citrus|lemon|sweet,citrus|lemon|sweet,,thc,,,,"Nina-limone is a sativa with flavors of citrus, lemon, sweet.",Kushy cannabis-dataset|The Cannabis API (Piyush-Bhor),0.65
ninja fruit,Ninja Fruit,,hybrid,,,citrus|grape|sweet,citrus|grape|sweet,,thc,,,,"Ninja Fruit is a hybrid with flavors of citrus, grape, sweet.",Lab terpene assays (analytical360/sclabs/psilabs via Terpene-Profile-Parser)|The Cannabis API (Piyush-Bhor),0.65
nl5 haze mist,Nl5 Haze Mist,,sativa,,,earthy|sweet|tropical,earthy|sweet|tropical,,thc,WA flower lots test around 6% THC on average.,,Green House Seed Co.,"Nl5 Haze Mist is a sativa with flavors of earthy, sweet, tropical.",Kushy cannabis-dataset|The Cannabis API (Piyush-Bhor)|WA I-502 state lab tests (dolthub/cannabis-testing-wa),0.65
nordle,Nordle,,indica,,,citrus|pine|pungent,citrus|pine|pungent|sweet,,thc,WA flower lots test around 9% THC on average.,,Mr. Nice,"Nordle is an indica with flavors of citrus, pine, pungent.",Kushy cannabis-dataset|Lab terpene assays (analytical360/sclabs/psilabs via Terpene-Profile-Parser)|The Cannabis API (Piyush-Bhor)|WA I-502 state lab tests (dolthub/cannabis-testing-wa),0.65
north-american,North-american,,indica,,,earthy|herbal|spicy,earthy|herbal|spicy|woody,,thc,,,,"North-american is an indica with flavors of earthy, herbal, spicy.",The Cannabis API (Piyush-Bhor),0.65
north-american-sativa,North-american-sativa,,sativa,,,pungent|earthy|pine,pungent|earthy|pine|skunk,,thc,,,,"North-american-sativa is a sativa with flavors of pungent, earthy, pine.",Kushy cannabis-dataset|The Cannabis API (Piyush-Bhor),0.65
north-indian,North-indian,,indica,,,earthy|tropical|woody,earthy|tropical|woody,,thc,,,,"North-indian is an indica with flavors of earthy, tropical, woody.",Kushy cannabis-dataset|The Cannabis API (Piyush-Bhor),0.65
northern cross,Northern Cross,,hybrid,,,floral|sweet|herbal,floral|sweet|herbal,,thc,WA flower lots test around 21% THC on average.,,,"Northern Cross is a hybrid with flavors of floral, sweet, herbal.",The Cannabis API (Piyush-Bhor)|WA I-502 state lab tests (dolthub/cannabis-testing-wa),0.65
northern lights 5 x haze,Northern Lights 5 X Haze,,sativa,,,earthy|floral|pine,earthy|floral|pine|sweet,,thc,WA flower lots test around 18% THC on average.,,Soma Seeds,"Northern Lights 5 X Haze is a sativa with flavors of earthy, floral, pine.",Kushy cannabis-dataset|The Cannabis API (Piyush-Bhor)|WA I-502 state lab tests (dolthub/cannabis-testing-wa),0.65
northern skunk,Northern Skunk,,hybrid,,,earthy|pungent|skunk,earthy|pungent|skunk,,thc,WA flower lots test around 18% THC on average.,,Peak Seeds,"Northern Skunk is a hybrid with flavors of earthy, pungent, skunk.",Kushy cannabis-dataset|Lab terpene assays (analytical360/sclabs/psilabs via Terpene-Profile-Parser)|The Cannabis API (Piyush-Bhor)|WA I-502 state lab tests (dolthub/cannabis-testing-wa),0.65
northern wreck,Northern Wreck,,indica,,,citrus|earthy|pine,citrus|earthy|pine|woody,,thc,WA flower lots test around 19% THC on average.,,,"Northern Wreck is an indica with flavors of citrus, earthy, pine.",Kushy cannabis-dataset|The Cannabis API (Piyush-Bhor)|WA I-502 state lab tests (dolthub/cannabis-testing-wa),0.65
northernberry,Northernberry,,indica,,,berry|earthy|sweet,berry|earthy|sweet,,thc,WA flower lots test around 18% THC on average.,,,"Northernberry is an indica with flavors of berry, earthy, sweet.",The Cannabis API (Piyush-Bhor)|WA I-502 state lab tests (dolthub/cannabis-testing-wa),0.65
northwest-pineapple,Northwest-pineapple,,hybrid,,,pineapple|sweet,pineapple|sweet,,thc,,,,"Northwest-pineapple is a hybrid with flavors of pineapple, sweet.",The Cannabis API (Piyush-Bhor),0.65
nova,Nova,,indica,,,berry|earthy|woody,berry|earthy|woody,,thc,,,Tweed,"Nova is an indica with flavors of berry, earthy, woody.",Kushy cannabis-dataset|The Cannabis API (Piyush-Bhor),0.65
nuggetry-og,Nuggetry-og,,indica,,,earthy|pungent,earthy|pungent,,thc,,,,"Nuggetry-og is an indica with flavors of earthy, pungent.",Kushy cannabis-dataset|The Cannabis API (Piyush-Bhor),0.65
nuken,Nuken,,indica,,,citrus|earthy|sweet,citrus|earthy|sweet|woody,,thc,WA flower lots test around 21% THC on average.,,Vancouver Seed Bank,"Nuken is an indica with flavors of citrus, earthy, sweet.",Kushy cannabis-dataset|Lab terpene assays (analytical360/sclabs/psilabs via Terpene-Profile-Parser)|The Cannabis API (Piyush-Bhor)|WA I-502 state lab tests (dolthub/cannabis-testing-wa),0.65
nurse jackie,Nurse Jackie,,sativa,,,lemon|mint|pine,lemon|mint|pine,,thc,,,TGA Seeds,"Nurse Jackie is a sativa with flavors of lemon, mint, pine.",Kushy cannabis-dataset|Lab terpene assays (analytical360/sclabs/psilabs via Terpene-Profile-Parser)|The Cannabis API (Piyush-Bhor),0.65
ny-47,Ny-47,,hybrid,,,citrus|diesel,citrus|diesel,,thc,,,,"Ny-47 is a hybrid with flavors of citrus, diesel.",The Cannabis API (Piyush-Bhor),0.65
ny-cheese,Ny-cheese,,hybrid,,,cheese|earthy|woody,cheese|earthy|woody,,thc,,,,"Ny-cheese is a hybrid with flavors of cheese, earthy, woody.",The Cannabis API (Piyush-Bhor),0.65
nycd,Nycd,,hybrid,,caryophyllene,peppery|spicy|woody|hoppy,,caryophyllene|humulene,thc,,,,Nycd is a hybrid with Caryophyllene-forward terpene profile.,Lab terpene assays (analytical360/sclabs/psilabs via Terpene-Profile-Parser),0.65
obama,Obama,,hybrid,,humulene,hoppy|earthy|woody|pine,,humulene|pinene|caryophyllene,thc,,,,Obama is a hybrid with Humulene-forward terpene profile.,Lab terpene assays (analytical360/sclabs/psilabs via Terpene-Profile-Parser),0.65
oca-gold,Oca-gold,,indica,,,floral|herbal|honey,floral|herbal|honey|spicy|sweet|vanilla,,thc,,,,"Oca-gold is an indica with flavors of floral, herbal, honey.",Kushy cannabis-dataset|The Cannabis API (Piyush-Bhor),0.65
ocas-cloud-9,Ocas-cloud-9,,hybrid,,,citrus|floral|herbal,citrus|floral|herbal,,thc,,,,"Ocas-cloud-9 is a hybrid with flavors of citrus, floral, herbal.",The Cannabis API (Piyush-Bhor),0.65
odyssey,Odyssey,,hybrid,,,floral|skunk|sweet,floral|skunk|sweet,,thc,,,,"Odyssey is a hybrid with flavors of floral, skunk, sweet.",Kushy cannabis-dataset|The Cannabis API (Piyush-Bhor),0.65
og cheese,Og Cheese,,hybrid,,,cheese|citrus|earthy,cheese|citrus|earthy,,thc,WA flower lots test around 12% THC on average.,,GreenLabel Seeds,"Og Cheese is a hybrid with flavors of cheese, citrus, earthy.",Kushy cannabis-dataset|The Cannabis API (Piyush-Bhor)|WA I-502 state lab tests (dolthub/cannabis-testing-wa),0.65
og diesel kush,Og Diesel Kush,,hybrid,,,pine|pungent|skunk,pine|pungent|skunk,,thc,WA flower lots test around 19% THC on average.,,,"Og Diesel Kush is a hybrid with flavors of pine, pungent, skunk.",The Cannabis API (Piyush-Bhor)|WA I-502 state lab tests (dolthub/cannabis-testing-wa),0.65
og kush bubble hash,Og Kush Bubble Hash,,hybrid,,humulene,hoppy|earthy|woody,,humulene,thc,,,,Og Kush Bubble Hash is a hybrid with Humulene-forward terpene profile.,Lab terpene assays (analytical360/sclabs/psilabs via Terpene-Profile-Parser),0.65
og la affie,Og La Affie,,indica,,,earthy|peppery|woody,earthy|peppery|woody,,thc,WA flower lots test around 19% THC on average.,,,"Og La Affie is an indica with flavors of earthy, peppery, woody.",Kushy cannabis-dataset|The Cannabis API (Piyush-Bhor)|WA I-502 state lab tests (dolthub/cannabis-testing-wa),0.65
og poison,Og Poison,,hybrid,,,diesel|earthy|sweet,diesel|earthy|sweet,,thc,WA flower lots test around 26% THC on average.,,,"Og Poison is a hybrid with flavors of diesel, earthy, sweet.",Kushy cannabis-dataset|The Cannabis API (Piyush-Bhor)|WA I-502 state lab tests (dolthub/cannabis-testing-wa),0.65
og ringo,Og Ringo,,hybrid,,,lemon|pine|sweet,lemon|pine|sweet,,thc,WA flower lots test around 21% THC on average.,,Southern Humboldt Seed Collective,"Og Ringo is a hybrid with flavors of lemon, pine, sweet.",Kushy cannabis-dataset|The Cannabis API (Piyush-Bhor)|WA I-502 state lab tests (dolthub/cannabis-testing-wa),0.65
og-los-angeles-kush,Og-los-angeles-kush,,indica,,,citrus|earthy,citrus|earthy,,thc,,,,"Og-los-angeles-kush is an indica with flavors of citrus, earthy.",Kushy cannabis-dataset|The Cannabis API (Piyush-Bhor),0.65
og-shark,Og-shark,,hybrid,,,diesel|earthy|woody,diesel|earthy|woody,,thc,,,Canadian Seed Co.,"Og-shark is a hybrid with flavors of diesel, earthy, woody.",Kushy cannabis-dataset|The Cannabis API (Piyush-Bhor),0.65
og-sour-diesel,Og-sour-diesel,,hybrid,,,citrus|diesel|lemon,citrus|diesel|lemon,,thc,,,,"Og-sour-diesel is a hybrid with flavors of citrus, diesel, lemon.",The Cannabis API (Piyush-Bhor),0.65
og-strawberry,Og-strawberry,,hybrid,,,earthy|strawberry|sweet,earthy|strawberry|sweet,,thc,,,,"Og-strawberry is a hybrid with flavors of earthy, strawberry, sweet.",Kushy cannabis-dataset|The Cannabis API (Piyush-Bhor),0.65
og-tonic,Og-tonic,,hybrid,,,earthy|pungent|woody,earthy|pungent|woody,,thc,,,,"Og-tonic is a hybrid with flavors of earthy, pungent, woody.",The Cannabis API (Piyush-Bhor),0.65
og-wreck,Og-wreck,,hybrid,,,earthy|pungent|sweet,earthy|pungent|sweet,,thc,,,,"Og-wreck is a hybrid with flavors of earthy, pungent, sweet.",Kushy cannabis-dataset|The Cannabis API (Piyush-Bhor),0.65
ogezus,Ogezus,,indica,,,citrus|lemon|sweet,citrus|lemon|sweet,,thc,,,,"Ogezus is an indica with flavors of citrus, lemon, sweet.",The Cannabis API (Piyush-Bhor),0.65
ogiesel,Ogiesel,,hybrid,,,diesel|earthy|pine,diesel|earthy|pine,,thc,WA flower lots test around 22% THC on average.,,The Cali Connection,"Ogiesel is a hybrid with flavors of diesel, earthy, pine.",Kushy cannabis-dataset|Lab terpene assays (analytical360/sclabs/psilabs via Terpene-Profile-Parser)|The Cannabis API (Piyush-Bhor)|WA I-502 state lab tests (dolthub/cannabis-testing-wa),0.65
ogkb,Ogkb,,hybrid,,caryophyllene,peppery|spicy|woody|hoppy,,caryophyllene|humulene|myrcene,thc,,,,Ogkb is a hybrid with Caryophyllene-forward terpene profile.,Lab terpene assays (analytical360/sclabs/psilabs via Terpene-Profile-Parser),0.65
ogre berry,Ogre Berry,,indica,,,berry|blueberry|earthy,berry|blueberry|earthy,,thc,WA flower lots test around 20% THC on average.,,HappyDay Farms,"Ogre Berry is an indica with flavors of berry, blueberry, earthy.",Kushy cannabis-dataset|The Cannabis API (Piyush-Bhor)|WA I-502 state lab tests (dolthub/cannabis-testing-wa),0.65
ogre kush,Ogre Kush,,hybrid,,humulene,hoppy|earthy|woody|peppery,,humulene|caryophyllene|myrcene,thc,,,,Ogre Kush is a hybrid with Humulene-forward terpene profile.,Lab terpene assays (analytical360/sclabs/psilabs via Terpene-Profile-Parser),0.65
ogs pearl,Ogs Pearl,,indica,,,earthy|pungent|sweet,earthy|pungent|sweet,,thc,WA flower lots test around 21% THC on average.,,,"Ogs Pearl is an indica with flavors of earthy, pungent, sweet.",The Cannabis API (Piyush-Bhor)|WA I-502 state lab tests (dolthub/cannabis-testing-wa),0.65
old school og,Old School Og,,hybrid,,,earthy|pungent|skunk,earthy|pungent|skunk,,thc,WA flower lots test around 18% THC on average.,,,"Old School Og is a hybrid with flavors of earthy, pungent, skunk.",Lab terpene assays (analytical360/sclabs/psilabs via Terpene-Profile-Parser)|The Cannabis API (Piyush-Bhor)|WA I-502 state lab tests (dolthub/cannabis-testing-wa),0.65
old toby,Old Toby,,hybrid,,,herbal|citrus|pine,herbal|citrus|pine|spicy,,thc,WA flower lots test around 18% THC on average.,,,"Old Toby is a hybrid with flavors of herbal, citrus, pine.",Lab terpene assays (analytical360/sclabs/psilabs via Terpene-Profile-Parser)|The Cannabis API (Piyush-Bhor)|WA I-502 state lab tests (dolthub/cannabis-testing-wa),0.65
old-lyme-connecticut-og,Old-lyme-connecticut-og,,hybrid,,,pine|pungent,pine|pungent,,thc,,,,"Old-lyme-connecticut-og is a hybrid with flavors of pine, pungent.",Kushy cannabis-dataset|The Cannabis API (Piyush-Bhor),0.65
oldtimers-haze,Oldtimers-haze,,sativa,,,citrus|pine,citrus|pine,,thc,,,ACE Seeds,"Oldtimers-haze is a sativa with flavors of citrus, pine.",Kushy cannabis-dataset|The Cannabis API (Piyush-Bhor),0.65
omega,Omega,,hybrid,,,herbal|mint|spicy,herbal|mint|spicy|sweet,,thc,WA flower lots test around 21% THC on average.,,,"Omega is a hybrid with flavors of herbal, mint, spicy.",Kushy cannabis-dataset|The Cannabis API (Piyush-Bhor)|WA I-502 state lab tests (dolthub/cannabis-testing-wa),0.65
omega dawg,Omega Dawg,,hybrid,,,diesel|earthy|sweet,diesel|earthy|sweet,,thc,WA flower lots test around 20% THC on average.,,,"Omega Dawg is a hybrid with flavors of diesel, earthy, sweet.",The Cannabis API (Piyush-Bhor)|WA I-502 state lab tests (dolthub/cannabis-testing-wa),0.65
one-to-one,One-to-one,,hybrid,,,earthy|peppery|woody,earthy|peppery|woody,,thc,,,,"One-to-one is a hybrid with flavors of earthy, peppery, woody.",The Cannabis API (Piyush-Bhor),0.65
opal og kush,Opal Og Kush,,indica,,,earthy|floral|strawberry,earthy|floral|strawberry,,thc,WA flower lots test around 19% THC on average.,,,"Opal Og Kush is an indica with flavors of earthy, floral, strawberry.",Kushy cannabis-dataset|The Cannabis API (Piyush-Bhor)|WA I-502 state lab tests (dolthub/cannabis-testing-wa),0.65
opium,Opium,,hybrid,,,citrus|earthy|floral,citrus|earthy|floral,,thc,WA flower lots test around 15% THC on average.,,Paradise Seeds,"Opium is a hybrid with flavors of citrus, earthy, floral.",Kushy cannabis-dataset|The Cannabis API (Piyush-Bhor)|WA I-502 state lab tests (dolthub/cannabis-testing-wa),0.65
orange blossom,Orange Blossom,,hybrid,,,citrus|orange|pine,citrus|orange|pine,,thc,WA flower lots test around 20% THC on average.,,,"Orange Blossom is a hybrid with flavors of citrus, orange, pine.",Lab terpene assays (analytical360/sclabs/psilabs via Terpene-Profile-Parser)|The Cannabis API (Piyush-Bhor)|WA I-502 state lab tests (dolthub/cannabis-testing-wa),0.65
orange blossom kush,Orange Blossom Kush,,hybrid,,humulene,hoppy|earthy|woody|peppery,,humulene|caryophyllene|myrcene,thc,,,,Orange Blossom Kush is a hybrid with Humulene-forward terpene profile.,Lab terpene assays (analytical360/sclabs/psilabs via Terpene-Profile-Parser),0.65
orange bud,Orange Bud,,hybrid,,,citrus|orange|pungent,citrus|orange|pungent,,thc,WA flower lots test around 24% THC on average.,,Dutch Passion Seed Company,"Orange Bud is a hybrid with flavors of citrus, orange, pungent.",Kushy cannabis-dataset|The Cannabis API (Piyush-Bhor)|WA I-502 state lab tests (dolthub/cannabis-testing-wa),0.65
orange diesel,Orange Diesel,,hybrid,,,citrus|diesel|orange,citrus|diesel|orange,,thc,WA flower lots test around 25% THC on average.,,Canopy Cafe & Delivery,"Orange Diesel is a hybrid with flavors of citrus, diesel, orange.",Kushy cannabis-dataset|Lab terpene assays (analytical360/sclabs/psilabs via Terpene-Profile-Parser)|The Cannabis API (Piyush-Bhor)|WA I-502 state lab tests (dolthub/cannabis-testing-wa),0.65
orange dream,Orange Dream,,hybrid,,,citrus|orange|tropical,citrus|orange|tropical,,thc,WA flower lots test around 20% THC on average.,,,"Orange Dream is a hybrid with flavors of citrus, orange, tropical.",Kushy cannabis-dataset|Lab terpene assays (analytical360/sclabs/psilabs via Terpene-Profile-Parser)|The Cannabis API (Piyush-Bhor)|WA I-502 state lab tests (dolthub/cannabis-testing-wa),0.65
orange haze,Orange Haze,,hybrid,,,citrus|orange|sweet,citrus|orange|sweet,,thc,WA flower lots test around 22% THC on average.,,Green Devil Genetics,"Orange Haze is a hybrid with flavors of citrus, orange, sweet.",Kushy cannabis-dataset|Lab terpene assays (analytical360/sclabs/psilabs via Terpene-Profile-Parser)|The Cannabis API (Piyush-Bhor)|WA I-502 state lab tests (dolthub/cannabis-testing-wa),0.65
orange hill special,Orange Hill Special,,hybrid,,,citrus|orange|sweet,citrus|orange|sweet,,thc,WA flower lots test around 16% THC on average.,,,"Orange Hill Special is a hybrid with flavors of citrus, orange, sweet.",The Cannabis API (Piyush-Bhor)|WA I-502 state lab tests (dolthub/cannabis-testing-wa),0.65
orange juice,Orange Juice,,hybrid,,,citrus|orange|sweet,citrus|orange|sweet,,thc,WA flower lots test around 22% THC on average.,,Gage Green Group,"Orange Juice is a hybrid with flavors of citrus, orange, sweet.",Kushy cannabis-dataset|The Cannabis API (Piyush-Bhor)|WA I-502 state lab tests (dolthub/cannabis-testing-wa),0.65
orange romulan,Orange Romulan,,indica,,,citrus|orange|sweet,citrus|orange|sweet,,thc,WA flower lots test around 18% THC on average.,,,"Orange Romulan is an indica with flavors of citrus, orange, sweet.",Kushy cannabis-dataset|The Cannabis API (Piyush-Bhor)|WA I-502 state lab tests (dolthub/cannabis-testing-wa),0.65
orange turbo,Orange Turbo,,hybrid,,,citrus|orange|sweet,citrus|orange|sweet,,thc,WA flower lots test around 16% THC on average.,,MTG Seeds,"Orange Turbo is a hybrid with flavors of citrus, orange, sweet.",Kushy cannabis-dataset|The Cannabis API (Piyush-Bhor)|WA I-502 state lab tests (dolthub/cannabis-testing-wa),0.65
orange velvet,Orange Velvet,,hybrid,,,citrus|orange|sweet,citrus|orange|sweet,,thc,WA flower lots test around 18% THC on average.,,TGA Seeds,"Orange Velvet is a hybrid with flavors of citrus, orange, sweet.",Kushy cannabis-dataset|Lab terpene assays (analytical360/sclabs/psilabs via Terpene-Profile-Parser)|The Cannabis API (Piyush-Bhor)|WA I-502 state lab tests (dolthub/cannabis-testing-wa),0.65
orange wreck,Orange Wreck,,sativa,,,citrus|orange|pine,citrus|orange|pine,,thc,WA flower lots test around 16% THC on average.,,,"Orange Wreck is a sativa with flavors of citrus, orange, pine.",Kushy cannabis-dataset|The Cannabis API (Piyush-Bhor)|WA I-502 state lab tests (dolthub/cannabis-testing-wa),0.65
orange-afghani,Orange-afghani,,indica,,,citrus|earthy|orange,citrus|earthy|orange|sweet,,thc,,,,"Orange-afghani is an indica with flavors of citrus, earthy, orange.",Kushy cannabis-dataset|The Cannabis API (Piyush-Bhor),0.65
orange-durban,Orange-durban,,sativa,,,citrus|orange|sweet,citrus|orange|sweet,,thc,,,,"Orange-durban is a sativa with flavors of citrus, orange, sweet.",Kushy cannabis-dataset|The Cannabis API (Piyush-Bhor),0.65
oregon diesel,Oregon Diesel,,indica,,,diesel|earthy|pine,diesel|earthy|pine,,thc,WA flower lots test around 16% THC on average.,,,"Oregon Diesel is an indica with flavors of diesel, earthy, pine.",Kushy cannabis-dataset|Lab terpene assays (analytical360/sclabs/psilabs via Terpene-Profile-Parser)|The Cannabis API (Piyush-Bhor)|WA I-502 state lab tests (dolthub/cannabis-testing-wa),0.65
oregon pinot noir,Oregon Pinot Noir,,sativa,,,berry|diesel|grape,berry|diesel|grape|sweet,,thc,WA flower lots test around 18% THC on average.,,Stoney Girl Gardens,"Oregon Pinot Noir is a sativa with flavors of berry, diesel, grape.",Kushy cannabis-dataset|The Cannabis API (Piyush-Bhor)|WA I-502 state lab tests (dolthub/cannabis-testing-wa),0.65
oregon-pineapple,Oregon-pineapple,,hybrid,,,cheese|pineapple|sweet,cheese|pineapple|sweet,,thc,,,,"Oregon-pineapple is a hybrid with flavors of cheese, pineapple, sweet.",Kushy cannabis-dataset|The Cannabis API (Piyush-Bhor),0.65
organic blueberry,Organic Blueberry,,hybrid,,myrcene,earthy|musky|herbal,,myrcene,thc,,,,Organic Blueberry is a hybrid with Myrcene-forward terpene profile.,Lab terpene assays (analytical360/sclabs/psilabs via Terpene-Profile-Parser),0.65
organic diesel,Organic Diesel,,hybrid,,,diesel|pungent|earthy,diesel|pungent|earthy,,thc,WA flower lots test around 12% THC on average.,,,"Organic Diesel is a hybrid with flavors of diesel, pungent, earthy.",Kushy cannabis-dataset|The Cannabis API (Piyush-Bhor)|WA I-502 state lab tests (dolthub/cannabis-testing-wa),0.65
ortega,Ortega,,indica,,,earthy|herbal|peppery,earthy|herbal|peppery|spicy,,thc,,,Mr. Nice,"Ortega is an indica with flavors of earthy, herbal, peppery.",Kushy cannabis-dataset|The Cannabis API (Piyush-Bhor),0.65
oteils-egyptian-kush,Oteils-egyptian-kush,,hybrid,,,earthy|pungent|woody,earthy|pungent|woody,,thc,,,,"Oteils-egyptian-kush is a hybrid with flavors of earthy, pungent, woody.",The Cannabis API (Piyush-Bhor),0.65
outer-space,Outer-space,,sativa,,,berry|citrus|pine,berry|citrus|pine|sweet,,thc,,,,"Outer-space is a sativa with flavors of berry, citrus, pine.",Kushy cannabis-dataset|The Cannabis API (Piyush-Bhor),0.65
outlaw,Outlaw,,sativa,,,earthy|herbal|spicy,earthy|herbal|spicy|woody,,thc,WA flower lots test around 18% THC on average.,,Dutch Passion Seed Company,"Outlaw is a sativa with flavors of earthy, herbal, spicy.",Kushy cannabis-dataset|The Cannabis API (Piyush-Bhor)|WA I-502 state lab tests (dolthub/cannabis-testing-wa),0.65
ozma,Ozma,,hybrid,,myrcene,earthy|musky|herbal|pine,,myrcene|pinene,thc,,,,Ozma is a hybrid with Myrcene-forward terpene profile.,Lab terpene assays (analytical360/sclabs/psilabs via Terpene-Profile-Parser),0.65
p 51,P 51,,indica,,,earthy|herbal|spicy,earthy|herbal|spicy|sweet,,thc,WA flower lots test around 21% THC on average.,,,"P 51 is an indica with flavors of earthy, herbal, spicy.",Kushy cannabis-dataset|Lab terpene assays (analytical360/sclabs/psilabs via Terpene-Profile-Parser)|The Cannabis API (Piyush-Bhor)|WA I-502 state lab tests (dolthub/cannabis-testing-wa),0.65
p 91,P 91,,hybrid,,,diesel|citrus|sweet,diesel|citrus|sweet,,thc,WA flower lots test around 21% THC on average.,,,"P 91 is a hybrid with flavors of diesel, citrus, sweet.",Kushy cannabis-dataset|Lab terpene assays (analytical360/sclabs/psilabs via Terpene-Profile-Parser)|The Cannabis API (Piyush-Bhor)|WA I-502 state lab tests (dolthub/cannabis-testing-wa),0.65
pacific blue,Pacific Blue,,indica,,,berry|blueberry|earthy,berry|blueberry|earthy|floral|sweet,,thc,WA flower lots test around 23% THC on average.,,,"Pacific Blue is an indica with flavors of berry, blueberry, earthy.",Kushy cannabis-dataset|The Cannabis API (Piyush-Bhor)|WA I-502 state lab tests (dolthub/cannabis-testing-wa),0.65
pagoda,Pagoda,,sativa,,,citrus|mango|pineapple,citrus|mango|pineapple|tropical,,thc,,,Bodhi Seeds,"Pagoda is a sativa with flavors of citrus, mango, pineapple.",Kushy cannabis-dataset|The Cannabis API (Piyush-Bhor),0.65
pakistan valley kush,Pakistan Valley Kush,,indica,,,earthy|pine|sweet,earthy|pine|sweet,,thc,WA flower lots test around 16% THC on average.,,,"Pakistan Valley Kush is an indica with flavors of earthy, pine, sweet.",Kushy cannabis-dataset|The Cannabis API (Piyush-Bhor)|WA I-502 state lab tests (dolthub/cannabis-testing-wa),0.65
pakistani chitral kush,Pakistani Chitral Kush,,indica,,,berry|earthy|sweet,berry|earthy|sweet,,thc,WA flower lots test around 20% THC on average.,,,"Pakistani Chitral Kush is an indica with flavors of berry, earthy, sweet.",Kushy cannabis-dataset|The Cannabis API (Piyush-Bhor)|WA I-502 state lab tests (dolthub/cannabis-testing-wa),0.65
pamelina,Pamelina,,indica,,,diesel|floral|herbal,diesel|floral|herbal,,thc,,,,"Pamelina is an indica with flavors of diesel, floral, herbal.",Kushy cannabis-dataset|The Cannabis API (Piyush-Bhor),0.65
panama red,Panama Red,,sativa,,,citrus|earthy|herbal,citrus|earthy|herbal|pine|skunk|spicy,,thc,WA flower lots test around 17% THC on average.,,Sensi Seeds,"Panama Red is a sativa with flavors of citrus, earthy, herbal.",Kushy cannabis-dataset|Lab terpene assays (analytical360/sclabs/psilabs via Terpene-Profile-Parser)|The Cannabis API (Piyush-Bhor)|WA I-502 state lab tests (dolthub/cannabis-testing-wa),0.65
panama-punch,Panama-punch,,sativa,,,berry|orange|tropical,berry|orange|tropical,,thc,,,Cannabis Pros,"Panama-punch is a sativa with flavors of berry, orange, tropical.",Kushy cannabis-dataset|The Cannabis API (Piyush-Bhor),0.65
panda og,Panda Og,,hybrid,,,berry|diesel|earthy,berry|diesel|earthy,,thc,WA flower lots test around 23% THC on average.,,Phat Panda,"Panda Og is a hybrid with flavors of berry, diesel, earthy.",Kushy cannabis-dataset|The Cannabis API (Piyush-Bhor)|WA I-502 state lab tests (dolthub/cannabis-testing-wa),0.65
pandoras box,Pandoras Box,,sativa,,,citrus|floral|herbal,citrus|floral|herbal|spicy,,thc,WA flower lots test around 19% THC on average.,,,"Pandoras Box is a sativa with flavors of citrus, floral, herbal.",Lab terpene assays (analytical360/sclabs/psilabs via Terpene-Profile-Parser)|The Cannabis API (Piyush-Bhor)|WA I-502 state lab tests (dolthub/cannabis-testing-wa),0.65
papas-og,Papas-og,,indica,,,earthy|pungent|sweet,earthy|pungent|sweet,,thc,,,,"Papas-og is an indica with flavors of earthy, pungent, sweet.",The Cannabis API (Piyush-Bhor),0.65
paris og,Paris Og,,indica,,,earthy|lemon|pine,earthy|lemon|pine,,thc,WA flower lots test around 28% THC on average.,,,"Paris Og is an indica with flavors of earthy, lemon, pine.",Kushy cannabis-dataset|Lab terpene assays (analytical360/sclabs/psilabs via Terpene-Profile-Parser)|The Cannabis API (Piyush-Bhor)|WA I-502 state lab tests (dolthub/cannabis-testing-wa),0.65
paris-xxx,Paris-xxx,,indica,,,nutty|pungent|sweet,nutty|pungent|sweet,,thc,,,,"Paris-xxx is an indica with flavors of nutty, pungent, sweet.",Kushy cannabis-dataset|The Cannabis API (Piyush-Bhor),0.65
peaches and cream,Peaches And Cream,,hybrid,,,peach|sweet|vanilla,peach|sweet|vanilla,,thc,WA flower lots test around 19% THC on average.,,,"Peaches And Cream is a hybrid with flavors of peach, sweet, vanilla.",Kushy cannabis-dataset|Lab terpene assays (analytical360/sclabs/psilabs via Terpene-Profile-Parser)|The Cannabis API (Piyush-Bhor)|WA I-502 state lab tests (dolthub/cannabis-testing-wa),0.65
pearl scout cookies,Pearl Scout Cookies,,hybrid,,,citrus|lemon|sweet,citrus|lemon|sweet,,thc,WA flower lots test around 25% THC on average.,,,"Pearl Scout Cookies is a hybrid with flavors of citrus, lemon, sweet.",Lab terpene assays (analytical360/sclabs/psilabs via Terpene-Profile-Parser)|The Cannabis API (Piyush-Bhor)|WA I-502 state lab tests (dolthub/cannabis-testing-wa),0.65
peles-fire-og,Peles-fire-og,,hybrid,,,diesel|earthy|pungent,diesel|earthy|pungent,,thc,,,,"Peles-fire-og is a hybrid with flavors of diesel, earthy, pungent.",The Cannabis API (Piyush-Bhor),0.65
peppermint cookies,Peppermint Cookies,,hybrid,,,mint|pine|sweet,mint|pine|sweet,,thc,WA flower lots test around 22% THC on average.,,,"Peppermint Cookies is a hybrid with flavors of mint, pine, sweet.",Lab terpene assays (analytical360/sclabs/psilabs via Terpene-Profile-Parser)|The Cannabis API (Piyush-Bhor)|WA I-502 state lab tests (dolthub/cannabis-testing-wa),0.65
petrolia-headstash,Petrolia-headstash,,indica,,,berry|pungent|woody,berry|pungent|woody,,thc,,,Reeferman Seeds,"Petrolia-headstash is an indica with flavors of berry, pungent, woody.",Kushy cannabis-dataset|The Cannabis API (Piyush-Bhor),0.65
peyote-cookies,Peyote-cookies,,indica,,,coffee|grape|nutty,coffee|grape|nutty|sweet,,thc,,,,"Peyote-cookies is an indica with flavors of coffee, grape, nutty.",Kushy cannabis-dataset|The Cannabis API (Piyush-Bhor),0.65
phantom og,Phantom Og,,indica,,,earthy|lemon|pungent,earthy|lemon|pungent|sweet,,thc,WA flower lots test around 22% THC on average.,,N.E.,"Phantom Og is an indica with flavors of earthy, lemon, pungent.",Kushy cannabis-dataset|Lab terpene assays (analytical360/sclabs/psilabs via Terpene-Profile-Parser)|The Cannabis API (Piyush-Bhor)|WA I-502 state lab tests (dolthub/cannabis-testing-wa),0.65
phantom-arrow,Phantom-arrow,,indica,,,floral|mint,floral|mint,,thc,,,,"Phantom-arrow is an indica with flavors of floral, mint.",Kushy cannabis-dataset|The Cannabis API (Piyush-Bhor),0.65
phatt-frutty,Phatt-frutty,,indica,,,herbal|lemon|citrus,herbal|lemon|citrus|spicy,,thc,,,,"Phatt-frutty is an indica with flavors of herbal, lemon, citrus.",Kushy cannabis-dataset|The Cannabis API (Piyush-Bhor),0.65
phishhead-kush,Phishhead-kush,,indica,,,berry|sweet,berry|sweet,,thc,,,,"Phishhead-kush is an indica with flavors of berry, sweet.",Kushy cannabis-dataset|The Cannabis API (Piyush-Bhor),0.65
pie face og,Pie Face Og,,hybrid,,,earthy|sweet|tropical,earthy|sweet|tropical,,thc,WA flower lots test around 20% THC on average.,,,"Pie Face Og is a hybrid with flavors of earthy, sweet, tropical.",Lab terpene assays (analytical360/sclabs/psilabs via Terpene-Profile-Parser)|The Cannabis API (Piyush-Bhor)|WA I-502 state lab tests (dolthub/cannabis-testing-wa),0.65
pine cone,Pine Cone,,hybrid,,,earthy|pine|woody,earthy|pine|woody,,thc,WA flower lots test around 18% THC on average.,,,"Pine Cone is a hybrid with flavors of earthy, pine, woody.",The Cannabis API (Piyush-Bhor)|WA I-502 state lab tests (dolthub/cannabis-testing-wa),0.65
pine tar kush,Pine Tar Kush,,indica,,,earthy|pine|woody,earthy|pine|woody,,thc,,,Tom Hill,"Pine Tar Kush is an indica with flavors of earthy, pine, woody.",Kushy cannabis-dataset|Lab terpene assays (analytical360/sclabs/psilabs via Terpene-Profile-Parser)|The Cannabis API (Piyush-Bhor),0.65
pine-queen-dream,Pine-queen-dream,,hybrid,,,earthy|pine|woody,earthy|pine|woody,,thc,,,,"Pine-queen-dream is a hybrid with flavors of earthy, pine, woody.",The Cannabis API (Piyush-Bhor),0.65
pineapple cookies,Pineapple Cookies,,hybrid,,,floral|pineapple|sweet,floral|pineapple|sweet,,thc,WA flower lots test around 15% THC on average.,,Guerilla Farms,"Pineapple Cookies is a hybrid with flavors of floral, pineapple, sweet.",Kushy cannabis-dataset|The Cannabis API (Piyush-Bhor)|WA I-502 state lab tests (dolthub/cannabis-testing-wa),0.65
pineapple diesel,Pineapple Diesel,,hybrid,,,diesel|pineapple|pungent,diesel|pineapple|pungent,,thc,WA flower lots test around 18% THC on average.,,Dynasty Seeds,"Pineapple Diesel is a hybrid with flavors of diesel, pineapple, pungent.",Kushy cannabis-dataset|Lab terpene assays (analytical360/sclabs/psilabs via Terpene-Profile-Parser)|The Cannabis API (Piyush-Bhor)|WA I-502 state lab tests (dolthub/cannabis-testing-wa),0.65
pineapple dog shit,Pineapple Dog Shit,,hybrid,,,earthy|pineapple|sweet,earthy|pineapple|sweet,,thc,WA flower lots test around 17% THC on average.,,,"Pineapple Dog Shit is a hybrid with flavors of earthy, pineapple, sweet.",Lab terpene assays (analytical360/sclabs/psilabs via Terpene-Profile-Parser)|The Cannabis API (Piyush-Bhor)|WA I-502 state lab tests (dolthub/cannabis-testing-wa),0.65
pineapple fields,Pineapple Fields,,sativa,,,citrus|pineapple|sweet,citrus|pineapple|sweet|tropical,,thc,WA flower lots test around 18% THC on average.,,Dynasty Seeds,"Pineapple Fields is a sativa with flavors of citrus, pineapple, sweet.",Kushy cannabis-dataset|Lab terpene assays (analytical360/sclabs/psilabs via Terpene-Profile-Parser)|The Cannabis API (Piyush-Bhor)|WA I-502 state lab tests (dolthub/cannabis-testing-wa),0.65
pineapple haze,Pineapple Haze,,sativa,,,citrus|pineapple|tropical,citrus|pineapple|tropical,,thc,WA flower lots test around 15% THC on average.,,,"Pineapple Haze is a sativa with flavors of citrus, pineapple, tropical.",Kushy cannabis-dataset|The Cannabis API (Piyush-Bhor)|WA I-502 state lab tests (dolthub/cannabis-testing-wa),0.65
pineapple og,Pineapple Og,,sativa,,,citrus|earthy|lemon,citrus|earthy|lemon|pineapple|tropical,,thc,WA flower lots test around 20% THC on average.,,,"Pineapple Og is a sativa with flavors of citrus, earthy, lemon.",Kushy cannabis-dataset|Lab terpene assays (analytical360/sclabs/psilabs via Terpene-Profile-Parser)|The Cannabis API (Piyush-Bhor)|WA I-502 state lab tests (dolthub/cannabis-testing-wa),0.65
pineapple punch,Pineapple Punch,,sativa,,,pineapple|sweet|tropical,pineapple|sweet|tropical,,thc,WA flower lots test around 20% THC on average.,,Flying Dutchmen Seed Company,"Pineapple Punch is a sativa with flavors of pineapple, sweet, tropical.",Kushy cannabis-dataset|Lab terpene assays (analytical360/sclabs/psilabs via Terpene-Profile-Parser)|The Cannabis API (Piyush-Bhor)|WA I-502 state lab tests (dolthub/cannabis-testing-wa),0.65
pineapple purple skunk,Pineapple Purple Skunk,,hybrid,,,citrus|pineapple|sweet,citrus|pineapple|sweet,,thc,WA flower lots test around 20% THC on average.,,,"Pineapple Purple Skunk is a hybrid with flavors of citrus, pineapple, sweet.",The Cannabis API (Piyush-Bhor)|WA I-502 state lab tests (dolthub/cannabis-testing-wa),0.65
pineapple purps,Pineapple Purps,,sativa,,,berry|earthy|pineapple,berry|earthy|pineapple|sweet,,thc,WA flower lots test around 22% THC on average.,,,"Pineapple Purps is a sativa with flavors of berry, earthy, pineapple.",Kushy cannabis-dataset|The Cannabis API (Piyush-Bhor)|WA I-502 state lab tests (dolthub/cannabis-testing-wa),0.65
pineapple sage,Pineapple Sage,,sativa,,,lemon|herbal|sweet,lemon|herbal|sweet,,thc,,,Love Genetics,"Pineapple Sage is a sativa with flavors of lemon, herbal, sweet.",Kushy cannabis-dataset|Lab terpene assays (analytical360/sclabs/psilabs via Terpene-Profile-Parser)|The Cannabis API (Piyush-Bhor),0.65
pineapple skunk,Pineapple Skunk,,hybrid,,,pineapple|skunk|sweet,pineapple|skunk|sweet,,thc,WA flower lots test around 19% THC on average.,,Humboldt Seed Organisation,"Pineapple Skunk is a hybrid with flavors of pineapple, skunk, sweet.",Kushy cannabis-dataset|Lab terpene assays (analytical360/sclabs/psilabs via Terpene-Profile-Parser)|The Cannabis API (Piyush-Bhor)|WA I-502 state lab tests (dolthub/cannabis-testing-wa),0.65
pineapple super silver haze,Pineapple Super Silver Haze,,sativa,,,citrus|earthy|pineapple,citrus|earthy|pineapple|sweet,,thc,WA flower lots test around 22% THC on average.,,,"Pineapple Super Silver Haze is a sativa with flavors of citrus, earthy, pineapple.",Kushy cannabis-dataset|Lab terpene assays (analytical360/sclabs/psilabs via Terpene-Profile-Parser)|The Cannabis API (Piyush-Bhor)|WA I-502 state lab tests (dolthub/cannabis-testing-wa),0.65
pineapple thai,Pineapple Thai,,sativa,,,citrus|pineapple|sweet,citrus|pineapple|sweet,,thc,WA flower lots test around 1% THC on average.,,,"Pineapple Thai is a sativa with flavors of citrus, pineapple, sweet.",Kushy cannabis-dataset|Lab terpene assays (analytical360/sclabs/psilabs via Terpene-Profile-Parser)|The Cannabis API (Piyush-Bhor)|WA I-502 state lab tests (dolthub/cannabis-testing-wa),0.65
pineapple trainwreck,Pineapple Trainwreck,,hybrid,,,pine|pineapple|woody,pine|pineapple|woody,,thc,,,Dying Breed Seeds,"Pineapple Trainwreck is a hybrid with flavors of pine, pineapple, woody.",Kushy cannabis-dataset|Lab terpene assays (analytical360/sclabs/psilabs via Terpene-Profile-Parser)|The Cannabis API (Piyush-Bhor),0.65
pineapple-jack,Pineapple-jack,,sativa,,,citrus|pineapple|sweet,citrus|pineapple|sweet|tropical,,thc,,,,"Pineapple-jack is a sativa with flavors of citrus, pineapple, sweet.",Kushy cannabis-dataset|The Cannabis API (Piyush-Bhor),0.65
pineapple-upside-down-cake,Pineapple-upside-down-cake,,hybrid,,,pine|pineapple|sweet,pine|pineapple|sweet,,thc,,,,"Pineapple-upside-down-cake is a hybrid with flavors of pine, pineapple, sweet.",The Cannabis API (Piyush-Bhor),0.65
pink berry,Pink Berry,,indica,,,creamy|floral|sweet,creamy|floral|sweet,,thc,WA flower lots test around 15% THC on average.,,Apothecary Seed Company,"Pink Berry is an indica with flavors of creamy, floral, sweet.",Kushy cannabis-dataset|The Cannabis API (Piyush-Bhor)|WA I-502 state lab tests (dolthub/cannabis-testing-wa),0.65
pink champagne,Pink Champagne,,indica,,,berry|floral|sweet,berry|floral|sweet,,thc,WA flower lots test around 18% THC on average.,,,"Pink Champagne is an indica with flavors of berry, floral, sweet.",Kushy cannabis-dataset|The Cannabis API (Piyush-Bhor)|WA I-502 state lab tests (dolthub/cannabis-testing-wa),0.65
pink cookies,Pink Cookies,,hybrid,,,earthy|pungent|sweet,earthy|pungent|sweet,,thc,WA flower lots test around 24% THC on average.,,,"Pink Cookies is a hybrid with flavors of earthy, pungent, sweet.",Kushy cannabis-dataset|The Cannabis API (Piyush-Bhor)|WA I-502 state lab tests (dolthub/cannabis-testing-wa),0.65
pink hawaiian,Pink Hawaiian,,hybrid,,,strawberry|sweet|tropical,strawberry|sweet|tropical,,thc,WA flower lots test around 19% THC on average.,,,"Pink Hawaiian is a hybrid with flavors of strawberry, sweet, tropical.",The Cannabis API (Piyush-Bhor)|WA I-502 state lab tests (dolthub/cannabis-testing-wa),0.65
pink lemonade,Pink Lemonade,,hybrid,,,citrus|lemon|sweet,citrus|lemon|sweet,,thc,WA flower lots test around 18% THC on average.,,Dutch Passion Seed Company,"Pink Lemonade is a hybrid with flavors of citrus, lemon, sweet.",Kushy cannabis-dataset|Lab terpene assays (analytical360/sclabs/psilabs via Terpene-Profile-Parser)|The Cannabis API (Piyush-Bhor)|WA I-502 state lab tests (dolthub/cannabis-testing-wa),0.65
pink mango,Pink Mango,,hybrid,,,berry|citrus|mango,berry|citrus|mango,,thc,WA flower lots test around 14% THC on average.,,,"Pink Mango is a hybrid with flavors of berry, citrus, mango.",The Cannabis API (Piyush-Bhor)|WA I-502 state lab tests (dolthub/cannabis-testing-wa),0.65
pink panther,Pink Panther,,hybrid,,,floral|pungent|sweet,floral|pungent|sweet,,thc,WA flower lots test around 15% THC on average.,,,"Pink Panther is a hybrid with flavors of floral, pungent, sweet.",Kushy cannabis-dataset|Lab terpene assays (analytical360/sclabs/psilabs via Terpene-Profile-Parser)|The Cannabis API (Piyush-Bhor)|WA I-502 state lab tests (dolthub/cannabis-testing-wa),0.65
pink pez,Pink Pez,,hybrid,,,citrus|sweet,citrus|sweet,,thc,WA flower lots test around 17% THC on average.,,,"Pink Pez is a hybrid with flavors of citrus, sweet.",Kushy cannabis-dataset|The Cannabis API (Piyush-Bhor)|WA I-502 state lab tests (dolthub/cannabis-testing-wa),0.65
pink-bubba,Pink-bubba,,indica,,,earthy|pungent|sweet,earthy|pungent|sweet,,thc,,,,"Pink-bubba is an indica with flavors of earthy, pungent, sweet.",Kushy cannabis-dataset|The Cannabis API (Piyush-Bhor),0.65
pink-death-star,Pink-death-star,,indica,,,berry|earthy|floral,berry|earthy|floral|herbal|spicy,,thc,,,Riot Seeds,"Pink-death-star is an indica with flavors of berry, earthy, floral.",Kushy cannabis-dataset|The Cannabis API (Piyush-Bhor),0.65
pink-starburst,Pink-starburst,,hybrid,,,berry|diesel|sweet,berry|diesel|sweet,,thc,,,,"Pink-starburst is a hybrid with flavors of berry, diesel, sweet.",The Cannabis API (Piyush-Bhor),0.65
pink-sunset,Pink-sunset,,indica,,,berry|sweet|vanilla,berry|sweet|vanilla,,thc,,,,"Pink-sunset is an indica with flavors of berry, sweet, vanilla.",The Cannabis API (Piyush-Bhor),0.65
pinot-green,Pinot-green,,sativa,,,coffee|pine|woody,coffee|pine|woody,,thc,,,,"Pinot-green is a sativa with flavors of coffee, pine, woody.",Kushy cannabis-dataset|The Cannabis API (Piyush-Bhor),0.65
platinum bubba kush,Platinum Bubba Kush,,indica,,,earthy|floral|woody,earthy|floral|woody,,thc,WA flower lots test around 16% THC on average.,,Holistic Healing Collective,"Platinum Bubba Kush is an indica with flavors of earthy, floral, woody.",Kushy cannabis-dataset|Lab terpene assays (analytical360/sclabs/psilabs via Terpene-Profile-Parser)|The Cannabis API (Piyush-Bhor)|WA I-502 state lab tests (dolthub/cannabis-testing-wa),0.65
platinum calyx,Platinum Calyx,,hybrid,,,berry|grape|floral,berry|grape|floral,,thc,,,,"Platinum Calyx is a hybrid with flavors of berry, grape, floral.",Lab terpene assays (analytical360/sclabs/psilabs via Terpene-Profile-Parser)|The Cannabis API (Piyush-Bhor),0.65
platinum girl scout cookie,Platinum Girl Scout Cookie,,hybrid,,humulene,hoppy|earthy|woody|musky,,humulene|myrcene|pinene,thc,,,,Platinum Girl Scout Cookie is a hybrid with Humulene-forward terpene profile.,Lab terpene assays (analytical360/sclabs/psilabs via Terpene-Profile-Parser),0.65
platinum purple kush,Platinum Purple Kush,,indica,,,berry|diesel|earthy,berry|diesel|earthy|sweet|herbal,,thc,WA flower lots test around 19% THC on average.,,,"Platinum Purple Kush is an indica with flavors of berry, diesel, earthy.",Kushy cannabis-dataset|The Cannabis API (Piyush-Bhor)|WA I-502 state lab tests (dolthub/cannabis-testing-wa),0.65
platinum wreck,Platinum Wreck,,hybrid,,,earthy|pine|sweet,earthy|pine|sweet,,thc,WA flower lots test around 13% THC on average.,,,"Platinum Wreck is a hybrid with flavors of earthy, pine, sweet.",The Cannabis API (Piyush-Bhor)|WA I-502 state lab tests (dolthub/cannabis-testing-wa),0.65
platinum-huckleberry-cookies,Platinum-huckleberry-cookies,,hybrid,,,herbal|mint|pine,herbal|mint|pine|spicy,,thc,,,Dynasty Seeds,"Platinum-huckleberry-cookies is a hybrid with flavors of herbal, mint, pine.",Kushy cannabis-dataset|The Cannabis API (Piyush-Bhor),0.65
platinum-sour-diesel,Platinum-sour-diesel,,hybrid,,,floral|lemon|sweet,floral|lemon|sweet,,thc,,,,"Platinum-sour-diesel is a hybrid with flavors of floral, lemon, sweet.",The Cannabis API (Piyush-Bhor),0.65
pluto kush,Pluto Kush,,indica,,,berry|blueberry|skunk,berry|blueberry|skunk|sweet,,thc,WA flower lots test around 15% THC on average.,,,"Pluto Kush is an indica with flavors of berry, blueberry, skunk.",Kushy cannabis-dataset|The Cannabis API (Piyush-Bhor)|WA I-502 state lab tests (dolthub/cannabis-testing-wa),0.65
poison-haze,Poison-haze,,sativa,,,citrus|herbal|orange,citrus|herbal|orange|spicy,,thc,,,,"Poison-haze is a sativa with flavors of citrus, herbal, orange.",Kushy cannabis-dataset|The Cannabis API (Piyush-Bhor),0.65
pokie,Pokie,,indica,,,creamy|cheese|citrus,creamy|cheese|citrus,,thc,,,,"Pokie is an indica with flavors of creamy, cheese, citrus.",Kushy cannabis-dataset|The Cannabis API (Piyush-Bhor),0.65
poochie love,Poochie Love,,sativa,,,earthy|pungent|skunk,earthy|pungent|skunk,,thc,WA flower lots test around 25% THC on average.,,Archive Seed Bank,"Poochie Love is a sativa with flavors of earthy, pungent, skunk.",Kushy cannabis-dataset|Lab terpene assays (analytical360/sclabs/psilabs via Terpene-Profile-Parser)|The Cannabis API (Piyush-Bhor)|WA I-502 state lab tests (dolthub/cannabis-testing-wa),0.65
pop-rox,Pop-rox,,hybrid,,,citrus|grape|sweet,citrus|grape|sweet,,thc,,,,"Pop-rox is a hybrid with flavors of citrus, grape, sweet.",The Cannabis API (Piyush-Bhor),0.65
popcorn-kush,Popcorn-kush,,indica,,,creamy|earthy|sweet,creamy|earthy|sweet,,thc,,,,"Popcorn-kush is an indica with flavors of creamy, earthy, sweet.",Kushy cannabis-dataset|The Cannabis API (Piyush-Bhor),0.65
pot of gold,Pot Of Gold,,indica,,,earthy|grape|pineapple,earthy|grape|pineapple|skunk|sweet,,thc,WA flower lots test around 19% THC on average.,,Flying Dutchmen Seed Company,"Pot Of Gold is an indica with flavors of earthy, grape, pineapple.",Kushy cannabis-dataset|Lab terpene assays (analytical360/sclabs/psilabs via Terpene-Profile-Parser)|The Cannabis API (Piyush-Bhor)|WA I-502 state lab tests (dolthub/cannabis-testing-wa),0.65
power kush,Power Kush,,indica,,,earthy|citrus|skunk,earthy|citrus|skunk|sweet|tropical,,thc,WA flower lots test around 22% THC on average.,,Dinafem Seeds,"Power Kush is an indica with flavors of earthy, citrus, skunk.",Kushy cannabis-dataset|Lab terpene assays (analytical360/sclabs/psilabs via Terpene-Profile-Parser)|The Cannabis API (Piyush-Bhor)|WA I-502 state lab tests (dolthub/cannabis-testing-wa),0.65
power plant,Power Plant,,sativa,,,earthy|pungent|woody,earthy|pungent|woody,,thc,WA flower lots test around 16% THC on average.,,Dutch Passion Seed Company,"Power Plant is a sativa with flavors of earthy, pungent, woody.",Kushy cannabis-dataset|Lab terpene assays (analytical360/sclabs/psilabs via Terpene-Profile-Parser)|The Cannabis API (Piyush-Bhor)|WA I-502 state lab tests (dolthub/cannabis-testing-wa),0.65
presidential kush,Presidential Kush,,hybrid,,humulene,hoppy|earthy|woody|musky,,humulene|myrcene|pinene,thc,,,,Presidential Kush is a hybrid with Humulene-forward terpene profile.,Lab terpene assays (analytical360/sclabs/psilabs via Terpene-Profile-Parser),0.65
presidential og,Presidential Og,,indica,,,citrus|earthy|pine,citrus|earthy|pine|woody,,thc,WA flower lots test around 20% THC on average.,,Royal Queen,"Presidential Og is an indica with flavors of citrus, earthy, pine.",Kushy cannabis-dataset|Lab terpene assays (analytical360/sclabs/psilabs via Terpene-Profile-Parser)|The Cannabis API (Piyush-Bhor)|WA I-502 state lab tests (dolthub/cannabis-testing-wa),0.65
primus,Primus,,indica,,,citrus|earthy|pungent,citrus|earthy|pungent|skunk|sweet,,thc,WA flower lots test around 24% THC on average.,,,"Primus is an indica with flavors of citrus, earthy, pungent.",Kushy cannabis-dataset|Lab terpene assays (analytical360/sclabs/psilabs via Terpene-Profile-Parser)|The Cannabis API (Piyush-Bhor)|WA I-502 state lab tests (dolthub/cannabis-testing-wa),0.65
princesss-tiara,Princesss-tiara,,hybrid,,,earthy|sweet,earthy|sweet,,thc,,,,"Princesss-tiara is a hybrid with flavors of earthy, sweet.",The Cannabis API (Piyush-Bhor),0.65
professor chaos,Professor Chaos,,hybrid,,,citrus|earthy|pine,citrus|earthy|pine,,thc,WA flower lots test around 21% THC on average.,,TGA Seeds,"Professor Chaos is a hybrid with flavors of citrus, earthy, pine.",Kushy cannabis-dataset|Lab terpene assays (analytical360/sclabs/psilabs via Terpene-Profile-Parser)|The Cannabis API (Piyush-Bhor)|WA I-502 state lab tests (dolthub/cannabis-testing-wa),0.65
project-blue-book,Project-blue-book,,hybrid,,,earthy|floral|sweet,earthy|floral|sweet,,thc,,,,"Project-blue-book is a hybrid with flavors of earthy, floral, sweet.",The Cannabis API (Piyush-Bhor),0.65
puna budder,Puna Budder,,hybrid,,,pine|skunk|sweet,pine|skunk|sweet,,thc,WA flower lots test around 19% THC on average.,,T.H.Seeds,"Puna Budder is a hybrid with flavors of pine, skunk, sweet.",Kushy cannabis-dataset|Lab terpene assays (analytical360/sclabs/psilabs via Terpene-Profile-Parser)|The Cannabis API (Piyush-Bhor)|WA I-502 state lab tests (dolthub/cannabis-testing-wa),0.65
puna-buddaz,Puna-buddaz,,indica,,,pungent|sweet|tropical,pungent|sweet|tropical,,thc,,,,"Puna-buddaz is an indica with flavors of pungent, sweet, tropical.",Kushy cannabis-dataset|The Cannabis API (Piyush-Bhor),0.65
punky lion,Punky Lion,,indica,,,earthy|floral|sweet,earthy|floral|sweet,,thc,,,Samsara Seeds,"Punky Lion is an indica with flavors of earthy, floral, sweet.",Kushy cannabis-dataset|Lab terpene assays (analytical360/sclabs/psilabs via Terpene-Profile-Parser)|The Cannabis API (Piyush-Bhor),0.65
pure afghan,Pure Afghan,,indica,,,earthy|floral|woody,earthy|floral|woody,,thc,WA flower lots test around 24% THC on average.,,DNA Genetics,"Pure Afghan is an indica with flavors of earthy, floral, woody.",Kushy cannabis-dataset|The Cannabis API (Piyush-Bhor)|WA I-502 state lab tests (dolthub/cannabis-testing-wa),0.65
pure kush,Pure Kush,,indica,,,earthy|pungent|skunk,earthy|pungent|skunk,,thc,WA flower lots test around 18% THC on average.,,Uprising Seed Co.,"Pure Kush is an indica with flavors of earthy, pungent, skunk.",Kushy cannabis-dataset|Lab terpene assays (analytical360/sclabs/psilabs via Terpene-Profile-Parser)|The Cannabis API (Piyush-Bhor)|WA I-502 state lab tests (dolthub/cannabis-testing-wa),0.65
pure power plant,Pure Power Plant,,hybrid,,,citrus|earthy|pine,citrus|earthy|pine,,thc,WA flower lots test around 20% THC on average.,,White Label Co.,"Pure Power Plant is a hybrid with flavors of citrus, earthy, pine.",Kushy cannabis-dataset|The Cannabis API (Piyush-Bhor)|WA I-502 state lab tests (dolthub/cannabis-testing-wa),0.65
pure-love,Pure-love,,indica,,,berry|earthy|mango,berry|earthy|mango|sweet,,thc,,,,"Pure-love is an indica with flavors of berry, earthy, mango.",Kushy cannabis-dataset|The Cannabis API (Piyush-Bhor),0.65
pure-og,Pure-og,,indica,,,earthy|floral|pine,earthy|floral|pine,,thc,,,Jade Lotus Collective,"Pure-og is an indica with flavors of earthy, floral, pine.",Kushy cannabis-dataset|The Cannabis API (Piyush-Bhor),0.65
purple afghani,Purple Afghani,,indica,,,berry|earthy|grape,berry|earthy|grape|sweet,,thc,WA flower lots test around 17% THC on average.,,BC Bud Depot,"Purple Afghani is an indica with flavors of berry, earthy, grape.",Kushy cannabis-dataset|Lab terpene assays (analytical360/sclabs/psilabs via Terpene-Profile-Parser)|The Cannabis API (Piyush-Bhor)|WA I-502 state lab tests (dolthub/cannabis-testing-wa),0.65
purple ak 47,Purple Ak 47,,hybrid,,,floral|pine|sweet,floral|pine|sweet,,thc,WA flower lots test around 18% THC on average.,,,"Purple Ak 47 is a hybrid with flavors of floral, pine, sweet.",Kushy cannabis-dataset|The Cannabis API (Piyush-Bhor)|WA I-502 state lab tests (dolthub/cannabis-testing-wa),0.65
purple alien og,Purple Alien Og,,hybrid,,,earthy|grape|herbal,earthy|grape|herbal|spicy,,thc,WA flower lots test around 18% THC on average.,,,"Purple Alien Og is a hybrid with flavors of earthy, grape, herbal.",Lab terpene assays (analytical360/sclabs/psilabs via Terpene-Profile-Parser)|The Cannabis API (Piyush-Bhor)|WA I-502 state lab tests (dolthub/cannabis-testing-wa),0.65
purple berry,Purple Berry,,indica,,,berry|blueberry|sweet,berry|blueberry|sweet,,thc,WA flower lots test around 17% THC on average.,,CannaVenture,"Purple Berry is an indica with flavors of berry, blueberry, sweet.",Kushy cannabis-dataset|The Cannabis API (Piyush-Bhor)|WA I-502 state lab tests (dolthub/cannabis-testing-wa),0.65
purple berry kush,Purple Berry Kush,,hybrid,,humulene,hoppy|earthy|woody|musky,,humulene|myrcene|caryophyllene,thc,,,,Purple Berry Kush is a hybrid with Humulene-forward terpene profile.,Lab terpene assays (analytical360/sclabs/psilabs via Terpene-Profile-Parser),0.65
purple bubba,Purple Bubba,,indica,,,berry|earthy|grape,berry|earthy|grape|sweet,,thc,WA flower lots test around 20% THC on average.,,,"Purple Bubba is an indica with flavors of berry, earthy, grape.",Kushy cannabis-dataset|Lab terpene assays (analytical360/sclabs/psilabs via Terpene-Profile-Parser)|The Cannabis API (Piyush-Bhor)|WA I-502 state lab tests (dolthub/cannabis-testing-wa),0.65
purple bud,Purple Bud,,indica,,,floral|peppery|pine,floral|peppery|pine|sweet,,thc,WA flower lots test around 19% THC on average.,,,"Purple Bud is an indica with flavors of floral, peppery, pine.",Kushy cannabis-dataset|The Cannabis API (Piyush-Bhor)|WA I-502 state lab tests (dolthub/cannabis-testing-wa),0.65
purple candy,Purple Candy,,indica,,,earthy|grape|sweet,earthy|grape|sweet,,thc,WA flower lots test around 21% THC on average.,,,"Purple Candy is an indica with flavors of earthy, grape, sweet.",Kushy cannabis-dataset|The Cannabis API (Piyush-Bhor)|WA I-502 state lab tests (dolthub/cannabis-testing-wa),0.65
purple champagne,Purple Champagne,,sativa,,,earthy|grape|sweet,earthy|grape|sweet,,thc,WA flower lots test around 19% THC on average.,,Grand Daddy Purp,"Purple Champagne is a sativa with flavors of earthy, grape, sweet.",Kushy cannabis-dataset|The Cannabis API (Piyush-Bhor)|WA I-502 state lab tests (dolthub/cannabis-testing-wa),0.65
purple cheddar,Purple Cheddar,,indica,,,cheese|grape|sweet,cheese|grape|sweet,,thc,WA flower lots test around 22% THC on average.,,Connoisseur Genetics,"Purple Cheddar is an indica with flavors of cheese, grape, sweet.",Kushy cannabis-dataset|The Cannabis API (Piyush-Bhor)|WA I-502 state lab tests (dolthub/cannabis-testing-wa),0.65
purple cheese,Purple Cheese,,hybrid,,,cheese|earthy|grape,cheese|earthy|grape,,thc,,,,"Purple Cheese is a hybrid with flavors of cheese, earthy, grape.",Kushy cannabis-dataset|Lab terpene assays (analytical360/sclabs/psilabs via Terpene-Profile-Parser)|The Cannabis API (Piyush-Bhor),0.65
purple chemdawg,Purple Chemdawg,,indica,,,diesel|earthy|grape,diesel|earthy|grape|sweet,,thc,WA flower lots test around 18% THC on average.,,,"Purple Chemdawg is an indica with flavors of diesel, earthy, grape.",Kushy cannabis-dataset|Lab terpene assays (analytical360/sclabs/psilabs via Terpene-Profile-Parser)|The Cannabis API (Piyush-Bhor)|WA I-502 state lab tests (dolthub/cannabis-testing-wa),0.65
purple crack,Purple Crack,,hybrid,,,earthy|pungent|sweet,earthy|pungent|sweet,,thc,WA flower lots test around 18% THC on average.,,The Cali Connection,"Purple Crack is a hybrid with flavors of earthy, pungent, sweet.",Kushy cannabis-dataset|Lab terpene assays (analytical360/sclabs/psilabs via Terpene-Profile-Parser)|The Cannabis API (Piyush-Bhor)|WA I-502 state lab tests (dolthub/cannabis-testing-wa),0.65
purple cream,Purple Cream,,indica,,,earthy|pine|sweet,earthy|pine|sweet,,thc,WA flower lots test around 21% THC on average.,,,"Purple Cream is an indica with flavors of earthy, pine, sweet.",Kushy cannabis-dataset|Lab terpene assays (analytical360/sclabs/psilabs via Terpene-Profile-Parser)|The Cannabis API (Piyush-Bhor)|WA I-502 state lab tests (dolthub/cannabis-testing-wa),0.65
purple dog shit,Purple Dog Shit,,hybrid,,,berry|earthy|grape,berry|earthy|grape,,thc,,,,"Purple Dog Shit is a hybrid with flavors of berry, earthy, grape.",Kushy cannabis-dataset|Lab terpene assays (analytical360/sclabs/psilabs via Terpene-Profile-Parser)|The Cannabis API (Piyush-Bhor),0.65
purple dragon,Purple Dragon,,indica,,,earthy|grape|sweet,earthy|grape|sweet,,thc,WA flower lots test around 14% THC on average.,,Purple Dragon Farms,"Purple Dragon is an indica with flavors of earthy, grape, sweet.",Kushy cannabis-dataset|Lab terpene assays (analytical360/sclabs/psilabs via Terpene-Profile-Parser)|The Cannabis API (Piyush-Bhor)|WA I-502 state lab tests (dolthub/cannabis-testing-wa),0.65
purple dream,Purple Dream,,hybrid,,,earthy|grape,earthy|grape,,thc,WA flower lots test around 20% THC on average.,,The Global Seedbank,"Purple Dream is a hybrid with flavors of earthy, grape.",Kushy cannabis-dataset|Lab terpene assays (analytical360/sclabs/psilabs via Terpene-Profile-Parser)|The Cannabis API (Piyush-Bhor)|WA I-502 state lab tests (dolthub/cannabis-testing-wa),0.65
purple goo,Purple Goo,,indica,,,floral|grape|pine,floral|grape|pine|sweet,,thc,WA flower lots test around 16% THC on average.,,,"Purple Goo is an indica with flavors of floral, grape, pine.",Kushy cannabis-dataset|The Cannabis API (Piyush-Bhor)|WA I-502 state lab tests (dolthub/cannabis-testing-wa),0.65
purple headband,Purple Headband,,hybrid,,,berry|grape|woody,berry|grape|woody,,thc,WA flower lots test around 25% THC on average.,,,"Purple Headband is a hybrid with flavors of berry, grape, woody.",Kushy cannabis-dataset|The Cannabis API (Piyush-Bhor)|WA I-502 state lab tests (dolthub/cannabis-testing-wa),0.65
purple ice,Purple Ice,,hybrid,,,earthy|floral,earthy|floral,,thc,WA flower lots test around 19% THC on average.,,Nirvana,"Purple Ice is a hybrid with flavors of earthy, floral.",Kushy cannabis-dataset|The Cannabis API (Piyush-Bhor)|WA I-502 state lab tests (dolthub/cannabis-testing-wa),0.65
purple jack,Purple Jack,,hybrid,,,citrus|pine|sweet,citrus|pine|sweet,,thc,WA flower lots test around 21% THC on average.,,,"Purple Jack is a hybrid with flavors of citrus, pine, sweet.",Kushy cannabis-dataset|Lab terpene assays (analytical360/sclabs/psilabs via Terpene-Profile-Parser)|The Cannabis API (Piyush-Bhor)|WA I-502 state lab tests (dolthub/cannabis-testing-wa),0.65
purple jolly rancher,Purple Jolly Rancher,,indica,,,citrus|floral|grape,citrus|floral|grape|tropical,,thc,WA flower lots test around 18% THC on average.,,,"Purple Jolly Rancher is an indica with flavors of citrus, floral, grape.",Kushy cannabis-dataset|Lab terpene assays (analytical360/sclabs/psilabs via Terpene-Profile-Parser)|The Cannabis API (Piyush-Bhor)|WA I-502 state lab tests (dolthub/cannabis-testing-wa),0.65
purple martian kush,Purple Martian Kush,,indica,,,berry|grape|sweet,berry|grape|sweet,,thc,WA flower lots test around 16% THC on average.,,,"Purple Martian Kush is an indica with flavors of berry, grape, sweet.",Kushy cannabis-dataset|The Cannabis API (Piyush-Bhor)|WA I-502 state lab tests (dolthub/cannabis-testing-wa),0.65
purple maui,Purple Maui,,hybrid,,,earthy|grape|pine,earthy|grape|pine,,thc,WA flower lots test around 12% THC on average.,,Sunshine Seeds,"Purple Maui is a hybrid with flavors of earthy, grape, pine.",Kushy cannabis-dataset|The Cannabis API (Piyush-Bhor)|WA I-502 state lab tests (dolthub/cannabis-testing-wa),0.65
purple mr nice,Purple Mr Nice,,indica,,,earthy|grape|pine,earthy|grape|pine|sweet,,thc,WA flower lots test around 17% THC on average.,,,"Purple Mr Nice is an indica with flavors of earthy, grape, pine.",Kushy cannabis-dataset|The Cannabis API (Piyush-Bhor)|WA I-502 state lab tests (dolthub/cannabis-testing-wa),0.65
purple og kush,Purple Og Kush,,indica,,,earthy|pungent|sweet,earthy|pungent|sweet,,thc,WA flower lots test around 18% THC on average.,,,"Purple Og Kush is an indica with flavors of earthy, pungent, sweet.",Kushy cannabis-dataset|Lab terpene assays (analytical360/sclabs/psilabs via Terpene-Profile-Parser)|The Cannabis API (Piyush-Bhor)|WA I-502 state lab tests (dolthub/cannabis-testing-wa),0.65
purple panty dropper,Purple Panty Dropper,,indica,,,berry|earthy|grape,berry|earthy|grape|herbal|spicy,,thc,WA flower lots test around 8% THC on average.,,Humboldt Seed Company,"Purple Panty Dropper is an indica with flavors of berry, earthy, grape.",Kushy cannabis-dataset|The Cannabis API (Piyush-Bhor)|WA I-502 state lab tests (dolthub/cannabis-testing-wa),0.65
purple paralysis,Purple Paralysis,,hybrid,,,earthy|floral|lemon,earthy|floral|lemon,,thc,WA flower lots test around 14% THC on average.,,,"Purple Paralysis is a hybrid with flavors of earthy, floral, lemon.",The Cannabis API (Piyush-Bhor)|WA I-502 state lab tests (dolthub/cannabis-testing-wa),0.65
purple passion,Purple Passion,,indica,,,earthy|floral|herbal,earthy|floral|herbal|spicy|sweet,,thc,WA flower lots test around 18% THC on average.,,,"Purple Passion is an indica with flavors of earthy, floral, herbal.",Kushy cannabis-dataset|Lab terpene assays (analytical360/sclabs/psilabs via Terpene-Profile-Parser)|The Cannabis API (Piyush-Bhor)|WA I-502 state lab tests (dolthub/cannabis-testing-wa),0.65
purple power,Purple Power,,sativa,,,earthy|pungent|skunk,earthy|pungent|skunk|sweet,,thc,WA flower lots test around 17% THC on average.,,Homegrown Fantaseeds,"Purple Power is a sativa with flavors of earthy, pungent, skunk.",Kushy cannabis-dataset|The Cannabis API (Piyush-Bhor)|WA I-502 state lab tests (dolthub/cannabis-testing-wa),0.65
purple princess,Purple Princess,,hybrid,,,earthy|pungent|sweet,earthy|pungent|sweet,,thc,WA flower lots test around 11% THC on average.,,,"Purple Princess is a hybrid with flavors of earthy, pungent, sweet.",Kushy cannabis-dataset|Lab terpene assays (analytical360/sclabs/psilabs via Terpene-Profile-Parser)|The Cannabis API (Piyush-Bhor)|WA I-502 state lab tests (dolthub/cannabis-testing-wa),0.65
purple rhino,Purple Rhino,,hybrid,,,berry|skunk|sweet,berry|skunk|sweet,,thc,WA flower lots test around 21% THC on average.,,,"Purple Rhino is a hybrid with flavors of berry, skunk, sweet.",Kushy cannabis-dataset|Lab terpene assays (analytical360/sclabs/psilabs via Terpene-Profile-Parser)|The Cannabis API (Piyush-Bhor)|WA I-502 state lab tests (dolthub/cannabis-testing-wa),0.65
purple skunk,Purple Skunk,,hybrid,,,earthy|pungent|skunk,earthy|pungent|skunk,,thc,WA flower lots test around 20% THC on average.,,Dutch Passion Seed Company,"Purple Skunk is a hybrid with flavors of earthy, pungent, skunk.",Kushy cannabis-dataset|The Cannabis API (Piyush-Bhor)|WA I-502 state lab tests (dolthub/cannabis-testing-wa),0.65
purple star,Purple Star,,indica,,,berry|citrus|grape,berry|citrus|grape|herbal|pine|spicy,,thc,WA flower lots test around 18% THC on average.,,Dutch Passion Seed Company,"Purple Star is an indica with flavors of berry, citrus, grape.",Kushy cannabis-dataset|The Cannabis API (Piyush-Bhor)|WA I-502 state lab tests (dolthub/cannabis-testing-wa),0.65
purple tangie,Purple Tangie,,sativa,,,citrus|lemon|orange,citrus|lemon|orange|sweet|tropical,,thc,WA flower lots test around 20% THC on average.,,,"Purple Tangie is a sativa with flavors of citrus, lemon, orange.",Kushy cannabis-dataset|Lab terpene assays (analytical360/sclabs/psilabs via Terpene-Profile-Parser)|The Cannabis API (Piyush-Bhor)|WA I-502 state lab tests (dolthub/cannabis-testing-wa),0.65
purple thai,Purple Thai,,sativa,,,citrus|earthy|sweet,citrus|earthy|sweet,,thc,WA flower lots test around 15% THC on average.,,DJ Short,"Purple Thai is a sativa with flavors of citrus, earthy, sweet.",Kushy cannabis-dataset|Lab terpene assays (analytical360/sclabs/psilabs via Terpene-Profile-Parser)|The Cannabis API (Piyush-Bhor)|WA I-502 state lab tests (dolthub/cannabis-testing-wa),0.65
purple voodoo,Purple Voodoo,,hybrid,,,earthy|sweet|woody,earthy|sweet|woody,,thc,,,,"Purple Voodoo is a hybrid with flavors of earthy, sweet, woody.",Kushy cannabis-dataset|Lab terpene assays (analytical360/sclabs/psilabs via Terpene-Profile-Parser)|The Cannabis API (Piyush-Bhor),0.65
purple widow,Purple Widow,,hybrid,,,earthy|sweet|woody,earthy|sweet|woody,,thc,WA flower lots test around 15% THC on average.,,Effettoserra,"Purple Widow is a hybrid with flavors of earthy, sweet, woody.",Kushy cannabis-dataset|Lab terpene assays (analytical360/sclabs/psilabs via Terpene-Profile-Parser)|The Cannabis API (Piyush-Bhor)|WA I-502 state lab tests (dolthub/cannabis-testing-wa),0.65
purple wreck,Purple Wreck,,indica,,,berry|grape|sweet,berry|grape|sweet,,thc,WA flower lots test around 18% THC on average.,,Reserva Privada,"Purple Wreck is an indica with flavors of berry, grape, sweet.",Kushy cannabis-dataset|Lab terpene assays (analytical360/sclabs/psilabs via Terpene-Profile-Parser)|The Cannabis API (Piyush-Bhor)|WA I-502 state lab tests (dolthub/cannabis-testing-wa),0.65
purple-aurora,Purple-aurora,,hybrid,,,berry|blueberry|grape,berry|blueberry|grape,,thc,,,AK Built,"Purple-aurora is a hybrid with flavors of berry, blueberry, grape.",Kushy cannabis-dataset|The Cannabis API (Piyush-Bhor),0.65
purple-buddha,Purple-buddha,,indica,,,berry|grape|floral,berry|grape|floral|sweet,,thc,,,BC Bud Depot,"Purple-buddha is an indica with flavors of berry, grape, floral.",Kushy cannabis-dataset|The Cannabis API (Piyush-Bhor),0.65
purple-bush,Purple-bush,,indica,,,berry|grape|sweet,berry|grape|sweet,,thc,,,,"Purple-bush is an indica with flavors of berry, grape, sweet.",Kushy cannabis-dataset|The Cannabis API (Piyush-Bhor),0.65
purple-cotton-candy,Purple-cotton-candy,,indica,,,berry|earthy|sweet,berry|earthy|sweet,,thc,,,,"Purple-cotton-candy is an indica with flavors of berry, earthy, sweet.",Kushy cannabis-dataset|The Cannabis API (Piyush-Bhor),0.65
purple-cow,Purple-cow,,sativa,,,berry|floral|mango,berry|floral|mango|sweet,,thc,,,,"Purple-cow is a sativa with flavors of berry, floral, mango.",Kushy cannabis-dataset|The Cannabis API (Piyush-Bhor),0.65
purple-goat,Purple-goat,,hybrid,,,berry|earthy|sweet,berry|earthy|sweet,,thc,,,,"Purple-goat is a hybrid with flavors of berry, earthy, sweet.",The Cannabis API (Piyush-Bhor),0.65
purple-gorilla,Purple-gorilla,,hybrid,,,earthy|grape|sweet,earthy|grape|sweet,,thc,,,,"Purple-gorilla is a hybrid with flavors of earthy, grape, sweet.",Kushy cannabis-dataset|The Cannabis API (Piyush-Bhor),0.65
purple-hashplant,Purple-hashplant,,hybrid,,,earthy|floral|sweet,earthy|floral|sweet,,thc,,,,"Purple-hashplant is a hybrid with flavors of earthy, floral, sweet.",Kushy cannabis-dataset|The Cannabis API (Piyush-Bhor),0.65
purple-hindu-kush,Purple-hindu-kush,,indica,,,berry|earthy|sweet,berry|earthy|sweet,,thc,,,,"Purple-hindu-kush is an indica with flavors of berry, earthy, sweet.",Kushy cannabis-dataset|The Cannabis API (Piyush-Bhor),0.65
purple-monkey-balls,Purple-monkey-balls,,indica,,,earthy|grape|sweet,earthy|grape|sweet,,thc,,,,"Purple-monkey-balls is an indica with flavors of earthy, grape, sweet.",Kushy cannabis-dataset|The Cannabis API (Piyush-Bhor),0.65
purple-sage,Purple-sage,,hybrid,,,earthy|herbal|sweet,earthy|herbal|sweet,,thc,,,,"Purple-sage is a hybrid with flavors of earthy, herbal, sweet.",The Cannabis API (Piyush-Bhor),0.65
purple-swish,Purple-swish,,indica,,,berry|grape|sweet,berry|grape|sweet,,thc,,,Rare Dankness Seeds,"Purple-swish is an indica with flavors of berry, grape, sweet.",Kushy cannabis-dataset|The Cannabis API (Piyush-Bhor),0.65
purple-tears,Purple-tears,,hybrid,,,berry|diesel|sweet,berry|diesel|sweet,,thc,,,,"Purple-tears is a hybrid with flavors of berry, diesel, sweet.",The Cannabis API (Piyush-Bhor),0.65
purple-tonic,Purple-tonic,,indica,,,blueberry|nutty,blueberry|nutty,,thc,,,Purple Caper Seeds,"Purple-tonic is an indica with flavors of blueberry, nutty.",Kushy cannabis-dataset|The Cannabis API (Piyush-Bhor),0.65
purps,Purps,,hybrid,,myrcene,earthy|musky|herbal|pine,,myrcene|pinene|caryophyllene,thc,,,,Purps is a hybrid with Myrcene-forward terpene profile.,Lab terpene assays (analytical360/sclabs/psilabs via Terpene-Profile-Parser),0.65
qleaner,Qleaner,,hybrid,,,diesel|citrus|tropical,diesel|citrus|tropical,,thc,WA flower lots test around 16% THC on average.,,TGA Seeds,"Qleaner is a hybrid with flavors of diesel, citrus, tropical.",Kushy cannabis-dataset|Lab terpene assays (analytical360/sclabs/psilabs via Terpene-Profile-Parser)|The Cannabis API (Piyush-Bhor)|WA I-502 state lab tests (dolthub/cannabis-testing-wa),0.65
quebec-gold,Quebec-gold,,hybrid,,,citrus|pungent|skunk,citrus|pungent|skunk,,thc,,,,"Quebec-gold is a hybrid with flavors of citrus, pungent, skunk.",The Cannabis API (Piyush-Bhor),0.65
queens-panties,Queens-panties,,hybrid,,,citrus|lemon|sweet,citrus|lemon|sweet,,thc,,,,"Queens-panties is a hybrid with flavors of citrus, lemon, sweet.",The Cannabis API (Piyush-Bhor),0.65
queso,Queso,,hybrid,,,cheese|earthy|skunk,cheese|earthy|skunk,,thc,,,,"Queso is a hybrid with flavors of cheese, earthy, skunk.",The Cannabis API (Piyush-Bhor),0.65
quin n tonic,Quin N Tonic,,indica,,,blueberry|pungent|sweet,blueberry|pungent|sweet,,thc,WA flower lots test around 14% THC on average.,,The Bionosphere,"Quin N Tonic is an indica with flavors of blueberry, pungent, sweet.",Kushy cannabis-dataset|The Cannabis API (Piyush-Bhor)|WA I-502 state lab tests (dolthub/cannabis-testing-wa),0.65
qush,Qush,,indica,,,citrus|floral|pungent,citrus|floral|pungent,,thc,WA flower lots test around 14% THC on average.,,TGA Seeds,"Qush is an indica with flavors of citrus, floral, pungent.",Kushy cannabis-dataset|Lab terpene assays (analytical360/sclabs/psilabs via Terpene-Profile-Parser)|The Cannabis API (Piyush-Bhor)|WA I-502 state lab tests (dolthub/cannabis-testing-wa),0.65
r 4,R 4,,hybrid,,,earthy|herbal|nutty,earthy|herbal|nutty|spicy,,thc,WA flower lots test around 22% THC on average.,,,"R 4 is a hybrid with flavors of earthy, herbal, nutty.",The Cannabis API (Piyush-Bhor)|WA I-502 state lab tests (dolthub/cannabis-testing-wa),0.65
race-fuel-og,Race-fuel-og,,hybrid,,,diesel|pine|pungent,diesel|pine|pungent,,thc,,,,"Race-fuel-og is a hybrid with flavors of diesel, pine, pungent.",The Cannabis API (Piyush-Bhor),0.65
rainbow,Rainbow,,hybrid,,,citrus|orange|sweet,citrus|orange|sweet,,thc,WA flower lots test around 19% THC on average.,,,"Rainbow is a hybrid with flavors of citrus, orange, sweet.",Lab terpene assays (analytical360/sclabs/psilabs via Terpene-Profile-Parser)|The Cannabis API (Piyush-Bhor)|WA I-502 state lab tests (dolthub/cannabis-testing-wa),0.65
rainbow jones,Rainbow Jones,,indica,,,diesel|earthy|grape,diesel|earthy|grape|sweet,,thc,WA flower lots test around 25% THC on average.,,,"Rainbow Jones is an indica with flavors of diesel, earthy, grape.",Kushy cannabis-dataset|The Cannabis API (Piyush-Bhor)|WA I-502 state lab tests (dolthub/cannabis-testing-wa),0.65
raindance,Raindance,,hybrid,,,floral|citrus|tropical,floral|citrus|tropical,,thc,,,,"Raindance is a hybrid with flavors of floral, citrus, tropical.",The Cannabis API (Piyush-Bhor),0.65
rare dankness 1,Rare Dankness 1,,indica,,,berry|earthy|grape,berry|earthy|grape|pungent,,thc,WA flower lots test around 22% THC on average.,,Rare Dankness Seeds,"Rare Dankness 1 is an indica with flavors of berry, earthy, grape.",Kushy cannabis-dataset|The Cannabis API (Piyush-Bhor)|WA I-502 state lab tests (dolthub/cannabis-testing-wa),0.65
rare darkness,Rare Darkness,,indica,,,citrus|grape|sweet,citrus|grape|sweet,,thc,WA flower lots test around 24% THC on average.,,Rare Dankness Seeds,"Rare Darkness is an indica with flavors of citrus, grape, sweet.",Kushy cannabis-dataset|Lab terpene assays (analytical360/sclabs/psilabs via Terpene-Profile-Parser)|The Cannabis API (Piyush-Bhor)|WA I-502 state lab tests (dolthub/cannabis-testing-wa),0.65
raspberry cough,Raspberry Cough,,sativa,,,berry|earthy|sweet,berry|earthy|sweet,,thc,WA flower lots test around 21% THC on average.,,Nirvana,"Raspberry Cough is a sativa with flavors of berry, earthy, sweet.",Kushy cannabis-dataset|The Cannabis API (Piyush-Bhor)|WA I-502 state lab tests (dolthub/cannabis-testing-wa),0.65
raspberry kush,Raspberry Kush,,indica,,,berry|floral|sweet,berry|floral|sweet,,thc,WA flower lots test around 19% THC on average.,,,"Raspberry Kush is an indica with flavors of berry, floral, sweet.",Kushy cannabis-dataset|Lab terpene assays (analytical360/sclabs/psilabs via Terpene-Profile-Parser)|The Cannabis API (Piyush-Bhor)|WA I-502 state lab tests (dolthub/cannabis-testing-wa),0.65
raw clear,Raw Clear,,hybrid,,humulene,hoppy|earthy|woody,,humulene,thc,,,,Raw Clear is a hybrid with Humulene-forward terpene profile.,Lab terpene assays (analytical360/sclabs/psilabs via Terpene-Profile-Parser),0.65
raw diesel,Raw Diesel,,hybrid,,,citrus|diesel|earthy,citrus|diesel|earthy,,thc,WA flower lots test around 10% THC on average.,,,"Raw Diesel is a hybrid with flavors of citrus, diesel, earthy.",Lab terpene assays (analytical360/sclabs/psilabs via Terpene-Profile-Parser)|The Cannabis API (Piyush-Bhor)|WA I-502 state lab tests (dolthub/cannabis-testing-wa),0.65
ray-charles,Ray-charles,,indica,,,diesel|earthy|sweet,diesel|earthy|sweet,,thc,,,,"Ray-charles is an indica with flavors of diesel, earthy, sweet.",Kushy cannabis-dataset|The Cannabis API (Piyush-Bhor),0.65
rebel-berry-og,Rebel-berry-og,,hybrid,,,blueberry|cheese|vanilla,blueberry|cheese|vanilla,,thc,,,,"Rebel-berry-og is a hybrid with flavors of blueberry, cheese, vanilla.",The Cannabis API (Piyush-Bhor),0.65
reclining-buddha,Reclining-buddha,,indica,,,citrus|earthy|floral,citrus|earthy|floral|pungent,,thc,,,,"Reclining-buddha is an indica with flavors of citrus, earthy, floral.",Kushy cannabis-dataset|The Cannabis API (Piyush-Bhor),0.65
recon,Recon,,indica,,,berry|herbal|spicy,berry|herbal|spicy|sweet,,thc,WA flower lots test around 18% THC on average.,,DNA Genetics,"Recon is an indica with flavors of berry, herbal, spicy.",Kushy cannabis-dataset|Lab terpene assays (analytical360/sclabs/psilabs via Terpene-Profile-Parser)|The Cannabis API (Piyush-Bhor)|WA I-502 state lab tests (dolthub/cannabis-testing-wa),0.65
red congolese,Red Congolese,,sativa,,,earthy|herbal|spicy,earthy|herbal|spicy|sweet,,thc,WA flower lots test around 25% THC on average.,,Reeferman Seeds,"Red Congolese is a sativa with flavors of earthy, herbal, spicy.",Kushy cannabis-dataset|The Cannabis API (Piyush-Bhor)|WA I-502 state lab tests (dolthub/cannabis-testing-wa),0.65
red diesel,Red Diesel,,hybrid,,,citrus|diesel|woody,citrus|diesel|woody,,thc,WA flower lots test around 21% THC on average.,,,"Red Diesel is a hybrid with flavors of citrus, diesel, woody.",Lab terpene assays (analytical360/sclabs/psilabs via Terpene-Profile-Parser)|The Cannabis API (Piyush-Bhor)|WA I-502 state lab tests (dolthub/cannabis-testing-wa),0.65
red headed stranger,Red Headed Stranger,,sativa,,,citrus|earthy|herbal,citrus|earthy|herbal|spicy|sweet,,thc,WA flower lots test around 22% THC on average.,,,"Red Headed Stranger is a sativa with flavors of citrus, earthy, herbal.",Kushy cannabis-dataset|The Cannabis API (Piyush-Bhor)|WA I-502 state lab tests (dolthub/cannabis-testing-wa),0.65
red poison,Red Poison,,hybrid,,,citrus|earthy|woody,citrus|earthy|woody,,thc,WA flower lots test around 10% THC on average.,,Sweet Seeds,"Red Poison is a hybrid with flavors of citrus, earthy, woody.",Kushy cannabis-dataset|The Cannabis API (Piyush-Bhor)|WA I-502 state lab tests (dolthub/cannabis-testing-wa),0.65
red-cherry-berry,Red-cherry-berry,,hybrid,,,berry|earthy|sweet,berry|earthy|sweet,,thc,,,,"Red-cherry-berry is a hybrid with flavors of berry, earthy, sweet.",The Cannabis API (Piyush-Bhor),0.65
red-dwarf,Red-dwarf,,indica,,,earthy|floral|skunk,earthy|floral|skunk,,thc,,,Buddha Seeds,"Red-dwarf is an indica with flavors of earthy, floral, skunk.",Kushy cannabis-dataset|The Cannabis API (Piyush-Bhor),0.65
red-eye-og,Red-eye-og,,indica,,,earthy|pine|pungent,earthy|pine|pungent|sweet,,thc,,,,"Red-eye-og is an indica with flavors of earthy, pine, pungent.",Kushy cannabis-dataset|The Cannabis API (Piyush-Bhor),0.65
red-haze,Red-haze,,sativa,,,earthy|pine|sweet,earthy|pine|sweet|woody,,thc,,,,"Red-haze is a sativa with flavors of earthy, pine, sweet.",Kushy cannabis-dataset|The Cannabis API (Piyush-Bhor),0.65
red-widow,Red-widow,,hybrid,,,creamy|skunk|tropical,creamy|skunk|tropical,,thc,,,,"Red-widow is a hybrid with flavors of creamy, skunk, tropical.",Kushy cannabis-dataset|The Cannabis API (Piyush-Bhor),0.65
redwood kush,Redwood Kush,,indica,,,earthy|pine|woody,earthy|pine|woody,,thc,WA flower lots test around 11% THC on average.,,,"Redwood Kush is an indica with flavors of earthy, pine, woody.",Kushy cannabis-dataset|The Cannabis API (Piyush-Bhor)|WA I-502 state lab tests (dolthub/cannabis-testing-wa),0.65
remo-chemo,Remo-chemo,,hybrid,,,herbal|peppery|pungent,herbal|peppery|pungent|spicy,,thc,,,,"Remo-chemo is a hybrid with flavors of herbal, peppery, pungent.",The Cannabis API (Piyush-Bhor),0.65
rene,Rene,,hybrid,,,earthy|pine|sweet,earthy|pine|sweet,,thc,WA flower lots test around 20% THC on average.,,,"Rene is a hybrid with flavors of earthy, pine, sweet.",Kushy cannabis-dataset|The Cannabis API (Piyush-Bhor)|WA I-502 state lab tests (dolthub/cannabis-testing-wa),0.65
rene-mist,Rene-mist,,hybrid,,,earthy|floral,earthy|floral,,thc,,,,"Rene-mist is a hybrid with flavors of earthy, floral.",The Cannabis API (Piyush-Bhor),0.65
richie-rich,Richie-rich,,hybrid,,,lemon|sweet|tropical,lemon|sweet|tropical,,thc,,,,"Richie-rich is a hybrid with flavors of lemon, sweet, tropical.",Kushy cannabis-dataset|The Cannabis API (Piyush-Bhor),0.65
riddler-og,Riddler-og,,hybrid,,,earthy|floral|pungent,earthy|floral|pungent,,thc,,,,"Riddler-og is a hybrid with flavors of earthy, floral, pungent.",The Cannabis API (Piyush-Bhor),0.65
rip city purps,Rip City Purps,,indica,,,floral|grape|herbal,floral|grape|herbal,,thc,WA flower lots test around 18% THC on average.,,,"Rip City Purps is an indica with flavors of floral, grape, herbal.",Kushy cannabis-dataset|The Cannabis API (Piyush-Bhor)|WA I-502 state lab tests (dolthub/cannabis-testing-wa),0.65
rob-ford-kush,Rob-ford-kush,,hybrid,,,herbal|lemon|spicy,herbal|lemon|spicy|sweet,,thc,,,,"Rob-ford-kush is a hybrid with flavors of herbal, lemon, spicy.",The Cannabis API (Piyush-Bhor),0.65
robert-plant,Robert-plant,,sativa,,,blueberry|honey|sweet,blueberry|honey|sweet,,thc,,,,"Robert-plant is a sativa with flavors of blueberry, honey, sweet.",Kushy cannabis-dataset|The Cannabis API (Piyush-Bhor),0.65
rockbud,Rockbud,,indica,,,floral|pungent|skunk,floral|pungent|skunk,,thc,WA flower lots test around 25% THC on average.,,,"Rockbud is an indica with flavors of floral, pungent, skunk.",Kushy cannabis-dataset|The Cannabis API (Piyush-Bhor)|WA I-502 state lab tests (dolthub/cannabis-testing-wa),0.65
rocklock,Rocklock,,indica,,,earthy|pungent|sweet,earthy|pungent|sweet,,thc,WA flower lots test around 16% THC on average.,,DNA Genetics,"Rocklock is an indica with flavors of earthy, pungent, sweet.",Kushy cannabis-dataset|The Cannabis API (Piyush-Bhor)|WA I-502 state lab tests (dolthub/cannabis-testing-wa),0.65
rockstar,Rockstar,,indica,,,earthy|pungent|sweet,earthy|pungent|sweet,,thc,WA flower lots test around 18% THC on average.,,DNA Genetics,"Rockstar is an indica with flavors of earthy, pungent, sweet.",Kushy cannabis-dataset|The Cannabis API (Piyush-Bhor)|WA I-502 state lab tests (dolthub/cannabis-testing-wa),0.65
rockstar-kush,Rockstar-kush,,indica,,,earthy|pungent|skunk,earthy|pungent|skunk,,thc,,,,"Rockstar-kush is an indica with flavors of earthy, pungent, skunk.",Kushy cannabis-dataset|The Cannabis API (Piyush-Bhor),0.65
rockstar-master-kush,Rockstar-master-kush,,indica,,,berry|earthy|pine,berry|earthy|pine|sweet,,thc,,,,"Rockstar-master-kush is an indica with flavors of berry, earthy, pine.",Kushy cannabis-dataset|The Cannabis API (Piyush-Bhor),0.65
rocky mountain blueberry,Rocky Mountain Blueberry,,indica,,,berry|blueberry|sweet,berry|blueberry|sweet,,thc,WA flower lots test around 21% THC on average.,,,"Rocky Mountain Blueberry is an indica with flavors of berry, blueberry, sweet.",Kushy cannabis-dataset|The Cannabis API (Piyush-Bhor)|WA I-502 state lab tests (dolthub/cannabis-testing-wa),0.65
rocky-dennis,Rocky-dennis,,hybrid,,,citrus|diesel|earthy,citrus|diesel|earthy,,thc,,,,"Rocky-dennis is a hybrid with flavors of citrus, diesel, earthy.",The Cannabis API (Piyush-Bhor),0.65
rocky-mountain-high,Rocky-mountain-high,,hybrid,,,citrus|earthy|skunk,citrus|earthy|skunk,,thc,,,Taylored Genetics,"Rocky-mountain-high is a hybrid with flavors of citrus, earthy, skunk.",Kushy cannabis-dataset|The Cannabis API (Piyush-Bhor),0.65
rollex og kush,Rollex Og Kush,,indica,,,pungent|diesel|earthy,pungent|diesel|earthy|pine,,thc,WA flower lots test around 21% THC on average.,,The Devils Harvest,"Rollex Og Kush is an indica with flavors of pungent, diesel, earthy.",Kushy cannabis-dataset|The Cannabis API (Piyush-Bhor)|WA I-502 state lab tests (dolthub/cannabis-testing-wa),0.65
rolls-choice,Rolls-choice,,hybrid,,,diesel|earthy,diesel|earthy,,thc,,,,"Rolls-choice is a hybrid with flavors of diesel, earthy.",The Cannabis API (Piyush-Bhor),0.65
romping-goddess,Romping-goddess,,hybrid,,,earthy|pine,earthy|pine,,thc,,,,"Romping-goddess is a hybrid with flavors of earthy, pine.",Kushy cannabis-dataset|The Cannabis API (Piyush-Bhor),0.65
romulan haze,Romulan Haze,,hybrid,,,citrus|pungent|sweet,citrus|pungent|sweet,,thc,WA flower lots test around 15% THC on average.,,Next Generation Seeds,"Romulan Haze is a hybrid with flavors of citrus, pungent, sweet.",Kushy cannabis-dataset|Lab terpene assays (analytical360/sclabs/psilabs via Terpene-Profile-Parser)|The Cannabis API (Piyush-Bhor)|WA I-502 state lab tests (dolthub/cannabis-testing-wa),0.65
romulan-grapefruit,Romulan-grapefruit,,hybrid,,,citrus|sweet,citrus|sweet,,thc,,,Next Generation Seeds,"Romulan-grapefruit is a hybrid with flavors of citrus, sweet.",Kushy cannabis-dataset|The Cannabis API (Piyush-Bhor),0.65
root beer kush,Root Beer Kush,,sativa,,,pungent|sweet|vanilla,pungent|sweet|vanilla,,thc,WA flower lots test around 18% THC on average.,,,"Root Beer Kush is a sativa with flavors of pungent, sweet, vanilla.",Kushy cannabis-dataset|The Cannabis API (Piyush-Bhor)|WA I-502 state lab tests (dolthub/cannabis-testing-wa),0.65
rose-bud,Rose-bud,,indica,,,floral|sweet,floral|sweet,,thc,,,,"Rose-bud is an indica with flavors of floral, sweet.",Kushy cannabis-dataset|The Cannabis API (Piyush-Bhor),0.65
royal chem,Royal Chem,,hybrid,,pinene,pine|fresh|hoppy|earthy,,pinene|humulene|myrcene,thc,,,,Royal Chem is a hybrid with Pinene-forward terpene profile.,Lab terpene assays (analytical360/sclabs/psilabs via Terpene-Profile-Parser),0.65
royal dwarf,Royal Dwarf,,hybrid,,,honey|lemon|skunk,honey|lemon|skunk,,thc,WA flower lots test around 14% THC on average.,,Royal Queen,"Royal Dwarf is a hybrid with flavors of honey, lemon, skunk.",Kushy cannabis-dataset|The Cannabis API (Piyush-Bhor)|WA I-502 state lab tests (dolthub/cannabis-testing-wa),0.65
royal haze,Royal Haze,,sativa,,,citrus|earthy|skunk,citrus|earthy|skunk|tropical,,thc,WA flower lots test around 15% THC on average.,,Dinafem Seeds,"Royal Haze is a sativa with flavors of citrus, earthy, skunk.",Kushy cannabis-dataset|The Cannabis API (Piyush-Bhor)|WA I-502 state lab tests (dolthub/cannabis-testing-wa),0.65
royal highness,Royal Highness,,hybrid,,,cheese|earthy|floral,cheese|earthy|floral,,thc,,,Royal Queen,"Royal Highness is a hybrid with flavors of cheese, earthy, floral.",Kushy cannabis-dataset|Lab terpene assays (analytical360/sclabs/psilabs via Terpene-Profile-Parser)|The Cannabis API (Piyush-Bhor),0.65
royal-chemdawg,Royal-chemdawg,,hybrid,,,citrus|diesel|strawberry,citrus|diesel|strawberry,,thc,,,,"Royal-chemdawg is a hybrid with flavors of citrus, diesel, strawberry.",Kushy cannabis-dataset|The Cannabis API (Piyush-Bhor),0.65
royal-tree-sherbet,Royal-tree-sherbet,,hybrid,,,berry|sweet|tropical,berry|sweet|tropical,,thc,,,,"Royal-tree-sherbet is a hybrid with flavors of berry, sweet, tropical.",The Cannabis API (Piyush-Bhor),0.65
rso,Rso,,hybrid,,pinene,pine|fresh|hoppy|earthy,,pinene|humulene|caryophyllene,thc,,,,Rso is a hybrid with Pinene-forward terpene profile.,Lab terpene assays (analytical360/sclabs/psilabs via Terpene-Profile-Parser),0.65
rubicon,Rubicon,,hybrid,,,earthy|citrus|pungent,earthy|citrus|pungent,,thc,,,,"Rubicon is a hybrid with flavors of earthy, citrus, pungent.",The Cannabis API (Piyush-Bhor),0.65
rudeboi og,Rudeboi Og,,hybrid,,,earthy|floral|pine,earthy|floral|pine,,thc,WA flower lots test around 21% THC on average.,,Archive Seed Bank,"Rudeboi Og is a hybrid with flavors of earthy, floral, pine.",Kushy cannabis-dataset|The Cannabis API (Piyush-Bhor)|WA I-502 state lab tests (dolthub/cannabis-testing-wa),0.65
rug burn og,Rug Burn Og,,hybrid,,,citrus|herbal|pungent,citrus|herbal|pungent|spicy,,thc,WA flower lots test around 25% THC on average.,,Rare Dankness Seeds,"Rug Burn Og is a hybrid with flavors of citrus, herbal, pungent.",Kushy cannabis-dataset|The Cannabis API (Piyush-Bhor)|WA I-502 state lab tests (dolthub/cannabis-testing-wa),0.65
russian-assassin,Russian-assassin,,indica,,,pungent|diesel|skunk,pungent|diesel|skunk,,thc,,,,"Russian-assassin is an indica with flavors of pungent, diesel, skunk.",Kushy cannabis-dataset|The Cannabis API (Piyush-Bhor),0.65
russian-rocket-fuel,Russian-rocket-fuel,,hybrid,,,diesel|herbal|mint,diesel|herbal|mint|spicy,,thc,,,Short Stuff,"Russian-rocket-fuel is a hybrid with flavors of diesel, herbal, mint.",Kushy cannabis-dataset|The Cannabis API (Piyush-Bhor),0.65
sage & sour,Sage & Sour,,hybrid,,caryophyllene,hoppy|earthy|woody|peppery,,caryophyllene|humulene,thc,,,,Sage & Sour is a hybrid with Caryophyllene-forward terpene profile.,Lab terpene assays (analytical360/sclabs/psilabs via Terpene-Profile-Parser),0.65
salmon river og,Salmon River Og,,indica,,,earthy|herbal|pungent,earthy|herbal|pungent|spicy|woody,,thc,WA flower lots test around 18% THC on average.,,Dynasty Seeds,"Salmon River Og is an indica with flavors of earthy, herbal, pungent.",Kushy cannabis-dataset|Lab terpene assays (analytical360/sclabs/psilabs via Terpene-Profile-Parser)|The Cannabis API (Piyush-Bhor)|WA I-502 state lab tests (dolthub/cannabis-testing-wa),0.65
santa-maria,Santa-maria,,sativa,,,earthy|sweet|woody,earthy|sweet|woody,,thc,,,,"Santa-maria is a sativa with flavors of earthy, sweet, woody.",Kushy cannabis-dataset|The Cannabis API (Piyush-Bhor),0.65
santa-sativa,Santa-sativa,,sativa,,,berry|blueberry|floral,berry|blueberry|floral|peppery,,thc,,,,"Santa-sativa is a sativa with flavors of berry, blueberry, floral.",Kushy cannabis-dataset|The Cannabis API (Piyush-Bhor),0.65
sapphire scout,Sapphire Scout,,hybrid,,,berry|blueberry|sweet,berry|blueberry|sweet,,thc,WA flower lots test around 19% THC on average.,,Humboldt Seed Organisation,"Sapphire Scout is a hybrid with flavors of berry, blueberry, sweet.",Kushy cannabis-dataset|Lab terpene assays (analytical360/sclabs/psilabs via Terpene-Profile-Parser)|The Cannabis API (Piyush-Bhor)|WA I-502 state lab tests (dolthub/cannabis-testing-wa),0.65
sapphire-star,Sapphire-star,,hybrid,,,citrus|lemon|sweet,citrus|lemon|sweet,,thc,,,Jordan of the Islands,"Sapphire-star is a hybrid with flavors of citrus, lemon, sweet.",Kushy cannabis-dataset|The Cannabis API (Piyush-Bhor),0.65
sasquatch sap,Sasquatch Sap,,hybrid,,,coffee|diesel|earthy,coffee|diesel|earthy,,thc,WA flower lots test around 18% THC on average.,,,"Sasquatch Sap is a hybrid with flavors of coffee, diesel, earthy.",The Cannabis API (Piyush-Bhor)|WA I-502 state lab tests (dolthub/cannabis-testing-wa),0.65
satellite-og,Satellite-og,,indica,,,berry|earthy|pungent,berry|earthy|pungent|woody,,thc,,,Satellite,"Satellite-og is an indica with flavors of berry, earthy, pungent.",Kushy cannabis-dataset|The Cannabis API (Piyush-Bhor),0.65
satori,Satori,,hybrid,,,earthy|mango|pine,earthy|mango|pine,,thc,WA flower lots test around 15% THC on average.,,Mandala Seeds,"Satori is a hybrid with flavors of earthy, mango, pine.",Kushy cannabis-dataset|Lab terpene assays (analytical360/sclabs/psilabs via Terpene-Profile-Parser)|The Cannabis API (Piyush-Bhor)|WA I-502 state lab tests (dolthub/cannabis-testing-wa),0.65
saturn-og,Saturn-og,,hybrid,,,earthy|sweet,earthy|sweet,,thc,,,,"Saturn-og is a hybrid with flavors of earthy, sweet.",Kushy cannabis-dataset|The Cannabis API (Piyush-Bhor),0.65
savage-citrus-sunshine,Savage-citrus-sunshine,,hybrid,,,citrus|earthy,citrus|earthy,,thc,,,,"Savage-citrus-sunshine is a hybrid with flavors of citrus, earthy.",The Cannabis API (Piyush-Bhor),0.65
savants-grail,Savants-grail,,hybrid,,,earthy|floral|sweet,earthy|floral|sweet,,thc,,,,"Savants-grail is a hybrid with flavors of earthy, floral, sweet.",The Cannabis API (Piyush-Bhor),0.65
scooby snack,Scooby Snack,,hybrid,,,earthy|pungent|woody,earthy|pungent|woody,,thc,WA flower lots test around 20% THC on average.,,,"Scooby Snack is a hybrid with flavors of earthy, pungent, woody.",The Cannabis API (Piyush-Bhor)|WA I-502 state lab tests (dolthub/cannabis-testing-wa),0.65
scotts og,Scotts Og,,hybrid,,,lemon|pine|woody,lemon|pine|woody,,thc,WA flower lots test around 20% THC on average.,,,"Scotts Og is a hybrid with flavors of lemon, pine, woody.",The Cannabis API (Piyush-Bhor)|WA I-502 state lab tests (dolthub/cannabis-testing-wa),0.65
scouts-honor,Scouts-honor,,hybrid,,,floral|sweet|tropical,floral|sweet|tropical,,thc,,,Dungeons Vault Genetics,"Scouts-honor is a hybrid with flavors of floral, sweet, tropical.",Kushy cannabis-dataset|The Cannabis API (Piyush-Bhor),0.65
seattle blue,Seattle Blue,,indica,,,blueberry|pungent|sweet,blueberry|pungent|sweet,,thc,,,,"Seattle Blue is an indica with flavors of blueberry, pungent, sweet.",Kushy cannabis-dataset|Lab terpene assays (analytical360/sclabs/psilabs via Terpene-Profile-Parser)|The Cannabis API (Piyush-Bhor),0.65
seattle cough,Seattle Cough,,sativa,,,citrus|pine,citrus|pine,,thc,WA flower lots test around 18% THC on average.,,,"Seattle Cough is a sativa with flavors of citrus, pine.",Kushy cannabis-dataset|The Cannabis API (Piyush-Bhor)|WA I-502 state lab tests (dolthub/cannabis-testing-wa),0.65
secret-garden-og,Secret-garden-og,,indica,,,floral|honey,floral|honey,,thc,,,,"Secret-garden-og is an indica with flavors of floral, honey.",Kushy cannabis-dataset|The Cannabis API (Piyush-Bhor),0.65
sensi skunk,Sensi Skunk,,indica,,,citrus|earthy|lemon,citrus|earthy|lemon|skunk,,thc,,,Sensi Seeds,"Sensi Skunk is an indica with flavors of citrus, earthy, lemon.",Kushy cannabis-dataset|Lab terpene assays (analytical360/sclabs/psilabs via Terpene-Profile-Parser)|The Cannabis API (Piyush-Bhor),0.65
sequoia-strawberry,Sequoia-strawberry,,sativa,,,berry|pine|strawberry,berry|pine|strawberry|sweet,,thc,,,Sin City Seeds,"Sequoia-strawberry is a sativa with flavors of berry, pine, strawberry.",Kushy cannabis-dataset|The Cannabis API (Piyush-Bhor),0.65
serious-6,Serious-6,,sativa,,,citrus|herbal|lemon,citrus|herbal|lemon|spicy,,thc,,,Serious Seeds,"Serious-6 is a sativa with flavors of citrus, herbal, lemon.",Kushy cannabis-dataset|The Cannabis API (Piyush-Bhor),0.65
serious-happiness,Serious-happiness,,hybrid,,,herbal|peppery|spicy,herbal|peppery|spicy|sweet,,thc,,,Serious Seeds,"Serious-happiness is a hybrid with flavors of herbal, peppery, spicy.",Kushy cannabis-dataset|The Cannabis API (Piyush-Bhor),0.65
sexxpot,Sexxpot,,indica,,,earthy|floral|pungent,earthy|floral|pungent|tropical,,thc,,,,"Sexxpot is an indica with flavors of earthy, floral, pungent.",Kushy cannabis-dataset|The Cannabis API (Piyush-Bhor),0.65
sfv og kush,Sfv Og Kush,,indica,,,citrus|earthy|lemon,citrus|earthy|lemon|pine|sweet,,thc,WA flower lots test around 23% THC on average.,,,"Sfv Og Kush is an indica with flavors of citrus, earthy, lemon.",Kushy cannabis-dataset|Lab terpene assays (analytical360/sclabs/psilabs via Terpene-Profile-Parser)|The Cannabis API (Piyush-Bhor)|WA I-502 state lab tests (dolthub/cannabis-testing-wa),0.65
sfv-dog,Sfv-dog,,hybrid,,,citrus|diesel|pine,citrus|diesel|pine,,thc,,,,"Sfv-dog is a hybrid with flavors of citrus, diesel, pine.",The Cannabis API (Piyush-Bhor),0.65
shaman,Shaman,,sativa,,,floral|lemon|sweet,floral|lemon|sweet,,thc,,,Dutch Passion Seed Company,"Shaman is a sativa with flavors of floral, lemon, sweet.",Kushy cannabis-dataset|The Cannabis API (Piyush-Bhor),0.65
shangri la,Shangri La,,hybrid,,,earthy|lemon|pungent,earthy|lemon|pungent,,thc,WA flower lots test around 19% THC on average.,,,"Shangri La is a hybrid with flavors of earthy, lemon, pungent.",Lab terpene assays (analytical360/sclabs/psilabs via Terpene-Profile-Parser)|The Cannabis API (Piyush-Bhor)|WA I-502 state lab tests (dolthub/cannabis-testing-wa),0.65
shark attack,Shark Attack,,indica,,,earthy|pungent|skunk,earthy|pungent|skunk,,thc,WA flower lots test around 18% THC on average.,,Dinafem Seeds,"Shark Attack is an indica with flavors of earthy, pungent, skunk.",Kushy cannabis-dataset|Lab terpene assays (analytical360/sclabs/psilabs via Terpene-Profile-Parser)|The Cannabis API (Piyush-Bhor)|WA I-502 state lab tests (dolthub/cannabis-testing-wa),0.65
shark bite,Shark Bite,,hybrid,,,pungent|sweet|tropical,pungent|sweet|tropical,,thc,WA flower lots test around 19% THC on average.,,Short Stuff,"Shark Bite is a hybrid with flavors of pungent, sweet, tropical.",Kushy cannabis-dataset|Lab terpene assays (analytical360/sclabs/psilabs via Terpene-Profile-Parser)|The Cannabis API (Piyush-Bhor)|WA I-502 state lab tests (dolthub/cannabis-testing-wa),0.65
sharks breath,Sharks Breath,,hybrid,,,earthy|pungent|sweet,earthy|pungent|sweet,,thc,WA flower lots test around 12% THC on average.,,DNA Genetics,"Sharks Breath is a hybrid with flavors of earthy, pungent, sweet.",Kushy cannabis-dataset|The Cannabis API (Piyush-Bhor)|WA I-502 state lab tests (dolthub/cannabis-testing-wa),0.65
shipwreck,Shipwreck,,sativa,,,earthy|pine|sweet,earthy|pine|sweet,,thc,,,,"Shipwreck is a sativa with flavors of earthy, pine, sweet.",Kushy cannabis-dataset|Lab terpene assays (analytical360/sclabs/psilabs via Terpene-Profile-Parser)|The Cannabis API (Piyush-Bhor),0.65
shishkaberry,Shishkaberry,,indica,,,berry|blueberry|earthy,berry|blueberry|earthy|sweet,,thc,WA flower lots test around 18% THC on average.,,,"Shishkaberry is an indica with flavors of berry, blueberry, earthy.",Kushy cannabis-dataset|Lab terpene assays (analytical360/sclabs/psilabs via Terpene-Profile-Parser)|The Cannabis API (Piyush-Bhor)|WA I-502 state lab tests (dolthub/cannabis-testing-wa),0.65
shiskaquine,Shiskaquine,,hybrid,,,berry|earthy|sweet,berry|earthy|sweet,,thc,,,,"Shiskaquine is a hybrid with flavors of berry, earthy, sweet.",The Cannabis API (Piyush-Bhor),0.65
shiva skunk,Shiva Skunk,,indica,,,earthy|pine|skunk,earthy|pine|skunk|sweet,,thc,WA flower lots test around 18% THC on average.,,Seed Bank,"Shiva Skunk is an indica with flavors of earthy, pine, skunk.",Kushy cannabis-dataset|Lab terpene assays (analytical360/sclabs/psilabs via Terpene-Profile-Parser)|The Cannabis API (Piyush-Bhor)|WA I-502 state lab tests (dolthub/cannabis-testing-wa),0.65
shoreline,Shoreline,,hybrid,,,herbal|skunk|spicy,herbal|skunk|spicy|sweet,,thc,,,The Devils Harvest,"Shoreline is a hybrid with flavors of herbal, skunk, spicy.",Kushy cannabis-dataset|The Cannabis API (Piyush-Bhor),0.65
shurman 7,Shurman 7,,hybrid,,,earthy|pine|sweet,earthy|pine|sweet,,thc,WA flower lots test around 11% THC on average.,,,"Shurman 7 is a hybrid with flavors of earthy, pine, sweet.",The Cannabis API (Piyush-Bhor)|WA I-502 state lab tests (dolthub/cannabis-testing-wa),0.65
sierra-mist,Sierra-mist,,hybrid,,,citrus|diesel|sweet,citrus|diesel|sweet,,thc,,,,"Sierra-mist is a hybrid with flavors of citrus, diesel, sweet.",The Cannabis API (Piyush-Bhor),0.65
silver back,Silver Back,,hybrid,,,citrus|earthy|tropical,citrus|earthy|tropical,,thc,,,In House Genetics,"Silver Back is a hybrid with flavors of citrus, earthy, tropical.",Kushy cannabis-dataset|Lab terpene assays (analytical360/sclabs/psilabs via Terpene-Profile-Parser)|The Cannabis API (Piyush-Bhor),0.65
silver bubble,Silver Bubble,,hybrid,,,berry|sweet|woody,berry|sweet|woody,,thc,WA flower lots test around 20% THC on average.,,Reserva Privada,"Silver Bubble is a hybrid with flavors of berry, sweet, woody.",Kushy cannabis-dataset|Lab terpene assays (analytical360/sclabs/psilabs via Terpene-Profile-Parser)|The Cannabis API (Piyush-Bhor)|WA I-502 state lab tests (dolthub/cannabis-testing-wa),0.65
silver calyx,Silver Calyx,,hybrid,,,lemon|pine,lemon|pine,,thc,,,,"Silver Calyx is a hybrid with flavors of lemon, pine.",Lab terpene assays (analytical360/sclabs/psilabs via Terpene-Profile-Parser)|The Cannabis API (Piyush-Bhor),0.65
silver haze,Silver Haze,,sativa,,,earthy|pungent|sweet,earthy|pungent|sweet,,thc,WA flower lots test around 19% THC on average.,,Seed Bank,"Silver Haze is a sativa with flavors of earthy, pungent, sweet.",Kushy cannabis-dataset|Lab terpene assays (analytical360/sclabs/psilabs via Terpene-Profile-Parser)|The Cannabis API (Piyush-Bhor)|WA I-502 state lab tests (dolthub/cannabis-testing-wa),0.65
silver surfer,Silver Surfer,,hybrid,,,citrus|lemon,citrus|lemon,,thc,WA flower lots test around 18% THC on average.,,,"Silver Surfer is a hybrid with flavors of citrus, lemon.",Kushy cannabis-dataset|Lab terpene assays (analytical360/sclabs/psilabs via Terpene-Profile-Parser)|The Cannabis API (Piyush-Bhor)|WA I-502 state lab tests (dolthub/cannabis-testing-wa),0.65
silver train,Silver Train,,sativa,,,herbal|lemon|pine,herbal|lemon|pine|spicy|sweet,,thc,WA flower lots test around 10% THC on average.,,,"Silver Train is a sativa with flavors of herbal, lemon, pine.",Kushy cannabis-dataset|The Cannabis API (Piyush-Bhor)|WA I-502 state lab tests (dolthub/cannabis-testing-wa),0.65
silverback-gorilla,Silverback-gorilla,,indica,,,earthy|pine|sweet,earthy|pine|sweet,,thc,,,,"Silverback-gorilla is an indica with flavors of earthy, pine, sweet.",Kushy cannabis-dataset|The Cannabis API (Piyush-Bhor),0.65
silverfalls-kush,Silverfalls-kush,,hybrid,,,herbal|spicy|strawberry,herbal|spicy|strawberry|sweet,,thc,,,,"Silverfalls-kush is a hybrid with flavors of herbal, spicy, strawberry.",The Cannabis API (Piyush-Bhor),0.65
silverhawks og,Silverhawks Og,,sativa,,,citrus|floral,citrus|floral,,thc,WA flower lots test around 17% THC on average.,,GREENLIFE Seeds,"Silverhawks Og is a sativa with flavors of citrus, floral.",Kushy cannabis-dataset|The Cannabis API (Piyush-Bhor)|WA I-502 state lab tests (dolthub/cannabis-testing-wa),0.65
sin city kush,Sin City Kush,,indica,,,grape|nutty|pine,grape|nutty|pine,,thc,WA flower lots test around 15% THC on average.,,Alpha Kronik Genes,"Sin City Kush is an indica with flavors of grape, nutty, pine.",Kushy cannabis-dataset|The Cannabis API (Piyush-Bhor)|WA I-502 state lab tests (dolthub/cannabis-testing-wa),0.65
sin valley og,Sin Valley Og,,hybrid,,,citrus|earthy|lemon,citrus|earthy|lemon,,thc,WA flower lots test around 23% THC on average.,,Sin City Seeds,"Sin Valley Og is a hybrid with flavors of citrus, earthy, lemon.",Kushy cannabis-dataset|The Cannabis API (Piyush-Bhor)|WA I-502 state lab tests (dolthub/cannabis-testing-wa),0.65
sinai,Sinai,,sativa,,,herbal|mint|peppery,herbal|mint|peppery|spicy,,thc,,,,"Sinai is a sativa with flavors of herbal, mint, peppery.",Kushy cannabis-dataset|The Cannabis API (Piyush-Bhor),0.65
sirius black,Sirius Black,,indica,,,grape|peppery|sweet,grape|peppery|sweet,,thc,WA flower lots test around 9% THC on average.,,,"Sirius Black is an indica with flavors of grape, peppery, sweet.",Kushy cannabis-dataset|The Cannabis API (Piyush-Bhor)|WA I-502 state lab tests (dolthub/cannabis-testing-wa),0.65
six shooter,Six Shooter,,hybrid,,,citrus|skunk|sweet,citrus|skunk|sweet,,thc,WA flower lots test around 20% THC on average.,,,"Six Shooter is a hybrid with flavors of citrus, skunk, sweet.",The Cannabis API (Piyush-Bhor)|WA I-502 state lab tests (dolthub/cannabis-testing-wa),0.65
skins-skunk,Skins-skunk,,hybrid,,,lemon|strawberry|sweet,lemon|strawberry|sweet,,thc,,,Loud Seeds,"Skins-skunk is a hybrid with flavors of lemon, strawberry, sweet.",Kushy cannabis-dataset|The Cannabis API (Piyush-Bhor),0.65
skunk 47,Skunk 47,,indica,,,berry|earthy|skunk,berry|earthy|skunk,,thc,WA flower lots test around 18% THC on average.,,,"Skunk 47 is an indica with flavors of berry, earthy, skunk.",Kushy cannabis-dataset|The Cannabis API (Piyush-Bhor)|WA I-502 state lab tests (dolthub/cannabis-testing-wa),0.65
skunk-dawg,Skunk-dawg,,sativa,,,earthy|pungent|skunk,earthy|pungent|skunk,,thc,,,,"Skunk-dawg is a sativa with flavors of earthy, pungent, skunk.",Kushy cannabis-dataset|The Cannabis API (Piyush-Bhor),0.65
skunkberry,Skunkberry,,hybrid,,,berry|blueberry|skunk,berry|blueberry|skunk,,thc,WA flower lots test around 18% THC on average.,,,"Skunkberry is a hybrid with flavors of berry, blueberry, skunk.",Kushy cannabis-dataset|Lab terpene assays (analytical360/sclabs/psilabs via Terpene-Profile-Parser)|The Cannabis API (Piyush-Bhor)|WA I-502 state lab tests (dolthub/cannabis-testing-wa),0.65
skunky diesel,Skunky Diesel,,hybrid,,,diesel|earthy|skunk,diesel|earthy|skunk,,thc,WA flower lots test around 19% THC on average.,,,"Skunky Diesel is a hybrid with flavors of diesel, earthy, skunk.",Kushy cannabis-dataset|The Cannabis API (Piyush-Bhor)|WA I-502 state lab tests (dolthub/cannabis-testing-wa),0.65
skydog,Skydog,,indica,,,herbal|pungent|skunk,herbal|pungent|skunk|spicy,,thc,,,,"Skydog is an indica with flavors of herbal, pungent, skunk.",Kushy cannabis-dataset|The Cannabis API (Piyush-Bhor),0.65
skywalker-alien,Skywalker-alien,,hybrid,,,diesel|citrus|sweet,diesel|citrus|sweet,,thc,,,,"Skywalker-alien is a hybrid with flavors of diesel, citrus, sweet.",The Cannabis API (Piyush-Bhor),0.65
slazerbeam,Slazerbeam,,sativa,,,earthy|sweet|woody,earthy|sweet|woody,,thc,,,,"Slazerbeam is a sativa with flavors of earthy, sweet, woody.",Kushy cannabis-dataset|The Cannabis API (Piyush-Bhor),0.65
sleeskunk,Sleeskunk,,sativa,,,pine|pungent|skunk,pine|pungent|skunk,,thc,WA flower lots test around 20% THC on average.,,DNA Genetics,"Sleeskunk is a sativa with flavors of pine, pungent, skunk.",Kushy cannabis-dataset|The Cannabis API (Piyush-Bhor)|WA I-502 state lab tests (dolthub/cannabis-testing-wa),0.65
sleestack,Sleestack,,sativa,,,diesel|lemon|pine,diesel|lemon|pine|skunk|sweet,,thc,WA flower lots test around 18% THC on average.,,Reserva Privada,"Sleestack is a sativa with flavors of diesel, lemon, pine.",Kushy cannabis-dataset|The Cannabis API (Piyush-Bhor)|WA I-502 state lab tests (dolthub/cannabis-testing-wa),0.65
slimer og,Slimer Og,,hybrid,,,earthy|pungent|sweet,earthy|pungent|sweet,,thc,WA flower lots test around 20% THC on average.,,GREENLIFE Seeds,"Slimer Og is a hybrid with flavors of earthy, pungent, sweet.",Kushy cannabis-dataset|The Cannabis API (Piyush-Bhor)|WA I-502 state lab tests (dolthub/cannabis-testing-wa),0.65
smelliot,Smelliot,,hybrid,,,pungent|citrus|sweet,pungent|citrus|sweet,,thc,,,,"Smelliot is a hybrid with flavors of pungent, citrus, sweet.",Kushy cannabis-dataset|Lab terpene assays (analytical360/sclabs/psilabs via Terpene-Profile-Parser)|The Cannabis API (Piyush-Bhor),0.65
smooth-operator,Smooth-operator,,hybrid,,,earthy|floral|pungent,earthy|floral|pungent,,thc,,,,"Smooth-operator is a hybrid with flavors of earthy, floral, pungent.",The Cannabis API (Piyush-Bhor),0.65
snoop-dogg-og,Snoop-dogg-og,,indica,,,pungent|citrus|earthy,pungent|citrus|earthy|lemon,,thc,,,,"Snoop-dogg-og is an indica with flavors of pungent, citrus, earthy.",Kushy cannabis-dataset|The Cannabis API (Piyush-Bhor),0.65
snow bud,Snow Bud,,hybrid,,,diesel|earthy|skunk,diesel|earthy|skunk,,thc,WA flower lots test around 18% THC on average.,,,"Snow Bud is a hybrid with flavors of diesel, earthy, skunk.",The Cannabis API (Piyush-Bhor)|WA I-502 state lab tests (dolthub/cannabis-testing-wa),0.65
snow diesel,Snow Diesel,,hybrid,,,diesel|sweet|woody,diesel|sweet|woody,,thc,WA flower lots test around 20% THC on average.,,House Of Funk Genetics,"Snow Diesel is a hybrid with flavors of diesel, sweet, woody.",Kushy cannabis-dataset|The Cannabis API (Piyush-Bhor)|WA I-502 state lab tests (dolthub/cannabis-testing-wa),0.65
snow white,Snow White,,hybrid,,,citrus|earthy|woody,citrus|earthy|woody,,thc,WA flower lots test around 17% THC on average.,,,"Snow White is a hybrid with flavors of citrus, earthy, woody.",Kushy cannabis-dataset|The Cannabis API (Piyush-Bhor)|WA I-502 state lab tests (dolthub/cannabis-testing-wa),0.65
snow-ryder,Snow-ryder,,indica,,,earthy|mint|peppery,earthy|mint|peppery,,thc,,,,"Snow-ryder is an indica with flavors of earthy, mint, peppery.",Kushy cannabis-dataset|The Cannabis API (Piyush-Bhor),0.65
snowcap,Snowcap,,hybrid,,,citrus|lemon|pungent,citrus|lemon|pungent,,thc,WA flower lots test around 19% THC on average.,,,"Snowcap is a hybrid with flavors of citrus, lemon, pungent.",Kushy cannabis-dataset|Lab terpene assays (analytical360/sclabs/psilabs via Terpene-Profile-Parser)|The Cannabis API (Piyush-Bhor)|WA I-502 state lab tests (dolthub/cannabis-testing-wa),0.65
snowland,Snowland,,hybrid,,,earthy|floral|lemon,earthy|floral|lemon,,thc,WA flower lots test around 20% THC on average.,,DNA Genetics,"Snowland is a hybrid with flavors of earthy, floral, lemon.",Kushy cannabis-dataset|Lab terpene assays (analytical360/sclabs/psilabs via Terpene-Profile-Parser)|The Cannabis API (Piyush-Bhor)|WA I-502 state lab tests (dolthub/cannabis-testing-wa),0.65
sojay-haze,Sojay-haze,,sativa,,,citrus|herbal|spicy,citrus|herbal|spicy|sweet,,thc,,,,"Sojay-haze is a sativa with flavors of citrus, herbal, spicy.",Kushy cannabis-dataset|The Cannabis API (Piyush-Bhor),0.65
somango,Somango,,indica,,,earthy|floral|mango,earthy|floral|mango|sweet,,thc,WA flower lots test around 18% THC on average.,,,"Somango is an indica with flavors of earthy, floral, mango.",Kushy cannabis-dataset|Lab terpene assays (analytical360/sclabs/psilabs via Terpene-Profile-Parser)|The Cannabis API (Piyush-Bhor)|WA I-502 state lab tests (dolthub/cannabis-testing-wa),0.65
sonic screwdriver,Sonic Screwdriver,,sativa,,,citrus|earthy|woody,citrus|earthy|woody,,thc,WA flower lots test around 15% THC on average.,,TGA Seeds,"Sonic Screwdriver is a sativa with flavors of citrus, earthy, woody.",Kushy cannabis-dataset|The Cannabis API (Piyush-Bhor)|WA I-502 state lab tests (dolthub/cannabis-testing-wa),0.65
sonoma coma,Sonoma Coma,,sativa,,,citrus|herbal|spicy,citrus|herbal|spicy|tropical,,thc,WA flower lots test around 24% THC on average.,,,"Sonoma Coma is a sativa with flavors of citrus, herbal, spicy.",Kushy cannabis-dataset|The Cannabis API (Piyush-Bhor)|WA I-502 state lab tests (dolthub/cannabis-testing-wa),0.65
sorcerers apprentice,Sorcerers Apprentice,,hybrid,,,sweet|tropical,sweet|tropical,,thc,WA flower lots test around 16% THC on average.,,Bodhi Seeds,"Sorcerers Apprentice is a hybrid with flavors of sweet, tropical.",Kushy cannabis-dataset|The Cannabis API (Piyush-Bhor)|WA I-502 state lab tests (dolthub/cannabis-testing-wa),0.65
soul assassin og,Soul Assassin Og,,hybrid,,,diesel|lemon|pungent,diesel|lemon|pungent,,thc,WA flower lots test around 19% THC on average.,,Gabriele,"Soul Assassin Og is a hybrid with flavors of diesel, lemon, pungent.",Kushy cannabis-dataset|The Cannabis API (Piyush-Bhor)|WA I-502 state lab tests (dolthub/cannabis-testing-wa),0.65
sour amnesia,Sour Amnesia,,sativa,,,diesel|earthy|sweet,diesel|earthy|sweet,,thc,WA flower lots test around 21% THC on average.,,HortiLab Seeds,"Sour Amnesia is a sativa with flavors of diesel, earthy, sweet.",Kushy cannabis-dataset|The Cannabis API (Piyush-Bhor)|WA I-502 state lab tests (dolthub/cannabis-testing-wa),0.65
sour ape,Sour Ape,,indica,,,citrus|diesel|skunk,citrus|diesel|skunk,,thc,WA flower lots test around 21% THC on average.,,,"Sour Ape is an indica with flavors of citrus, diesel, skunk.",Kushy cannabis-dataset|The Cannabis API (Piyush-Bhor)|WA I-502 state lab tests (dolthub/cannabis-testing-wa),0.65
sour apple,Sour Apple,,hybrid,,,apple|pungent|sweet,apple|pungent|sweet,,thc,WA flower lots test around 16% THC on average.,,,"Sour Apple is a hybrid with flavors of apple, pungent, sweet.",Kushy cannabis-dataset|The Cannabis API (Piyush-Bhor)|WA I-502 state lab tests (dolthub/cannabis-testing-wa),0.65
sour banana sherbet,Sour Banana Sherbet,,hybrid,,,diesel|sweet,diesel|sweet,,thc,WA flower lots test around 20% THC on average.,,Crockett Family Farms,"Sour Banana Sherbet is a hybrid with flavors of diesel, sweet.",Kushy cannabis-dataset|The Cannabis API (Piyush-Bhor)|WA I-502 state lab tests (dolthub/cannabis-testing-wa),0.65
sour bubba,Sour Bubba,,indica,,,diesel|earthy|floral,diesel|earthy|floral|pine,,thc,WA flower lots test around 20% THC on average.,,Riot Seeds,"Sour Bubba is an indica with flavors of diesel, earthy, floral.",Kushy cannabis-dataset|The Cannabis API (Piyush-Bhor)|WA I-502 state lab tests (dolthub/cannabis-testing-wa),0.65
sour bubble,Sour Bubble,,indica,,,earthy|pungent|sweet,earthy|pungent|sweet,,thc,WA flower lots test around 16% THC on average.,,,"Sour Bubble is an indica with flavors of earthy, pungent, sweet.",Kushy cannabis-dataset|Lab terpene assays (analytical360/sclabs/psilabs via Terpene-Profile-Parser)|The Cannabis API (Piyush-Bhor)|WA I-502 state lab tests (dolthub/cannabis-testing-wa),0.65
sour candy,Sour Candy,,hybrid,,,diesel|earthy|sweet,diesel|earthy|sweet,,thc,WA flower lots test around 18% THC on average.,,G13 Labs,"Sour Candy is a hybrid with flavors of diesel, earthy, sweet.",Kushy cannabis-dataset|Lab terpene assays (analytical360/sclabs/psilabs via Terpene-Profile-Parser)|The Cannabis API (Piyush-Bhor)|WA I-502 state lab tests (dolthub/cannabis-testing-wa),0.65
sour chees,Sour Chees,,hybrid,,,cheese|citrus|pungent,cheese|citrus|pungent,,thc,WA flower lots test around 21% THC on average.,,,"Sour Chees is a hybrid with flavors of cheese, citrus, pungent.",The Cannabis API (Piyush-Bhor)|WA I-502 state lab tests (dolthub/cannabis-testing-wa),0.65
sour cookies,Sour Cookies,,hybrid,,,diesel|earthy|sweet,diesel|earthy|sweet,,thc,WA flower lots test around 22% THC on average.,,,"Sour Cookies is a hybrid with flavors of diesel, earthy, sweet.",Kushy cannabis-dataset|The Cannabis API (Piyush-Bhor)|WA I-502 state lab tests (dolthub/cannabis-testing-wa),0.65
sour cream,Sour Cream,,hybrid,,,diesel|earthy|sweet,diesel|earthy|sweet,,thc,WA flower lots test around 19% THC on average.,,DNA Genetics,"Sour Cream is a hybrid with flavors of diesel, earthy, sweet.",Kushy cannabis-dataset|The Cannabis API (Piyush-Bhor)|WA I-502 state lab tests (dolthub/cannabis-testing-wa),0.65
sour dream,Sour Dream,,hybrid,,,blueberry|diesel|earthy,blueberry|diesel|earthy,,thc,WA flower lots test around 20% THC on average.,,,"Sour Dream is a hybrid with flavors of blueberry, diesel, earthy.",Kushy cannabis-dataset|Lab terpene assays (analytical360/sclabs/psilabs via Terpene-Profile-Parser)|The Cannabis API (Piyush-Bhor)|WA I-502 state lab tests (dolthub/cannabis-testing-wa),0.65
sour dubble,Sour Dubble,,hybrid,,,diesel|floral|pungent,diesel|floral|pungent,,thc,,,B.O.G. Seeds,"Sour Dubble is a hybrid with flavors of diesel, floral, pungent.",Kushy cannabis-dataset|Lab terpene assays (analytical360/sclabs/psilabs via Terpene-Profile-Parser)|The Cannabis API (Piyush-Bhor),0.65
sour grape,Sour Grape,,hybrid,,,berry|grape|sweet,berry|grape|sweet,,thc,WA flower lots test around 19% THC on average.,,Quick Silver,"Sour Grape is a hybrid with flavors of berry, grape, sweet.",Kushy cannabis-dataset|Lab terpene assays (analytical360/sclabs/psilabs via Terpene-Profile-Parser)|The Cannabis API (Piyush-Bhor)|WA I-502 state lab tests (dolthub/cannabis-testing-wa),0.65
sour grapes,Sour Grapes,,hybrid,,,berry|grape|sweet,berry|grape|sweet,,thc,WA flower lots test around 17% THC on average.,,Apothecary Seed Company,"Sour Grapes is a hybrid with flavors of berry, grape, sweet.",Kushy cannabis-dataset|Lab terpene assays (analytical360/sclabs/psilabs via Terpene-Profile-Parser)|The Cannabis API (Piyush-Bhor)|WA I-502 state lab tests (dolthub/cannabis-testing-wa),0.65
sour haze,Sour Haze,,sativa,,,citrus|lemon|pungent,citrus|lemon|pungent|skunk|sweet,,thc,WA flower lots test around 22% THC on average.,,,"Sour Haze is a sativa with flavors of citrus, lemon, pungent.",Kushy cannabis-dataset|Lab terpene assays (analytical360/sclabs/psilabs via Terpene-Profile-Parser)|The Cannabis API (Piyush-Bhor)|WA I-502 state lab tests (dolthub/cannabis-testing-wa),0.65
sour headband,Sour Headband,,hybrid,,,diesel|pungent|skunk,diesel|pungent|skunk,,thc,WA flower lots test around 22% THC on average.,,Loud Seeds,"Sour Headband is a hybrid with flavors of diesel, pungent, skunk.",Kushy cannabis-dataset|Lab terpene assays (analytical360/sclabs/psilabs via Terpene-Profile-Parser)|The Cannabis API (Piyush-Bhor)|WA I-502 state lab tests (dolthub/cannabis-testing-wa),0.65
sour jack,Sour Jack,,sativa,,,citrus|sweet|tropical,citrus|sweet|tropical,,thc,WA flower lots test around 15% THC on average.,,Karma Genetics,"Sour Jack is a sativa with flavors of citrus, sweet, tropical.",Kushy cannabis-dataset|Lab terpene assays (analytical360/sclabs/psilabs via Terpene-Profile-Parser)|The Cannabis API (Piyush-Bhor)|WA I-502 state lab tests (dolthub/cannabis-testing-wa),0.65
sour lemon og,Sour Lemon Og,,hybrid,,,citrus|earthy|lemon,citrus|earthy|lemon,,thc,WA flower lots test around 17% THC on average.,,Emerald Triangle,"Sour Lemon Og is a hybrid with flavors of citrus, earthy, lemon.",Kushy cannabis-dataset|The Cannabis API (Piyush-Bhor)|WA I-502 state lab tests (dolthub/cannabis-testing-wa),0.65
sour lsd,Sour Lsd,,hybrid,,,citrus|earthy|pungent,citrus|earthy|pungent,,thc,WA flower lots test around 19% THC on average.,,B.O.G. Seeds,"Sour Lsd is a hybrid with flavors of citrus, earthy, pungent.",Kushy cannabis-dataset|Lab terpene assays (analytical360/sclabs/psilabs via Terpene-Profile-Parser)|The Cannabis API (Piyush-Bhor)|WA I-502 state lab tests (dolthub/cannabis-testing-wa),0.65
sour maui,Sour Maui,,sativa,,,citrus|earthy|lemon,citrus|earthy|lemon|nutty,,thc,WA flower lots test around 20% THC on average.,,,"Sour Maui is a sativa with flavors of citrus, earthy, lemon.",Kushy cannabis-dataset|The Cannabis API (Piyush-Bhor)|WA I-502 state lab tests (dolthub/cannabis-testing-wa),0.65
sour patch kiss,Sour Patch Kiss,,hybrid,,,citrus|earthy|floral,citrus|earthy|floral,,thc,WA flower lots test around 18% THC on average.,,Elev8 Seeds,"Sour Patch Kiss is a hybrid with flavors of citrus, earthy, floral.",Kushy cannabis-dataset|The Cannabis API (Piyush-Bhor)|WA I-502 state lab tests (dolthub/cannabis-testing-wa),0.65
sour pebbles,Sour Pebbles,,sativa,,,berry|citrus|sweet,berry|citrus|sweet,,thc,WA flower lots test around 20% THC on average.,,,"Sour Pebbles is a sativa with flavors of berry, citrus, sweet.",Kushy cannabis-dataset|The Cannabis API (Piyush-Bhor)|WA I-502 state lab tests (dolthub/cannabis-testing-wa),0.65
sour power,Sour Power,,hybrid,,,diesel|pungent|skunk,diesel|pungent|skunk,,thc,WA flower lots test around 23% THC on average.,,HortiLab Seeds,"Sour Power is a hybrid with flavors of diesel, pungent, skunk.",Kushy cannabis-dataset|Lab terpene assays (analytical360/sclabs/psilabs via Terpene-Profile-Parser)|The Cannabis API (Piyush-Bhor)|WA I-502 state lab tests (dolthub/cannabis-testing-wa),0.65
sour sunset,Sour Sunset,,hybrid,,,citrus|diesel|sweet,citrus|diesel|sweet,,thc,,,Crockett Family Farms,"Sour Sunset is a hybrid with flavors of citrus, diesel, sweet.",Kushy cannabis-dataset|Lab terpene assays (analytical360/sclabs/psilabs via Terpene-Profile-Parser)|The Cannabis API (Piyush-Bhor),0.65
sour urkle,Sour Urkle,,hybrid,,,diesel|earthy|floral,diesel|earthy|floral,,thc,WA flower lots test around 16% THC on average.,,,"Sour Urkle is a hybrid with flavors of diesel, earthy, floral.",Kushy cannabis-dataset|Lab terpene assays (analytical360/sclabs/psilabs via Terpene-Profile-Parser)|The Cannabis API (Piyush-Bhor)|WA I-502 state lab tests (dolthub/cannabis-testing-wa),0.65
sour-breath,Sour-breath,,sativa,,,apricot|diesel|pine,apricot|diesel|pine,,thc,,,,"Sour-breath is a sativa with flavors of apricot, diesel, pine.",Kushy cannabis-dataset|The Cannabis API (Piyush-Bhor),0.65
sour-chocolate,Sour-chocolate,,sativa,,,diesel|earthy|sweet,diesel|earthy|sweet,,thc,,,,"Sour-chocolate is a sativa with flavors of diesel, earthy, sweet.",Kushy cannabis-dataset|The Cannabis API (Piyush-Bhor),0.65
sour-chunk,Sour-chunk,,hybrid,,,earthy|citrus|sweet,earthy|citrus|sweet,,thc,,,,"Sour-chunk is a hybrid with flavors of earthy, citrus, sweet.",The Cannabis API (Piyush-Bhor),0.65
sour-flower,Sour-flower,,sativa,,,berry|earthy|pine,berry|earthy|pine|sweet,,thc,,,Joe Clone,"Sour-flower is a sativa with flavors of berry, earthy, pine.",Kushy cannabis-dataset|The Cannabis API (Piyush-Bhor),0.65
sour-jilly,Sour-jilly,,hybrid,,,berry|citrus|sweet,berry|citrus|sweet,,thc,,,,"Sour-jilly is a hybrid with flavors of berry, citrus, sweet.",Kushy cannabis-dataset|The Cannabis API (Piyush-Bhor),0.65
sour-joker,Sour-joker,,sativa,,,citrus|earthy|pungent,citrus|earthy|pungent,,thc,,,HortiLab Seeds,"Sour-joker is a sativa with flavors of citrus, earthy, pungent.",Kushy cannabis-dataset|The Cannabis API (Piyush-Bhor),0.65
sour-poison,Sour-poison,,sativa,,,citrus|earthy|pine,citrus|earthy|pine,,thc,,,,"Sour-poison is a sativa with flavors of citrus, earthy, pine.",Kushy cannabis-dataset|The Cannabis API (Piyush-Bhor),0.65
sour-spyder,Sour-spyder,,indica,,,pungent|citrus|coffee,pungent|citrus|coffee,,thc,,,,"Sour-spyder is an indica with flavors of pungent, citrus, coffee.",Kushy cannabis-dataset|The Cannabis API (Piyush-Bhor),0.65
sour-star-head,Sour-star-head,,sativa,,,citrus|herbal|spicy,citrus|herbal|spicy|sweet,,thc,,,,"Sour-star-head is a sativa with flavors of citrus, herbal, spicy.",The Cannabis API (Piyush-Bhor),0.65
sour-strawberry-diesel,Sour-strawberry-diesel,,hybrid,,,diesel|strawberry|sweet,diesel|strawberry|sweet,,thc,,,MTG Seeds,"Sour-strawberry-diesel is a hybrid with flavors of diesel, strawberry, sweet.",Kushy cannabis-dataset|The Cannabis API (Piyush-Bhor),0.65
sour-willie,Sour-willie,,sativa,,,diesel|pungent|sweet,diesel|pungent|sweet,,thc,,,,"Sour-willie is a sativa with flavors of diesel, pungent, sweet.",Kushy cannabis-dataset|The Cannabis API (Piyush-Bhor),0.65
sourlope,Sourlope,,sativa,,,pungent|sweet|tropical,pungent|sweet|tropical,,thc,WA flower lots test around 18% THC on average.,,DNA Genetics,"Sourlope is a sativa with flavors of pungent, sweet, tropical.",Kushy cannabis-dataset|The Cannabis API (Piyush-Bhor)|WA I-502 state lab tests (dolthub/cannabis-testing-wa),0.65
south american,South American,,sativa,,,earthy|mango|pine,earthy|mango|pine|tropical,,thc,WA flower lots test around 21% THC on average.,,,"South American is a sativa with flavors of earthy, mango, pine.",Kushy cannabis-dataset|The Cannabis API (Piyush-Bhor)|WA I-502 state lab tests (dolthub/cannabis-testing-wa),0.65
south indian sativa,South Indian Sativa,,sativa,,,earthy|skunk,earthy|skunk,,thc,,,,"South Indian Sativa is a sativa with flavors of earthy, skunk.",Kushy cannabis-dataset,0.65
south-central-la,South-central-la,,indica,,,berry|blueberry|sweet,berry|blueberry|sweet,,thc,,,,"South-central-la is an indica with flavors of berry, blueberry, sweet.",Kushy cannabis-dataset|The Cannabis API (Piyush-Bhor),0.65
south-indian,South-indian,,sativa,,,mango|skunk|sweet,mango|skunk|sweet,,thc,,,,"South-indian is a sativa with flavors of mango, skunk, sweet.",The Cannabis API (Piyush-Bhor),0.65
space bomb,Space Bomb,,hybrid,,,berry|earthy|floral,berry|earthy|floral,,thc,WA flower lots test around 15% THC on average.,,TGA Seeds,"Space Bomb is a hybrid with flavors of berry, earthy, floral.",Kushy cannabis-dataset|Lab terpene assays (analytical360/sclabs/psilabs via Terpene-Profile-Parser)|The Cannabis API (Piyush-Bhor)|WA I-502 state lab tests (dolthub/cannabis-testing-wa),0.65
space cream,Space Cream,,hybrid,,,citrus|pine|sweet,citrus|pine|sweet,,thc,WA flower lots test around 21% THC on average.,,,"Space Cream is a hybrid with flavors of citrus, pine, sweet.",The Cannabis API (Piyush-Bhor)|WA I-502 state lab tests (dolthub/cannabis-testing-wa),0.65
space dog,Space Dog,,hybrid,,humulene,hoppy|earthy|woody,,humulene,thc,,,,Space Dog is a hybrid with Humulene-forward terpene profile.,Lab terpene assays (analytical360/sclabs/psilabs via Terpene-Profile-Parser),0.65
space-monster,Space-monster,,indica,,,pungent|diesel|herbal,pungent|diesel|herbal|spicy,,thc,,,MTG Seeds,"Space-monster is an indica with flavors of pungent, diesel, herbal.",Kushy cannabis-dataset|The Cannabis API (Piyush-Bhor),0.65
special k,Special K,,hybrid,,,citrus|earthy|sweet,citrus|earthy|sweet,,thc,WA flower lots test around 18% THC on average.,,Sagarmatha Seeds,"Special K is a hybrid with flavors of citrus, earthy, sweet.",Kushy cannabis-dataset|The Cannabis API (Piyush-Bhor)|WA I-502 state lab tests (dolthub/cannabis-testing-wa),0.65
special kush 1,Special Kush 1,,indica,,,earthy|pungent|sweet,earthy|pungent|sweet,,thc,WA flower lots test around 13% THC on average.,,Royal Queen,"Special Kush 1 is an indica with flavors of earthy, pungent, sweet.",Kushy cannabis-dataset|The Cannabis API (Piyush-Bhor)|WA I-502 state lab tests (dolthub/cannabis-testing-wa),0.65
spirit-of-76,Spirit-of-76,,hybrid,,,floral|pine|woody,floral|pine|woody,,thc,,,,"Spirit-of-76 is a hybrid with flavors of floral, pine, woody.",Kushy cannabis-dataset|The Cannabis API (Piyush-Bhor),0.65
spliffs-strawberry,Spliffs-strawberry,,sativa,,,berry|strawberry|sweet,berry|strawberry|sweet,,thc,,,,"Spliffs-strawberry is a sativa with flavors of berry, strawberry, sweet.",The Cannabis API (Piyush-Bhor),0.65
sputnik,Sputnik,,sativa,,,floral|sweet|herbal,floral|sweet|herbal,,thc,,,,"Sputnik is a sativa with flavors of floral, sweet, herbal.",Kushy cannabis-dataset|The Cannabis API (Piyush-Bhor),0.65
spyder-mon,Spyder-mon,,hybrid,,,citrus|earthy|sweet,citrus|earthy|sweet,,thc,,,,"Spyder-mon is a hybrid with flavors of citrus, earthy, sweet.",The Cannabis API (Piyush-Bhor),0.65
star 47,Star 47,,hybrid,,,berry|earthy|herbal,berry|earthy|herbal|spicy,,thc,WA flower lots test around 20% THC on average.,,,"Star 47 is a hybrid with flavors of berry, earthy, herbal.",Lab terpene assays (analytical360/sclabs/psilabs via Terpene-Profile-Parser)|The Cannabis API (Piyush-Bhor)|WA I-502 state lab tests (dolthub/cannabis-testing-wa),0.65
star berry,Star Berry,,indica,,,berry|citrus|sweet,berry|citrus|sweet,,thc,WA flower lots test around 18% THC on average.,,CannaVenture,"Star Berry is an indica with flavors of berry, citrus, sweet.",Kushy cannabis-dataset|The Cannabis API (Piyush-Bhor)|WA I-502 state lab tests (dolthub/cannabis-testing-wa),0.65
star berry indica,Star Berry Indica,,indica,,,berry|citrus|lemon,berry|citrus|lemon,,thc,,,,"Star Berry Indica is an indica with flavors of berry, citrus, lemon.",Kushy cannabis-dataset,0.65
star killer,Star Killer,,indica,,,earthy|lemon|pungent,earthy|lemon|pungent,,thc,WA flower lots test around 23% THC on average.,,Rare Dankness Seeds,"Star Killer is an indica with flavors of earthy, lemon, pungent.",Kushy cannabis-dataset|Lab terpene assays (analytical360/sclabs/psilabs via Terpene-Profile-Parser)|The Cannabis API (Piyush-Bhor)|WA I-502 state lab tests (dolthub/cannabis-testing-wa),0.65
star master kush,Star Master Kush,,indica,,,earthy|pine|skunk,earthy|pine|skunk,,thc,WA flower lots test around 20% THC on average.,,,"Star Master Kush is an indica with flavors of earthy, pine, skunk.",Kushy cannabis-dataset|The Cannabis API (Piyush-Bhor)|WA I-502 state lab tests (dolthub/cannabis-testing-wa),0.65
star tonic,Star Tonic,,hybrid,,,citrus|lemon|sweet,citrus|lemon|sweet,,thc,,,,"Star Tonic is a hybrid with flavors of citrus, lemon, sweet.",Lab terpene assays (analytical360/sclabs/psilabs via Terpene-Profile-Parser)|The Cannabis API (Piyush-Bhor),0.65
star trek,Star Trek,,hybrid,,myrcene,earthy|musky|herbal|peppery,,myrcene|caryophyllene|humulene,thc,,,,Star Trek is a hybrid with Myrcene-forward terpene profile.,Lab terpene assays (analytical360/sclabs/psilabs via Terpene-Profile-Parser),0.65
starbud,Starbud,,indica,,,earthy|grape|mint,earthy|grape|mint|pine,,thc,WA flower lots test around 20% THC on average.,,HortiLab Seeds,"Starbud is an indica with flavors of earthy, grape, mint.",Kushy cannabis-dataset|The Cannabis API (Piyush-Bhor)|WA I-502 state lab tests (dolthub/cannabis-testing-wa),0.65
stardawg guava,Stardawg Guava,,sativa,,,pungent|sweet|tropical,pungent|sweet|tropical,,thc,WA flower lots test around 22% THC on average.,,,"Stardawg Guava is a sativa with flavors of pungent, sweet, tropical.",Kushy cannabis-dataset|The Cannabis API (Piyush-Bhor)|WA I-502 state lab tests (dolthub/cannabis-testing-wa),0.65
stardawg-91,Stardawg-91,,indica,,,diesel|earthy|peppery,diesel|earthy|peppery,,thc,,,,"Stardawg-91 is an indica with flavors of diesel, earthy, peppery.",The Cannabis API (Piyush-Bhor),0.65
starfighter,Starfighter,,hybrid,,,pine|pungent|woody,pine|pungent|woody,,thc,WA flower lots test around 20% THC on average.,,Alien Genetics,"Starfighter is a hybrid with flavors of pine, pungent, woody.",Kushy cannabis-dataset|Lab terpene assays (analytical360/sclabs/psilabs via Terpene-Profile-Parser)|The Cannabis API (Piyush-Bhor)|WA I-502 state lab tests (dolthub/cannabis-testing-wa),0.65
starry night,Starry Night,,hybrid,,,berry|earthy|pungent,berry|earthy|pungent,,thc,WA flower lots test around 20% THC on average.,,,"Starry Night is a hybrid with flavors of berry, earthy, pungent.",The Cannabis API (Piyush-Bhor)|WA I-502 state lab tests (dolthub/cannabis-testing-wa),0.65
stella blue,Stella Blue,,sativa,,,berry|floral|sweet,berry|floral|sweet,,thc,WA flower lots test around 21% THC on average.,,,"Stella Blue is a sativa with flavors of berry, floral, sweet.",Kushy cannabis-dataset|Lab terpene assays (analytical360/sclabs/psilabs via Terpene-Profile-Parser)|The Cannabis API (Piyush-Bhor)|WA I-502 state lab tests (dolthub/cannabis-testing-wa),0.65
stevie-wonder,Stevie-wonder,,hybrid,,,earthy|orange|pine,earthy|orange|pine,,thc,,,Bodhi Seeds,"Stevie-wonder is a hybrid with flavors of earthy, orange, pine.",Kushy cannabis-dataset|The Cannabis API (Piyush-Bhor),0.65
stoney starfighter,Stoney Starfighter,,hybrid,,caryophyllene,peppery|spicy|woody|hoppy,,caryophyllene|humulene,thc,,,,Stoney Starfighter is a hybrid with Caryophyllene-forward terpene profile.,Lab terpene assays (analytical360/sclabs/psilabs via Terpene-Profile-Parser),0.65
straight-as-haze,Straight-as-haze,,sativa,,,citrus|herbal|spicy,citrus|herbal|spicy|sweet,,thc,,,,"Straight-as-haze is a sativa with flavors of citrus, herbal, spicy.",The Cannabis API (Piyush-Bhor),0.65
strawberry,Strawberry,,sativa,,,berry|floral|strawberry,berry|floral|strawberry|sweet,,thc,WA flower lots test around 16% THC on average.,,,"Strawberry is a sativa with flavors of berry, floral, strawberry.",Kushy cannabis-dataset|Lab terpene assays (analytical360/sclabs/psilabs via Terpene-Profile-Parser)|The Cannabis API (Piyush-Bhor)|WA I-502 state lab tests (dolthub/cannabis-testing-wa),0.65
strawberry amnesia,Strawberry Amnesia,,sativa,,,earthy|strawberry|sweet,earthy|strawberry|sweet,,thc,WA flower lots test around 13% THC on average.,,,"Strawberry Amnesia is a sativa with flavors of earthy, strawberry, sweet.",Kushy cannabis-dataset|The Cannabis API (Piyush-Bhor)|WA I-502 state lab tests (dolthub/cannabis-testing-wa),0.65
strawberry blue,Strawberry Blue,,sativa,,,berry|strawberry|sweet,berry|strawberry|sweet,,thc,WA flower lots test around 20% THC on average.,,World Of Seeds Bank,"Strawberry Blue is a sativa with flavors of berry, strawberry, sweet.",Kushy cannabis-dataset|Lab terpene assays (analytical360/sclabs/psilabs via Terpene-Profile-Parser)|The Cannabis API (Piyush-Bhor)|WA I-502 state lab tests (dolthub/cannabis-testing-wa),0.65
strawberry cheesecake,Strawberry Cheesecake,,indica,,,cheese|strawberry|sweet,cheese|strawberry|sweet,,thc,WA flower lots test around 22% THC on average.,,Heavyweight Seeds,"Strawberry Cheesecake is an indica with flavors of cheese, strawberry, sweet.",Kushy cannabis-dataset|The Cannabis API (Piyush-Bhor)|WA I-502 state lab tests (dolthub/cannabis-testing-wa),0.65
strawberry daquiri,Strawberry Daquiri,,hybrid,,terpinolene,herbal|piney|floral|pine,,terpinolene|pinene|myrcene,thc,,,,Strawberry Daquiri is a hybrid with Terpinolene-forward terpene profile.,Lab terpene assays (analytical360/sclabs/psilabs via Terpene-Profile-Parser),0.65
strawberry dream,Strawberry Dream,,hybrid,,,berry|strawberry|sweet,berry|strawberry|sweet,,thc,WA flower lots test around 18% THC on average.,,Infinity Seeds,"Strawberry Dream is a hybrid with flavors of berry, strawberry, sweet.",Kushy cannabis-dataset|Lab terpene assays (analytical360/sclabs/psilabs via Terpene-Profile-Parser)|The Cannabis API (Piyush-Bhor)|WA I-502 state lab tests (dolthub/cannabis-testing-wa),0.65
strawberry frost,Strawberry Frost,,indica,,,earthy|strawberry|sweet,earthy|strawberry|sweet,,thc,WA flower lots test around 24% THC on average.,,,"Strawberry Frost is an indica with flavors of earthy, strawberry, sweet.",Kushy cannabis-dataset|The Cannabis API (Piyush-Bhor)|WA I-502 state lab tests (dolthub/cannabis-testing-wa),0.65
strawberry ice,Strawberry Ice,,sativa,,,berry|strawberry|sweet,berry|strawberry|sweet,,thc,WA flower lots test around 18% THC on average.,,,"Strawberry Ice is a sativa with flavors of berry, strawberry, sweet.",Kushy cannabis-dataset|Lab terpene assays (analytical360/sclabs/psilabs via Terpene-Profile-Parser)|The Cannabis API (Piyush-Bhor)|WA I-502 state lab tests (dolthub/cannabis-testing-wa),0.65
strawberry lemonade,Strawberry Lemonade,,sativa,,,berry|lemon|strawberry,berry|lemon|strawberry|sweet,,thc,WA flower lots test around 19% THC on average.,,,"Strawberry Lemonade is a sativa with flavors of berry, lemon, strawberry.",Kushy cannabis-dataset|Lab terpene assays (analytical360/sclabs/psilabs via Terpene-Profile-Parser)|The Cannabis API (Piyush-Bhor)|WA I-502 state lab tests (dolthub/cannabis-testing-wa),0.65
strawberry mango haze,Strawberry Mango Haze,,sativa,,,mango|strawberry|sweet,mango|strawberry|sweet,,thc,WA flower lots test around 16% THC on average.,,,"Strawberry Mango Haze is a sativa with flavors of mango, strawberry, sweet.",Kushy cannabis-dataset|The Cannabis API (Piyush-Bhor)|WA I-502 state lab tests (dolthub/cannabis-testing-wa),0.65
strawberry milkshake,Strawberry Milkshake,,hybrid,,,berry|strawberry|sweet,berry|strawberry|sweet,,thc,WA flower lots test around 20% THC on average.,,Baked Genetics,"Strawberry Milkshake is a hybrid with flavors of berry, strawberry, sweet.",Kushy cannabis-dataset|The Cannabis API (Piyush-Bhor)|WA I-502 state lab tests (dolthub/cannabis-testing-wa),0.65
strawberry og,Strawberry Og,,hybrid,,,diesel|herbal|spicy,diesel|herbal|spicy|strawberry,,thc,WA flower lots test around 17% THC on average.,,The Cali Connection,"Strawberry Og is a hybrid with flavors of diesel, herbal, spicy.",Kushy cannabis-dataset|Lab terpene assays (analytical360/sclabs/psilabs via Terpene-Profile-Parser)|The Cannabis API (Piyush-Bhor)|WA I-502 state lab tests (dolthub/cannabis-testing-wa),0.65
strawberry-blondie,Strawberry-blondie,,hybrid,,,earthy|strawberry|sweet,earthy|strawberry|sweet,,thc,,,,"Strawberry-blondie is a hybrid with flavors of earthy, strawberry, sweet.",The Cannabis API (Piyush-Bhor),0.65
strawberry-durban-diesel,Strawberry-durban-diesel,,sativa,,,diesel|earthy|strawberry,diesel|earthy|strawberry,,thc,,,Loud Seeds,"Strawberry-durban-diesel is a sativa with flavors of diesel, earthy, strawberry.",Kushy cannabis-dataset|The Cannabis API (Piyush-Bhor),0.65
strawberry-satori,Strawberry-satori,,sativa,,,berry|grape|pungent,berry|grape|pungent|strawberry|sweet,,thc,,,,"Strawberry-satori is a sativa with flavors of berry, grape, pungent.",Kushy cannabis-dataset|The Cannabis API (Piyush-Bhor),0.65
sublime,Sublime,,sativa,,,earthy|floral|pine,earthy|floral|pine,,thc,,,,"Sublime is a sativa with flavors of earthy, floral, pine.",Kushy cannabis-dataset|Lab terpene assays (analytical360/sclabs/psilabs via Terpene-Profile-Parser)|The Cannabis API (Piyush-Bhor),0.65
sugar cookie,Sugar Cookie,,hybrid,,,earthy|sweet,earthy|sweet,,thc,WA flower lots test around 19% THC on average.,,,"Sugar Cookie is a hybrid with flavors of earthy, sweet.",Kushy cannabis-dataset|Lab terpene assays (analytical360/sclabs/psilabs via Terpene-Profile-Parser)|The Cannabis API (Piyush-Bhor)|WA I-502 state lab tests (dolthub/cannabis-testing-wa),0.65
sugar kush,Sugar Kush,,indica,,,earthy|pine|sweet,earthy|pine|sweet|woody,,thc,WA flower lots test around 14% THC on average.,,Dizzy Duck Seeds,"Sugar Kush is an indica with flavors of earthy, pine, sweet.",Kushy cannabis-dataset|Lab terpene assays (analytical360/sclabs/psilabs via Terpene-Profile-Parser)|The Cannabis API (Piyush-Bhor)|WA I-502 state lab tests (dolthub/cannabis-testing-wa),0.65
sugar mama,Sugar Mama,,indica,,,blueberry|citrus|sweet,blueberry|citrus|sweet|tropical,,thc,WA flower lots test around 18% THC on average.,,,"Sugar Mama is an indica with flavors of blueberry, citrus, sweet.",Kushy cannabis-dataset|The Cannabis API (Piyush-Bhor)|WA I-502 state lab tests (dolthub/cannabis-testing-wa),0.65
sugar punch,Sugar Punch,,hybrid,,,skunk|sweet|woody,skunk|sweet|woody,,thc,WA flower lots test around 18% THC on average.,,,"Sugar Punch is a hybrid with flavors of skunk, sweet, woody.",The Cannabis API (Piyush-Bhor)|WA I-502 state lab tests (dolthub/cannabis-testing-wa),0.65
sugar-shack,Sugar-shack,,hybrid,,,earthy|pine|sweet,earthy|pine|sweet,,thc,,,Prairie Pride Seeds,"Sugar-shack is a hybrid with flavors of earthy, pine, sweet.",Kushy cannabis-dataset|The Cannabis API (Piyush-Bhor),0.65
suicide girl,Suicide Girl,,hybrid,,,citrus|sweet,citrus|sweet,,thc,,,,"Suicide Girl is a hybrid with flavors of citrus, sweet.",Lab terpene assays (analytical360/sclabs/psilabs via Terpene-Profile-Parser)|The Cannabis API (Piyush-Bhor),0.65
summertime-squeeze,Summertime-squeeze,,sativa,,,earthy|herbal|spicy,earthy|herbal|spicy,,thc,,,,"Summertime-squeeze is a sativa with flavors of earthy, herbal, spicy.",Kushy cannabis-dataset|The Cannabis API (Piyush-Bhor),0.65
sumo-grande,Sumo-grande,,sativa,,,citrus|pine|sweet,citrus|pine|sweet,,thc,,,,"Sumo-grande is a sativa with flavors of citrus, pine, sweet.",Kushy cannabis-dataset|The Cannabis API (Piyush-Bhor),0.65
sumo-og-kush,Sumo-og-kush,,indica,,,diesel|earthy|pine,diesel|earthy|pine,,thc,,,,"Sumo-og-kush is an indica with flavors of diesel, earthy, pine.",The Cannabis API (Piyush-Bhor),0.65
sun-ra,Sun-ra,,sativa,,,citrus|earthy|sweet,citrus|earthy|sweet,,thc,,,Helping Hands Herbals,"Sun-ra is a sativa with flavors of citrus, earthy, sweet.",Kushy cannabis-dataset|The Cannabis API (Piyush-Bhor),0.65
sunburn,Sunburn,,sativa,,,citrus|earthy|sweet,citrus|earthy|sweet,,thc,,,Helping Hands Herbals,"Sunburn is a sativa with flavors of citrus, earthy, sweet.",Kushy cannabis-dataset|The Cannabis API (Piyush-Bhor),0.65
sunset-haze,Sunset-haze,,hybrid,,,citrus|floral|sweet,citrus|floral|sweet,,thc,,,,"Sunset-haze is a hybrid with flavors of citrus, floral, sweet.",The Cannabis API (Piyush-Bhor),0.65
sunshine,Sunshine,,sativa,,,citrus|sweet|herbal,citrus|sweet|herbal,,thc,WA flower lots test around 19% THC on average.,,,"Sunshine is a sativa with flavors of citrus, sweet, herbal.",Kushy cannabis-dataset|Lab terpene assays (analytical360/sclabs/psilabs via Terpene-Profile-Parser)|The Cannabis API (Piyush-Bhor)|WA I-502 state lab tests (dolthub/cannabis-testing-wa),0.65
sunshine daydream,Sunshine Daydream,,indica,,,blueberry|citrus|diesel,blueberry|citrus|diesel|floral|pungent|sweet,,thc,WA flower lots test around 22% THC on average.,,Bodhi Seeds,"Sunshine Daydream is an indica with flavors of blueberry, citrus, diesel.",Kushy cannabis-dataset|Lab terpene assays (analytical360/sclabs/psilabs via Terpene-Profile-Parser)|The Cannabis API (Piyush-Bhor)|WA I-502 state lab tests (dolthub/cannabis-testing-wa),0.65
sunshine-4,Sunshine-4,,hybrid,,,citrus|herbal|spicy,citrus|herbal|spicy|sweet,,thc,,,,"Sunshine-4 is a hybrid with flavors of citrus, herbal, spicy.",The Cannabis API (Piyush-Bhor),0.65
supa-don,Supa-don,,sativa,,,apricot|herbal|spicy,apricot|herbal|spicy|sweet,,thc,,,,"Supa-don is a sativa with flavors of apricot, herbal, spicy.",Kushy cannabis-dataset|The Cannabis API (Piyush-Bhor),0.65
super blue dream,Super Blue Dream,,hybrid,,,blueberry|sweet|herbal,blueberry|sweet|herbal,,thc,WA flower lots test around 23% THC on average.,,,"Super Blue Dream is a hybrid with flavors of blueberry, sweet, herbal.",Kushy cannabis-dataset|The Cannabis API (Piyush-Bhor)|WA I-502 state lab tests (dolthub/cannabis-testing-wa),0.65
super cat piss,Super Cat Piss,,sativa,,,coffee|lemon,coffee|lemon,,thc,WA flower lots test around 18% THC on average.,,,"Super Cat Piss is a sativa with flavors of coffee, lemon.",Kushy cannabis-dataset|The Cannabis API (Piyush-Bhor)|WA I-502 state lab tests (dolthub/cannabis-testing-wa),0.65
super cheese,Super Cheese,,indica,,,cheese|earthy,cheese|earthy,,thc,WA flower lots test around 14% THC on average.,,Positronics Seeds,"Super Cheese is an indica with flavors of cheese, earthy.",Kushy cannabis-dataset|The Cannabis API (Piyush-Bhor)|WA I-502 state lab tests (dolthub/cannabis-testing-wa),0.65
super g,Super G,,sativa,,,earthy|pine|pungent,earthy|pine|pungent,,thc,WA flower lots test around 19% THC on average.,,Bacchus,"Super G is a sativa with flavors of earthy, pine, pungent.",Kushy cannabis-dataset|Lab terpene assays (analytical360/sclabs/psilabs via Terpene-Profile-Parser)|The Cannabis API (Piyush-Bhor)|WA I-502 state lab tests (dolthub/cannabis-testing-wa),0.65
super green crack,Super Green Crack,,sativa,,,citrus|earthy|floral,citrus|earthy|floral|pungent,,thc,WA flower lots test around 17% THC on average.,,,"Super Green Crack is a sativa with flavors of citrus, earthy, floral.",Kushy cannabis-dataset|The Cannabis API (Piyush-Bhor)|WA I-502 state lab tests (dolthub/cannabis-testing-wa),0.65
super kush,Super Kush,,indica,,,earthy|floral|mint,earthy|floral|mint|pine,,thc,WA flower lots test around 19% THC on average.,,,"Super Kush is an indica with flavors of earthy, floral, mint.",Kushy cannabis-dataset|Lab terpene assays (analytical360/sclabs/psilabs via Terpene-Profile-Parser)|The Cannabis API (Piyush-Bhor)|WA I-502 state lab tests (dolthub/cannabis-testing-wa),0.65
super lemon og,Super Lemon Og,,hybrid,,,citrus|earthy|lemon,citrus|earthy|lemon,,thc,WA flower lots test around 21% THC on average.,,DNA Genetics,"Super Lemon Og is a hybrid with flavors of citrus, earthy, lemon.",Kushy cannabis-dataset|Lab terpene assays (analytical360/sclabs/psilabs via Terpene-Profile-Parser)|The Cannabis API (Piyush-Bhor)|WA I-502 state lab tests (dolthub/cannabis-testing-wa),0.65
super silver lights,Super Silver Lights,,hybrid,,,floral|pungent|sweet,floral|pungent|sweet,,thc,WA flower lots test around 19% THC on average.,,,"Super Silver Lights is a hybrid with flavors of floral, pungent, sweet.",The Cannabis API (Piyush-Bhor)|WA I-502 state lab tests (dolthub/cannabis-testing-wa),0.65
super snow dog,Super Snow Dog,,sativa,,,citrus|earthy|floral,citrus|earthy|floral,,thc,WA flower lots test around 16% THC on average.,,,"Super Snow Dog is a sativa with flavors of citrus, earthy, floral.",Kushy cannabis-dataset|The Cannabis API (Piyush-Bhor)|WA I-502 state lab tests (dolthub/cannabis-testing-wa),0.65
super sour diesel,Super Sour Diesel,,sativa,,,diesel|earthy|sweet,diesel|earthy|sweet,,thc,WA flower lots test around 16% THC on average.,,The King Klone Brand,"Super Sour Diesel is a sativa with flavors of diesel, earthy, sweet.",Kushy cannabis-dataset|Lab terpene assays (analytical360/sclabs/psilabs via Terpene-Profile-Parser)|The Cannabis API (Piyush-Bhor)|WA I-502 state lab tests (dolthub/cannabis-testing-wa),0.65
super sour og,Super Sour Og,,hybrid,,,citrus|lemon|sweet,citrus|lemon|sweet,,thc,WA flower lots test around 17% THC on average.,,Emerald Triangle,"Super Sour Og is a hybrid with flavors of citrus, lemon, sweet.",Kushy cannabis-dataset|Lab terpene assays (analytical360/sclabs/psilabs via Terpene-Profile-Parser)|The Cannabis API (Piyush-Bhor)|WA I-502 state lab tests (dolthub/cannabis-testing-wa),0.65
super sour skunk,Super Sour Skunk,,hybrid,,,citrus|diesel|earthy,citrus|diesel|earthy,,thc,WA flower lots test around 12% THC on average.,,HortiLab Seeds,"Super Sour Skunk is a hybrid with flavors of citrus, diesel, earthy.",Kushy cannabis-dataset|Lab terpene assays (analytical360/sclabs/psilabs via Terpene-Profile-Parser)|The Cannabis API (Piyush-Bhor)|WA I-502 state lab tests (dolthub/cannabis-testing-wa),0.65
super sour widow,Super Sour Widow,,hybrid,,,earthy|herbal|pungent,earthy|herbal|pungent|spicy,,thc,WA flower lots test around 21% THC on average.,,,"Super Sour Widow is a hybrid with flavors of earthy, herbal, pungent.",Kushy cannabis-dataset|The Cannabis API (Piyush-Bhor)|WA I-502 state lab tests (dolthub/cannabis-testing-wa),0.65
super sweet,Super Sweet,,hybrid,,,berry|honey|sweet,berry|honey|sweet,,thc,WA flower lots test around 20% THC on average.,,,"Super Sweet is a hybrid with flavors of berry, honey, sweet.",The Cannabis API (Piyush-Bhor)|WA I-502 state lab tests (dolthub/cannabis-testing-wa),0.65
super-chronic,Super-chronic,,indica,,,earthy|mint|pine,earthy|mint|pine,,thc,,,,"Super-chronic is an indica with flavors of earthy, mint, pine.",Kushy cannabis-dataset|The Cannabis API (Piyush-Bhor),0.65
supergirl,Supergirl,,indica,,,earthy|herbal|spicy,earthy|herbal|spicy|woody,,thc,WA flower lots test around 18% THC on average.,,,"Supergirl is an indica with flavors of earthy, herbal, spicy.",Kushy cannabis-dataset|The Cannabis API (Piyush-Bhor)|WA I-502 state lab tests (dolthub/cannabis-testing-wa),0.65
superglue,Superglue,,hybrid,,,earthy|pine|woody,earthy|pine|woody,,thc,WA flower lots test around 19% THC on average.,,Seedism,"Superglue is a hybrid with flavors of earthy, pine, woody.",Kushy cannabis-dataset|The Cannabis API (Piyush-Bhor)|WA I-502 state lab tests (dolthub/cannabis-testing-wa),0.65
superman og,Superman Og,,indica,,,earthy|pine|pungent,earthy|pine|pungent,,thc,WA flower lots test around 17% THC on average.,,,"Superman Og is an indica with flavors of earthy, pine, pungent.",Kushy cannabis-dataset|The Cannabis API (Piyush-Bhor)|WA I-502 state lab tests (dolthub/cannabis-testing-wa),0.65
supermax og,Supermax Og,,hybrid,,,diesel|pine|pungent,diesel|pine|pungent,,thc,WA flower lots test around 23% THC on average.,,,"Supermax Og is a hybrid with flavors of diesel, pine, pungent.",Kushy cannabis-dataset|The Cannabis API (Piyush-Bhor)|WA I-502 state lab tests (dolthub/cannabis-testing-wa),0.65
supernatural,Supernatural,,sativa,,,citrus|earthy|floral,citrus|earthy|floral,,thc,WA flower lots test around 20% THC on average.,,Exotic Genetix,"Supernatural is a sativa with flavors of citrus, earthy, floral.",Kushy cannabis-dataset|Lab terpene assays (analytical360/sclabs/psilabs via Terpene-Profile-Parser)|The Cannabis API (Piyush-Bhor)|WA I-502 state lab tests (dolthub/cannabis-testing-wa),0.65
supernova,Supernova,,hybrid,,,floral|pungent|sweet,floral|pungent|sweet,,thc,WA flower lots test around 16% THC on average.,,,"Supernova is a hybrid with flavors of floral, pungent, sweet.",The Cannabis API (Piyush-Bhor)|WA I-502 state lab tests (dolthub/cannabis-testing-wa),0.65
superstar,Superstar,,hybrid,,,blueberry|citrus|strawberry,blueberry|citrus|strawberry,,thc,WA flower lots test around 21% THC on average.,,Exotic Genetix,"Superstar is a hybrid with flavors of blueberry, citrus, strawberry.",Kushy cannabis-dataset|The Cannabis API (Piyush-Bhor)|WA I-502 state lab tests (dolthub/cannabis-testing-wa),0.65
swazi gold,Swazi Gold,,sativa,,,citrus|earthy|woody,citrus|earthy|woody,,thc,,,,"Swazi Gold is a sativa with flavors of citrus, earthy, woody.",Kushy cannabis-dataset|Lab terpene assays (analytical360/sclabs/psilabs via Terpene-Profile-Parser)|The Cannabis API (Piyush-Bhor),0.65
sweet baby jane,Sweet Baby Jane,,indica,,,citrus|pungent|sweet,citrus|pungent|sweet,,thc,WA flower lots test around 19% THC on average.,,,"Sweet Baby Jane is an indica with flavors of citrus, pungent, sweet.",Kushy cannabis-dataset|The Cannabis API (Piyush-Bhor)|WA I-502 state lab tests (dolthub/cannabis-testing-wa),0.65
sweet berry,Sweet Berry,,hybrid,,,berry|herbal|sweet,berry|herbal|sweet,,thc,WA flower lots test around 22% THC on average.,,,"Sweet Berry is a hybrid with flavors of berry, herbal, sweet.",Kushy cannabis-dataset|The Cannabis API (Piyush-Bhor)|WA I-502 state lab tests (dolthub/cannabis-testing-wa),0.65
sweet cheese,Sweet Cheese,,sativa,,,cheese|pungent|sweet,cheese|pungent|sweet,,thc,WA flower lots test around 18% THC on average.,,Sweet Seeds,"Sweet Cheese is a sativa with flavors of cheese, pungent, sweet.",Kushy cannabis-dataset|Lab terpene assays (analytical360/sclabs/psilabs via Terpene-Profile-Parser)|The Cannabis API (Piyush-Bhor)|WA I-502 state lab tests (dolthub/cannabis-testing-wa),0.65
sweet deep grapefruit,Sweet Deep Grapefruit,,indica,,,citrus|sweet,citrus|sweet,,thc,WA flower lots test around 18% THC on average.,,Dinafem Seeds,"Sweet Deep Grapefruit is an indica with flavors of citrus, sweet.",Kushy cannabis-dataset|The Cannabis API (Piyush-Bhor)|WA I-502 state lab tests (dolthub/cannabis-testing-wa),0.65
sweet diesel,Sweet Diesel,,sativa,,,diesel|sweet|woody,diesel|sweet|woody,,thc,WA flower lots test around 21% THC on average.,,,"Sweet Diesel is a sativa with flavors of diesel, sweet, woody.",Kushy cannabis-dataset|Lab terpene assays (analytical360/sclabs/psilabs via Terpene-Profile-Parser)|The Cannabis API (Piyush-Bhor)|WA I-502 state lab tests (dolthub/cannabis-testing-wa),0.65
sweet dream,Sweet Dream,,hybrid,,,berry|earthy|pungent,berry|earthy|pungent,,thc,WA flower lots test around 25% THC on average.,,,"Sweet Dream is a hybrid with flavors of berry, earthy, pungent.",The Cannabis API (Piyush-Bhor)|WA I-502 state lab tests (dolthub/cannabis-testing-wa),0.65
sweet dreams,Sweet Dreams,,hybrid,,,earthy|pungent|skunk,earthy|pungent|skunk,,thc,WA flower lots test around 20% THC on average.,,K.C. Brains,"Sweet Dreams is a hybrid with flavors of earthy, pungent, skunk.",Kushy cannabis-dataset|The Cannabis API (Piyush-Bhor)|WA I-502 state lab tests (dolthub/cannabis-testing-wa),0.65
sweet jane,Sweet Jane,,sativa,,,citrus|floral|sweet,citrus|floral|sweet,,thc,WA flower lots test around 17% THC on average.,,,"Sweet Jane is a sativa with flavors of citrus, floral, sweet.",Kushy cannabis-dataset|The Cannabis API (Piyush-Bhor)|WA I-502 state lab tests (dolthub/cannabis-testing-wa),0.65
sweet kush,Sweet Kush,,hybrid,,,citrus|floral|sweet,citrus|floral|sweet,,thc,WA flower lots test around 17% THC on average.,,,"Sweet Kush is a hybrid with flavors of citrus, floral, sweet.",Kushy cannabis-dataset|The Cannabis API (Piyush-Bhor)|WA I-502 state lab tests (dolthub/cannabis-testing-wa),0.65
sweet pebbles,Sweet Pebbles,,hybrid,,,berry|citrus|sweet,berry|citrus|sweet,,thc,WA flower lots test around 19% THC on average.,,,"Sweet Pebbles is a hybrid with flavors of berry, citrus, sweet.",Lab terpene assays (analytical360/sclabs/psilabs via Terpene-Profile-Parser)|The Cannabis API (Piyush-Bhor)|WA I-502 state lab tests (dolthub/cannabis-testing-wa),0.65
sweet skunk,Sweet Skunk,,hybrid,,,citrus|herbal|mint,citrus|herbal|mint|spicy,,thc,WA flower lots test around 21% THC on average.,,Spice of Life Seeds,"Sweet Skunk is a hybrid with flavors of citrus, herbal, mint.",Kushy cannabis-dataset|Lab terpene assays (analytical360/sclabs/psilabs via Terpene-Profile-Parser)|The Cannabis API (Piyush-Bhor)|WA I-502 state lab tests (dolthub/cannabis-testing-wa),0.65
sweet-harlem-diesel,Sweet-harlem-diesel,,hybrid,,,diesel|apple|sweet,diesel|apple|sweet,,thc,,,,"Sweet-harlem-diesel is a hybrid with flavors of diesel, apple, sweet.",The Cannabis API (Piyush-Bhor),0.65
sweet-lafayette,Sweet-lafayette,,indica,,,citrus|earthy|pine,citrus|earthy|pine,,thc,,,Nine Point Growth Industries,"Sweet-lafayette is an indica with flavors of citrus, earthy, pine.",Kushy cannabis-dataset|The Cannabis API (Piyush-Bhor),0.65
sweet-nina,Sweet-nina,,hybrid,,,diesel|skunk|earthy,diesel|skunk|earthy,,thc,,,,"Sweet-nina is a hybrid with flavors of diesel, skunk, earthy.",The Cannabis API (Piyush-Bhor),0.65
swiss,Swiss,,indica,,,pungent|berry,pungent|berry,,thc,,,,"Swiss is an indica with flavors of pungent, berry.",The Cannabis API (Piyush-Bhor),0.65
swiss bliss,Swiss Bliss,,hybrid,,,citrus|earthy|sweet,citrus|earthy|sweet,,thc,WA flower lots test around 15% THC on average.,,Paradise Seeds,"Swiss Bliss is a hybrid with flavors of citrus, earthy, sweet.",Kushy cannabis-dataset|The Cannabis API (Piyush-Bhor)|WA I-502 state lab tests (dolthub/cannabis-testing-wa),0.65
swiss gold,Swiss Gold,,sativa,,,berry|citrus|diesel,berry|citrus|diesel,,thc,WA flower lots test around 2% THC on average.,,,"Swiss Gold is a sativa with flavors of berry, citrus, diesel.",Kushy cannabis-dataset|Lab terpene assays (analytical360/sclabs/psilabs via Terpene-Profile-Parser)|The Cannabis API (Piyush-Bhor)|WA I-502 state lab tests (dolthub/cannabis-testing-wa),0.65
swiss indica,Swiss Indica,,hybrid,,,pungent|berry,pungent|berry,,thc,,,,"Swiss Indica is a hybrid with flavors of pungent, berry.",Kushy cannabis-dataset,0.65
swiss tsunami,Swiss Tsunami,,sativa,,,citrus|earthy|orange,citrus|earthy|orange,,thc,WA flower lots test around 10% THC on average.,,,"Swiss Tsunami is a sativa with flavors of citrus, earthy, orange.",Kushy cannabis-dataset|The Cannabis API (Piyush-Bhor)|WA I-502 state lab tests (dolthub/cannabis-testing-wa),0.65
tahoe alien,Tahoe Alien,,hybrid,,,diesel|pine|skunk,diesel|pine|skunk,,thc,WA flower lots test around 22% THC on average.,,Alien Genetics,"Tahoe Alien is a hybrid with flavors of diesel, pine, skunk.",Kushy cannabis-dataset|Lab terpene assays (analytical360/sclabs/psilabs via Terpene-Profile-Parser)|The Cannabis API (Piyush-Bhor)|WA I-502 state lab tests (dolthub/cannabis-testing-wa),0.65
tahoe purps,Tahoe Purps,,indica,,,citrus|earthy|woody,citrus|earthy|woody,,thc,WA flower lots test around 17% THC on average.,,,"Tahoe Purps is an indica with flavors of citrus, earthy, woody.",The Cannabis API (Piyush-Bhor)|WA I-502 state lab tests (dolthub/cannabis-testing-wa),0.65
tahoe-hydro-champagne,Tahoe-hydro-champagne,,hybrid,,,citrus|sweet,citrus|sweet,,thc,,,,"Tahoe-hydro-champagne is a hybrid with flavors of citrus, sweet.",The Cannabis API (Piyush-Bhor),0.65
tahoe-hydro-og,Tahoe-hydro-og,,hybrid,,,earthy|pine|pungent,earthy|pine|pungent,,thc,,,,"Tahoe-hydro-og is a hybrid with flavors of earthy, pine, pungent.",The Cannabis API (Piyush-Bhor),0.65
taliban-poison,Taliban-poison,,indica,,,diesel|pine|skunk,diesel|pine|skunk,,thc,,,,"Taliban-poison is an indica with flavors of diesel, pine, skunk.",Kushy cannabis-dataset|The Cannabis API (Piyush-Bhor),0.65
tangelo,Tangelo,,hybrid,,,citrus|earthy|sweet,citrus|earthy|sweet,,thc,WA flower lots test around 20% THC on average.,,,"Tangelo is a hybrid with flavors of citrus, earthy, sweet.",The Cannabis API (Piyush-Bhor)|WA I-502 state lab tests (dolthub/cannabis-testing-wa),0.65
tangelo-kush,Tangelo-kush,,hybrid,,,citrus|lemon|peach,citrus|lemon|peach,,thc,,,,"Tangelo-kush is a hybrid with flavors of citrus, lemon, peach.",Kushy cannabis-dataset|The Cannabis API (Piyush-Bhor),0.65
tangerine,Tangerine,,hybrid,,,citrus|orange|sweet,citrus|orange|sweet,,thc,WA flower lots test around 18% THC on average.,,Juan Moore,"Tangerine is a hybrid with flavors of citrus, orange, sweet.",Kushy cannabis-dataset|Lab terpene assays (analytical360/sclabs/psilabs via Terpene-Profile-Parser)|The Cannabis API (Piyush-Bhor)|WA I-502 state lab tests (dolthub/cannabis-testing-wa),0.65
tangerine haze,Tangerine Haze,,hybrid,,,citrus|orange|sweet,citrus|orange|sweet,,thc,WA flower lots test around 21% THC on average.,,,"Tangerine Haze is a hybrid with flavors of citrus, orange, sweet.",Kushy cannabis-dataset|Lab terpene assays (analytical360/sclabs/psilabs via Terpene-Profile-Parser)|The Cannabis API (Piyush-Bhor)|WA I-502 state lab tests (dolthub/cannabis-testing-wa),0.65
tangerine kush,Tangerine Kush,,indica,,,citrus|orange|sweet,citrus|orange|sweet|tropical,,thc,WA flower lots test around 21% THC on average.,,Rare Dankness Seeds,"Tangerine Kush is an indica with flavors of citrus, orange, sweet.",Kushy cannabis-dataset|The Cannabis API (Piyush-Bhor)|WA I-502 state lab tests (dolthub/cannabis-testing-wa),0.65
tangerine sunrise,Tangerine Sunrise,,sativa,,,citrus|orange|herbal,citrus|orange|herbal|woody,,thc,WA flower lots test around 20% THC on average.,,,"Tangerine Sunrise is a sativa with flavors of citrus, orange, herbal.",Kushy cannabis-dataset|The Cannabis API (Piyush-Bhor)|WA I-502 state lab tests (dolthub/cannabis-testing-wa),0.65
tangerine-man,Tangerine-man,,sativa,,,citrus|orange|pungent,citrus|orange|pungent,,thc,,,,"Tangerine-man is a sativa with flavors of citrus, orange, pungent.",Kushy cannabis-dataset|The Cannabis API (Piyush-Bhor),0.65
tangerine-trainwreck-haze,Tangerine-trainwreck-haze,,sativa,,,citrus|orange|sweet,citrus|orange|sweet,,thc,,,,"Tangerine-trainwreck-haze is a sativa with flavors of citrus, orange, sweet.",Kushy cannabis-dataset|The Cannabis API (Piyush-Bhor),0.65
tangie dream,Tangie Dream,,hybrid,,,citrus|orange|sweet,citrus|orange|sweet,,thc,,,,"Tangie Dream is a hybrid with flavors of citrus, orange, sweet.",Lab terpene assays (analytical360/sclabs/psilabs via Terpene-Profile-Parser)|The Cannabis API (Piyush-Bhor),0.65
tangie ghost train,Tangie Ghost Train,,sativa,,,citrus|orange|pungent,citrus|orange|pungent|sweet,,thc,,,,"Tangie Ghost Train is a sativa with flavors of citrus, orange, pungent.",Kushy cannabis-dataset|Lab terpene assays (analytical360/sclabs/psilabs via Terpene-Profile-Parser)|The Cannabis API (Piyush-Bhor),0.65
tangier-chilly,Tangier-chilly,,hybrid,,,citrus|orange|pine,citrus|orange|pine,,thc,,,,"Tangier-chilly is a hybrid with flavors of citrus, orange, pine.",The Cannabis API (Piyush-Bhor),0.65
tangilope,Tangilope,,sativa,,,citrus|orange|sweet,citrus|orange|sweet|tropical,,thc,WA flower lots test around 17% THC on average.,,DNA Genetics,"Tangilope is a sativa with flavors of citrus, orange, sweet.",Kushy cannabis-dataset|Lab terpene assays (analytical360/sclabs/psilabs via Terpene-Profile-Parser)|The Cannabis API (Piyush-Bhor)|WA I-502 state lab tests (dolthub/cannabis-testing-wa),0.65
tango kush,Tango Kush,,hybrid,,,citrus|mango|sweet,citrus|mango|sweet,,thc,WA flower lots test around 15% THC on average.,,,"Tango Kush is a hybrid with flavors of citrus, mango, sweet.",The Cannabis API (Piyush-Bhor)|WA I-502 state lab tests (dolthub/cannabis-testing-wa),0.65
tardis,Tardis,,sativa,,,diesel|earthy|herbal,diesel|earthy|herbal|spicy|sweet,,thc,WA flower lots test around 24% THC on average.,,Homegrown Natural Wonders,"Tardis is a sativa with flavors of diesel, earthy, herbal.",Kushy cannabis-dataset|The Cannabis API (Piyush-Bhor)|WA I-502 state lab tests (dolthub/cannabis-testing-wa),0.65
tembo-kush,Tembo-kush,,hybrid,,,berry|earthy|sweet,berry|earthy|sweet,,thc,,,Buds Pasco,"Tembo-kush is a hybrid with flavors of berry, earthy, sweet.",Kushy cannabis-dataset|The Cannabis API (Piyush-Bhor),0.65
terminator og,Terminator Og,,indica,,,pine|floral|sweet,pine|floral|sweet,,thc,WA flower lots test around 16% THC on average.,,,"Terminator Og is an indica with flavors of pine, floral, sweet.",Kushy cannabis-dataset|Lab terpene assays (analytical360/sclabs/psilabs via Terpene-Profile-Parser)|The Cannabis API (Piyush-Bhor)|WA I-502 state lab tests (dolthub/cannabis-testing-wa),0.65
tesla,Tesla,,hybrid,,,peppery|sweet|tropical,peppery|sweet|tropical,,thc,WA flower lots test around 8% THC on average.,,Alpha Kronik Genes,"Tesla is a hybrid with flavors of peppery, sweet, tropical.",Kushy cannabis-dataset|The Cannabis API (Piyush-Bhor)|WA I-502 state lab tests (dolthub/cannabis-testing-wa),0.65
tesla tower,Tesla Tower,,sativa,,,berry|peppery|sweet,berry|peppery|sweet,,thc,WA flower lots test around 19% THC on average.,,,"Tesla Tower is a sativa with flavors of berry, peppery, sweet.",Kushy cannabis-dataset|The Cannabis API (Piyush-Bhor)|WA I-502 state lab tests (dolthub/cannabis-testing-wa),0.65
thai girl,Thai Girl,,hybrid,,,citrus|sweet|tropical,citrus|sweet|tropical,,thc,WA flower lots test around 19% THC on average.,,Top Dawg Seeds,"Thai Girl is a hybrid with flavors of citrus, sweet, tropical.",Kushy cannabis-dataset|Lab terpene assays (analytical360/sclabs/psilabs via Terpene-Profile-Parser)|The Cannabis API (Piyush-Bhor)|WA I-502 state lab tests (dolthub/cannabis-testing-wa),0.65
thai haze,Thai Haze,,sativa,,,peppery|pine|sweet,peppery|pine|sweet,,thc,WA flower lots test around 25% THC on average.,,,"Thai Haze is a sativa with flavors of peppery, pine, sweet.",Kushy cannabis-dataset|Lab terpene assays (analytical360/sclabs/psilabs via Terpene-Profile-Parser)|The Cannabis API (Piyush-Bhor)|WA I-502 state lab tests (dolthub/cannabis-testing-wa),0.65
thai lights,Thai Lights,,hybrid,,,earthy|herbal|pine,earthy|herbal|pine|spicy,,thc,WA flower lots test around 17% THC on average.,,Dr. Atomic,"Thai Lights is a hybrid with flavors of earthy, herbal, pine.",Kushy cannabis-dataset|The Cannabis API (Piyush-Bhor)|WA I-502 state lab tests (dolthub/cannabis-testing-wa),0.65
thai tanic,Thai Tanic,,sativa,,,earthy|sweet|woody,earthy|sweet|woody,,thc,WA flower lots test around 19% THC on average.,,Dutch Passion Seed Company,"Thai Tanic is a sativa with flavors of earthy, sweet, woody.",Kushy cannabis-dataset|The Cannabis API (Piyush-Bhor)|WA I-502 state lab tests (dolthub/cannabis-testing-wa),0.65
the big dirty,The Big Dirty,,hybrid,,,earthy|lemon,earthy|lemon,,thc,WA flower lots test around 17% THC on average.,,,"The Big Dirty is a hybrid with flavors of earthy, lemon.",The Cannabis API (Piyush-Bhor)|WA I-502 state lab tests (dolthub/cannabis-testing-wa),0.65
the black,The Black,,indica,,,earthy|sweet|woody,earthy|sweet|woody,,thc,WA flower lots test around 20% THC on average.,,,"The Black is an indica with flavors of earthy, sweet, woody.",Kushy cannabis-dataset|Lab terpene assays (analytical360/sclabs/psilabs via Terpene-Profile-Parser)|The Cannabis API (Piyush-Bhor)|WA I-502 state lab tests (dolthub/cannabis-testing-wa),0.65
the cough,The Cough,,sativa,,,citrus|pine|pungent,citrus|pine|pungent,,thc,WA flower lots test around 25% THC on average.,,,"The Cough is a sativa with flavors of citrus, pine, pungent.",Kushy cannabis-dataset|The Cannabis API (Piyush-Bhor)|WA I-502 state lab tests (dolthub/cannabis-testing-wa),0.65
the doctor,The Doctor,,indica,,,citrus|earthy|sweet,citrus|earthy|sweet,,thc,WA flower lots test around 16% THC on average.,,Green House Seed Co.,"The Doctor is an indica with flavors of citrus, earthy, sweet.",Kushy cannabis-dataset|The Cannabis API (Piyush-Bhor)|WA I-502 state lab tests (dolthub/cannabis-testing-wa),0.65
the grunk,The Grunk,,hybrid,,,grape|skunk|sweet,grape|skunk|sweet,,thc,WA flower lots test around 21% THC on average.,,,"The Grunk is a hybrid with flavors of grape, skunk, sweet.",The Cannabis API (Piyush-Bhor)|WA I-502 state lab tests (dolthub/cannabis-testing-wa),0.65
the hog,The Hog,,hybrid,,,earthy|sweet,earthy|sweet,,thc,,,T.H.Seeds,"The Hog is a hybrid with flavors of earthy, sweet.",Kushy cannabis-dataset|Lab terpene assays (analytical360/sclabs/psilabs via Terpene-Profile-Parser),0.65
the ox,The Ox,,indica,,,berry|citrus|coffee,berry|citrus|coffee|sweet,,thc,WA flower lots test around 20% THC on average.,,Rare Dankness Seeds,"The Ox is an indica with flavors of berry, citrus, coffee.",Kushy cannabis-dataset|Lab terpene assays (analytical360/sclabs/psilabs via Terpene-Profile-Parser)|The Cannabis API (Piyush-Bhor)|WA I-502 state lab tests (dolthub/cannabis-testing-wa),0.65
the remedy,The Remedy,,hybrid,,myrcene,earthy|musky|herbal|hoppy,,myrcene|humulene|caryophyllene,thc,,,,The Remedy is a hybrid with Myrcene-forward terpene profile.,Lab terpene assays (analytical360/sclabs/psilabs via Terpene-Profile-Parser),0.65
the sauce,The Sauce,,hybrid,,,citrus|earthy|sweet,citrus|earthy|sweet,,thc,WA flower lots test around 20% THC on average.,,Exotic Genetix,"The Sauce is a hybrid with flavors of citrus, earthy, sweet.",Kushy cannabis-dataset|Lab terpene assays (analytical360/sclabs/psilabs via Terpene-Profile-Parser)|The Cannabis API (Piyush-Bhor)|WA I-502 state lab tests (dolthub/cannabis-testing-wa),0.65
the third dimension,The Third Dimension,,hybrid,,,diesel|citrus|earthy,diesel|citrus|earthy,,thc,WA flower lots test around 16% THC on average.,,TGA Seeds,"The Third Dimension is a hybrid with flavors of diesel, citrus, earthy.",Kushy cannabis-dataset|The Cannabis API (Piyush-Bhor)|WA I-502 state lab tests (dolthub/cannabis-testing-wa),0.65
the truth,The Truth,,hybrid,,,berry|earthy|woody,berry|earthy|woody,,thc,WA flower lots test around 18% THC on average.,,California Breeders Association,"The Truth is a hybrid with flavors of berry, earthy, woody.",Kushy cannabis-dataset|Lab terpene assays (analytical360/sclabs/psilabs via Terpene-Profile-Parser)|The Cannabis API (Piyush-Bhor)|WA I-502 state lab tests (dolthub/cannabis-testing-wa),0.65
the void,The Void,,hybrid,,,floral|grape|sweet,floral|grape|sweet,,thc,WA flower lots test around 20% THC on average.,,TGA Seeds,"The Void is a hybrid with flavors of floral, grape, sweet.",Kushy cannabis-dataset|Lab terpene assays (analytical360/sclabs/psilabs via Terpene-Profile-Parser)|The Cannabis API (Piyush-Bhor)|WA I-502 state lab tests (dolthub/cannabis-testing-wa),0.65
the white angel,The White Angel,,hybrid,,,diesel|pine|pungent,diesel|pine|pungent,,thc,,,,"The White Angel is a hybrid with flavors of diesel, pine, pungent.",Lab terpene assays (analytical360/sclabs/psilabs via Terpene-Profile-Parser)|The Cannabis API (Piyush-Bhor),0.65
the wills,The Wills,,hybrid,,,pine|pungent|woody,pine|pungent|woody,,thc,,,,"The Wills is a hybrid with flavors of pine, pungent, woody.",Lab terpene assays (analytical360/sclabs/psilabs via Terpene-Profile-Parser)|The Cannabis API (Piyush-Bhor),0.65
the-blintz,The-blintz,,hybrid,,,earthy|floral|pungent,earthy|floral|pungent,,thc,,,Terraform Genetics,"The-blintz is a hybrid with flavors of earthy, floral, pungent.",Kushy cannabis-dataset|The Cannabis API (Piyush-Bhor),0.65
the-blood,The-blood,,sativa,,,earthy|pungent|tropical,earthy|pungent|tropical,,thc,,,,"The-blood is a sativa with flavors of earthy, pungent, tropical.",Kushy cannabis-dataset|The Cannabis API (Piyush-Bhor),0.65
the-brotherhood,The-brotherhood,,hybrid,,,coffee|earthy|sweet,coffee|earthy|sweet,,thc,,,,"The-brotherhood is a hybrid with flavors of coffee, earthy, sweet.",The Cannabis API (Piyush-Bhor),0.65
the-gift,The-gift,,hybrid,,,earthy|sweet,earthy|sweet,,thc,,,,"The-gift is a hybrid with flavors of earthy, sweet.",The Cannabis API (Piyush-Bhor),0.65
the-one,The-one,,hybrid,,,diesel|pine|pungent,diesel|pine|pungent,,thc,,,,"The-one is a hybrid with flavors of diesel, pine, pungent.",Kushy cannabis-dataset|The Cannabis API (Piyush-Bhor),0.65
the-ooze,The-ooze,,indica,,,apple|herbal|spicy,apple|herbal|spicy|sweet,,thc,,,GREENLIFE Seeds,"The-ooze is an indica with flavors of apple, herbal, spicy.",Kushy cannabis-dataset|The Cannabis API (Piyush-Bhor),0.65
the-sheriff,The-sheriff,,hybrid,,,earthy|woody,earthy|woody,,thc,,,,"The-sheriff is a hybrid with flavors of earthy, woody.",The Cannabis API (Piyush-Bhor),0.65
the-sister,The-sister,,indica,,,citrus|diesel|skunk,citrus|diesel|skunk|sweet,,thc,,,,"The-sister is an indica with flavors of citrus, diesel, skunk.",Kushy cannabis-dataset|The Cannabis API (Piyush-Bhor),0.65
the-wife,The-wife,,hybrid,,,lemon|sweet,lemon|sweet,,thc,,,303 Seeds,"The-wife is a hybrid with flavors of lemon, sweet.",Kushy cannabis-dataset|The Cannabis API (Piyush-Bhor),0.65
thelonious-skunk,Thelonious-skunk,,hybrid,,,citrus|herbal|skunk,citrus|herbal|skunk|spicy,,thc,,,,"Thelonious-skunk is a hybrid with flavors of citrus, herbal, skunk.",The Cannabis API (Piyush-Bhor),0.65
thin mint girl scout cookie,Thin Mint Girl Scout Cookie,,hybrid,,humulene,hoppy|earthy|woody|peppery,,humulene|caryophyllene,thc,,,,Thin Mint Girl Scout Cookie is a hybrid with Humulene-forward terpene profile.,Lab terpene assays (analytical360/sclabs/psilabs via Terpene-Profile-Parser),0.65
thin mint girl scout cookies,Thin Mint Girl Scout Cookies,,hybrid,,humulene,hoppy|earthy|woody|peppery,,humulene|caryophyllene|pinene,thc,,,,Thin Mint Girl Scout Cookies is a hybrid with Humulene-forward terpene profile.,Lab terpene assays (analytical360/sclabs/psilabs via Terpene-Profile-Parser),0.65
think-different,Think-different,,hybrid,,,floral|lemon|sweet,floral|lemon|sweet,,thc,,,,"Think-different is a hybrid with flavors of floral, lemon, sweet.",The Cannabis API (Piyush-Bhor),0.65
thors-hammer,Thors-hammer,,sativa,,,mint|pungent|sweet,mint|pungent|sweet,,thc,,,SnowHigh Seeds,"Thors-hammer is a sativa with flavors of mint, pungent, sweet.",Kushy cannabis-dataset|The Cannabis API (Piyush-Bhor),0.65
throwback-kush,Throwback-kush,,indica,,,earthy|woody,earthy|woody,,thc,,,Exotic Genetix,"Throwback-kush is an indica with flavors of earthy, woody.",Kushy cannabis-dataset|The Cannabis API (Piyush-Bhor),0.65
thunderbird-rose,Thunderbird-rose,,sativa,,,earthy|floral|sweet,earthy|floral|sweet,,thc,,,,"Thunderbird-rose is a sativa with flavors of earthy, floral, sweet.",Kushy cannabis-dataset|The Cannabis API (Piyush-Bhor),0.65
thunderstruck,Thunderstruck,,sativa,,,earthy|pine|sweet,earthy|pine|sweet|tropical,,thc,WA flower lots test around 8% THC on average.,,,"Thunderstruck is a sativa with flavors of earthy, pine, sweet.",Kushy cannabis-dataset|The Cannabis API (Piyush-Bhor)|WA I-502 state lab tests (dolthub/cannabis-testing-wa),0.65
tickle-kush,Tickle-kush,,hybrid,,,apple|berry|herbal,apple|berry|herbal|spicy,,thc,,,,"Tickle-kush is a hybrid with flavors of apple, berry, herbal.",The Cannabis API (Piyush-Bhor),0.65
tiger-woods,Tiger-woods,,hybrid,,,floral|pungent|sweet,floral|pungent|sweet,,thc,,,,"Tiger-woods is a hybrid with flavors of floral, pungent, sweet.",Kushy cannabis-dataset|The Cannabis API (Piyush-Bhor),0.65
tigermelon,Tigermelon,,indica,,,nutty|citrus|herbal,nutty|citrus|herbal|spicy|sweet,,thc,,,,"Tigermelon is an indica with flavors of nutty, citrus, herbal.",Kushy cannabis-dataset|The Cannabis API (Piyush-Bhor),0.65
tigers milk,Tigers Milk,,indica,,,earthy|floral|pungent,earthy|floral|pungent,,thc,,,Bodhi Seeds,"Tigers Milk is an indica with flavors of earthy, floral, pungent.",Kushy cannabis-dataset|Lab terpene assays (analytical360/sclabs/psilabs via Terpene-Profile-Parser)|The Cannabis API (Piyush-Bhor),0.65
tillamook strawberry,Tillamook Strawberry,,hybrid,,,berry|strawberry|sweet,berry|strawberry|sweet,,thc,WA flower lots test around 20% THC on average.,,Alpha Kronik Genes,"Tillamook Strawberry is a hybrid with flavors of berry, strawberry, sweet.",Kushy cannabis-dataset|The Cannabis API (Piyush-Bhor)|WA I-502 state lab tests (dolthub/cannabis-testing-wa),0.65
tina danza,Tina Danza,,hybrid,,,earthy|lemon|pine,earthy|lemon|pine,,thc,WA flower lots test around 25% THC on average.,,Swamp Boys Seeds,"Tina Danza is a hybrid with flavors of earthy, lemon, pine.",Kushy cannabis-dataset|The Cannabis API (Piyush-Bhor)|WA I-502 state lab tests (dolthub/cannabis-testing-wa),0.65
titans-haze,Titans-haze,,sativa,,,herbal|pungent|skunk,herbal|pungent|skunk|spicy,,thc,,,,"Titans-haze is a sativa with flavors of herbal, pungent, skunk.",The Cannabis API (Piyush-Bhor),0.65
tjs-cbd,Tjs-cbd,,hybrid,,,earthy|pungent|woody,earthy|pungent|woody,,thc,,,,"Tjs-cbd is a hybrid with flavors of earthy, pungent, woody.",The Cannabis API (Piyush-Bhor),0.65
tokyo og,Tokyo Og,,hybrid,,,lemon|pine|sweet,lemon|pine|sweet,,thc,,,,"Tokyo Og is a hybrid with flavors of lemon, pine, sweet.",Kushy cannabis-dataset|Lab terpene assays (analytical360/sclabs/psilabs via Terpene-Profile-Parser)|The Cannabis API (Piyush-Bhor),0.65
tommys-home-grown,Tommys-home-grown,,hybrid,,,earthy|herbal|spicy,earthy|herbal|spicy|tropical,,thc,,,,"Tommys-home-grown is a hybrid with flavors of earthy, herbal, spicy.",The Cannabis API (Piyush-Bhor),0.65
toxic,Toxic,,hybrid,,,earthy|floral,earthy|floral,,thc,,,Ripper Seeds,"Toxic is a hybrid with flavors of earthy, floral.",Kushy cannabis-dataset|The Cannabis API (Piyush-Bhor),0.65
toxic-punch,Toxic-punch,,hybrid,,,berry|citrus|pine,berry|citrus|pine,,thc,,,,"Toxic-punch is a hybrid with flavors of berry, citrus, pine.",The Cannabis API (Piyush-Bhor),0.65
training day,Training Day,,indica,,,diesel|citrus|earthy,diesel|citrus|earthy|pine,,thc,WA flower lots test around 20% THC on average.,,DNA Genetics,"Training Day is an indica with flavors of diesel, citrus, earthy.",Kushy cannabis-dataset|Lab terpene assays (analytical360/sclabs/psilabs via Terpene-Profile-Parser)|The Cannabis API (Piyush-Bhor)|WA I-502 state lab tests (dolthub/cannabis-testing-wa),0.65
tranquil-elephantizer-remix,Tranquil-elephantizer-remix,,indica,,,berry|earthy|peppery,berry|earthy|peppery|sweet,,thc,,,Bodhi Seeds,"Tranquil-elephantizer-remix is an indica with flavors of berry, earthy, peppery.",Kushy cannabis-dataset|The Cannabis API (Piyush-Bhor),0.65
trash,Trash,,hybrid,,,diesel|pungent|skunk,diesel|pungent|skunk,,thc,WA flower lots test around 21% THC on average.,,Holistic Healing Collective,"Trash is a hybrid with flavors of diesel, pungent, skunk.",Kushy cannabis-dataset|The Cannabis API (Piyush-Bhor)|WA I-502 state lab tests (dolthub/cannabis-testing-wa),0.65
travel-joint,Travel-joint,,hybrid,,,earthy|lemon|citrus,earthy|lemon|citrus,,thc,,,,"Travel-joint is a hybrid with flavors of earthy, lemon, citrus.",The Cannabis API (Piyush-Bhor),0.65
treasure island,Treasure Island,,hybrid,,,floral|herbal|peppery,floral|herbal|peppery|spicy,,thc,WA flower lots test around 5% THC on average.,,Sin City Seeds,"Treasure Island is a hybrid with flavors of floral, herbal, peppery.",Kushy cannabis-dataset|The Cannabis API (Piyush-Bhor)|WA I-502 state lab tests (dolthub/cannabis-testing-wa),0.65
tree of life,Tree Of Life,,hybrid,,,earthy|herbal|spicy,earthy|herbal|spicy|woody,,thc,WA flower lots test around 18% THC on average.,,Bodhi Seeds,"Tree Of Life is a hybrid with flavors of earthy, herbal, spicy.",Kushy cannabis-dataset|The Cannabis API (Piyush-Bhor)|WA I-502 state lab tests (dolthub/cannabis-testing-wa),0.65
trident,Trident,,hybrid,,,citrus|pungent|sweet,citrus|pungent|sweet,,thc,WA flower lots test around 0% THC on average.,,,"Trident is a hybrid with flavors of citrus, pungent, sweet.",Kushy cannabis-dataset|The Cannabis API (Piyush-Bhor)|WA I-502 state lab tests (dolthub/cannabis-testing-wa),0.65
triple c blueberry,Triple C Blueberry,,hybrid,,myrcene,earthy|musky|herbal|peppery,,myrcene|caryophyllene|pinene,thc,,,,Triple C Blueberry is a hybrid with Myrcene-forward terpene profile.,Lab terpene assays (analytical360/sclabs/psilabs via Terpene-Profile-Parser),0.65
triple cheese,Triple Cheese,,indica,,,cheese|earthy|pungent,cheese|earthy|pungent,,thc,WA flower lots test around 19% THC on average.,,,"Triple Cheese is an indica with flavors of cheese, earthy, pungent.",Lab terpene assays (analytical360/sclabs/psilabs via Terpene-Profile-Parser)|The Cannabis API (Piyush-Bhor)|WA I-502 state lab tests (dolthub/cannabis-testing-wa),0.65
triple-diesel,Triple-diesel,,sativa,,,diesel|earthy|sweet,diesel|earthy|sweet,,thc,,,,"Triple-diesel is a sativa with flavors of diesel, earthy, sweet.",Kushy cannabis-dataset|The Cannabis API (Piyush-Bhor),0.65
trix,Trix,,sativa,,,berry|grape|citrus,berry|grape|citrus|sweet|tropical,,thc,,,Juan Moore,"Trix is a sativa with flavors of berry, grape, citrus.",Kushy cannabis-dataset|The Cannabis API (Piyush-Bhor),0.65
tropic-thunder,Tropic-thunder,,hybrid,,,pineapple|sweet|tropical,pineapple|sweet|tropical,,thc,,,,"Tropic-thunder is a hybrid with flavors of pineapple, sweet, tropical.",Kushy cannabis-dataset|The Cannabis API (Piyush-Bhor),0.65
tropical tang,Tropical Tang,,hybrid,,,apricot|citrus|skunk,apricot|citrus|skunk,,thc,WA flower lots test around 18% THC on average.,,,"Tropical Tang is a hybrid with flavors of apricot, citrus, skunk.",Kushy cannabis-dataset|The Cannabis API (Piyush-Bhor)|WA I-502 state lab tests (dolthub/cannabis-testing-wa),0.65
tropicali,Tropicali,,hybrid,,,orange|sweet|tropical,orange|sweet|tropical,,thc,WA flower lots test around 20% THC on average.,,,"Tropicali is a hybrid with flavors of orange, sweet, tropical.",Kushy cannabis-dataset|The Cannabis API (Piyush-Bhor)|WA I-502 state lab tests (dolthub/cannabis-testing-wa),0.65
true x,True X,,indica,,,earthy|pine|woody,earthy|pine|woody,,thc,WA flower lots test around 15% THC on average.,,,"True X is an indica with flavors of earthy, pine, woody.",Kushy cannabis-dataset|The Cannabis API (Piyush-Bhor)|WA I-502 state lab tests (dolthub/cannabis-testing-wa),0.65
truffle-butter,Truffle-butter,,indica,,,nutty|sweet|vanilla,nutty|sweet|vanilla,,thc,,,,"Truffle-butter is an indica with flavors of nutty, sweet, vanilla.",Kushy cannabis-dataset|The Cannabis API (Piyush-Bhor),0.65
truth-serum,Truth-serum,,hybrid,,,citrus|herbal|peppery,citrus|herbal|peppery|spicy,,thc,,,Pisces Genetics,"Truth-serum is a hybrid with flavors of citrus, herbal, peppery.",Kushy cannabis-dataset|The Cannabis API (Piyush-Bhor),0.65
tuna kush,Tuna Kush,,indica,,,earthy|pungent|skunk,earthy|pungent|skunk|sweet,,thc,WA flower lots test around 20% THC on average.,,,"Tuna Kush is an indica with flavors of earthy, pungent, skunk.",Kushy cannabis-dataset|The Cannabis API (Piyush-Bhor)|WA I-502 state lab tests (dolthub/cannabis-testing-wa),0.65
turbo-mind-warp,Turbo-mind-warp,,hybrid,,,earthy|floral|herbal,earthy|floral|herbal|spicy,,thc,,,MTG Seeds,"Turbo-mind-warp is a hybrid with flavors of earthy, floral, herbal.",Kushy cannabis-dataset|The Cannabis API (Piyush-Bhor),0.65
tutankhamon,Tutankhamon,,sativa,,,floral|pungent|skunk,floral|pungent|skunk,,thc,WA flower lots test around 20% THC on average.,,,"Tutankhamon is a sativa with flavors of floral, pungent, skunk.",Kushy cannabis-dataset|Lab terpene assays (analytical360/sclabs/psilabs via Terpene-Profile-Parser)|The Cannabis API (Piyush-Bhor)|WA I-502 state lab tests (dolthub/cannabis-testing-wa),0.65
tutti frutti,Tutti Frutti,,hybrid,,,berry|sweet|tropical,berry|sweet|tropical,,thc,WA flower lots test around 21% THC on average.,,Flash Seeds,"Tutti Frutti is a hybrid with flavors of berry, sweet, tropical.",Kushy cannabis-dataset|The Cannabis API (Piyush-Bhor)|WA I-502 state lab tests (dolthub/cannabis-testing-wa),0.65
twista,Twista,,sativa,,,citrus|sweet,citrus|sweet,,thc,,,,"Twista is a sativa with flavors of citrus, sweet.",Kushy cannabis-dataset|The Cannabis API (Piyush-Bhor),0.65
twisted citrus,Twisted Citrus,,sativa,,,citrus|earthy|lemon,citrus|earthy|lemon|orange,,thc,WA flower lots test around 22% THC on average.,,,"Twisted Citrus is a sativa with flavors of citrus, earthy, lemon.",Kushy cannabis-dataset|The Cannabis API (Piyush-Bhor)|WA I-502 state lab tests (dolthub/cannabis-testing-wa),0.65
tyson,Tyson,,indica,,,earthy|pungent|sweet,earthy|pungent|sweet,,thc,,,,"Tyson is an indica with flavors of earthy, pungent, sweet.",Kushy cannabis-dataset|The Cannabis API (Piyush-Bhor),0.65
u.w.,U.W.,,hybrid,,humulene,hoppy|earthy|woody,,humulene,thc,,,,U.W. is a hybrid with Humulene-forward terpene profile.,Lab terpene assays (analytical360/sclabs/psilabs via Terpene-Profile-Parser),0.65
u2 kush,U2 Kush,,indica,,,floral|sweet|woody,floral|sweet|woody,,thc,WA flower lots test around 19% THC on average.,,,"U2 Kush is an indica with flavors of floral, sweet, woody.",Kushy cannabis-dataset|Lab terpene assays (analytical360/sclabs/psilabs via Terpene-Profile-Parser)|The Cannabis API (Piyush-Bhor)|WA I-502 state lab tests (dolthub/cannabis-testing-wa),0.65
ultimate-trainwreck,Ultimate-trainwreck,,sativa,,,herbal|spicy|sweet,herbal|spicy|sweet|tropical,,thc,,,,"Ultimate-trainwreck is a sativa with flavors of herbal, spicy, sweet.",Kushy cannabis-dataset|The Cannabis API (Piyush-Bhor),0.65
ultra sour,Ultra Sour,,sativa,,,diesel|lemon|citrus,diesel|lemon|citrus|skunk,,thc,WA flower lots test around 18% THC on average.,,T.H.Seeds,"Ultra Sour is a sativa with flavors of diesel, lemon, citrus.",Kushy cannabis-dataset|Lab terpene assays (analytical360/sclabs/psilabs via Terpene-Profile-Parser)|The Cannabis API (Piyush-Bhor)|WA I-502 state lab tests (dolthub/cannabis-testing-wa),0.65
ultra-banana,Ultra-banana,,indica,,,pungent|lemon|pineapple,pungent|lemon|pineapple,,thc,,,,"Ultra-banana is an indica with flavors of pungent, lemon, pineapple.",Kushy cannabis-dataset|The Cannabis API (Piyush-Bhor),0.65
ultra-sonja,Ultra-sonja,,hybrid,,,pungent|sweet,pungent|sweet,,thc,,,The GrindHouse,"Ultra-sonja is a hybrid with flavors of pungent, sweet.",Kushy cannabis-dataset|The Cannabis API (Piyush-Bhor),0.65
ultraviolet-og,Ultraviolet-og,,indica,,,berry|earthy|floral,berry|earthy|floral,,thc,,,Archive Seed Bank,"Ultraviolet-og is an indica with flavors of berry, earthy, floral.",Kushy cannabis-dataset|The Cannabis API (Piyush-Bhor),0.65
urkle-train-haze,Urkle-train-haze,,hybrid,,,grape|pine|sweet,grape|pine|sweet,,thc,,,,"Urkle-train-haze is a hybrid with flavors of grape, pine, sweet.",The Cannabis API (Piyush-Bhor),0.65
uw purple,Uw Purple,,hybrid,,pinene,pine|fresh|hoppy|earthy,,pinene|caryophyllene|humulene,thc,,,,Uw Purple is a hybrid with Pinene-forward terpene profile.,Lab terpene assays (analytical360/sclabs/psilabs via Terpene-Profile-Parser),0.65
vader og,Vader Og,,indica,,,earthy|floral|sweet,earthy|floral|sweet,,thc,WA flower lots test around 20% THC on average.,,,"Vader Og is an indica with flavors of earthy, floral, sweet.",Kushy cannabis-dataset|The Cannabis API (Piyush-Bhor)|WA I-502 state lab tests (dolthub/cannabis-testing-wa),0.65
valley girl,Valley Girl,,hybrid,,,earthy|floral|pine,earthy|floral|pine,,thc,WA flower lots test around 17% THC on average.,,Archive Seed Bank,"Valley Girl is a hybrid with flavors of earthy, floral, pine.",Kushy cannabis-dataset|Lab terpene assays (analytical360/sclabs/psilabs via Terpene-Profile-Parser)|The Cannabis API (Piyush-Bhor)|WA I-502 state lab tests (dolthub/cannabis-testing-wa),0.65
valley-ghash,Valley-ghash,,hybrid,,,berry|sweet|tropical,berry|sweet|tropical,,thc,,,,"Valley-ghash is a hybrid with flavors of berry, sweet, tropical.",The Cannabis API (Piyush-Bhor),0.65
vcdc,Vcdc,,hybrid,,,berry|citrus|earthy,berry|citrus|earthy,,thc,WA flower lots test around 10% THC on average.,,Moxie Seeds,"Vcdc is a hybrid with flavors of berry, citrus, earthy.",Kushy cannabis-dataset|The Cannabis API (Piyush-Bhor)|WA I-502 state lab tests (dolthub/cannabis-testing-wa),0.65
velvet-bud,Velvet-bud,,sativa,,,citrus|herbal|spicy,citrus|herbal|spicy|sweet,,thc,,,,"Velvet-bud is a sativa with flavors of citrus, herbal, spicy.",Kushy cannabis-dataset|The Cannabis API (Piyush-Bhor),0.65
venice og,Venice Og,,sativa,,,citrus|pine|pungent,citrus|pine|pungent,,thc,WA flower lots test around 17% THC on average.,,,"Venice Og is a sativa with flavors of citrus, pine, pungent.",Kushy cannabis-dataset|The Cannabis API (Piyush-Bhor)|WA I-502 state lab tests (dolthub/cannabis-testing-wa),0.65
venus-og,Venus-og,,hybrid,,,berry|citrus|lemon,berry|citrus|lemon,,thc,,,Clone Queen,"Venus-og is a hybrid with flavors of berry, citrus, lemon.",Kushy cannabis-dataset|The Cannabis API (Piyush-Bhor),0.65
verde-electric,Verde-electric,,hybrid,,,earthy|sweet|woody,earthy|sweet|woody,,thc,,,,"Verde-electric is a hybrid with flavors of earthy, sweet, woody.",The Cannabis API (Piyush-Bhor),0.65
versace,Versace,,hybrid,,,berry|diesel|pungent,berry|diesel|pungent,,thc,,,,"Versace is a hybrid with flavors of berry, diesel, pungent.",The Cannabis API (Piyush-Bhor),0.65
very berry haze,Very Berry Haze,,sativa,,,berry|pungent|sweet,berry|pungent|sweet,,thc,WA flower lots test around 20% THC on average.,,Apothecary Seed Company,"Very Berry Haze is a sativa with flavors of berry, pungent, sweet.",Kushy cannabis-dataset|The Cannabis API (Piyush-Bhor)|WA I-502 state lab tests (dolthub/cannabis-testing-wa),0.65
violator kush,Violator Kush,,indica,,,earthy|herbal|spicy,earthy|herbal|spicy|woody,,thc,WA flower lots test around 15% THC on average.,,,"Violator Kush is an indica with flavors of earthy, herbal, spicy.",Kushy cannabis-dataset|Lab terpene assays (analytical360/sclabs/psilabs via Terpene-Profile-Parser)|The Cannabis API (Piyush-Bhor)|WA I-502 state lab tests (dolthub/cannabis-testing-wa),0.65
violet delight,Violet Delight,,hybrid,,,herbal|floral|spicy,herbal|floral|spicy,,thc,WA flower lots test around 16% THC on average.,,,"Violet Delight is a hybrid with flavors of herbal, floral, spicy.",Kushy cannabis-dataset|Lab terpene assays (analytical360/sclabs/psilabs via Terpene-Profile-Parser)|The Cannabis API (Piyush-Bhor)|WA I-502 state lab tests (dolthub/cannabis-testing-wa),0.65
viper,Viper,,sativa,,,citrus|earthy|herbal,citrus|earthy|herbal|pungent|spicy,,thc,,,Reeferman Seeds,"Viper is a sativa with flavors of citrus, earthy, herbal.",Kushy cannabis-dataset|The Cannabis API (Piyush-Bhor),0.65
voodoo,Voodoo,,sativa,,,citrus|earthy|pungent,citrus|earthy|pungent|sweet,,thc,WA flower lots test around 15% THC on average.,,Dutch Passion Seed Company,"Voodoo is a sativa with flavors of citrus, earthy, pungent.",Kushy cannabis-dataset|The Cannabis API (Piyush-Bhor)|WA I-502 state lab tests (dolthub/cannabis-testing-wa),0.65
waipi-o-hapa,Waipi-o-hapa,,sativa,,,honey|sweet|tropical,honey|sweet|tropical,,thc,,,,"Waipi-o-hapa is a sativa with flavors of honey, sweet, tropical.",The Cannabis API (Piyush-Bhor),0.65
waldo,Waldo,,hybrid,,,earthy|herbal|pungent,earthy|herbal|pungent|spicy,,thc,,,Apothecary Seed Company,"Waldo is a hybrid with flavors of earthy, herbal, pungent.",Kushy cannabis-dataset|The Cannabis API (Piyush-Bhor),0.65
walker kush,Walker Kush,,hybrid,,,floral|herbal|spicy,floral|herbal|spicy|woody,,thc,WA flower lots test around 22% THC on average.,,Rare Dankness Seeds,"Walker Kush is a hybrid with flavors of floral, herbal, spicy.",Kushy cannabis-dataset|The Cannabis API (Piyush-Bhor)|WA I-502 state lab tests (dolthub/cannabis-testing-wa),0.65
wally-og,Wally-og,,hybrid,,,creamy|earthy|floral,creamy|earthy|floral,,thc,,,,"Wally-og is a hybrid with flavors of creamy, earthy, floral.",The Cannabis API (Piyush-Bhor),0.65
walter white,Walter White,,hybrid,,,earthy|lemon|pungent,earthy|lemon|pungent,,thc,WA flower lots test around 21% THC on average.,,,"Walter White is a hybrid with flavors of earthy, lemon, pungent.",Lab terpene assays (analytical360/sclabs/psilabs via Terpene-Profile-Parser)|The Cannabis API (Piyush-Bhor)|WA I-502 state lab tests (dolthub/cannabis-testing-wa),0.65
wappa,Wappa,,hybrid,,,citrus|floral|sweet,citrus|floral|sweet,,thc,WA flower lots test around 25% THC on average.,,Paradise Seeds,"Wappa is a hybrid with flavors of citrus, floral, sweet.",Kushy cannabis-dataset|Lab terpene assays (analytical360/sclabs/psilabs via Terpene-Profile-Parser)|The Cannabis API (Piyush-Bhor)|WA I-502 state lab tests (dolthub/cannabis-testing-wa),0.65
warlock,Warlock,,hybrid,,,earthy|floral|sweet,earthy|floral|sweet,,thc,WA flower lots test around 17% THC on average.,,Magus Genetics,"Warlock is a hybrid with flavors of earthy, floral, sweet.",Kushy cannabis-dataset|Lab terpene assays (analytical360/sclabs/psilabs via Terpene-Profile-Parser)|The Cannabis API (Piyush-Bhor)|WA I-502 state lab tests (dolthub/cannabis-testing-wa),0.65
washing-machine,Washing-machine,,indica,,,cheese|earthy|pungent,cheese|earthy|pungent,,thc,,,Ripper Seeds,"Washing-machine is an indica with flavors of cheese, earthy, pungent.",Kushy cannabis-dataset|The Cannabis API (Piyush-Bhor),0.65
watermelon,Watermelon,,indica,,,berry|grape|sweet,berry|grape|sweet|tropical,,thc,WA flower lots test around 16% THC on average.,,Green Relief,"Watermelon is an indica with flavors of berry, grape, sweet.",Kushy cannabis-dataset|The Cannabis API (Piyush-Bhor)|WA I-502 state lab tests (dolthub/cannabis-testing-wa),0.65
webster,Webster,,sativa,,,citrus|herbal|spicy,citrus|herbal|spicy|sweet,,thc,WA flower lots test around 24% THC on average.,,,"Webster is a sativa with flavors of citrus, herbal, spicy.",Kushy cannabis-dataset|The Cannabis API (Piyush-Bhor)|WA I-502 state lab tests (dolthub/cannabis-testing-wa),0.65
wellness-og,Wellness-og,,hybrid,,,diesel|pine|pungent,diesel|pine|pungent,,thc,,,,"Wellness-og is a hybrid with flavors of diesel, pine, pungent.",The Cannabis API (Piyush-Bhor),0.65
west coast dawg,West Coast Dawg,,indica,,,nutty|sweet|woody,nutty|sweet|woody,,thc,WA flower lots test around 24% THC on average.,,,"West Coast Dawg is an indica with flavors of nutty, sweet, woody.",Kushy cannabis-dataset|Lab terpene assays (analytical360/sclabs/psilabs via Terpene-Profile-Parser)|The Cannabis API (Piyush-Bhor)|WA I-502 state lab tests (dolthub/cannabis-testing-wa),0.65
west coast sour diesel,West Coast Sour Diesel,,hybrid,,humulene,hoppy|earthy|woody|pine,,humulene|pinene|caryophyllene,thc,,,,West Coast Sour Diesel is a hybrid with Humulene-forward terpene profile.,Lab terpene assays (analytical360/sclabs/psilabs via Terpene-Profile-Parser),0.65
west-og,West-og,,indica,,,citrus|herbal|lemon,citrus|herbal|lemon|spicy|woody,,thc,,,,"West-og is an indica with flavors of citrus, herbal, lemon.",Kushy cannabis-dataset|The Cannabis API (Piyush-Bhor),0.65
wet dream,Wet Dream,,sativa,,,earthy|herbal|spicy,earthy|herbal|spicy|woody,,thc,,,Dispensaries Data,"Wet Dream is a sativa with flavors of earthy, herbal, spicy.",Kushy cannabis-dataset|Lab terpene assays (analytical360/sclabs/psilabs via Terpene-Profile-Parser)|The Cannabis API (Piyush-Bhor),0.65
whitaker blues,Whitaker Blues,,indica,,,apple|sweet,apple|sweet,,thc,WA flower lots test around 10% THC on average.,,DJ Short,"Whitaker Blues is an indica with flavors of apple, sweet.",Kushy cannabis-dataset|Lab terpene assays (analytical360/sclabs/psilabs via Terpene-Profile-Parser)|The Cannabis API (Piyush-Bhor)|WA I-502 state lab tests (dolthub/cannabis-testing-wa),0.65
white 99,White 99,,hybrid,,,citrus|pine|sweet,citrus|pine|sweet,,thc,WA flower lots test around 29% THC on average.,,,"White 99 is a hybrid with flavors of citrus, pine, sweet.",The Cannabis API (Piyush-Bhor)|WA I-502 state lab tests (dolthub/cannabis-testing-wa),0.65
white berry,White Berry,,indica,,,berry|earthy|sweet,berry|earthy|sweet,,thc,WA flower lots test around 19% THC on average.,,Paradise Seeds,"White Berry is an indica with flavors of berry, earthy, sweet.",Kushy cannabis-dataset|Lab terpene assays (analytical360/sclabs/psilabs via Terpene-Profile-Parser)|The Cannabis API (Piyush-Bhor)|WA I-502 state lab tests (dolthub/cannabis-testing-wa),0.65
white buffalo,White Buffalo,,sativa,,,berry|earthy|sweet,berry|earthy|sweet,,thc,WA flower lots test around 20% THC on average.,,,"White Buffalo is a sativa with flavors of berry, earthy, sweet.",Kushy cannabis-dataset|Lab terpene assays (analytical360/sclabs/psilabs via Terpene-Profile-Parser)|The Cannabis API (Piyush-Bhor)|WA I-502 state lab tests (dolthub/cannabis-testing-wa),0.65
white caramel cookie,White Caramel Cookie,,indica,,,berry|grape|sweet,berry|grape|sweet,,thc,,,,"White Caramel Cookie is an indica with flavors of berry, grape, sweet.",Kushy cannabis-dataset,0.65
white cheese,White Cheese,,hybrid,,,cheese|floral|pungent,cheese|floral|pungent,,thc,WA flower lots test around 23% THC on average.,,Zambeza Seeds,"White Cheese is a hybrid with flavors of cheese, floral, pungent.",Kushy cannabis-dataset|Lab terpene assays (analytical360/sclabs/psilabs via Terpene-Profile-Parser)|The Cannabis API (Piyush-Bhor)|WA I-502 state lab tests (dolthub/cannabis-testing-wa),0.65
white cookies,White Cookies,,hybrid,,,earthy|pungent|sweet,earthy|pungent|sweet,,thc,WA flower lots test around 23% THC on average.,,Crop King Seeds,"White Cookies is a hybrid with flavors of earthy, pungent, sweet.",Kushy cannabis-dataset|Lab terpene assays (analytical360/sclabs/psilabs via Terpene-Profile-Parser)|The Cannabis API (Piyush-Bhor)|WA I-502 state lab tests (dolthub/cannabis-testing-wa),0.65
white diesel,White Diesel,,hybrid,,,citrus|diesel|pungent,citrus|diesel|pungent,,thc,WA flower lots test around 19% THC on average.,,White Label Co.,"White Diesel is a hybrid with flavors of citrus, diesel, pungent.",Kushy cannabis-dataset|Lab terpene assays (analytical360/sclabs/psilabs via Terpene-Profile-Parser)|The Cannabis API (Piyush-Bhor)|WA I-502 state lab tests (dolthub/cannabis-testing-wa),0.65
white dragon,White Dragon,,indica,,,earthy|sweet|woody,earthy|sweet|woody,,thc,WA flower lots test around 21% THC on average.,,THC Seeds,"White Dragon is an indica with flavors of earthy, sweet, woody.",Kushy cannabis-dataset|Lab terpene assays (analytical360/sclabs/psilabs via Terpene-Profile-Parser)|The Cannabis API (Piyush-Bhor)|WA I-502 state lab tests (dolthub/cannabis-testing-wa),0.65
white dream,White Dream,,hybrid,,,citrus|earthy|sweet,citrus|earthy|sweet,,thc,WA flower lots test around 10% THC on average.,,,"White Dream is a hybrid with flavors of citrus, earthy, sweet.",The Cannabis API (Piyush-Bhor)|WA I-502 state lab tests (dolthub/cannabis-testing-wa),0.65
white durban,White Durban,,sativa,,,earthy|pine|woody,earthy|pine|woody,,thc,WA flower lots test around 25% THC on average.,,,"White Durban is a sativa with flavors of earthy, pine, woody.",Kushy cannabis-dataset|The Cannabis API (Piyush-Bhor)|WA I-502 state lab tests (dolthub/cannabis-testing-wa),0.65
white fire 43,White Fire 43,,indica,,,earthy|pungent|sweet,earthy|pungent|sweet,,thc,WA flower lots test around 21% THC on average.,,,"White Fire 43 is an indica with flavors of earthy, pungent, sweet.",Kushy cannabis-dataset|The Cannabis API (Piyush-Bhor)|WA I-502 state lab tests (dolthub/cannabis-testing-wa),0.65
white girl,White Girl,,hybrid,,,berry|citrus|tropical,berry|citrus|tropical,,thc,,,,"White Girl is a hybrid with flavors of berry, citrus, tropical.",Lab terpene assays (analytical360/sclabs/psilabs via Terpene-Profile-Parser)|The Cannabis API (Piyush-Bhor),0.65
white gold,White Gold,,hybrid,,,earthy|pungent|tropical,earthy|pungent|tropical,,thc,WA flower lots test around 19% THC on average.,,White Label Co.,"White Gold is a hybrid with flavors of earthy, pungent, tropical.",Kushy cannabis-dataset|Lab terpene assays (analytical360/sclabs/psilabs via Terpene-Profile-Parser)|The Cannabis API (Piyush-Bhor)|WA I-502 state lab tests (dolthub/cannabis-testing-wa),0.65
white goo,White Goo,,hybrid,,myrcene,earthy|musky|herbal,,myrcene,thc,,,,White Goo is a hybrid with Myrcene-forward terpene profile.,Lab terpene assays (analytical360/sclabs/psilabs via Terpene-Profile-Parser),0.65
white gorilla,White Gorilla,,hybrid,,,pungent|sweet|earthy,pungent|sweet|earthy,,thc,WA flower lots test around 22% THC on average.,,GREENLIFE Seeds,"White Gorilla is a hybrid with flavors of pungent, sweet, earthy.",Kushy cannabis-dataset|The Cannabis API (Piyush-Bhor)|WA I-502 state lab tests (dolthub/cannabis-testing-wa),0.65
white haze,White Haze,,sativa,,,citrus|lemon|pine,citrus|lemon|pine,,thc,WA flower lots test around 21% THC on average.,,White Label Co.,"White Haze is a sativa with flavors of citrus, lemon, pine.",Kushy cannabis-dataset|The Cannabis API (Piyush-Bhor)|WA I-502 state lab tests (dolthub/cannabis-testing-wa),0.65
white knight,White Knight,,hybrid,,,earthy|pungent|sweet,earthy|pungent|sweet,,thc,,,,"White Knight is a hybrid with flavors of earthy, pungent, sweet.",Lab terpene assays (analytical360/sclabs/psilabs via Terpene-Profile-Parser)|The Cannabis API (Piyush-Bhor),0.65
white kush,White Kush,,indica,,,berry|honey|nutty,berry|honey|nutty|sweet|vanilla,,thc,WA flower lots test around 22% THC on average.,,,"White Kush is an indica with flavors of berry, honey, nutty.",Kushy cannabis-dataset|Lab terpene assays (analytical360/sclabs/psilabs via Terpene-Profile-Parser)|The Cannabis API (Piyush-Bhor)|WA I-502 state lab tests (dolthub/cannabis-testing-wa),0.65
white lavender,White Lavender,,hybrid,,,earthy|floral,earthy|floral,,thc,WA flower lots test around 18% THC on average.,,G13 Labs,"White Lavender is a hybrid with flavors of earthy, floral.",Kushy cannabis-dataset|Lab terpene assays (analytical360/sclabs/psilabs via Terpene-Profile-Parser)|The Cannabis API (Piyush-Bhor)|WA I-502 state lab tests (dolthub/cannabis-testing-wa),0.65
white lightning,White Lightning,,hybrid,,,pungent|skunk|sweet,pungent|skunk|sweet,,thc,WA flower lots test around 16% THC on average.,,BC Seed Company,"White Lightning is a hybrid with flavors of pungent, skunk, sweet.",Kushy cannabis-dataset|Lab terpene assays (analytical360/sclabs/psilabs via Terpene-Profile-Parser)|The Cannabis API (Piyush-Bhor)|WA I-502 state lab tests (dolthub/cannabis-testing-wa),0.65
white nightmare,White Nightmare,,sativa,,,berry|citrus|earthy,berry|citrus|earthy|sweet,,thc,WA flower lots test around 20% THC on average.,,Sin City Seeds,"White Nightmare is a sativa with flavors of berry, citrus, earthy.",Kushy cannabis-dataset|The Cannabis API (Piyush-Bhor)|WA I-502 state lab tests (dolthub/cannabis-testing-wa),0.65
white og,White Og,,indica,,,earthy|floral|pine,earthy|floral|pine,,thc,WA flower lots test around 26% THC on average.,,Karma Genetics,"White Og is an indica with flavors of earthy, floral, pine.",Kushy cannabis-dataset|Lab terpene assays (analytical360/sclabs/psilabs via Terpene-Profile-Parser)|The Cannabis API (Piyush-Bhor)|WA I-502 state lab tests (dolthub/cannabis-testing-wa),0.65
white queen,White Queen,,hybrid,,,diesel|earthy|sweet,diesel|earthy|sweet,,thc,WA flower lots test around 18% THC on average.,,Purple Caper Seeds,"White Queen is a hybrid with flavors of diesel, earthy, sweet.",Kushy cannabis-dataset|The Cannabis API (Piyush-Bhor)|WA I-502 state lab tests (dolthub/cannabis-testing-wa),0.65
white romulan,White Romulan,,hybrid,,,diesel|pungent|skunk,diesel|pungent|skunk,,thc,WA flower lots test around 22% THC on average.,,Og Raskal,"White Romulan is a hybrid with flavors of diesel, pungent, skunk.",Kushy cannabis-dataset|Lab terpene assays (analytical360/sclabs/psilabs via Terpene-Profile-Parser)|The Cannabis API (Piyush-Bhor)|WA I-502 state lab tests (dolthub/cannabis-testing-wa),0.65
white shark,White Shark,,sativa,,,citrus|earthy|sweet,citrus|earthy|sweet,,thc,WA flower lots test around 17% THC on average.,,,"White Shark is a sativa with flavors of citrus, earthy, sweet.",Kushy cannabis-dataset|Lab terpene assays (analytical360/sclabs/psilabs via Terpene-Profile-Parser)|The Cannabis API (Piyush-Bhor)|WA I-502 state lab tests (dolthub/cannabis-testing-wa),0.65
white siberian,White Siberian,,hybrid,,,earthy|floral|sweet,earthy|floral|sweet,,thc,,,Dinafem Seeds,"White Siberian is a hybrid with flavors of earthy, floral, sweet.",Kushy cannabis-dataset|Lab terpene assays (analytical360/sclabs/psilabs via Terpene-Profile-Parser)|The Cannabis API (Piyush-Bhor),0.65
white skunk,White Skunk,,hybrid,,,pungent|skunk|sweet,pungent|skunk|sweet,,thc,WA flower lots test around 20% THC on average.,,White Label Co.,"White Skunk is a hybrid with flavors of pungent, skunk, sweet.",Kushy cannabis-dataset|Lab terpene assays (analytical360/sclabs/psilabs via Terpene-Profile-Parser)|The Cannabis API (Piyush-Bhor)|WA I-502 state lab tests (dolthub/cannabis-testing-wa),0.65
white strawberry,White Strawberry,,hybrid,,,citrus|sweet,citrus|sweet,,thc,WA flower lots test around 24% THC on average.,,,"White Strawberry is a hybrid with flavors of citrus, sweet.",The Cannabis API (Piyush-Bhor)|WA I-502 state lab tests (dolthub/cannabis-testing-wa),0.65
white tahoe cookies,White Tahoe Cookies,,indica,,,citrus|herbal|spicy,citrus|herbal|spicy,,thc,,,,"White Tahoe Cookies is an indica with flavors of citrus, herbal, spicy.",Lab terpene assays (analytical360/sclabs/psilabs via Terpene-Profile-Parser)|The Cannabis API (Piyush-Bhor),0.65
white urkle,White Urkle,,hybrid,,,earthy|floral|sweet,earthy|floral|sweet,,thc,WA flower lots test around 22% THC on average.,,Og Raskal,"White Urkle is a hybrid with flavors of earthy, floral, sweet.",Kushy cannabis-dataset|Lab terpene assays (analytical360/sclabs/psilabs via Terpene-Profile-Parser)|The Cannabis API (Piyush-Bhor)|WA I-502 state lab tests (dolthub/cannabis-testing-wa),0.65
white walker kush,White Walker Kush,,hybrid,,,citrus|earthy|herbal,citrus|earthy|herbal,,thc,WA flower lots test around 19% THC on average.,,DNA Genetics,"White Walker Kush is a hybrid with flavors of citrus, earthy, herbal.",Kushy cannabis-dataset|The Cannabis API (Piyush-Bhor)|WA I-502 state lab tests (dolthub/cannabis-testing-wa),0.65
white-bastard,White-bastard,,indica,,,blueberry|diesel|pine,blueberry|diesel|pine|sweet,,thc,,,,"White-bastard is an indica with flavors of blueberry, diesel, pine.",Kushy cannabis-dataset|The Cannabis API (Piyush-Bhor),0.65
white-bubblegum,White-bubblegum,,indica,,,earthy|floral|sweet,earthy|floral|sweet,,thc,,,,"White-bubblegum is an indica with flavors of earthy, floral, sweet.",Kushy cannabis-dataset|The Cannabis API (Piyush-Bhor),0.65
white-caramel-cookies,White-caramel-cookies,,indica,,,berry|grape|sweet,berry|grape|sweet,,thc,,,,"White-caramel-cookies is an indica with flavors of berry, grape, sweet.",The Cannabis API (Piyush-Bhor),0.65
white-empress,White-empress,,indica,,,citrus|earthy|sweet,citrus|earthy|sweet,,thc,,,,"White-empress is an indica with flavors of citrus, earthy, sweet.",Kushy cannabis-dataset|The Cannabis API (Piyush-Bhor),0.65
white-kryptonite,White-kryptonite,,indica,,,berry|pungent|sweet,berry|pungent|sweet,,thc,,,,"White-kryptonite is an indica with flavors of berry, pungent, sweet.",Kushy cannabis-dataset|The Cannabis API (Piyush-Bhor),0.65
white-lsd,White-lsd,,sativa,,,diesel|sweet,diesel|sweet,,thc,,,,"White-lsd is a sativa with flavors of diesel, sweet.",The Cannabis API (Piyush-Bhor),0.65
white-sangria,White-sangria,,hybrid,,,citrus|lemon|sweet,citrus|lemon|sweet,,thc,,,,"White-sangria is a hybrid with flavors of citrus, lemon, sweet.",The Cannabis API (Piyush-Bhor),0.65
white-slipper,White-slipper,,hybrid,,,floral|herbal|spicy,floral|herbal|spicy|sweet,,thc,,,,"White-slipper is a hybrid with flavors of floral, herbal, spicy.",The Cannabis API (Piyush-Bhor),0.65
white-tygh-dream,White-tygh-dream,,indica,,,citrus|earthy|floral,citrus|earthy|floral,,thc,,,,"White-tygh-dream is an indica with flavors of citrus, earthy, floral.",Kushy cannabis-dataset|The Cannabis API (Piyush-Bhor),0.65
white-zombie,White-zombie,,hybrid,,,earthy|pungent|herbal,earthy|pungent|herbal,,thc,,,,"White-zombie is a hybrid with flavors of earthy, pungent, herbal.",Kushy cannabis-dataset|The Cannabis API (Piyush-Bhor),0.65
whiteout,Whiteout,,hybrid,,,citrus|orange|sweet,citrus|orange|sweet,,thc,WA flower lots test around 15% THC on average.,,Alpha Genetics,"Whiteout is a hybrid with flavors of citrus, orange, sweet.",Kushy cannabis-dataset|The Cannabis API (Piyush-Bhor)|WA I-502 state lab tests (dolthub/cannabis-testing-wa),0.65
whitewalker og,Whitewalker Og,,indica,,,earthy|floral|sweet,earthy|floral|sweet,,thc,WA flower lots test around 17% THC on average.,,Gold Coast Collection,"Whitewalker Og is an indica with flavors of earthy, floral, sweet.",Kushy cannabis-dataset|The Cannabis API (Piyush-Bhor)|WA I-502 state lab tests (dolthub/cannabis-testing-wa),0.65
wifi,Wifi,,hybrid,,humulene,hoppy|earthy|woody|peppery,,humulene|caryophyllene|myrcene,thc,,,,Wifi is a hybrid with Humulene-forward terpene profile.,Lab terpene assays (analytical360/sclabs/psilabs via Terpene-Profile-Parser),0.65
wifi og,Wifi Og,,hybrid,,humulene,hoppy|earthy|woody|pine,,humulene|pinene,thc,,,,Wifi Og is a hybrid with Humulene-forward terpene profile.,Lab terpene assays (analytical360/sclabs/psilabs via Terpene-Profile-Parser),0.65
wild thai,Wild Thai,,hybrid,,humulene,hoppy|earthy|woody|floral,,humulene|linalool|caryophyllene,thc,,,,Wild Thai is a hybrid with Humulene-forward terpene profile.,Lab terpene assays (analytical360/sclabs/psilabs via Terpene-Profile-Parser),0.65
wild thailand,Wild Thailand,,sativa,,,berry|citrus|herbal,berry|citrus|herbal|spicy|sweet,,thc,WA flower lots test around 15% THC on average.,,World Of Seeds Bank,"Wild Thailand is a sativa with flavors of berry, citrus, herbal.",Kushy cannabis-dataset|The Cannabis API (Piyush-Bhor)|WA I-502 state lab tests (dolthub/cannabis-testing-wa),0.65
willie nelson,Willie Nelson,,sativa,,,earthy|pungent|sweet,earthy|pungent|sweet|woody,,thc,WA flower lots test around 21% THC on average.,,Reeferman Seeds,"Willie Nelson is a sativa with flavors of earthy, pungent, sweet.",Kushy cannabis-dataset|Lab terpene assays (analytical360/sclabs/psilabs via Terpene-Profile-Parser)|The Cannabis API (Piyush-Bhor)|WA I-502 state lab tests (dolthub/cannabis-testing-wa),0.65
willys wonder,Willys Wonder,,indica,,,earthy|pine|pungent,earthy|pine|pungent,,thc,WA flower lots test around 18% THC on average.,,,"Willys Wonder is an indica with flavors of earthy, pine, pungent.",The Cannabis API (Piyush-Bhor)|WA I-502 state lab tests (dolthub/cannabis-testing-wa),0.65
wmd,Wmd,,indica,,,berry|earthy|pungent,berry|earthy|pungent,,thc,,,Vancouver Island Seed Company,"Wmd is an indica with flavors of berry, earthy, pungent.",Kushy cannabis-dataset|The Cannabis API (Piyush-Bhor),0.65
wonder kid,Wonder Kid,,indica,,,citrus|mint|sweet,citrus|mint|sweet,,thc,WA flower lots test around 27% THC on average.,,,"Wonder Kid is an indica with flavors of citrus, mint, sweet.",Kushy cannabis-dataset|The Cannabis API (Piyush-Bhor)|WA I-502 state lab tests (dolthub/cannabis-testing-wa),0.65
wonder-haze,Wonder-haze,,hybrid,,,earthy|honey|pungent,earthy|honey|pungent,,thc,,,Reservoir,"Wonder-haze is a hybrid with flavors of earthy, honey, pungent.",Kushy cannabis-dataset|The Cannabis API (Piyush-Bhor),0.65
wonderwoman-og,Wonderwoman-og,,indica,,,citrus|floral|mint,citrus|floral|mint,,thc,,,,"Wonderwoman-og is an indica with flavors of citrus, floral, mint.",Kushy cannabis-dataset|The Cannabis API (Piyush-Bhor),0.65
wonka-s-bubbilicious,Wonka-s-bubbilicious,,hybrid,,,grape|strawberry|sweet,grape|strawberry|sweet,,thc,,,,"Wonka-s-bubbilicious is a hybrid with flavors of grape, strawberry, sweet.",The Cannabis API (Piyush-Bhor),0.65
woody kush,Woody Kush,,indica,,,earthy|pine|sweet,earthy|pine|sweet,,thc,WA flower lots test around 21% THC on average.,,,"Woody Kush is an indica with flavors of earthy, pine, sweet.",Kushy cannabis-dataset|Lab terpene assays (analytical360/sclabs/psilabs via Terpene-Profile-Parser)|The Cannabis API (Piyush-Bhor)|WA I-502 state lab tests (dolthub/cannabis-testing-wa),0.65
wookie,Wookie,,hybrid,,,berry|earthy|skunk,berry|earthy|skunk,,thc,,,,"Wookie is a hybrid with flavors of berry, earthy, skunk.",Kushy cannabis-dataset|The Cannabis API (Piyush-Bhor),0.65
wookies,Wookies,,hybrid,,,earthy|mint|pungent,earthy|mint|pungent,,thc,WA flower lots test around 17% THC on average.,,,"Wookies is a hybrid with flavors of earthy, mint, pungent.",Lab terpene assays (analytical360/sclabs/psilabs via Terpene-Profile-Parser)|The Cannabis API (Piyush-Bhor)|WA I-502 state lab tests (dolthub/cannabis-testing-wa),0.65
wreckage,Wreckage,,hybrid,,,earthy|nutty|herbal,earthy|nutty|herbal,,thc,,,T.H.Seeds,"Wreckage is a hybrid with flavors of earthy, nutty, herbal.",Kushy cannabis-dataset|Lab terpene assays (analytical360/sclabs/psilabs via Terpene-Profile-Parser)|The Cannabis API (Piyush-Bhor),0.65
wsu,Wsu,,indica,,,berry|earthy|pine,berry|earthy|pine,,thc,WA flower lots test around 20% THC on average.,,,"Wsu is an indica with flavors of berry, earthy, pine.",Kushy cannabis-dataset|The Cannabis API (Piyush-Bhor)|WA I-502 state lab tests (dolthub/cannabis-testing-wa),0.65
wtf,Wtf,,hybrid,,,blueberry|earthy|skunk,blueberry|earthy|skunk,,thc,,,,"Wtf is a hybrid with flavors of blueberry, earthy, skunk.",Lab terpene assays (analytical360/sclabs/psilabs via Terpene-Profile-Parser)|The Cannabis API (Piyush-Bhor),0.65
x-files,X-files,,hybrid,,,citrus|earthy|floral,citrus|earthy|floral,,thc,,,,"X-files is a hybrid with flavors of citrus, earthy, floral.",The Cannabis API (Piyush-Bhor),0.65
x-tra-chz,X-tra-chz,,hybrid,,,cheese|pungent|skunk,cheese|pungent|skunk,,thc,,,MTG Seeds,"X-tra-chz is a hybrid with flavors of cheese, pungent, skunk.",Kushy cannabis-dataset|The Cannabis API (Piyush-Bhor),0.65
x-wing,X-wing,,indica,,,earthy|floral|pungent,earthy|floral|pungent|sweet,,thc,,,,"X-wing is an indica with flavors of earthy, floral, pungent.",Kushy cannabis-dataset|The Cannabis API (Piyush-Bhor),0.65
xanadu,Xanadu,,sativa,,,herbal|peppery|spicy,herbal|peppery|spicy|sweet,,thc,,,,"Xanadu is a sativa with flavors of herbal, peppery, spicy.",Kushy cannabis-dataset|The Cannabis API (Piyush-Bhor),0.65
xxx-420,Xxx-420,,indica,,,berry|blueberry|citrus,berry|blueberry|citrus|sweet,,thc,,,,"Xxx-420 is an indica with flavors of berry, blueberry, citrus.",Kushy cannabis-dataset|The Cannabis API (Piyush-Bhor),0.65
y griega,Y Griega,,sativa,,,earthy|floral|woody,earthy|floral|woody,,thc,WA flower lots test around 17% THC on average.,,Medical Seeds Co.,"Y Griega is a sativa with flavors of earthy, floral, woody.",Kushy cannabis-dataset|Lab terpene assays (analytical360/sclabs/psilabs via Terpene-Profile-Parser)|The Cannabis API (Piyush-Bhor)|WA I-502 state lab tests (dolthub/cannabis-testing-wa),0.65
yeti og,Yeti Og,,indica,,,diesel|earthy|pungent,diesel|earthy|pungent,,thc,WA flower lots test around 21% THC on average.,,Loompa Farms,"Yeti Og is an indica with flavors of diesel, earthy, pungent.",Kushy cannabis-dataset|Lab terpene assays (analytical360/sclabs/psilabs via Terpene-Profile-Parser)|The Cannabis API (Piyush-Bhor)|WA I-502 state lab tests (dolthub/cannabis-testing-wa),0.65
yoda og,Yoda Og,,indica,,,earthy|skunk|woody,earthy|skunk|woody,,thc,WA flower lots test around 20% THC on average.,,,"Yoda Og is an indica with flavors of earthy, skunk, woody.",Kushy cannabis-dataset|Lab terpene assays (analytical360/sclabs/psilabs via Terpene-Profile-Parser)|The Cannabis API (Piyush-Bhor)|WA I-502 state lab tests (dolthub/cannabis-testing-wa),0.65
yodas-brain,Yodas-brain,,indica,,,floral|pine|herbal,floral|pine|herbal,,thc,,,,"Yodas-brain is an indica with flavors of floral, pine, herbal.",The Cannabis API (Piyush-Bhor),0.65
yogi diesel,Yogi Diesel,,hybrid,,,citrus|diesel|pine,citrus|diesel|pine,,thc,WA flower lots test around 18% THC on average.,,,"Yogi Diesel is a hybrid with flavors of citrus, diesel, pine.",Lab terpene assays (analytical360/sclabs/psilabs via Terpene-Profile-Parser)|The Cannabis API (Piyush-Bhor)|WA I-502 state lab tests (dolthub/cannabis-testing-wa),0.65
yumboldt,Yumboldt,,indica,,,citrus|earthy|herbal,citrus|earthy|herbal|spicy|sweet,,thc,WA flower lots test around 16% THC on average.,,Sagarmatha Seeds,"Yumboldt is an indica with flavors of citrus, earthy, herbal.",Kushy cannabis-dataset|The Cannabis API (Piyush-Bhor)|WA I-502 state lab tests (dolthub/cannabis-testing-wa),0.65
yummy,Yummy,,hybrid,,,earthy|pungent|sweet,earthy|pungent|sweet,,thc,WA flower lots test around 1% THC on average.,,Resin Seeds,"Yummy is a hybrid with flavors of earthy, pungent, sweet.",Kushy cannabis-dataset|The Cannabis API (Piyush-Bhor)|WA I-502 state lab tests (dolthub/cannabis-testing-wa),0.65
zelly’s gift,Zelly’s Gift,,sativa,,,citrus|sweet,citrus|sweet,,thc,,,,"Zelly’s Gift is a sativa with flavors of citrus, sweet.",Kushy cannabis-dataset|Lab terpene assays (analytical360/sclabs/psilabs via Terpene-Profile-Parser),0.65
zen,Zen,,hybrid,,,earthy|floral|sweet,earthy|floral|sweet,,thc,,,CBD Seeds,"Zen is a hybrid with flavors of earthy, floral, sweet.",Kushy cannabis-dataset|The Cannabis API (Piyush-Bhor),0.65
zeta-sage,Zeta-sage,,sativa,,,diesel|earthy|pungent,diesel|earthy|pungent|herbal,,thc,,,,"Zeta-sage is a sativa with flavors of diesel, earthy, pungent.",Kushy cannabis-dataset|The Cannabis API (Piyush-Bhor),0.65
zeus og,Zeus Og,,hybrid,,,earthy|pine|woody,earthy|pine|woody,,thc,,,,"Zeus Og is a hybrid with flavors of earthy, pine, woody.",Lab terpene assays (analytical360/sclabs/psilabs via Terpene-Profile-Parser)|The Cannabis API (Piyush-Bhor),0.65
zombie-kush,Zombie-kush,,indica,,,earthy|herbal|spicy,earthy|herbal|spicy|sweet,,thc,,,Ripper Seeds,"Zombie-kush is an indica with flavors of earthy, herbal, spicy.",Kushy cannabis-dataset|The Cannabis API (Piyush-Bhor),0.65
zombie-og,Zombie-og,,indica,,,earthy|pungent|sweet,earthy|pungent|sweet,,thc,,,,"Zombie-og is an indica with flavors of earthy, pungent, sweet.",Kushy cannabis-dataset|The Cannabis API (Piyush-Bhor),0.65
zoom-pie,Zoom-pie,,indica,,,berry|earthy|pungent,berry|earthy|pungent,,thc,,,,"Zoom-pie is an indica with flavors of berry, earthy, pungent.",Kushy cannabis-dataset|The Cannabis API (Piyush-Bhor),0.65
