Id,VendorNo,LicenseNo,TradeName,DBA,Phone,ShippingAddress1,ShippingAddress2,ShippingCity,ShippingState,ShippingZip,BillingAddress1,BillingAddress2,BillingCity,BillingState,BillingZip,IsActive,BillingAddressSameAsShipping,TotalAcceptedYtd,LastDateAccepted
1,6029325450020001,412043,HYDRO LIGHT,HYDRO LIGHT,(509) 607-4030,"340 POWERLINE RD, SUITE A",,CLE ELUM,WA,98922-8384,,,,,,true,true,,
2,6031327110010003,412051,OVER THE TOP PROD,OVER THE TOP PROD,,640 S SPOKANE ST STE B,,SEATTLE,WA,98134-2225,,,,,,true,true,,
3,6033257270010001,412079,CANNAMAN FARMS,CANNAMAN FARMS,(360) 608-9883,6212 NE 152ND AVE,# A,VANCOUVER,WA,98682-5109,,,,,,true,true,,
4,603334588,426534,THE WERC SHOP WA,THE WERC SHOP WA,,1412B S CLOVERDALE ST,,SEATTLE,WA,98108-4825,,,,,,true,true,,
5,6033464070010001,412134,ELEMENT,ELEMENT,,20015 67TH AVE NE,STE E,ARLINGTON,WA,98223-8756,,,,,,true,true,,
6,6033495550010001,412158,SALMON CREEK SINSEMILLA,SALMON CREEK SINSEMILLA,(360) 687-0303,1199 W CUNNINGHAM RD STE C,,OTHELLO,WA,99344-0000,,,,,,true,true,,
7,6016730670010002,412194,FIREWEED FARMS,FIREWEED FARMS,(509) 778-1597,133302 W JOHNSON RD STE A,,PROSSER,WA,99350-7503,,,,,,true,true,,
8,6033526310010001,412195,GROWING LIKE A WEED,GROWING LIKE A WEED,(509) 701-6961,16315 E TEMPLE RD STE C,,SPOKANE,WA,99217-9233,,,,,,true,true,,
9,6033667470010001,412199,BACKWOODS ORGANIC GARDEN,BACKWOODS ORGANIC GARDEN,,5016 E ELK TO HWY RD,STE A,ELK,WA,99009-0000,,,,,,true,true,,
10,6033354110010001,412220,WASHINGTON SOURCE,WASHINGTON SOURCE,,1120 S FAIRCHILD ST,STE B,MEDICAL LAKE,WA,99022-0000,,,,,,true,true,,
11,6032717830010001,412230,KRUSSEL FARMS,KRUSSEL FARMS,(360) 481-4462,7736 THORNBURG ST SW STE C,SUITE C,OLYMPIA,WA,98512-2364,,,,,,true,true,,
12,6034644300010001,412231,FARMERS DISTRIBUTORS,FARMERS DISTRIBUTORS,,1655 ROAD 4 NE,STE E,COULEE CITY,WA,98115-0000,,,,,,true,true,,
13,6033453920010002,412275,FORBIDDEN FARMS,FORBIDDEN FARMS,(253) 820-3904,421 SE SELLS DR SUITE A,,SHELTON,WA,98584-7790,,,,,,true,true,,
14,6033504930010001,412315,WEST COAST PRODUCTIONS,WEST COAST PRODUCTIONS,(425) 330-7773,46605 S MORTON RD,SUITE B,KENNEWICK,WA,99337-7590,,,,,,true,true,,
15,604663664,432061,"HOLY HERB, LLC","HOLY HERB, LLC",(509) 885-5616,202 GREENACRES RD,,RIVERSIDE,WA,98849-0000,,,,,,true,true,,
16,6034388400010001,412377,GLENS PLANT FARM,GLENS PLANT FARM,(425) 387-8227,17447 PETERSON RD  STE 2,,BURLINGTON,WA,98233-3546,,,,,,true,true,,
17,6032824240010002,412384,EMERALD TWIST,EMERALD TWIST,(503) 706-4544,459 BRENTWOOD RD,STE A,GOLDENDALE,WA,98620-2813,,,,,,true,true,,
18,603349128,426700,AXABRA,AXABRA,(425) 998-7057,4014 E SPRAGUE AVE,,SPOKANE,WA,98202-0000,,,,,,true,true,,
19,6033521200010001,412525,RODRIGO MANUEL OCAMPO,RODRIGO MANUEL OCAMPO,(253) 209-9473,1123 351ST ST STE B,,FEDERAL WAY,WA,98003-7009,,,,,,true,true,,
20,6031830060010002,412537,I502 CANNABIS,I502 CANNABIS,(206) 696-3063,26051 MEAN CANYON TRAIL E  #A,,CRESTON,WA,99147-0000,,,,,,true,true,,
21,604521882,430313,"PEACE VALLEY FARMS, LLC","PEACE VALLEY FARMS, LLC",(509) 670-3816,233 UNIT A ENGH RD,UNIT #A,OMAK,WA,98841-9472,,,,,,true,true,,
22,6026671740010002,412635,ASPEN HOLLOW,ASPEN HOLLOW,(208) 720-4799,18407 STATE ROUTE 20,,WINTHROP,WA,98862-0000,,,,,,true,true,,
23,6011829420010002,412660,FLYING EAGLE FARM,FLYING EAGLE FARM,,6256 SW FRENCHMAN HILLS RD,,ROYAL CITY,WA,99357-9612,,,,,,true,true,,
24,6005618590010002,412665,COVINGTON MEADOWS,COVINGTON MEADOWS,(206) 819-4526,9326 NEPPLE RD NE SUITE A,,MOSES LAKE,WA,98837-0000,,,,,,true,true,,
25,6033520610010001,412719,EVERGREEN ACRES,EVERGREEN ACRES,(509) 290-0631,1824 RD N NE UNIT 3,,MOSES LAKE,WA,98837-0000,,,,,,true,true,,
26,6033549930010001,412814,SATIVA LLC,SATIVA LLC,(509) 631-2216,3345 JAGLA RD STE A,,WENATCHEE,WA,98801-9725,,,,,,true,true,,
27,6033527930010001,412839,DLH RANCH,DLH RANCH,(253) 820-6399,2915 288TH ST E SUITE 3,,ROY,WA,98580-8559,,,,,,true,true,,
28,6033074630010002,412879,NWCS,NWCS,(425) 445-9322,9631 LATHROP INDUSTRIAL DR SW,,OLYMPIA,WA,98512-9188,,,,,,true,true,,
29,6033543260010001,412995,ORGANIC GROWN CANNABIS,ORGANIC GROWN CANNABIS,(509) 999-3310,7118 E JENNIE LN #A,,SPOKANE,WA,99212-3085,,,,,,true,true,,
30,6033525800010001,412999,ALPHA TURTLE PRODUCTIONS,ALPHA TURTLE PRODUCTIONS,,12742 ZELLER RD SE #A,,YELM,WA,98597-9207,,,,,,true,true,,
31,604588026,430626,BUDS N STUFF,BUDS N STUFF,(509) 885-4784,233 ENGH RD # B,,OMAK,WA,98841-9472,,,,,,true,true,,
32,6035081720010001,413036,CERTIFIED GREEN,CERTIFIED GREEN,,15906 E SPRAGUE,BLDG B,SPOKANE VALLEY,WA,99037-0000,,,,,,true,true,,
33,6033508040010001,413045,B.S. CUSTOM FARMS,B.S. CUSTOM FARMS,,22320 W ELM LN SUITE A,,MEDICAL LAKE,WA,99022-9663,,,,,,true,true,,
34,6033507990010001,413069,NORTHWEST SERVICES UNLIMITED,NORTHWEST SERVICES UNLIMITED,,4124 E 11TH,,TACOMA,WA,98421-0000,,,,,,true,true,,
35,6033494720010002,413093,PINNACLE NW,PINNACLE NW,(360) 352-0296,16948 LONGMIRE RD SE    STE A,,YELM,WA,98597-7974,,,,,,true,true,,
36,6033457230010001,413150,RAVEN,RAVEN,(917) 703-0621,600 RONLEE LN NW BLDG A,,OLYMPIA,WA,98502-9264,,,,,,true,true,,
37,6033516310010001,413162,GREEN BROTHERS FARMS,GREEN BROTHERS FARMS,(360) 970-7896,7715 SKOOKUMCHUCK RD SE STE D,,TENINO,WA,98589-9549,,,,,,true,true,,
38,6033541670010001,413175,WILBER INDUSTRIES,WILBER INDUSTRIES,,43112 248TH AVE SE,,ENUMCLAW,WA,98022-0000,,,,,,true,true,,
39,6033533870010001,413205,G-7 GROW,G-7 GROW,(509) 398-2142,10167 ROAD H NW,,EPHRATA,WA,98823-9632,,,,,,true,true,,
40,6034545430010001,413214,DAYTON ELTON HAMMACK,DAYTON ELTON HAMMACK,(360) 562-5016,3008 29TH AVE SW STE B,,TUMWATER,WA,98512-6101,,,,,,true,true,,
41,6033524830010001,413280,1492 PRODUCTIONS,1492 PRODUCTIONS,,2835 OCEAN AVE #A,,RAYMOND,WA,98577-4909,,,,,,true,true,,
42,6033576410010001,413450,THOMAS PAUL HICKEY,THOMAS PAUL HICKEY,(808) 386-8909,9285 S LAKESHORE RD STE A,,CHELAN,WA,98816-9352,,,,,,true,true,,
43,6033576440010001,413452,DID CROPS,DID CROPS,,7835 HWY 283,STE B,EPHRATA,WA,98823-0000,,,,,,true,true,,
44,6033563090010001,413619,RIO NINE ELEVEN,RIO NINE ELEVEN,,2875 W 1ST ST,SUITE B,WARDEN,WA,98857-0000,,,,,,true,true,,
45,6033571010010001,413656,THE HEIGHTS CONSERVATORY,THE HEIGHTS CONSERVATORY,(206) 579-0662,6994 RD 10 NE,,MOSES LAKE,WA,98837-0000,,,,,,true,true,,
46,603320230,413705,GRW AGRICULTURE,GRW AGRICULTURE,,3719 188TH ST NE STE C,,ARLINGTON,WA,98223-8708,,,,,,true,true,,
47,6033756620010001,413911,STAFFYS GARDEN,STAFFYS GARDEN,(360) 304-0811,1001 E MALANEY CREEK RD STE A,,SHELTON,WA,98584-6351,,,,,,true,true,,
48,6033573790010001,413913,BILLIFER'S BAKED BUDS,BILLIFER'S BAKED BUDS,(509) 944-6262,15026 E BREVIER RD SUITE A,,SPOKANE,WA,99217-9600,,,,,,true,true,,
49,603519314,413958,ALTERED STATE,ALTERED STATE,(509) 293-1360,3472 PULLMAN AIRPORT RD STE C,STE C,PULLMAN,WA,98112-0000,,,,,,true,true,,
50,6025288650010001,414030,WRENS NEST FARM,WRENS NEST FARM,,27613 127TH AVE NE UNIT A,,ARLINGTON,WA,98223-9342,,,,,,true,true,,
51,6034617680010001,414033,HYDROFARMER,HYDROFARMER,,1450 WHEELER RD NE,STE A,MOSES LAKE,WA,98837-9752,,,,,,true,true,,
52,6014882920010003,414116,AAA BIO-DYNAMIC,AAA BIO-DYNAMIC,,4325 S FEY RD,,PORT ANGELES,WA,98363-9464,,,,,,true,true,,
53,6033565020010001,414140,NAVARRE COULEE,NAVARRE COULEE,(509) 433-4749,6520 NAVARRE COULEE ROAD STE A,,CHELAN,WA,98816-0000,,,,,,true,true,,
54,6015444080010002,414271,THORJON RUSSELL-J1,THORJON RUSSELL-J1,(509) 710-4695,26425 RUPP RD J1,,CHENEY,WA,99004-0000,,,,,,true,true,,
55,6022862480010002,414290,RAY'S GARDEN,RAY'S GARDEN,(509) 760-1980,2255 ROAD E.5 NE STE A,,MOSES LAKE,WA,98837-9583,,,,,,true,true,,
56,6030266660010002,414898,CLOUD 9 GOOD BUDZ,CLOUD 9 GOOD BUDZ,,23051 US 195,,PULLMAN,WA,99163-8878,,,,,,true,true,,
57,6034037690010002,415678,KUSH COMFORT FARMS,KUSH COMFORT FARMS,(206) 465-6257,6805 W DENO RD,,SPOKANE,WA,99224-8919,,,,,,true,true,,
58,6034697510010001,415721,LIZZARD WEED FARMS,LIZZARD WEED FARMS,,1561 WIND RIVER HWY,,CARSON,WA,98610-0000,,,,,,true,true,,
59,603456771,427643,"CURATIVE, LLC","CURATIVE, LLC",(206) 693-2900,3230 E RIVERSIDE AVE,,SPOKANE,WA,99202-4708,,,,,,true,true,,
60,6034885040010001,415749,CHERRY RIDGE FARMS,CHERRY RIDGE FARMS,,195407 E GAME FARM RD,,KENNEWICK,WA,99337-6824,,,,,,true,true,,
61,6031284480010001,415756,CANAAN,CANAAN,,28436 NE 4TH PL,,REDMOND,WA,98053-0000,,,,,,true,true,,
62,6032615550010001,415764,CARSON UNLIMITED,CARSON UNLIMITED,,13001 ROAD 2 NE,UNIT 4,MOSES LAKE,WA,98837-0000,,,,,,true,true,,
63,6033565060010001,415859,CLOVIS POINT CANNABIS,CLOVIS POINT CANNABIS,,4639 NUMBER TWO CANYON STE A,,WENATCHEE,WA,98801-2398,,,,,,true,true,,
64,6033565620010002,415860,THC SERVICES,THC SERVICES,,5310 COUNTRY LANE RD,,LANGLEY,WA,98260-8208,,,,,,true,true,,
65,6033565650010001,415861,KITTITAS VALLEY RANCH,KITTITAS VALLEY RANCH,,6160 NO 81 RD,,ELLENSBURG,WA,98926-6689,,,,,,true,true,,
66,6033574280010001,415915,THE T.H.C. CORPERATION,THE T.H.C. CORPERATION,(509) 750-5224,1824 ROAD N NE UNIT 2,,MOSES LAKE,WA,98837-0000,,,,,,true,true,,
67,6033561880010002,415984,BOHEMIAN ENTERPRISES,BOHEMIAN ENTERPRISES,(425) 765-7130,305 S LOWER COUNTY LINE RD,SUITE B,PROSSER,WA,99350-0000,,,,,,true,true,,
68,6033594230010001,416016,EH FARMS,EH FARMS,(206) 886-7155,3143 GOLDIE RD,,OAK HARBOR,WA,98277-0000,,,,,,true,true,,
69,6033589920010001,416052,MIZPAH,MIZPAH,,2875 W 1ST ST,SUITE A,WARDEN,WA,98857-0000,,,,,,true,true,,
70,6033507290010001,416068,FAMILY PLOT,FAMILY PLOT,(509) 325-1921,26425 S RUPP RD F1,,CHENEY,WA,99004-0000,,,,,,true,true,,
71,6033543480010001,416078,PEA PATCH,PEA PATCH,,2870 OCEAN AVENUE,BLDG 6,RAYMOND,WA,98577-0000,,,,,,true,true,,
72,6033817650010001,416089,BS GROWERS,BS GROWERS,(509) 465-4080,26425 S RUPP #G 1,,CHENEY,WA,99004-0000,,,,,,true,true,,
73,6033546850010001,416111,FAR WEST ENTERPRISE,FAR WEST ENTERPRISE,(206) 673-1984,4380 KAWECKI ROAD,STE A,MALAGA,WA,98829-0000,,,,,,true,true,,
74,6033598490010001,416118,CARLA'S FARM,CARLA'S FARM,,68214 N WHAN RD,,BENTON CITY,WA,99320-6619,,,,,,true,true,,
75,6035262820010001,416131,TERPCO,TERPCO,,11503 60TH ST NE,,LAKE STEVENS,WA,98258,,,,,,true,true,,
76,6033601160010001,416170,WAGROWN,WAGROWN,,747 ATLAS RD UNIT D,,VADER,WA,98593-0000,,,,,,true,true,,
77,6034253610010001,416191,GRN,GRN,,4790 NW CASCADE AVE,,EAST WENATCHEE,WA,98802,,,,,,true,true,,
78,6033579780010001,416195,BUDDHA FARMS,BUDDHA FARMS,,5110 RIVER RD E BLDG B,,TACOMA,WA,98443-2638,,,,,,true,true,,
79,6033579090010001,416197,MERT'S MARIJUANA,MERT'S MARIJUANA,(360) 513-8519,34230 SE 20TH ST   STE A,SUITE A,WASHOUGAL,WA,98671-6690,,,,,,true,true,,
80,6033541960010001,416234,THE HEALTHY CHOICE,THE HEALTHY CHOICE,,4521 N GARY RD,STE #2,OTIS ORCHARDS,WA,99027-0000,,,,,,true,true,,
81,603480173,428970,KUSH MOUNTAIN GARDENS,KUSH MOUNTAIN GARDENS,(206) 293-1123,160 S 108TH ST,,SEATTLE,WA,98168-0000,,,,,,true,true,,
82,6028029690010001,416277,J A SWIFT ENTERPRISES,J A SWIFT ENTERPRISES,(509) 939-1908,669 N RICHARDS RD STE A,,RITZVILLE,WA,99169-0000,,,,,,true,true,,
83,6034734470010001,416279,MT GREENIER FARMS,MT GREENIER FARMS,,1920 ROAD N NE,UNIT 2,MOSES LAKE,WA,98837-0000,,,,,,true,true,,
84,6035151850010001,416286,"PURE TRAN, LLC","PURE TRAN, LLC",,236709 E LECHELT RD STE B,,KENNEWICK,WA,99337-0000,,,,,,true,true,,
85,604182196,427552,NORTHWEST INDUSTRIES,NORTHWEST INDUSTRIES,(509) 212-4736,36043 STATE ROUTE 23 E,,DAVENPORT,WA,99122-9758,,,,,,true,true,,
86,603375239,416337,NOBLE FARMS,NOBLE FARMS,,420 E 18TH ST,,TACOMA,WA,98421-1507,,,,,,true,true,,
87,6033473870010002,416372,GREENLEAF ENVIRONMENTAL,GREENLEAF ENVIRONMENTAL,,13300 SE 30TH ST,SUITE 110,BELLEVUE,WA,98005-0000,,,,,,true,true,,
88,6034369230010001,416486,NEW LEAF ENTERPRISES,NEW LEAF ENTERPRISES,(360) 489-4061,6435 ROARING CREEK RD,STE A,ENTIAT,WA,98822-0000,,,,,,true,true,,
89,6033609050010001,416531,SWEET DREAM GARDENS,SWEET DREAM GARDENS,,1306 SPRUCE ST,,LONGVIEW,WA,98632-4648,,,,,,true,true,,
90,6023726730020001,416547,RLG FARMS,RLG FARMS,,1423 COLLINS RD,STE A,SELAH,WA,98942-8919,,,,,,true,true,,
91,603361549,416571,ALMOJERA FARMS,ALMOJERA FARMS,(360) 393-2690,4593 BAY RD STE B,STE A,BLAINE,WA,98230-0000,,,,,,true,true,,
92,6034411380010001,416590,LMNOP FARMS,LMNOP FARMS,,2319 ELMWAY SUITE B,,OKANOGAN,WA,98840,,,,,,true,true,,
93,6022930480020001,416622,BEAUTIFUL PLANET,BEAUTIFUL PLANET,,34405 214TH AVE SE,,AUBURN,WA,98092-1509,,,,,,true,true,,
94,603362074,428817,HIGHER EDUCATION,HIGHER EDUCATION,(206) 679-5661,75 PIT RD STE C,,BREWSTER,WA,98812-9676,,,,,,true,true,,
95,6032550220010002,416676,FEEL BUDDER,FEEL BUDDER,,4721 HANSON RD STE A,,ELLENSBURG,WA,98926-0000,,,,,,true,true,,
96,602986777,416683,EAGLE TREE FARMS,EAGLE TREE FARMS,(360) 393-5507,6369 MT BAKER HWY STE A,,DEMING,WA,98244-9547,,,,,,true,true,,
97,604583833,430334,"TIME 2 GROW, LLC","TIME 2 GROW, LLC",(509) 670-7043,169 GREENACRES RD LOT D,,RIVERSIDE,WA,98849-9647,,,,,,true,true,,
98,604590017,430423,"SACRE FARMS, LLC","SACRE FARMS, LLC",(509) 670-7043,169 GREENACRES RD UNIT C,,RIVERSIDE,WA,98849-9647,,,,,,true,true,,
99,603464430,426127,Legacy Organics,Legacy Organics,(310) 779-6941,237004 E LEGACY PR SE,STE P,KENNEWICK,WA,98936-9317,,,,,,true,true,235085,2026-07-01T01:36:24.257000
100,6033591840010001,416759,ANANDA WASHINGTON,ANANDA WASHINGTON,(503) 522-6568,130 CHESAW RD STE B,,OROVILLE,WA,98844-0000,,,,,,true,true,,
101,603360525,430628,NORWEST PRODUCTION,NORWEST PRODUCTION,(360) 772-4302,24 THAYER SOUTH RD NUM B,STE A,OROVILLE,WA,98844-9224,,,,,,true,true,,
102,6034527030010001,416829,LANDRACE,LANDRACE,(626) 233-9606,130 CHESAW RD  STE C,,OROVILLE,WA,98844-0000,,,,,,true,true,,
103,6033506150010001,416840,THE HAPPY CROWD,THE HAPPY CROWD,(509) 998-8071,26425 S RUPP RD D1,,CHENEY,WA,99004-0000,,,,,,true,true,,
104,6033219760010001,416850,FOOTPRINT BIOSCIENCES,FOOTPRINT BIOSCIENCES,(360) 970-2344,6424 210TH AVE SW,,CENTRALIA,WA,98531-9633,,,,,,true,true,,
105,6033596130010002,416870,SUN GROWN ORGANIX,SUN GROWN ORGANIX,(425) 949-2873,1926 PINE CREEK RD  UNIT 4,,TONASKET,WA,98855-0000,,,,,,true,true,,
106,6034278620010001,416971,CANABANATCHEE,CANABANATCHEE,(509) 679-1541,17801 ENTIAT RIVER RD STE A,,ENTIAT,WA,98822-9702,,,,,,true,true,,
107,604409100,413199,"YI FAN FENG SHUN, LLC","YI FAN FENG SHUN, LLC",(206) 708-3012,145 GREENACRES RD UNIT 4,STE 4,RIVERSIDE,WA,98849-9647,,,,,,true,true,,
108,6033590120010001,416984,RANDOLPH AND MORTIMER,RANDOLPH AND MORTIMER,,2432 NORTH HIGHWAY 395,UNIT 100,CHEWELAH,WA,99109-0000,,,,,,true,true,,
109,6033510590010001,416989,AMAZINGARDENS,AMAZINGARDENS,,23930 OSO LOOP ROAD,STE B,ARLINGTON,WA,98223-5399,,,,,,true,true,,
110,6034760640010001,416999,P.N.W. GROWERS,P.N.W. GROWERS,,1891 EAST LEE RD,,WASHTUCNA,WA,99371-0000,,,,,,true,true,,
111,603498541,427061,BOTANICAL MADNESS,BOTANICAL MADNESS,(808) 442-2545,2002 ROZA DR STE D,STE C,ZILLAH,WA,98953-9361,,,,,,true,true,,
112,6033631150010001,417055,BARE NAKED BUD,BARE NAKED BUD,(360) 977-0533,1041 INDUSTRIAL WAY,,LONGVIEW,WA,98632-1030,,,,,,true,true,,
113,6033604070010001,417083,NUGS,NUGS,,234805 E STRAIGHT BANK RD,STE D,KENNEWICK,WA,99337-0000,,,,,,true,true,,
114,6033561370010001,417156,GREENFINGERS 509,GREENFINGERS 509,(509) 314-9897,834 BADGER GULCH,SUITE B,GOLDENDALE,WA,98620-2912,,,,,,true,true,,
115,603345803,432285,"AURICAG, INC.","AURICAG, INC.",(206) 226-1391,6996 ROAD 10 NE STE C,,MOSES LAKE,WA,98837-0000,,,,,,true,true,,
116,6017018150010001,417180,BUDD BAY GARDENS,BUDD BAY GARDENS,,5241 CUSHMAN RD NE,SUITE A,OLYMPIA,WA,98506-1813,,,,,,true,true,,
117,6029086410010002,417206,SEATTLE MEDIA WORKS,SEATTLE MEDIA WORKS,,18791 CEDARDALE RD STE A,,MOUNT VERNON,WA,98274,,,,,,true,true,,
118,6034258960010001,417221,LAURITZEN MANUFACTURING,LAURITZEN MANUFACTURING,,31612 160TH ST SE,STE B,SULTAN,WA,98294-9711,,,,,,true,true,,
119,6034627320010001,417252,MIND BENDER ENTERPRISES,MIND BENDER ENTERPRISES,(360) 770-3732,5937 CHUCKANUT DR,,BOW,WA,98232-9295,,,,,,true,true,,
120,6005335660020001,417262,D&M GREEN HOUSE 420,D&M GREEN HOUSE 420,(360) 298-2853,20 CANDLEWOOD LN,,EASTSOUND,WA,98245-9461,,,,,,true,true,,
121,6005785880010001,417263,CALVIN'S BEST,CALVIN'S BEST,(509) 762-9530,4896 MCCHONIHE RD NE SITE A,,MOSES LAKE,WA,98837-9338,,,,,,true,true,,
122,604185201,417310,WICKED GREEN GARDENS,WICKED GREEN GARDENS,(206) 601-8506,26268 12 TREES LN NW STE 150,,POULSBO,WA,98370-0000,,,,,,true,true,,
123,6034416240010001,417311,MAYFLOWER PARTNERS,MAYFLOWER PARTNERS,,311 E EXPORT RD,,SHELTON,WA,98584,,,,,,true,true,,
124,6033571320010001,417379,CORDUS,CORDUS,(425) 422-4414,56005 N THOMAS RD STE A,,BENTON CITY,WA,99320-7632,,,,,,true,true,,
125,6033590820010001,417384,ISLAND GREEN GROWERS,ISLAND GREEN GROWERS,,4525 DEER LAKE RD,STE A,CLINTON,WA,98236-0000,,,,,,true,true,,
126,6033060360010002,417394,CELSS MICRO FARMS,CELSS MICRO FARMS,(509) 460-7723,68705 N 132 PR NE,,BENTON CITY,WA,99320-8761,,,,,,true,true,,
127,6035023370010001,417401,HIGHLAND NURSERY,HIGHLAND NURSERY,,234805 E STRAIGHTBANK RD STE C,,KENNEWICK,WA,99336-0000,,,,,,true,true,,
128,6035044620010001,417497,ODO,ODO,,8502 NE 2ND AVE,,KIONA,WA,,,,,,,true,true,,
129,6032815800010003,418065,A LIST,A LIST,,12001 AURORA AVE N STE A,,SEATTLE,WA,98113-8249,,,,,,true,true,,
130,6033593090010002,419271,CONSCIOUS CANNABIS,CONSCIOUS CANNABIS,,53311 DEVILS GAP RD E,,FORD,WA,99013-0000,,,,,,true,true,,
131,6033562840010004,419454,COLUMBIA GROWN,COLUMBIA GROWN,,99 GREENACRES RD,LOT C,RIVERSIDE,WA,98849-9625,,,,,,true,true,,
132,6033519020010002,419494,CANNABIS NORTHWEST,CANNABIS NORTHWEST,,2405 50TH AVE SW,,TUMWATER,WA,98512-8007,,,,,,true,true,,
133,6033453330010006,419690,CLARITY FARMS,CLARITY FARMS,(253) 252-2383,1199 W CUNNINGHAM RD,SUITE A1,OTHELLO,WA,99344-0000,,,,,,true,true,1446100,2026-06-30T05:09:14.650000
134,604466274,428617,DEWEY BOTANICALS LLC,DEWEY BOTANICALS LLC,(775) 790-3463,2001 COUNTRY CLUB RD,,PULLMAN,WA,99163-8868,,,,,,true,true,,
135,603360630,420130,"FREE RAIN FARMS, INC.","FREE RAIN FARMS, INC.",,6995 KICKERVILLE RD STE B,,FERNDALE,WA,98248-5402,,,,,,true,true,,
136,6032705020010002,420275,GOOD TO GROW,GOOD TO GROW,,1150 COUNTY LINE RD,,GRAYLAND,WA,98547-9604,,,,,,true,true,,
137,6033569360010002,421434,NW NECTAR,NW NECTAR,,11610 W WHITE RD,,SPOKANE,WA,99224-9747,,,,,,true,true,,
138,6033585450010003,412024,WALDEN CANNABIS,WALDEN CANNABIS,,2916 STATE ST,STE C,EVERETT,WA,98201-3842,,,,,,true,true,995536,2026-06-04T02:19:57.793000
139,6031327110010006,412056,Over The Top,Over The Top,(206) 557-4700,640 S SPOKANE ST,SUITE A,SEATTLE,WA,98134-2225,,,,,,true,true,,
140,604289642,412150,Unicorn Brands LLC,Unicorn Brands LLC,,85 PETERS ST BLDG A,,RAYMOND,WA,98577-0000,,,,,,true,true,,
141,604289645,412151,ATLAS GLOBAL TECHNOLOGIES LLC,ATLAS GLOBAL TECHNOLOGIES LLC,,198 PETERS ST,,RAYMOND,WA,98577-0000,,,,,,true,true,,
142,604120970,426754,"WASHINGTON GOLD, LLC","WASHINGTON GOLD, LLC",(425) 736-5063,31903 HWY 97,STE A,TONASKET,WA,98855-9205,,,,,,true,true,,
143,6033345530010001,412219,BAKECATION,BAKECATION,(360) 375-6042,470 W 2ND ST STE 106,,SUMAS,WA,98295-9680,,,,,,true,true,,
144,6032707930010002,412229,EVERGREEN HERBAL,EVERGREEN HERBAL,(206) 596-8600,923 S BAYVIEW ST STE 200,,SEATTLE,WA,98134-2023,,,,,,true,true,,
145,6033152490010001,412236,SILICA PHOENIX,SILICA PHOENIX,(360) 951-4021,9730 LATHROP INDUSTRIAL DR SW,UNIT E1,OLYMPIA,WA,98512-1064,,,,,,true,true,,
146,6033453920010001,412274,FORBIDDEN FARMS,FORBIDDEN FARMS,(253) 820-3904,1920 PORT OF TACOMA RD,,TACOMA,WA,98421-3707,,,,,,true,true,,
147,6031327110010007,412340,SOLSTICE CON,SOLSTICE CON,(206) 612-8559,640 S SPOKANE ST,SUITE E,SEATTLE,WA,98134-2225,,,,,,true,true,,
148,6033132380010001,412347,XTRACTED LABS,XTRACTED LABS,(206) 639-5388,3423 4TH AVE S,,SEATTLE,WA,98134-1904,,,,,,true,true,849689,2026-07-02T04:21:50.003000
149,6033491280010001,412438,AXABRA,AXABRA,(425) 998-7057,3230 E RIVERSIDE AVE STE 110,,SPOKANE,WA,99202-0000,,,,,,true,true,,
150,6033518450010001,412520,WASHINGTON GREEN,WASHINGTON GREEN,,28611 139TH AVE NE STE C,,ARLINGTON,WA,98223-9302,,,,,,true,true,,
151,603351879,429717,CANNA CLOUDS,CANNA CLOUDS,(425) 870-4355,2916 STATE ST STE 202,,EVERETT,WA,98201-3994,,,,,,true,true,,
152,6033510890010001,412581,HESPERIDES,HESPERIDES,,21108 ORVILLE RD STE A,,ORTING,WA,98360-9764,,,,,,true,true,,
153,6033472250010001,412600,LUCHINI SUPERCRITICAL,LUCHINI SUPERCRITICAL,(617) 875-6637,4326 LYONS HILL RD   STE B,,SPRINGDALE,WA,99173-9728,,,,,,true,true,,
154,6033221780010001,412617,CRESCENDO CHOCOLATE,CRESCENDO CHOCOLATE,(360) 599-8325,4055 HAMMER DR,,BELLINGHAM,WA,98226-7665,,,,,,true,true,,
155,604490198,429382,NCW LLC,NCW LLC,(509) 322-6065,29374 US HWY 97 UNIT D,UNIT D,OMAK,WA,98841-0000,,,,,,true,true,,
156,6031046500010003,412630,KOUCHLOCK PRODUCTIONS,KOUCHLOCK PRODUCTIONS,,805 E HOUSTON AVE STE B,,SPOKANE,WA,99208-5502,,,,,,true,true,,
157,6028105730010001,412634,MR WHOLESALE AND LEASING,MR WHOLESALE AND LEASING,(509) 710-3240,202 N CRESTLINE ST #1,,SPOKANE,WA,99202-0000,,,,,,true,true,,
158,6033380710010001,412679,SOURFACE,SOURFACE,(509) 329-8573,5805 E SHARP AVE STE C4,,SPOKANE VALLEY,WA,99212-0955,,,,,,true,true,,
159,6029509160010001,412713,TPCB VENTURES,TPCB VENTURES,,2700 4TH AVE S,STE B2,SEATTLE,WA,98134,,,,,,true,true,,
160,6033503130010001,412723,BOTANICA SEATTLE,BOTANICA SEATTLE,(206) 335-8491,145 S HORTON ST,,SEATTLE,WA,98134-0000,,,,,,true,true,768000,2026-06-27T16:09:21.250000
161,6033503130010002,412724,BOTANICA SEATTLE,BOTANICA SEATTLE,(206) 335-8491,3300 1ST AVE S STE 100,,SEATTLE,WA,98134-0000,,,,,,true,true,,
162,6032711860010002,412759,AVITAS,AVITAS,(206) 953-1509,25404 STATE ROUTE 9 STE B,,ARLINGTON,WA,98223-0000,,,,,,true,true,289348,2026-06-25T20:21:04.810000
163,604123116,412808,EPIC BAKERY DIVISION,EPIC BAKERY DIVISION,(206) 446-9500,10334 LAKE CITY WAY NE,,SEATTLE,WA,98115-7738,,,,,,true,true,,
164,604472127,412850,POTENTIAL ENERGY LLC,POTENTIAL ENERGY LLC,(213) 308-5655,2870 OCEAN AVENUE #4,,RAYMOND,WA,98577-4906,,,,,,true,true,,
165,6033272230010002,412861,CAVIAR GOLD,CAVIAR GOLD,(425) 903-0293,19401 63RD AVE NE,,ARLINGTON,WA,98223-7843,,,,,,true,true,,
166,6033074630010005,412882,NORTHWEST CANNABIS SOLUTIONS,NORTHWEST CANNABIS SOLUTIONS,(425) 445-9322,9603 LATHROP INDUSTRIAL DR SW,STE A,OLYMPIA,WA,98512-9188,,,,,,true,true,,
167,6032815800010002,412885,A LIST,A LIST,,12001 AURORA AVE N STE B,,SEATTLE,WA,98113-8249,,,,,,true,true,,
168,6033525570010001,412952,SITKA PACKAGING,SITKA PACKAGING,(206) 660-3988,11015 LAKE CITY WAY NE,,SEATTLE,WA,98125-6716,,,,,,true,true,77988,2026-06-04T22:29:13.240000
169,6031439600010001,412981,GREENMED LAB,GREENMED LAB,,2700 4TH AVE SOUTH,SUITE C3,SEATTLE,WA,98134-0000,,,,,,true,true,,
170,6031402370010002,413009,CREMA DE GAIA,CREMA DE GAIA,,514 W BAMBI FARMS RD,,SHELTON,WA,98584-7493,,,,,,true,true,,
171,6033520140010002,413019,THE GREEN GREEN GRASS OF HOME,THE GREEN GREEN GRASS OF HOME,,1799 TOUCHET NORTH RD STE B,,TOUCHET,WA,99360-9552,,,,,,true,true,,
172,6033508340010006,426341,PUFFIN FARM,PUFFIN FARM,(206) 412-0998,4411 23RD AVE W STE 2B,STE 2B,SEATTLE,WA,98199-1277,,,,,,true,true,,
173,603178022,413080,DAY DREAM PROCESSING,DAY DREAM PROCESSING,(206) 930-9801,2224 1ST AVE S,,SEATTLE,WA,98134-1408,,,,,,true,true,,
174,6026312270010001,413120,ORCHARDVIEW WEST,ORCHARDVIEW WEST,,8031 S 194TH ST,,KENT,WA,98032-1126,,,,,,true,true,,
175,6032989190010005,413138,SWEET NIRVANA BAKERY,SWEET NIRVANA BAKERY,(425) 442-9905,3810 AIRPORT WAY S    STE 111,,SEATTLE,WA,98108-5214,,,,,,true,true,,
176,6032989190010006,413139,BIG RIDGE FARMS,BIG RIDGE FARMS,(425) 442-9905,1655 ROAD 4 NE STE D,,COULEE CITY,WA,99115-0000,,,,,,true,true,,
177,6033529060010001,413167,GRINGO BROS.,GRINGO BROS.,,"31150 COSGROVE RD N, STE B",,ALMIRA,WA,99103-8729,,,,,,true,true,,
178,6033537760010001,413174,CIRCANNA,CIRCANNA,(510) 333-9633,2905 4TH AVE S,,SEATTLE,WA,98134-1914,,,,,,true,true,,
179,6033560860010002,413203,ALFHILD VENTURES,ALFHILD VENTURES,,13026 W MCFARLANE RD,,AIRWAY HEIGHTS,WA,99001-5099,,,,,,true,true,,
180,6033472750010002,413282,RED FROG,RED FROG,,12815 227TH SE MONROE STE B,,MONROE,WA,98272-3598,,,,,,true,true,,
181,6033472750010003,413283,RED FROG,RED FROG,,12815 227TH ST SE STE C,,MONROE,WA,98272-8720,,,,,,true,true,,
182,6033507430010002,413324,ZOOBEES DOOBEES,ZOOBEES DOOBEES,(509) 216-0985,26327 E MISSION AVE STE 2,,LIBERTY LAKE,WA,99019-8519,,,,,,true,true,,
183,6033495550010003,413341,SALMON CREEK SINSEMILLA,SALMON CREEK SINSEMILLA,,1199 W CUNNINGHAM RD,STE C1,OTHELLO,WA,99344-0000,,,,,,true,true,,
184,603355672,419538,502 PROCESSOR'S GROUP,502 PROCESSOR'S GROUP,(414) 731-0189,2700 4TH AVE S STE E1,,SEATTLE,WA,98134-1956,,,,,,true,true,,
185,6033534800010001,413856,CLINICAL CANNABIS CLUB,CLINICAL CANNABIS CLUB,,12525 WILLOWS RD NE,,KIRKLAND,WA,98034,,,,,,true,true,,
186,603354458,431332,UAHI,UAHI,(360) 815-2048,1679 LOOMIS TRAIL RD STE 2,,CUSTER,WA,98240-9304,,,,,,true,true,,
187,6033560850010001,413907,502 DISTRIBUTION,502 DISTRIBUTION,,19306 128TH AVE SE,,YELM,WA,98597-9619,,,,,,true,true,,
188,6033491720010004,413952,FC PROCESSOR-3,FC PROCESSOR-3,(206) 453-0587,1944 1ST AVE S STE 300,,SEATTLE,WA,98134-1406,,,,,,true,true,,
189,6033491720010003,413954,FC PROCESSOR-2,FC PROCESSOR-2,(206) 453-0587,1944 1ST AVE S    STE B,STE B,SEATTLE,WA,98134-1406,,,,,,true,true,,
190,6033520140010003,413955,THE GREEN GREEN GRASS OF HOME,THE GREEN GREEN GRASS OF HOME,,1799 TOUCHET NORTH RD STE C,,TOUCHET,WA,99360-9552,,,,,,true,true,,
191,6032705020010001,414035,GOOD TO GROW,GOOD TO GROW,,1725 OCEAN AVE,STE 1,RAYMOND,WA,98577-2813,,,,,,true,true,,
192,6032862770010002,414038,BEACON,BEACON,,6021 E MANSFIELD AVE STE 100,,SPOKANE VALLEY,WA,99212-0000,,,,,,true,true,,
193,6033502280010002,414045,DOC CROC,DOC CROC,,9730 LATHROP INDUSTRIAL DR SW,UNIT D,OLYMPIA,WA,98512-1064,,,,,,true,true,,
194,6033577370010001,414198,DABSOLUTE PREMIUM CONCENTRATES,DABSOLUTE PREMIUM CONCENTRATES,,8109 E BRATT RD,STE B,FAIRFIELD,WA,99012-0000,,,,,,true,true,,
195,6032824240010004,414323,EMERALD TWIST,EMERALD TWIST,(503) 706-4544,459 BRENTWOOD RD,STE D,GOLDENDALE,WA,98620-2813,,,,,,true,true,,
196,6029325450020002,414905,HYDRO LIGHT,HYDRO LIGHT,(509) 607-4030,340 POWERLINE RD STE B,,CLE ELUM,WA,98922-8384,,,,,,true,true,,
197,6033477820010003,415452,AUNTIE ONOLICIOUS,AUNTIE ONOLICIOUS,,123 BLACK BEAR RD STE B,,PORT TOWNSEND,WA,98368-9621,,,,,,true,true,,
198,6033509990010001,415685,ADAPTIVE NANO INFUSIONS,ADAPTIVE NANO INFUSIONS,,9622 AURORA AVE N,SUITE C,SEATTLE,WA,98103-3221,,,,,,true,true,,
199,6033423970010001,415697,CRAFT ELIXIRS,CRAFT ELIXIRS,(248) 840-0207,3528 BAGLEY AVE N,,SEATTLE,WA,98103-9113,,,,,,true,true,700250,2026-07-01T04:06:49.587000
200,6033248100010001,415700,ALIS GROUP,ALIS GROUP,(425) 786-4549,624 S LANDER ST STE 47,,SEATTLE,WA,98134-2041,,,,,,true,true,,
201,6033076970010001,415704,PDT TECHNOLOGIES,PDT TECHNOLOGIES,(206) 327-0149,205A N OTTO ST,,PORT TOWNSEND,WA,98368-9780,,,,,,true,true,,
202,6032271660010002,415712,GORBEN,GORBEN,(253) 682-8392,2915 S M ST  UNIT 103,,TACOMA,WA,98409-8224,,,,,,true,true,,
203,6034778320010001,415748,SEATTLE PURE EXTRACTS,SEATTLE PURE EXTRACTS,(206) 383-1994,3810 AIRPORT WAY S   STE 110,STE 110,SEATTLE,WA,98108-5214,,,,,,true,true,,
204,6033764960010002,415753,DOUBLE D,DOUBLE D,,3919 MALAGA ALCOA HWY,,MALAGA,WA,98828-0000,,,,,,true,true,,
205,6032629010010002,415765,FARMWEST 2,FARMWEST 2,,18 RIVERVIEW RD # B-2,,OMAK,WA,98841-9415,,,,,,true,true,,
206,604669641,415768,CUBIX,CUBIX,(206) 852-3038,5437 CALIFORNIA AVE SW SUITE B,,SEATTLE,WA,98136-1583,,,,,,true,true,,
207,603346522,415797,SUSPENDED #2,SUSPENDED #2,,111 NE RANCH DR,,TAHUYA,WA,98588-9773,,,,,,true,true,,
208,604295637,429538,"VRGA PROCESSING, INC.","VRGA PROCESSING, INC.",,1601 CENTER ST,STE C,TACOMA,WA,98409-7920,,,,,,true,true,,
209,6033531140010001,415822,THC EXPRESS,THC EXPRESS,(360) 286-4969,234 OTTO ST STE R3,,PORT TOWNSEND,WA,98368-9720,,,,,,true,true,,
210,6033548120010002,415834,HEMPZEN,HEMPZEN,,18700 SOUTHCENTER PKWY,,TUKWILA,WA,98188-4636,,,,,,true,true,,
211,603355092,415840,UMHIGH,UMHIGH,(425) 633-5599,12015 AURORA AVE N #3,,SEATTLE,WA,98133-8249,,,,,,true,true,,
212,6033569360010001,415864,NW NECTAR,NW NECTAR,,4341 SPRINGDALE HUNTERS RD,STE B,SPRINGDALE,WA,99173-9713,,,,,,true,true,,
213,6030166140010002,415877,BOTANIMAX,BOTANIMAX,,41711 STATE ROUTE 2 BLDG 3,,GOLD BAR,WA,98251-0000,,,,,,true,true,,
214,6031780350010001,413980,SEATTLE BUBBLE WORKS,SEATTLE BUBBLE WORKS,(206) 769-9754,29297 HWY 410 E STE D,,BUCKLEY,WA,98133-8249,,,,,,true,true,,
215,6034670690010001,415964,ABSOLUTE OILS,ABSOLUTE OILS,,75 S LUCILE ST,,SEATTLE,WA,98134-2418,,,,,,true,true,,
216,604012408,415987,MFUSED,MFUSED,(425) 679-3090,9369 8TH AVE S,,SEATTLE,WA,98108-0000,,,,,,true,true,1280855,2026-06-26T18:25:15.600000
217,6033568420010002,415992,KING GREENTHUMB,KING GREENTHUMB,,3 ALTA VISTA WAY,,ORONDO,WA,98843,,,,,,true,true,,
218,6033593090010001,416008,CONSCIOUS CANNABIS,CONSCIOUS CANNABIS,,5805 E SHARP AVE,"STE C1, C2 & C3",SPOKANE VALLEY,WA,99212-0955,,,,,,true,true,1562930,2026-05-25T16:00:23.933000
219,6033581180010001,416040,ADE ORGANICS,ADE ORGANICS,(206) 981-6757,1926 PINE CREEK RD UNIT 6,,TONASKET,WA,98855-0000,,,,,,true,true,,
220,6033585310010002,416044,GREEN FIRE PRODUCTION,GREEN FIRE PRODUCTION,,4TH PARALLEL RD,,ELLENSBURG,WA,98926-0000,,,,,,true,true,,
221,6033341280010004,416132,AGAPE RESEARCH WA,AGAPE RESEARCH WA,,2002 VALLEY HWY STE C,,ACME,WA,98220-9635,,,,,,true,true,,
222,604663392,431874,FIDALGOS LLC,FIDALGOS LLC,(509) 590-7990,10014 E MONTGOMERY AVE UNIT 7A,,SPOKANE VALLEY,WA,99206-6013,,,,,,true,true,,
223,6033556360010001,416140,NORTHWEST WONDERLAND,NORTHWEST WONDERLAND,,100 B S HORTON ST,,SEATTLE,WA,98134-1812,,,,,,true,true,,
224,6034540110010001,416168,GREEN CYLINDER LABORATORIES,GREEN CYLINDER LABORATORIES,,1022 85TH AVE SE,STE B,OLYMPIA,WA,98501-5707,,,,,,true,true,,
225,6033341280010003,416169,AGAPE RESEARCH WA,AGAPE RESEARCH WA,,2002 VALLEY HWY STE B,,ACME,WA,98220-9635,,,,,,true,true,,
226,6033578570010001,416198,EMERALD PEAKS,EMERALD PEAKS,,11463 RAINIER AVE S,STE B,SEATTLE,WA,98178-0000,,,,,,true,true,,
227,6033564580010001,416228,ALL NATURAL PAIN RELIEF PRODUCTS,ALL NATURAL PAIN RELIEF PRODUCTS,(253) 350-2211,2515 HARTFORD DR STE A,,LAKE STEVENS,WA,98258-9717,,,,,,true,true,,
228,6033647750010004,416301,GORDON 4-M-J NATION,GORDON 4-M-J NATION,,190 PACKWOOD LN STE D,,ELLENSBURG,WA,98926-8055,,,,,,true,true,,
229,604549551,432561,GREEN BEARD & CO,GREEN BEARD & CO,(206) 854-8563,26127 CALVARY LN NE STE 200,,KINGSTON,WA,98346-0000,,,,,,true,true,0,2026-02-27T17:28:58.283000
230,6032996610010001,416313,YAVA,YAVA,,85 PETERS ST,,RAYMOND,WA,98577-2917,,,,,,true,true,,
231,604258661,428700,"ORIGINAL INNOVATIONS, LLC","ORIGINAL INNOVATIONS, LLC",(602) 586-8364,1938 MILWAUKEE WAY,,SHELTON,WA,98421-2702,,,,,,true,true,,
232,604454177,416358,CANNA LOWLIFE,CANNA LOWLIFE,,7511 W SHELTON MATLOCK RD #100,,SHELTON,WA,98584-8914,,,,,,true,true,,
233,6033240110010003,416359,CANNASOL FARMS INCORPORATED,CANNASOL FARMS INCORPORATED,,99 GREENACRES RD LOT D,,RIVERSIDE,WA,98849-9625,,,,,,true,true,,
234,6033336840010002,416366,ECO VENTURES,ECO VENTURES,,2500 TOKELAND RD LOT 2,,TOKELAND,WA,98590-9730,,,,,,true,true,,
235,6033508560010001,416382,PAPS II,PAPS II,,13400 NE 20TH ST STE 37,,BELLEVUE,WA,98005-2023,,,,,,true,true,,
236,6033548120010003,416405,HEMPZEN,HEMPZEN,,17307 NE WOODINVILLE DUVALL RD,,WOODINVILLE,WA,98072-9677,,,,,,true,true,,
237,603356464,416421,LOGIK,LOGIK,(206) 482-3659,5735 ROAD L SE STE B,,MOSES LAKE,WA,98837-9087,,,,,,true,true,,
238,6034358530010001,416493,SWEET PACK,SWEET PACK,(206) 981-7802,3311 S LAWRENCE ST,,TACOMA,WA,98409-4712,,,,,,true,true,,
239,6033583810010003,416523,RAINIER CANNABIS,RAINIER CANNABIS,,11537 RAINIER AVE S UNIT 3,,SEATTLE,WA,98178-3984,,,,,,true,true,,
240,6034642820010001,416609,VIVA CANNABIS,VIVA CANNABIS,(509) 885-8405,3012 GS CENTER RD,STE B,WENATCHEE,WA,98801-9116,,,,,,true,true,,
241,6032939160010002,416674,THE FOUR TWENTY COLLECTION,THE FOUR TWENTY COLLECTION,(425) 420-0229,2917 NE 65TH ST UNIT E,,VANCOUVER,WA,98663-1411,,,,,,true,true,,
242,6033546850010002,416696,FAR WEST ENTERPRISE,FAR WEST ENTERPRISE,,2926 6TH AVE S STE D,,SEATTLE,WA,98134-2104,,,,,,true,true,,
243,6033551090010001,416698,PROHIBITION GOLD,PROHIBITION GOLD,(206) 683-6707,7510 5TH AVE S,,SEATTLE,WA,98108-4114,,,,,,true,true,,
244,603342397,431616,CRAFT ELIXIRS,CRAFT ELIXIRS,(206) 632-4200,100 ELLIOTT AVE W SUITE S177,,SEATTLE,WA,98119-0000,,,,,,true,true,,
245,6033554580010001,416702,OLYMPIC PRODUCTION & PROCESSING,OLYMPIC PRODUCTION & PROCESSING,,89 W AIRVIEW WAY,,SHELTON,WA,98584-1283,,,,,,true,true,,
246,602893606,416709,"PAINTED ROOSTER, LLC","PAINTED ROOSTER, LLC",(509) 646-4420,7531 POSTMA RD STE D,,MOXEE,WA,98936-3905,,,,,,true,true,,
247,6033590290010001,416753,ALTO BUDDHA,ALTO BUDDHA,,5526 INDUSTRY LANE,STE 1,EAST WENATCHEE,WA,98802,,,,,,true,true,,
248,6033590290010002,416754,ALTO BUDDHA,ALTO BUDDHA,,5494 NE ARROWHEAD PL STE B,,POULSBO,WA,98370-7813,,,,,,true,true,,
249,6033605570010001,416769,CENTRAL PROCESSORS,CENTRAL PROCESSORS,,4380 KAWECKI ROAD,STE G,MALAGA,WA,98828-0000,,,,,,true,true,,
250,6033606660010001,416772,KOHL PROCESSING ENTERPRISES,KOHL PROCESSING ENTERPRISES,,234 OTTO STREET,STE R-3,PORT TOWNSEND,WA,98368-9720,,,,,,true,true,,
251,6032054380010002,416796,TIGER CONSULTING GROUP,TIGER CONSULTING GROUP,,14032 AURORA AVE N STE D,,SEATTLE,WA,98133-6997,,,,,,true,true,,
252,6033628080010001,416819,PEN & INK,PEN & INK,,1119 W 1ST AVE,STE Z,SPOKANE,WA,99201-4005,,,,,,true,true,,
253,6033607090010001,416831,WINTON FARMS,WINTON FARMS,,3969 HAMMER DR,,BELLINGHAM,WA,98226-7630,,,,,,true,true,,
254,6033506150010004,416843,THE HAPPY CROWD,THE HAPPY CROWD,(509) 998-8071,6205 E MANSFIELD AVE STE 100,,SPOKANE VALLEY,WA,99212-0000,,,,,,true,true,,
255,6033346510010003,416848,RE-UP INDUSTRIES,RE-UP INDUSTRIES,,3901 AIRPORT WAY S STE B,,SEATTLE,WA,98108-5237,,,,,,true,true,,
256,6033346510010004,416849,RE-UP INDUSTRIES,RE-UP INDUSTRIES,,1350 THORNTON AVE SW STE E,,PACIFIC,WA,98047-2112,,,,,,true,true,,
257,603346522,416868,SUSPENDED #3,SUSPENDED #3,,315 S WEBSTER ST,,SEATTLE,WA,98108-4136,,,,,,true,true,,
258,6034748420010001,416911,OPTIMUM EXTRACTS,OPTIMUM EXTRACTS,(806) 458-3868,3402 C ST NE    #109,,AUBURN,WA,98002-1728,,,,,,true,true,,
259,6033564690010001,416921,DANTE JONES PRODUCTIONS,DANTE JONES PRODUCTIONS,,929 N 82ND ST,,SEATTLE,WA,98103-4321,,,,,,true,true,,
260,6033588610010001,416929,AMBER BRICK,AMBER BRICK,(206) 799-0755,5473 GUIDE MERIDIAN STE B & C,,BELLINGHAM,WA,98226-9771,,,,,,true,true,,
261,6015536530010002,416974,KENT BROS,KENT BROS,,3931 UPTON RD,,PRESCOTT,WA,99348-8612,,,,,,true,true,,
262,6015536530010003,416975,KENT BROS,KENT BROS,,3917 UPTON RD,,PRESCOTT,WA,99348-8612,,,,,,true,true,,
263,6033592910010001,416982,THE GREENERY EXTRACTS,THE GREENERY EXTRACTS,,3810 AIRPORT WAY S,STE 102,SEATTLE,WA,98108-5214,,,,,,true,true,,
264,604280782,417008,PRIME CHOICE CANNA LLC,PRIME CHOICE CANNA LLC,(425) 492-0604,5609 4TH AVE S,,SEATTLE,WA,98108-2422,,,,,,true,true,,
265,6035068880010001,417017,INLAND DESERT CONCENTRATES,INLAND DESERT CONCENTRATES,,65710 N HYSLER RD,STE A,BENTON CITY,WA,99320-7620,,,,,,true,true,,
266,6035002840010001,417021,MONEY ROAD,MONEY ROAD,(253) 219-9472,1911 W DOLARWAY RD STE A,,ELLENSBURG,WA,98926-8339,,,,,,true,true,,
267,6033559880010003,417029,GREEN NETWORK,GREEN NETWORK,,5373 GUIDE MERIDIAN UNIT F8,,BELLINGHAM,WA,98226-7418,,,,,,true,true,,
268,6032699250010001,417042,LAUGHING BUDDHA,LAUGHING BUDDHA,,13300 SE 30TH ST,STE 201C,BELLEVUE,WA,98005-0000,,,,,,true,true,,
269,6033592820010001,417065,AMERICAN BAKED CO,AMERICAN BAKED CO,(206) 271-9491,3810 AIRPORT WAY S #110,,SEATTLE,WA,98108-5214,,,,,,true,true,,
270,6033506150010005,417080,THE HAPPY CROWD,THE HAPPY CROWD,,1144 29TH ST NW,BLDG C STE 101,AUBURN,WA,98001-0000,,,,,,true,true,,
271,6033571330010001,417097,CENTRAL BUSINESS DISTRICT,CENTRAL BUSINESS DISTRICT,,205 B OTTO  ST,,PORT TOWNSEND,WA,98368-0000,,,,,,true,true,,
272,6033551430010002,417105,ARTIZEN CANNABIS COMPANY,ARTIZEN CANNABIS COMPANY,,25421 MARINE DR,,STANWOOD,WA,98292-9343,,,,,,true,true,,
273,6032996610010003,417117,YAVA,YAVA,,1600 S 92ND PL,,SEATTLE,WA,98108-5123,,,,,,true,true,,
274,6033504560010003,417151,MOMMA CHAN,MOMMA CHAN,,9840 40TH AVE S,,SEATTLE,WA,98118-5603,,,,,,true,true,,
275,6032791410010001,417189,CBD MANAGEMENT/LOADED SODA,CBD MANAGEMENT/LOADED SODA,,2850 COMMERCIAL BLVD,,CENTRALIA,WA,98531-9726,,,,,,true,true,,
276,6033588160010002,417279,PROPRIETARY PLANT VARIETIES,PROPRIETARY PLANT VARIETIES,,4553 ROAD 13.6 SW STE B,,ROYAL CITY,WA,99357-9770,,,,,,true,true,,
277,6033588160010003,417280,PROPRIETARY PLANT VARIETIES,PROPRIETARY PLANT VARIETIES,,4553 ROAD 13.6 SW STE C,,ROYAL CITY,WA,99357-9770,,,,,,true,true,,
278,6034929320010001,417285,STRYPS,STRYPS,,79 S HORTON ST STE 210,STE 210,SEATTLE,WA,98134-1847,,,,,,true,true,,
279,6031426320010001,417326,VENSPARK,VENSPARK,,2700 4TH AVE S,STE C-3,SEATTLE,WA,98134-0000,,,,,,true,true,,
280,6033205230010002,417356,JEFFERSON CANNABIS,JEFFERSON CANNABIS,,453 OTTO ST,,PORT TOWNSEND,WA,98368-9392,,,,,,true,true,,
281,604520698,417364,FRACTAL INFUSED,FRACTAL INFUSED,(509) 251-9643,13625 NE 126TH PL,STE 400,KIRKLAND,WA,98034-0000,,,,,,true,true,,
282,604666778,417389,SKUNK PROCESSORS,SKUNK PROCESSORS,,86 MOUNTAIN VIEW DR,#A,BREWSTER,WA,98812-0000,,,,,,true,true,,
283,6035044620010002,417498,ODO,ODO,(509) 521-9791,1111 W 1ST AVE  STE B,STE B,SPOKANE,WA,99201-0000,,,,,,true,true,,
284,6033538870010002,417525,FANTASY FARMS,FANTASY FARMS,(509) 467-1905,1220 W BALLARD RD STE B,,SPOKANE,WA,99208-8202,,,,,,true,true,,
285,6033533870010002,417526,G-7 GROW,G-7 GROW,(509) 237-8686,18514 RD 8 NW,,QUINCY,WA,98848-9609,,,,,,true,true,,
286,6033494720010004,417623,PINNACLE NW,PINNACLE NW,(360) 352-0296,3320 178TH LN SW STE B,,TENINO,WA,98589-8750,,,,,,true,true,,
287,6033177130010003,417660,VAN HARTEN,VAN HARTEN,,318 MILL ST,SUITE 710,SHELTON,WA,98584-0000,,,,,,true,true,,
288,6033457230010002,417698,RAVEN,RAVEN,(917) 703-0621,600 RONLEE LN NW BLDG B2,,OLYMPIA,WA,98502-9264,,,,,,true,true,,
289,6033507240010001,417715,DEEP ROOTS FOODS,DEEP ROOTS FOODS,,8904 KIMMIE ST SW,STE C,TUMWATER,WA,98512-7641,,,,,,true,true,,
290,6034037690010001,417735,KUSH COMFORT FARMS,KUSH COMFORT FARMS,(206) 465-6257,213 N STONE ST,,SPOKANE,WA,99202-3864,,,,,,true,true,,
291,6016730670010003,417794,FIREWEED FARMS,FIREWEED FARMS,(509) 778-1597,133302 W JOHNSON RD STE B,,PROSSER,WA,99350-7503,,,,,,true,true,,
292,6033516310010002,417950,GREEN BROTHERS FARMS,GREEN BROTHERS FARMS,(360) 970-7896,7713 SKOOKUMCHUCK RD SE,,TENINO,WA,98589-9549,,,,,,true,true,,
293,6005117230010004,418021,METHOW VALLEY NURSERY,METHOW VALLEY NURSERY,(425) 248-3609,28 HORIZON FLATS RD #B,,WINTHROP,WA,98862-8400,,,,,,true,true,,
294,6005785880010002,418185,CALVIN'S BEST,CALVIN'S BEST,,13952 ROAD 4 NE,,MOSES LAKE,WA,98837-9195,,,,,,true,true,,
295,6022862480010003,418294,RAY'S GARDEN,RAY'S GARDEN,,2255 RD E.5 NE STE B,,MOSES LAKE,WA,98837-9583,,,,,,true,true,,
296,6033060360010003,418295,CELSS MICRO FARMS,CELSS MICRO FARMS,(509) 460-7723,68705 N 132 PR NE,STE B,BENTON CITY,WA,99320-8761,,,,,,true,true,,
297,6033499030010001,418297,CANNA NORTHWEST,CANNA NORTHWEST,,13515 LAKE ROAD,,LYNNWOOD,WA,98087-0000,,,,,,true,true,,
298,6033506100010003,418322,BOTANICAL SOLUTIONS,BOTANICAL SOLUTIONS,(360) 628-9795,3301 1ST AVE S,,SEATTLE,WA,98134-1802,,,,,,true,true,,
299,6033447910010003,418372,MAJICO,MAJICO,(509) 238-6175,17605 N TIMBERLANE CIR,UNIT #B,MEAD,WA,99021-7810,,,,,,true,true,,
300,6033573590010002,418406,GANJIKA FARMS,GANJIKA FARMS,,4 DRYWATER RD UNIT 2,,OKANOGAN,WA,98840-9719,,,,,,true,true,,
301,6032930880010003,418408,FLYING DUTCHMAN FARMS,FLYING DUTCHMAN FARMS,(360) 442-9145,251 GARLOCK RD STE B,,CASTLE ROCK,WA,98611-9433,,,,,,true,true,,
302,6033354110010005,418443,WASHINGTON SOURCE,WASHINGTON SOURCE,,1120 S FAIRCHILD ST,#A,MEDICAL LAKE,WA,99202-8778,,,,,,true,true,,
303,6033594230010002,418524,EVERGREEN HYDRO FARMS,EVERGREEN HYDRO FARMS,(425) 870-4355,3169 B GOLDIE RD,,OAK HARBOR,WA,98277-2732,,,,,,true,true,1248690,2026-05-26T00:39:24.340000
304,6033543230010004,418743,THE CASCADE GNOME,THE CASCADE GNOME,(206) 818-0564,11056 NEPPEL RD NE,,MOSES LAKE,WA,98837-7522,,,,,,true,true,,
305,6034388400010002,418910,GLENS PLANT FARM,GLENS PLANT FARM,(425) 387-8227,26901 15TH AVE NE  BLDG 1,,ARLINGTON,WA,98223-9176,,,,,,true,true,,
306,6033571320010006,418921,CORDUS,CORDUS,,28503 W ORCUTT RD,,BENTON CITY,WA,99320-7609,,,,,,true,true,,
307,6033526310010002,419128,GROWING LIKE A WEED,GROWING LIKE A WEED,,3623 E PRINCETON AVE,,SPOKANE,WA,99217-6738,,,,,,true,true,,
308,6033373880010002,419136,J D,J D,(360) 956-7187,236 140TH AVE SW STE B,,TENINO,WA,98589-9606,,,,,,true,true,,
309,6033219760010004,419152,FOOTPRINT BIOSCIENCES,FOOTPRINT BIOSCIENCES,(360) 970-2344,6424 210TH AVE SW,STE B,CENTRALIA,WA,98531-9633,,,,,,true,true,,
310,6035154390010001,419188,WEST COAST PRODUCTIONS,WEST COAST PRODUCTIONS,,2916 STATE STREET,STE B,EVERETT,WA,98201-3842,,,,,,true,true,,
311,6034772160010001,419189,CANNA PROCESSING,CANNA PROCESSING,,2835 OCEAN AVE,STE B,RAYMOND,WA,98577-4909,,,,,,true,true,440149,2026-04-27T23:40:12.583000
312,6033464070010004,419287,ELEMENT,ELEMENT,,20015 67TH AVE NE,STE D,ARLINGTON,WA,98223-8756,,,,,,true,true,,
313,6033565060010002,419324,CLOVIS POINT CANNABIS,CLOVIS POINT CANNABIS,,4639 NUMBER 2 CANYON ROAD,SUITE B,WENATCHEE,WA,98801,,,,,,true,true,,
314,6034527030010002,419395,LANDRACE,LANDRACE,(206) 883-9825,5845 192N LN SW,STE 102,ROCHESTER,WA,98579-0000,,,,,,true,true,,
315,6033546850010003,419496,FAR WEST ENTERPRISE,FAR WEST ENTERPRISE,(206) 673-1984,15015 AURORA AVE N   STE 21,,SHORELINE,WA,98133-6134,,,,,,true,true,,
316,603355672,413478,MMS ELEMENTAL,MMS ELEMENTAL,(414) 731-0189,2942 1ST AVE S,,SEATTLE,WA,98134-1820,,,,,,true,true,,
317,6033591840010002,419553,ANANDA WASHINGTON,ANANDA WASHINGTON,(503) 522-6568,5845 192ND AVE SW STE 101,,ROCHESTER,WA,98579-9201,,,,,,true,true,,
318,6033596130010003,419692,SUN GROWN ORGANIX,SUN GROWN ORGANIX,(425) 949-2873,1926 PINE CREEK RD UNIT 4-A,UNIT 4-A,TONASKET,WA,98855-0000,,,,,,true,true,,
319,603358352,428848,1937 FARMS,1937 FARMS,(619) 977-0591,13533 ODELL RD NE STE C,,DUVALL,WA,98019-7323,,,,,,true,true,254104,2026-05-22T19:29:38.600000
320,603262901,431264,FARMWEST 2,FARMWEST 2,(631) 806-9867,241 S HOLDEN ST,,SEATTLE,WA,98108-4359,,,,,,true,true,195525,2026-02-09T23:57:32.177000
321,6033257270010002,419969,CANNAMAN FARMS,CANNAMAN FARMS,(360) 608-9883,6212 NE 152ND AVE,STE B,VANCOUVER,WA,98682-5109,,,,,,true,true,,
322,6035262820010002,420285,SUSTAINABLE ORGANIC SOLUTIONS,SUSTAINABLE ORGANIC SOLUTIONS,,2700 4TH AVE S STE E2,,SEATTLE,WA,98134-1942,,,,,,true,true,,
323,604045621,420287,OVK LLC,OVK LLC,(440) 570-3704,6481 PORTAL WAY,,FERNDALE,WA,98248-9330,,,,,,true,true,,
324,603354685,421619,FAR WEST ENTERPRISE LLC,FAR WEST ENTERPRISE LLC,(206) 225-8044,8401 AURORA AVE N STE F,,SEATTLE,WA,98103-4332,,,,,,true,true,,
325,6040124080010001,415766,MFUSED,MFUSED,(425) 679-9399,6527 4TH AVE S,,SEATTLE,WA,98108-3217,,,,,,true,true,,
326,6034727930010002,423537,OLYMPIA FARM WORKS,OLYMPIA FARM WORKS,,600 RONLEE LN NW STE B,STE B,OLYMPIA,WA,98502-0000,,,,,,true,true,,
327,604015337,426162,WASHINGTON TOWER FARM,WASHINGTON TOWER FARM,(206) 356-9130,2929/2930 INGRAM ST,,HOQUIAM,WA,98550-0000,,,,,,true,true,,
328,6034810050010001,417457,PACIFIC GLO,PACIFIC GLO,(425) 359-1090,7721 MARSH ROAD,,SNOHOMISH,WA,98296-5901,,,,,,true,true,,
329,603357148,417580,INTERSTATE 502,INTERSTATE 502,(208) 596-5665,3431 AIRPORT ROAD STE C,SUITE C,PULLMAN,WA,99163-0000,,,,,,true,true,,
330,6031046500010004,419150,KOUCHLOCK PRODUCTIONS,KOUCHLOCK PRODUCTIONS,(509) 327-2777,18001 E EUCLID AVE,SUITE 1,SPOKANE VALLEY,WA,99216-1763,,,,,,true,true,,
331,6033508050010003,419943,PAMS PLANTS,PAMS PLANTS,(206) 512-7311,421 CHESAW RD STE B,STE B,OROVILLE,WA,98844-9641,,,,,,true,true,,
332,6032707930010003,420689,EVERGREEN HERBAL,EVERGREEN HERBAL,(310) 433-4149,1199 W CUNNINGHAM RD M,STE M,OTHELLO,WA,99344-0000,,,,,,true,true,,
333,6019964290010003,423261,AQUA ORGANICS,AQUA ORGANICS,(360) 932-6983,23930 OSO LOOP RD STE G,STE G,ARLINGTON,WA,98223-5399,,,,,,true,true,,
334,6033202100010005,423380,HOLY SMOKES PRODUCTIONS,HOLY SMOKES PRODUCTIONS,(360) 672-1684,3307 N LYONS RD,STE 103,SPOKANE,WA,99224-0000,,,,,,true,true,,
335,6032488030010002,423648,GRATEFUL FARMS,GRATEFUL FARMS,(253) 355-4133,8 GOLD MINE SPUR E,,RIVERSIDE,WA,98849-9693,,,,,,true,true,,
336,6033505540010001,415812,PANTAGRUELIAN AGRICULTURAL LABORATORIES,PANTAGRUELIAN AGRICULTURAL LABORATORIES,(208) 304-4714,1407 E SPRAGUE AVE,,SPOKANE,WA,99202-3110,,,,,,true,true,,
337,6033606300010001,416887,DIESEL PROPAGATION,DIESEL PROPAGATION,(206) 755-8086,4260 PACIFIC HWY,,BELLINGHAM,WA,98226-0000,,,,,,true,true,,
338,6034848580010001,368411,UNITED WESTERN GREEN,UNITED WESTERN GREEN,(509) 486-8800,111 BRUENN AVENUE,,BREMERTON,WA,98312-0000,,,,,,true,true,,
339,6033136050010001,412076,STICKY BUDZ,STICKY BUDZ,(509) 952-7193,7560 YAKIMA VALLEY HWY,STE A,ZILLAH,WA,98953-9219,,,,,,true,true,,
340,6033413470010001,412097,HONU ENTERPRISES,HONU ENTERPRISES,(503) 290-9300,1465 INDUSTRIAL WAY BLDG 17,,LONGVIEW,WA,98632-1033,,,,,,true,true,,
341,604552861,428808,GOLDEN ACE HARVEST LLC,GOLDEN ACE HARVEST LLC,(206) 349-5539,12743 QUANTUM LN UNITS 22 & 24,,ANACORTES,WA,98221-8364,,,,,,true,true,,
342,6033407060010001,412108,DEWEY BEACH,DEWEY BEACH,(360) 929-1236,6740 NE BACON LN,,MOSES LAKE,WA,98837-0000,,,,,,true,true,,
343,6033441430010001,412111,SUBX,SUBX,(360) 398-6123,1419 WHITEHORN ST,,FERNDALE,WA,98248-8923,,,,,,true,true,698088,2026-06-04T22:28:43.687000
344,6033493510010005,412689,NMF ENTERPRISES,NMF ENTERPRISES,(814) 769-1278,5810 NANEUM RD STE 4,,ELLENSBURG,WA,98926-6952,,,,,,true,true,,
345,603236108,79912,HANG ROOTS,HANG ROOTS,(425) 220-3318,2933 E HIGHWAY 101,,PORT ANGELES,WA,98362-9059,,,,,,true,true,,
346,6034155380010002,412908,NORTHWEST CANNABIS MANAGEMENT,NORTHWEST CANNABIS MANAGEMENT,(360) 470-2621,1628 STATE ROUTE 105 STE A,,GRAYLAND,WA,98547-9504,,,,,,true,true,,
347,6033577130010005,423400,OKANOGAN GOLD,OKANOGAN GOLD,(206) 755-6915,75 PIT RD STE A,,BREWSTER,WA,98155-0000,,,,,,true,true,,
348,6033627510010002,422207,PICKENS MOUNTAIN CANNABIS,PICKENS MOUNTAIN CANNABIS,(206) 669-6053,2916 STATE ST STE 102,,EVERETT,WA,98201-0000,,,,,,true,true,,
349,604357396,427355,TECHBUD 1,TECHBUD 1,(425) 891-8660,65 PIT RD STE A,,BREWSTER,WA,98812-9676,,,,,,true,true,,
350,6034898820010001,417586,PREMIUM CREATIONS,PREMIUM CREATIONS,(509) 961-7691,5805 E SHARPE AVE STE 2,,SPOKANE VALLEY,WA,99212-0000,,,,,,true,true,,
351,6033531140010002,422094,THC EXPRESS,THC EXPRESS,(360) 286-4969,26121 CALVARY LN BLDG A4,STE 100,KINGSTON,WA,98346-8490,,,,,,true,true,,
352,6029509160010002,421099,TPCB VENTURES,TPCB VENTURES,(206) 650-1023,2700 4TH AVE S STE B-2,STE B-2,SEATTLE,WA,98134-0000,,,,,,true,true,,
353,6033607430010002,421796,EVERGRIN,EVERGRIN,(360) 988-8972,8972 FROST RD STE B,,SUMAS,WA,98295-8612,,,,,,true,true,,
354,6035904060010001,419455,NEWDAY GROWERY,NEWDAY GROWERY,(253) 831-0924,15137 TURNER RD SE STE A,,RAINIER,WA,98576-9643,,,,,,true,true,,
355,6033521730010002,413164,NORTH COAST GROWERS,NORTH COAST GROWERS,(206) 228-9000,12743 QUANTUM LANE,STE 24-B,ANACORTES,WA,98221-8364,,,,,,true,true,,
356,6033508340010004,413024,PUFFIN FARM,PUFFIN FARM,(206) 963-9588,500 ROCKY RIVER RD,STE D,ELLENSBURG,WA,98926-4022,,,,,,true,true,,
357,6035066500010002,421534,RADNESS LABS,RADNESS LABS,(425) 736-2781,3810 AIRPORT WAY S UNIT 103,,SEATTLE,WA,98108-5214,,,,,,true,true,,
358,6033494460010004,412422,MNS - PNP,MNS - PNP,(206) 261-3176,166 BENSON CREEK DR,STE B,TWISP,WA,98856-9605,,,,,,true,true,,
359,604053172,416832,STRIDER SOLUTIONS LLC,STRIDER SOLUTIONS LLC,(425) 280-3113,2435 STRIDER LN STE 104,,BELLINGHAM,WA,98226-8187,,,,,,true,true,,
360,6035599370010001,416367,SUNBLOOM,SUNBLOOM,(206) 280-6892,2700 4TH AVE S STE C-1,,SEATTLE,WA,98134-0000,,,,,,true,true,,
361,6026960440010003,417205,CRESCENT VALLEY FARMS,CRESCENT VALLEY FARMS,(253) 858-4831,830 HWY 7,STE C,TONASKET,WA,98855-0000,,,,,,true,true,,
362,6040347920010001,415829,FIVE LEAVES II,FIVE LEAVES II,(509) 294-9936,9418 RD W SE,,WARDEN,WA,98857-0000,,,,,,true,true,,
363,6041248850010001,415827,FIVE LEAVES III,FIVE LEAVES III,(509) 701-3256,270 OAK ST,,GOLDENDALE,WA,98620,,,,,,true,true,,
364,6033577950010003,424678,GREEN ISLAND ORGANICS LLC,GREEN ISLAND ORGANICS LLC,(216) 496-1549,6481 PORTAL WAY # C,,FERNDALE,WA,98248-9330,,,,,,true,true,,
365,604025893,416012,TOP STRAINS,TOP STRAINS,(509) 217-5764,3108 A STREET SE,,AUBURN,WA,98922-8843,,,,,,true,true,,
366,6032711860010001,412064,AVITAS,AVITAS,(206) 953-1509,25404 STATE ROUTE 9 STE A,,ARLINGTON,WA,98223-0000,,,,,,true,true,,
367,6032815610020001,412067,ICICLE VALLEY GROW,ICICLE VALLEY GROW,(907) 230-9341,12386 SHORE ST STE A,,LEAVENWORTH,WA,98826-9324,,,,,,true,true,,
368,6032833370010001,412068,PACIFIC NORTHWEST GROWERS,PACIFIC NORTHWEST GROWERS,(425) 870-7471,13008 27TH PL NE BUILDING 2,,LAKE STEVENS,WA,98258-0000,,,,,,true,true,,
369,6040115350010003,412069,F.O.L GENETICS,F.O.L GENETICS,(206) 669-4092,2327 W COMMODORE WAY,,SEATTLE,WA,98199-1271,,,,,,true,true,,
370,6032854560010002,412070,NEW LEAF ENTERPRISES,NEW LEAF ENTERPRISES,(206) 795-0487,460 S KENYON ST #470,,SEATTLE,WA,98108-4324,,,,,,true,true,,
371,6032962400010001,412072,EXPERIENCE ORGANICS,EXPERIENCE ORGANICS,(425) 890-0275,46415 E BADGER RD STE A,STE A,BENTON CITY,WA,99320-0000,,,,,,true,true,,
372,603298343,429775,VIRTUAL SERVICES,VIRTUAL SERVICES,(360) 325-1014,3801 BAKERVIEW SPUR BLDG 102,,BELLINGHAM,WA,98226-8034,,,,,,true,true,1291045,2026-07-02T02:10:32.190000
373,6033106630010002,412074,KOKUA SERVICES,KOKUA SERVICES,(808) 546-9984,8401 HOGUM BAY LN NE,,LACEY,WA,98516-3125,,,,,,true,true,,
374,604502655,428938,TRU-THC,TRU-THC,(509) 393-4237,210 TUNK CREEK RD STE A&B,,RIVERSIDE,WA,98849-0000,,,,,,true,true,,
375,6033245400010001,412078,COPPERHEAD FARM,COPPERHEAD FARM,(541) 410-2718,105 MILL ST,,PRESCOTT,WA,99348-9762,,,,,,true,true,,
376,6033259980010001,412080,DRAGONLEAF,DRAGONLEAF,(425) 533-3589,491 TELEGRAPH LN #A,,FRIDAY HARBOR,WA,98250-9560,,,,,,true,true,,
377,6033285310010001,412082,TRAIL BLAZIN PRODUCTIONS,TRAIL BLAZIN PRODUCTIONS,(360) 746-3366,2005 DIVISION ST,,BELLINGHAM,WA,98226-8058,,,,,,true,true,,
378,6033246940010001,412084,TUMBLEWEED FARM,TUMBLEWEED FARM,(206) 755-9304,47504 N 108 PR NW,,BENTON CITY,WA,99320-6690,,,,,,true,true,,
379,6033413380010001,412096,LAND OF LIZARDS,LAND OF LIZARDS,(808) 479-2546,485 STATE ROUTE 409,,CATHLAMET,WA,98612-0000,,,,,,true,true,,
380,6033427680010001,412099,COPELANDS CANNABIS FARM,COPELANDS CANNABIS FARM,(509) 679-1590,3650 & 1/2 FAIRVIEW CANYON RD,,MONITOR,WA,98836-0000,,,,,,true,true,,
381,604557606,412138,BIG ROCK CANDY,BIG ROCK CANDY,(509) 470-2055,659 ANTOINE CREEK RD,,CHELAN,WA,98816-8653,,,,,,true,true,,
382,6033485490010001,412141,BONDI FARMS,BONDI FARMS,(360) 353-3200,1401 INDUSTRIAL WAY,,LONGVIEW,WA,98632-1096,,,,,,true,true,,
383,6033478810010001,412146,WOLF MARIJUANA,WOLF MARIJUANA,(509) 723-5186,615 W OWENS RD STE A,,DEER PARK,WA,99006-8341,,,,,,true,true,,
384,6033481040010001,412147,OLYMPIC GROWERS,OLYMPIC GROWERS,(206) 498-8502,35100 MILES CRESTON RD N STE A,SUITE A,CRESTON,WA,99117-8515,,,,,,true,true,,
385,603348395,428342,EMERALD JANES,EMERALD JANES,(206) 795-1247,1918 STEWART ST,,TACOMA,WA,98421-2921,,,,,,true,true,,
386,604523172,414748,"GW GROW, LLC","GW GROW, LLC",(206) 909-7300,30356 HIGHWAY 243 S LOT 6,,MATTAWA,WA,99349-8257,,,,,,true,true,,
387,6033493510010001,412155,NATURAL MYSTIC FARMS,NATURAL MYSTIC FARMS,(814) 769-1278,5810 NANEUM RD STE 1,,ELLENSBURG,WA,98926-6952,,,,,,true,true,,
388,6034350730010001,412163,GREEN VOLCANO HEMP PRODUCTS,GREEN VOLCANO HEMP PRODUCTS,(253) 307-0564,3053 RIGGS RD,,TOUCHET,WA,99360-0000,,,,,,true,true,,
389,6033498640010001,412167,ALL ORGANICS,ALL ORGANICS,(360) 893-8575,560-2 HAWK HAVEN RD,,CLE ELUM,WA,98922-8421,,,,,,true,true,,
390,6033744980010001,412169,BLACK DOG ACRES,BLACK DOG ACRES,(509) 773-4100,728 TURKEY RANCH RD STE A,,GOLDENDALE,WA,98620-2329,,,,,,true,true,,
391,6034727930010001,412170,JAMES ZELL WILLIAMS,JAMES ZELL WILLIAMS,(360) 688-6577,9642 LUNDEEN RD SW,STE A,ROCHESTER,WA,98579-9016,,,,,,true,true,,
392,6034444590010001,412174,GREENLUCK,GREENLUCK,(206) 920-7128,886 HIGHLAND ORCHARD RD NE,STE B,BRIDGEPORT,WA,98813-9758,,,,,,true,true,,
393,6033501090010001,412179,BILLYS GOAT (GREATEST OF ALL THINGS),BILLYS GOAT (GREATEST OF ALL THINGS),(360) 376-3744,85 SCOTT HILL DR #A,,ORCAS,WA,98280-0000,,,,,,true,true,,
394,6033501220010001,412180,CASCADE GROWERS,CASCADE GROWERS,(646) 581-0377,166 BENSON CREEK DR STE E,,TWISP,WA,98856-9605,,,,,,true,true,,
395,6003696410010002,412185,OLIVERS FARM,OLIVERS FARM,(360) 722-6521,22330 15TH AVE NE,,ARLINGTON,WA,98223-0000,,,,,,true,true,,
396,6033251170010001,412242,WW AGRICULTURE,WW AGRICULTURE,(206) 552-5352,26620 E HOXIE RD STE A,STE A,ROCKFORD,WA,99030-7003,,,,,,true,true,,
397,6019964290010004,412243,AQUA ORGANICS,AQUA ORGANICS,(360) 932-6983,26620 E HOXIE RD #B,,ROCKFORD,WA,99030-7003,,,,,,true,true,,
398,604473699,432128,TTL HOLDINGS LLC,TTL HOLDINGS LLC,(206) 472-8596,3601 W MARGINAL WAY SW,,SEATTLE,WA,98106-5105,,,,,,true,true,1364520,2026-06-27T00:31:51.090000
399,604232627,412248,SUN SUGAR FARMS,SUN SUGAR FARMS,(509) 430-1135,356 MOSES COULEE ROAD,,WATERVILLE,WA,98858-0000,,,,,,true,true,,
400,6033421380010002,412249,K&M GROWERS,K&M GROWERS,(509) 429-4007,116 B SOUTH STATE FRONTAGE RD,,TONASKET,WA,98855-9240,,,,,,true,true,,
401,6033425520010001,412251,JSH PRODUCTIONS,JSH PRODUCTIONS,(509) 991-9660,16315 N COUGAR LN STE A,,NEWMAN LAKE,WA,99025-9416,,,,,,true,true,,
402,6033399340010001,412254,FARMING FULL CIRCLE,FARMING FULL CIRCLE,(425) 870-6385,7508 108TH ST NE STE B,,MARYSVILLE,WA,98271-7620,,,,,,true,true,,
403,603344344,428847,URBAN PARAGON,URBAN PARAGON,(206) 465-9818,4994 S SWENSON RD STE C,,DEER PARK,WA,99006-9464,,,,,,true,true,,
404,6033445770010001,412258,M & R DISTRIBUTING,M & R DISTRIBUTING,(425) 422-8479,460 W ENTERPRISE RD BUILDING 1,,SHELTON,WA,98584-0000,,,,,,true,true,,
405,6033449920010001,412259,GREENLEAF GROWERS,GREENLEAF GROWERS,(360) 621-9686,26178 UNITED RD NE,,KINGSTON,WA,98345-0000,,,,,,true,true,71650,2026-03-25T21:40:17.840000
406,6033456140010001,412260,DESERT VALLEY GROWERS,DESERT VALLEY GROWERS,(509) 952-4334,15783 FISK RD STE A,,YAKIMA,WA,98908-8454,,,,,,true,true,,
407,6033461300010001,412262,OKANOGAN VALLEY NURSERY,OKANOGAN VALLEY NURSERY,(509) 421-0934,125 GREENACRES RD,,RIVERSIDE,WA,98849-0000,,,,,,true,true,,
408,6033464190010001,412263,EVERGREEN NIRVANA,EVERGREEN NIRVANA,(509) 954-4887,3053 RIGGS RD,STE B,TOUCHET,WA,99360-0000,,,,,,true,true,,
409,603349829,431338,AGRO TECHNIC,AGRO TECHNIC,(206) 669-2446,1074 OLD HIGHWAY 97 STE C,STE Q,BREWSTER,WA,98812-9682,,,,,,true,true,,
410,6033493630010001,412273,ROOT DOWN,ROOT DOWN,(509) 475-5858,3830 E BOONE AVE,,SPOKANE,WA,99202-4505,,,,,,true,true,,
411,6010789130020002,412324,GRASSROOTS BAKE SHOPPE,GRASSROOTS BAKE SHOPPE,(206) 713-0794,7104 254TH AVE NE,,REDMOND,WA,98053-1996,,,,,,true,true,,
412,604663664,432135,BUDDHA BUDS,BUDDHA BUDS,(509) 885-5616,233 ENGH RD UNIT D,,OMAK,WA,98841-9472,,,,,,true,true,,
413,6034182660010001,412331,WALLA WALLA GROW,WALLA WALLA GROW,(509) 525-0622,1891 E LEE RD SUITE B,,WASHTUCNA,WA,99371-0000,,,,,,true,true,,
414,6026257370010001,412335,FOURTY YEAR BUD,FOURTY YEAR BUD,(360) 835-2745,35151 NE AMMETER ROAD #A,,WASHOUGAL,WA,98671-8448,,,,,,true,true,,
415,6035078950010001,412337,YIELD FARMS,YIELD FARMS,(509) 241-3577,3911 E TRENT,,SPOKANE,WA,99202-4424,,,,,,true,true,,
416,6034570310010001,412341,KNIGHTS HEMPLAR,KNIGHTS HEMPLAR,(360) 550-2668,1225 5TH ST EXT,,HOQUIAM,WA,98550-3405,,,,,,true,true,,
417,6033495610010001,412357,BLUE ROCK ACRES,BLUE ROCK ACRES,(425) 260-2104,5160 LOWER GREEN CANYON RD #A,,ELLENSBURG,WA,98926-0000,,,,,,true,true,,
418,6033495900010001,412358,QUINCY GREEN,QUINCY GREEN,(844) 747-3360,4290 STATE ROUTE 283 N STE A,,QUINCY,WA,98848-9749,,,,,,true,true,,
419,6033496220010001,412361,HERBAL EARTH,HERBAL EARTH,(360) 866-1864,3104 DELPHI RD SW STE A,,OLYMPIA,WA,98512-9307,,,,,,true,true,,
420,6033499690010001,412362,TRICHOMETECHNOLOGIES,TRICHOMETECHNOLOGIES,(509) 308-7142,33907 S GERARDS RD STE A,,KENNEWICK,WA,99337-6849,,,,,,true,true,,
421,6034846790010001,412363,WA WEED,WA WEED,(253) 381-9130,18246 RD 5 NW STE B,,QUINCY,WA,98848-9505,,,,,,true,true,,
422,6033573390010001,412365,SQUIRES FOREST,SQUIRES FOREST,(509) 569-3370,652 SQUIRES RD STE 1,,ROSALIA,WA,99170-0000,,,,,,true,true,,
423,6033509700010001,412367,AVANT GARDENS,AVANT GARDENS,(425) 923-7202,19020 SR 203 STE B,STE B,MONROE,WA,98272-8873,,,,,,true,true,,
424,6033509690010001,412368,BUNYON ENTERPRISE,BUNYON ENTERPRISE,(425) 422-0113,53 NEIL CANYON RD,,TONASKET,WA,98855-0000,,,,,,true,true,,
425,6033502050010001,412369,TOPP VALLEY GROWERS,TOPP VALLEY GROWERS,(509) 314-0708,303 OLD MCCOY RD,,TOPPENISH,WA,98948-9314,,,,,,true,true,,
426,602130453,430898,WAWD LLC,WAWD LLC,(206) 795-8611,16810 415TH AVE SE STE A3,STE A3,GOLD BAR,WA,98251-9351,,,,,,true,true,,
427,6033278280010001,412430,BLISS ROAD LLC,BLISS ROAD LLC,(360) 303-3633,3716 E HOFF RD,,EVERSON,WA,98247-3737,,,,,,true,true,,
428,6033490270010001,412431,SECRET GARDENS OF WASHINGTON,SECRET GARDENS OF WASHINGTON,(425) 317-8256,410 IDA ST W,,BREMERTON,WA,98312-3134,,,,,,true,true,,
429,6034130820010001,412433,420 FARMS,420 FARMS,(509) 679-6556,11670 W HWY 28,STE C,QUINCY,WA,98848-9709,,,,,,true,true,,
430,6033434190010001,412435,NORTHWEST HARVESTING CO,NORTHWEST HARVESTING CO,(907) 529-2934,80 MARION RD BLDG B,,ELMA,WA,98541-9104,,,,,,true,true,,
431,6033431920010001,412436,GREEN VALLEY SOCIETY,GREEN VALLEY SOCIETY,(360) 951-7798,1003 OLD PACIFIC HWY SE,,OLYMPIA,WA,98513-9522,,,,,,true,true,,
432,6033510620010001,412445,THE GREEN SURFER,THE GREEN SURFER,(509) 599-6772,14110 E MT SPOKANE PK DR BLD B,,MEAD,WA,99021-0000,,,,,,true,true,,
433,6034443540010001,412446,MOUNTAIN HI,MOUNTAIN HI,(206) 254-3005,19417 63RD AVE NE,,ARLINGTON,WA,98223-7843,,,,,,true,true,1805960,2026-06-26T19:38:31.803000
434,6035008170010001,412449,E & B GROWERS,E & B GROWERS,(509) 671-6815,71 AMBUSH GROVE LOOP STE B,STE B,USK,WA,99180-4900,,,,,,true,true,,
435,6035134480010001,412452,HAZY DAZE,HAZY DAZE,(360) 552-2884,1982 NE OLD BELFAIR HWY,,BELFAIR,WA,98528-9657,,,,,,true,true,88000,2026-01-01T17:35:27.573000
436,6035185830010002,412457,PALADIN AGRICULTURAL RESEARCH INC,PALADIN AGRICULTURAL RESEARCH INC,(509) 266-4348,8531 POSTMA RD STE A,STE A,MOXEE,WA,98936-9317,,,,,,true,true,,
437,6033507430010001,412497,ZOOBEES DOOBEES,ZOOBEES DOOBEES,(509) 216-0985,26327 E MISSION AVE,,LIBERTY LAKE,WA,99019-8519,,,,,,true,true,,
438,6033495850010001,412500,MT BAKER HOMEGROWN,MT BAKER HOMEGROWN,(509) 280-1655,3929 SPUR RIDGE LANE #1,,BELLINGHAM,WA,98226-1234,,,,,,true,true,,
439,6033507870010001,412515,GREEN FREEDOM,GREEN FREEDOM,(360) 304-0166,1087 MONTE ELMA RD,,ELMA,WA,98541-9378,,,,,,true,true,,
440,6033507950010001,412516,LILLY OF THE VALLEY GARDENS,LILLY OF THE VALLEY GARDENS,(509) 486-0933,34 YARNELL RD STE A,,TONASKET,WA,98855-9303,,,,,,true,true,,
441,6033494870010002,412593,GENSYS ONE,GENSYS ONE,(503) 523-8448,35702 NW TOENJES RD STE 1,,WOODLAND,WA,98674-3721,,,,,,true,true,,
442,6033491860010001,412594,STONEBREAKER GROWERS,STONEBREAKER GROWERS,(360) 220-9996,2425 SALASHAN LOOP BLDG 2,,FERNDALE,WA,98248-8308,,,,,,true,true,,
443,6033480920010001,412597,LAZY BEE GARDENS,LAZY BEE GARDENS,(509) 429-4265,60 WOLF CREEK RD STE A,STE A,WINTHROP,WA,98862-9767,,,,,,true,true,,
444,6033476500010001,412598,THE CLONE ZONE,THE CLONE ZONE,(425) 239-4473,17835 59TH AVE NE BLDG 8 STE B,,ARLINGTON,WA,98223-6429,,,,,,true,true,,
445,6033473350010001,412599,509 DA KINE,509 DA KINE,(509) 686-0178,19 GUN CLUB RD STE A,,BREWSTER,WA,98812-9631,,,,,,true,true,,
446,6033467850010001,412601,BBB FARMS,BBB FARMS,(509) 939-8539,161 KIRKPATRICK RD,,ELK,WA,99009-9533,,,,,,true,true,,
447,6033457540010001,412603,LAGRANJA FARMS,LAGRANJA FARMS,(509) 337-0110,2987 S FORK COPPEI RD STE A,,WAITSBURG,WA,99361-7706,,,,,,true,true,,
448,604503117,426017,P&E PRODUCTIONS,P&E PRODUCTIONS,(253) 561-5360,33100 SCHEIBNER RD STE A,,WILBUR,WA,99185-0000,,,,,,true,true,,
449,6033501280010001,412610,CANNABIS CREATIONS 509,CANNABIS CREATIONS 509,(509) 429-1456,91 RAZOR RD,,TONASKET,WA,98855-9698,,,,,,true,true,,
450,6033497630010001,412612,NORTHWEST RECREATIONAL,NORTHWEST RECREATIONAL,(253) 882-6344,540 RON LEE LANE NW,,OLYMPIA,WA,98502-0000,,,,,,true,true,,
451,6033443250010001,412615,R&B GROUP,R&B GROUP,(206) 595-7656,3601 W MARGINAL WAY SW #2,,SEATTLE,WA,98106-1142,,,,,,true,true,1032110,2026-02-24T21:32:32.873000
452,6033366290010001,412616,TWELFTH MAN MARY LLC,TWELFTH MAN MARY LLC,(213) 948-6486,5116 N GORDON RD STE A,,SPOKANE,WA,99224-0000,,,,,,true,true,,
453,6033215040010001,412618,MONKEY GRASS FARMS,MONKEY GRASS FARMS,(509) 264-4694,3710 HWY 97 A,,WENATCHEE,WA,98801-0000,,,,,,true,true,,
454,6032963530010001,412621,SGB,SGB,(206) 579-5946,7047 E MARGINAL WAY S UNIT B,,SEATTLE,WA,98108-3412,,,,,,true,true,,
455,6032928360010001,412622,CHIPPER GARDENS,CHIPPER GARDENS,(360) 363-4493,8618 99TH AVE NE STE A,STE A,ARLINGTON,WA,98223-6205,,,,,,true,true,,
456,6034832830010001,412691,EAST MOUNTAIN BUD,EAST MOUNTAIN BUD,(360) 708-1216,920 288TH ST NE STE A,STE A,STANWOOD,WA,98292-9485,,,,,,true,true,,
457,6034245250010001,412704,CLOUD 9 FARMS,CLOUD 9 FARMS,(360) 751-1805,207 DOUGLAS ST,,KELSO,WA,98626-1405,,,,,,true,true,,
458,6033520350010001,412720,OMG SYKES,OMG SYKES,(425) 327-1350,5115 WOODS CREEK RD,,MONROE,WA,98272-7249,,,,,,true,true,,
459,6033526610010001,412728,C BLOCK GROUP,C BLOCK GROUP,(509) 747-4194,3712 SPOKANE BRIDGE RD STE A,,LIBERTY LAKE,WA,99019-9464,,,,,,true,true,,
460,6033514000010001,412741,AGROPACK,AGROPACK,(360) 462-3400,391 E EXPORT RD,,SHELTON,WA,98584-0000,,,,,,true,true,,
461,6033512340010001,412742,420 PRODUCTS,420 PRODUCTS,(206) 794-3797,21 154TH DR SE STE A,STE A,SNOHOMISH,WA,98290-7780,,,,,,true,true,,
462,6033512300010001,412743,FUNKY FARMS,FUNKY FARMS,(509) 413-6600,31526 N LIDGERWOOD LN STE 1,,DEER PARK,WA,99006-8327,,,,,,true,true,,
463,6033511180010001,412744,PLATINUM LEAF SOCIETY,PLATINUM LEAF SOCIETY,(845) 616-1568,2232 PORT OF TACOMA RD,,TACOMA,WA,98421-3607,,,,,,true,true,,
464,6033507920010001,412745,THE GREENBLUFF GARDENER,THE GREENBLUFF GARDENER,(509) 362-3650,16802 N APPLEWOOD LN STE A,,MEAD,WA,99021-9100,,,,,,true,true,,
465,6033507570010001,412746,TKO RESERVE,TKO RESERVE,(702) 355-9181,234805 STRAIGHT BANK RD,SUITE E,KENNEWICK,WA,99337-0000,,,,,,true,true,,
466,6033505550010001,412747,DELTA#NINE,DELTA#NINE,(360) 752-9494,7029 GUIDE MERIDIAN RD SUITE C,,LYNDEN,WA,98264-9669,,,,,,true,true,,
467,6033480370010001,412752,WASHINGTON BUD COMPANY,WASHINGTON BUD COMPANY,(206) 362-0203,28308 15TH AVE NE STE A,,ARLINGTON,WA,98223-9163,,,,,,true,true,,
468,6027083741,429907,MICHAEL LEE COOK,MICHAEL LEE COOK,(831) 345-6388,41305 N GRIFFIN RD UNIT B,,GRANDVIEW,WA,98930-9688,,,,,,true,true,,
469,6033187730010001,412756,MMS GARDENS,MMS GARDENS,(206) 660-0082,16 COW TRAIL RD,,TONASKET,WA,98665-0000,,,,,,true,true,,
470,6031652030010001,412760,INLAND EMPIRE GROWING,INLAND EMPIRE GROWING,(509) 944-5782,"13026 W MCFARLANE RD D3-2,D3-3",UNIT D3-2,AIRWAY HEIGHTS,WA,99001-5099,,,,,,true,true,,
471,6030492380010002,412984,WAREHOUSE 420,WAREHOUSE 420,(360) 388-8867,21847 LEE RD SW,,CENTRALIA,WA,98531-9700,,,,,,true,true,,
472,6034628620010001,412985,HORSESHOE PINES,HORSESHOE PINES,(360) 350-0805,8629 LITTLEROCK RD SW SUITE A,,OLYMPIA,WA,98512-7457,,,,,,true,true,,
473,6033561190010001,412991,AMERIKAN WEED,AMERIKAN WEED,(253) 397-4738,3223 C ST NE UNIT 9,UNIT 9,AUBURN,WA,98002-1720,,,,,,true,true,,
474,6033544170010001,412994,PACIFIC CANNA CLONES,PACIFIC CANNA CLONES,(360) 532-0500,215 OCEAN BEACH RD STE A,,HOQUIAM,WA,98550-9528,,,,,,true,true,,
475,6033524870010001,412997,PAINTED STUMP,PAINTED STUMP,(360) 286-6046,1199 W CUNNINGHAM RD D,,OTHELLO,WA,99344-0000,,,,,,true,true,,
476,6033526800010001,413000,OKPGA,OKPGA,(509) 486-1086,504 MCLAUGHLIN CANYON RD STE A,,RIVERSIDE,WA,98849-9622,,,,,,true,true,,
477,6033531990010001,413001,OLYMPIC MOUNTAIN MAN FARM,OLYMPIC MOUNTAIN MAN FARM,(360) 460-1642,297 BEAR MEADOW RD STE A,,PORT ANGELES,WA,98362-8221,,,,,,true,true,,
478,6033532660010001,413002,ROCHESTER FARMS,ROCHESTER FARMS,(253) 405-0133,10011 173RD AVE SW,,ROCHESTER,WA,98579-9546,,,,,,true,true,,
479,6031780220010002,413011,DAY DREAM FARM,DAY DREAM FARM,(425) 289-9509,28011 NE 4TH PL STE 2,,REDMOND,WA,98053-9000,,,,,,true,true,,
480,6040314650010001,413014,FORTY TO FIVE FARMS,FORTY TO FIVE FARMS,(509) 216-7811,5805 E SHARP AVE UNIT C-8,,SPOKANE VALLEY,WA,99212-0948,,,,,,true,true,,
481,6033520140010001,413018,THE GREEN GREEN GRASS OF HOME,THE GREEN GREEN GRASS OF HOME,(509) 394-2453,1891 LEE ROAD,STE A,WASHTUCNA,WA,99371-9746,,,,,,true,true,,
482,6033512170010001,413020,GROWN IN WA,GROWN IN WA,(360) 425-4211,443 CARLON LOOP RD STE A,,LONGVIEW,WA,98632-9601,,,,,,true,true,,
483,6033508340010001,413021,PUFFIN FARM,PUFFIN FARM,(206) 963-9588,500 ROCKY RIVER RD STE A,STE A,ELLENSBURG,WA,98926-4022,,,,,,true,true,,
484,6032862770010001,413029,VIRGINIA COMPANY,VIRGINIA COMPANY,(571) 239-5245,6021 E MANSFIELD AVE STE 100,,SPOKANE VALLEY,WA,99212-0000,,,,,,true,true,,
485,6033491720010002,413092,FC PRODUCER-1,FC PRODUCER-1,(206) 453-0587,1199 W CUNNINGHAM RD A,,OTHELLO,WA,99344-0000,,,,,,true,true,,
486,6033495420010002,413095,ONE OF A KIND GENETICS,ONE OF A KIND GENETICS,(425) 647-1217,2504 HARTFORD DR,,LAKE STEVENS,WA,98258-8645,,,,,,true,true,,
487,6033501030010001,413097,NORTHWESTPEARL,NORTHWESTPEARL,(707) 227-9932,340 E MILLWRIGHT RD BLDG A,STE A,SHELTON,WA,98584-8253,,,,,,true,true,,
488,6033503330010001,413099,GREEN ACRE PHARMS,GREEN ACRE PHARMS,(206) 714-4983,9642 PADILLA HEIGHTS RD,#103-106,ANACORTES,WA,98221-8604,,,,,,true,true,,
489,6034099360010001,413102,MAGNUM BUDS,MAGNUM BUDS,(253) 283-7276,19310 128TH AVE SE,STE A,YELM,WA,98597-9619,,,,,,true,true,,
490,6034857620010001,413104,MOONLIT FARM,MOONLIT FARM,(253) 939-1707,17 STREETER BOSCH ROAD,,TONASKET,WA,98855-0000,,,,,,true,true,,
491,6034495230010001,413107,OLYMPUS HORTICULTURE,OLYMPUS HORTICULTURE,(360) 452-9547,123 ELWHA RD,,PORT ANGELES,WA,98362-9385,,,,,,true,true,,
492,6034894350010001,413110,GOING GREEN,GOING GREEN,(360) 693-0510,3214 NE 65TH ST,,VANCOUVER,WA,98663-1456,,,,,,true,true,,
493,6033564380010001,413123,MANASTASH GARDENS,MANASTASH GARDENS,(360) 970-9590,540 RONLEE LN NW STE B,,OLYMPIA,WA,98502-9265,,,,,,true,true,,
494,6030900150010001,413126,THE GREEN DOOR,THE GREEN DOOR,(509) 209-0851,1517 E DEER PARK MILAN RD,,DEER PARK,WA,99006-8179,,,,,,true,true,,
495,6031070000010001,413127,GREEN HEALTH ORGANIZATION,GREEN HEALTH ORGANIZATION,(360) 474-8004,3631 VINEYARD WAY STE A,,KETTLE FALLS,WA,99141-8853,,,,,,true,true,,
496,6031170160010001,413128,PACIFIC COAST NORTHERN,PACIFIC COAST NORTHERN,(206) 397-4197,921 S HARNEY STREET,,SEATTLE,WA,98108-0000,,,,,,true,true,,
497,6032629010010001,413130,FARMWEST 1,FARMWEST 1,(360) 927-7967,18 RIVERVIEW RD # B,,OMAK,WA,98841-9415,,,,,,true,true,,
498,6032711150010001,413131,THCBD,THCBD,(509) 720-4633,4310 E TRENT AVE,,SPOKANE,WA,99212-0000,,,,,,true,true,,
499,6032939160010001,413134,THE FOUR TWENTY COLLECTION,THE FOUR TWENTY COLLECTION,(724) 255-7543,99 GREENACRES RD LOT A,,RIVERSIDE,WA,98849-9625,,,,,,true,true,,
500,6033532670010003,413201,NIRVANA GARDENS,NIRVANA GARDENS,(808) 283-8512,1831 S BANK RD,,OAKVILLE,WA,98568-9746,,,,,,true,true,,
501,6034366320010001,413204,FREEDOM FARMS,FREEDOM FARMS,(509) 991-6257,1110 N STANLEY RD,,SPOKANE VALLEY,WA,99212-0923,,,,,,true,true,,
502,6033530350010001,413207,GROWN GREEN NORTHWEST,GROWN GREEN NORTHWEST,(425) 829-1105,15701 OK MILL RD STE A,,SNOHOMISH,WA,98290-7739,,,,,,true,true,,
503,6033563900010001,413209,ATOMIC GREEN,ATOMIC GREEN,(360) 561-2500,6031 OLD OLYMPIC HWY SW STE A,,OLYMPIA,WA,98512-9425,,,,,,true,true,,
504,603356426,413210,SPENCER'S MOUNTAIN LLC,SPENCER'S MOUNTAIN LLC,(509) 993-7199,1107 E 1ST AVE,,SPOKANE,WA,99202-0000,,,,,,true,true,,
505,6033569560010001,413211,NATURAL PATHS,NATURAL PATHS,(360) 795-0058,628 STATE ROUTE 409,,CATHLAMET,WA,98612-9730,,,,,,true,true,,
506,6033569690010001,413215,NW HERBAL GARDENS,NW HERBAL GARDENS,(425) 737-3898,4722 169TH AVE NE STE A,STE A,SNOHOMISH,WA,98290-0908,,,,,,true,true,,
507,6034423320010001,413220,PACIFIC GROWERS NORTHWEST,PACIFIC GROWERS NORTHWEST,(425) 941-6831,5845 192ND AVE SW STE 104,,ROCHESTER,WA,98579-9201,,,,,,true,true,,
508,6033570240010001,413225,PACIFIC NORTHWEST GROWERS,PACIFIC NORTHWEST GROWERS,(509) 990-5340,11509 W 21ST AVE BLD 2,STE 300,AIRWAY HEIGHTS,WA,99001-5101,,,,,,true,true,,
509,6033570270010001,413226,GREEN PEAKS,GREEN PEAKS,(509) 294-9645,461 MCCLOUD CREEK RD,,NEWPORT,WA,99156-9740,,,,,,true,true,,
510,6033520290010001,413277,SELECT LABEL,SELECT LABEL,(360) 230-8203,1304 WHEELER RD NE,,MOSES LAKE,WA,98837-0000,,,,,,true,true,,
511,6033505740010001,413287,GROW OP FARMS,GROW OP FARMS,(509) 290-3301,2611 N WOODRUFF RD STE B,,SPOKANE VALLEY,WA,99206-4138,,,,,,true,true,1019312,2026-05-15T19:15:59.200000
512,6029906840010001,413288,AISLING ENTERPRISES,AISLING ENTERPRISES,(509) 315-5419,3833 EAST BISMARK AVE,,SPOKANE,WA,99217-6504,,,,,,true,true,,
513,6034612700010002,413289,FLYING K FARMS,FLYING K FARMS,(206) 715-3174,440 GRUBB RD STE 2,,WENATCHEE,WA,98801-0000,,,,,,true,true,,
514,6033341280010002,413293,AGAPE RESEARCH WA,AGAPE RESEARCH WA,(206) 391-7365,2002 VALLEY HWY STE A,STE A,ACME,WA,98220-9635,,,,,,true,true,,
515,6033563730010001,413622,BLACKSMITH FARMS,BLACKSMITH FARMS,(518) 221-8851,6251 NE BEAR CREEK DEWATTO RD,,BELFAIR,WA,98528-8795,,,,,,true,true,,
516,6033566930010001,413625,THE HIGH POINT,THE HIGH POINT,(360) 301-0257,4429 COYLE RD,,QUILCENE,WA,98376-0000,,,,,,true,true,,
517,604078660,413626,TRIPLE R FARMS,TRIPLE R FARMS,(253) 985-1520,50 W WESTFIELD CT UNIT B&D,,SHELTON,WA,98584-0000,,,,,,true,true,,
518,6033513820010001,413631,JBC GROW,JBC GROW,(360) 201-8965,2121 LINCOLN ST,,BELLINGHAM,WA,98225-4147,,,,,,true,true,,
519,6034429790010001,413650,OH MCDONALD FARMS,OH MCDONALD FARMS,(360) 966-6785,250 W AXTON RD,,BELLINGHAM,WA,98226-7315,,,,,,true,true,,
520,6033885800010001,413651,NORTH WEST ROOTS,NORTH WEST ROOTS,(208) 598-3318,1520 CENTER ST STE D,,TACOMA,WA,98409-0000,,,,,,true,true,,
521,6035114460010001,413652,KAIDRO,KAIDRO,(360) 628-1400,9630 75TH LN SE STE B,,OLYMPIA,WA,98513-6316,,,,,,true,true,,
522,6034099960010001,413655,STONE AGE GARDENS,STONE AGE GARDENS,(206) 979-3466,50 WEST WESTFIELD COURT #1,,SHELTON,WA,98584-6361,,,,,,true,true,,
523,6033571060010001,413657,CHILIWIST CREEK FARM,CHILIWIST CREEK FARM,(206) 852-8980,1132 NW STATE AVE STE A,STE A,CHEHALIS,WA,98532-1829,,,,,,true,true,,
524,6035124300010001,413664,RJ AG,RJ AG,(509) 876-2301,126 NEWMAN CREEK UNIT 4,,ELMA,WA,98541-9536,,,,,,true,true,,
525,6034295410010001,413665,ROOTWORX,ROOTWORX,(253) 884-0562,190 W PINE ACRES WAY,,SHELTON,WA,98584-8965,,,,,,true,true,,
526,6035120650010002,413667,PERECAN FARM,PERECAN FARM,(360) 778-3832,5373 GUIDE MERIDIAN RD STE C4,STE C4,BELLINGHAM,WA,98226-0000,,,,,,true,true,,
527,6012287380010002,413690,TWO BROTHERS,TWO BROTHERS,(206) 650-2782,12125 TREOSTI RD STE A,,SNOHOMISH,WA,98290-0000,,,,,,true,true,,
528,6033137370010002,413706,GREEN AMERICA,GREEN AMERICA,(206) 402-4149,2205 PARROT WAY SUITE A,,KELSO,WA,98626-5522,,,,,,true,true,,
529,6033495120010001,413712,FORBIDDEN GARDEN,FORBIDDEN GARDEN,(425) 269-2030,17727 59TH AVE NE BLDG 12 #A,,ARLINGTON,WA,98223-6446,,,,,,true,true,,
530,6035634830010001,414027,CRAFT CANNABIS,CRAFT CANNABIS,(206) 372-1289,41305 N GRIFFIN RD STE D,STE D,GRANDVIEW,WA,98930-9688,,,,,,true,true,,
531,6040255980010001,414039,CLANDESTINE CONSULTING,CLANDESTINE CONSULTING,(360) 739-3848,5410 SAXON RD STE A,,ACME,WA,98220-0000,,,,,,true,true,,
532,6033136530010001,414040,LUCKY DEVIL FARMS,LUCKY DEVIL FARMS,(360) 970-8932,3303 S 35TH ST STE B-6,STE B-6,TACOMA,WA,98409-4701,,,,,,true,true,,
533,6033164190010001,414041,DOCANDYETIS,DOCANDYETIS,(360) 790-9241,2407 50TH AVE SW BUILDING 1,,TUMWATER,WA,98512-8007,,,,,,true,true,,
534,6033377130010001,414111,STONEHENGE GARDENS,STONEHENGE GARDENS,(206) 391-2113,470 NE TOONERVILLE DR BLDG 1,,BELFAIR,WA,98528-7705,,,,,,true,true,,
535,6025810750010004,414112,MOTHER NATURE,MOTHER NATURE,(509) 910-9010,4 LOWER AHTANUM RD,,UNION GAP,WA,98903-0000,,,,,,true,true,,
536,6035435410010001,414113,BOTANY 5000,BOTANY 5000,(206) 832-9055,16810 415TH AVE SE BLDG D #2,BUILDING D UNIT 2,GOLD BAR,WA,98251-0000,,,,,,true,true,,
537,6034449940010001,414114,GREEN ZOMBIE,GREEN ZOMBIE,(509) 220-9188,6017 N JULIA ST,,SPOKANE,WA,99217-6584,,,,,,true,true,,
538,6033550850010001,414123,PHARMER IN THE DELL ENTERPRISES,PHARMER IN THE DELL ENTERPRISES,(360) 426-3356,1052 E SOUTH ISLAND DR STE A,,SHELTON,WA,98584-9454,,,,,,true,true,,
539,6033565830010001,414143,METHOW HORTICULTURE,METHOW HORTICULTURE,(509) 449-3306,39 PRAIRIE FLATS RD STE A,,METHOW,WA,98834-9605,,,,,,true,true,,
540,6033568170010001,414145,LAUGHING GRASS MARIJUANA PRODUCTION AND PROCE,LAUGHING GRASS MARIJUANA PRODUCTION AND PROCE,(360) 229-0552,420 E MILLWRIGHT RD,,SHELTON,WA,98584-0000,,,,,,true,true,,
541,6033570590010001,414146,SUPER NATURAL,SUPER NATURAL,(206) 354-7034,23930 OSO LOOP RD STE E,SUITE E,ARLINGTON,WA,98223-6850,,,,,,true,true,,
542,604419210,431182,LAO BAN GREEN GROUP LLC,LAO BAN GREEN GROUP LLC,(206) 409-4552,30121 HILLIS RD STE E,,ARLINGTON,WA,98223-9386,,,,,,true,true,,
543,6033576260010001,414152,MAC GARDEN,MAC GARDEN,(360) 981-6395,212 SE BANJO LN,,SHELTON,WA,98584-9204,,,,,,true,true,,
544,6033576350010001,414153,JOHNNY FARMS,JOHNNY FARMS,(509) 289-9351,5045 ADAMS RD N,,QUINCY,WA,98848-9738,,,,,,true,true,,
545,6020838240010003,414283,MILLICENT,MILLICENT,(509) 933-3081,18076 RD 13.5 SW,,ROYAL CITY,WA,99357-9412,,,,,,true,true,,
546,6022611560010004,414286,FAIRWINDS MANUFACTURING,FAIRWINDS MANUFACTURING,(360) 903-4619,5913 NE 127TH AVE STE 300,,VANCOUVER,WA,98682-5889,,,,,,true,true,,
547,6034087380010001,414287,KUSH FARMS,KUSH FARMS,(360) 356-0329,337 PETERS ST,,RAYMOND,WA,98577-2908,,,,,,true,true,,
548,6034888700010001,414289,EVER GREEN,EVER GREEN,(360) 719-8195,2917 NE 65TH ST,STE H,VANCOUVER,WA,98663-0000,,,,,,true,true,,
549,6033570500010001,414395,GROWSTATE-ONE,GROWSTATE-ONE,(509) 919-3650,922 E 3RD AVE UNIT A,,SPOKANE,WA,99202-4508,,,,,,true,true,,
550,6011729710010003,414463,ANCIENT HERB,ANCIENT HERB,(509) 258-7364,7629 KIMBERLY DR WAY,,FORD,WA,99013-9738,,,,,,true,true,,
551,6034605280010001,414464,EMERALD PEAKS GARDEN,EMERALD PEAKS GARDEN,(206) 963-5184,225 NORTH SILVA ST.,,MOSES LAKE,WA,98837-0000,,,,,,true,true,,
552,6033565860010001,415156,INFLORESCENCE,INFLORESCENCE,(206) 551-7393,3812 E BISMARK AVE,,SPOKANE,WA,99217-0000,,,,,,true,true,,
553,6034771970010001,415456,FILUCY BAY FARMS,FILUCY BAY FARMS,(253) 831-5632,8509 NEPPEL RD NE,,MOSES LAKE,WA,98837-0000,,,,,,true,true,,
554,604560682,432169,BAD DOG FARMS,BAD DOG FARMS,(360) 609-4971,16526 W BLUEBIRD LN STE A,,SPOKANE,WA,99224-9455,,,,,,true,true,,
555,6033197330010002,415665,THUNDER GARDEN,THUNDER GARDEN,(206) 910-3089,99 GREENACRES RD LOT B,LOT B,RIVERSIDE,WA,98849-9625,,,,,,true,true,,
556,6033576300010001,415672,TWISTED SISTERS GARDENS,TWISTED SISTERS GARDENS,(360) 951-3843,9444 LUNDEEN RD SW STE B,STE B,ROCHESTER,WA,98579-9008,,,,,,true,true,,
557,6033520080010001,415680,WASHINGTONS FINEST CANNABIS,WASHINGTONS FINEST CANNABIS,(206) 641-0935,27315 N MONROE RD STE A,,DEER PARK,WA,99006-9774,,,,,,true,true,,
558,6033510790010001,426633,BREEZE TREES LLC,BREEZE TREES LLC,(808) 352-4427,4839 Guide Meridian Ste B,,Bellingham,WA,98226-8082,,,,,,true,true,,
559,6033500760010002,415688,GEORGETOWN CANNABIS CO.,GEORGETOWN CANNABIS CO.,(206) 650-7745,6111 12 AVE S,STE A,SEATTLE,WA,98108-2703,,,,,,true,true,,
560,6034284890010001,415744,PRIME TIME VENTURES,PRIME TIME VENTURES,(253) 843-2880,986 E HAMPTON RD STE 3,STE 3,LIND,WA,98341-9725,,,,,,true,true,,
561,6034886080010001,415750,CLOUD 9 CANNABIS RESEARCH,CLOUD 9 CANNABIS RESEARCH,(509) 276-7717,38818 N HATCH RD SUITE C,,DEER PARK,WA,99006-9107,,,,,,true,true,,
562,6028960890010001,415752,NEW HORIZON HOLDINGS,NEW HORIZON HOLDINGS,(360) 977-3681,1819 SCHURMAN WAY STE 101,STE 101,WOODLAND,WA,98674-9579,,,,,,true,true,,
563,6030137900010001,415754,JDA SECURITY ALLIANCE,JDA SECURITY ALLIANCE,(206) 364-1738,1106 CENTER ST,,TACOMA,WA,98409-8035,,,,,,true,true,,
564,6035238470010001,415761,KUSH GARDEN,KUSH GARDEN,(206) 381-2200,41711 STATE RT 2,#2,GOLD BAR,WA,98251-0000,,,,,,true,true,,
565,603313835,428602,EDGEMONT GROUP LLC,EDGEMONT GROUP LLC,(707) 672-5928,3540 DONEEN RAINEY RD STE B,,EAST WENATCHEE,WA,98802-8600,,,,,,true,true,,
566,6032361080010002,415771,HANG ROOTS,HANG ROOTS,(425) 220-3318,2515 HARTFORD DR STE B,,LAKE STEVENS,WA,98258-0000,,,,,,true,true,358950,2026-04-27T17:23:09.713000
567,6033106510010001,415772,INDOOR ORGANICS,INDOOR ORGANICS,(253) 797-1520,1571 SUMMIT VIEW RD,,CLE ELUM,WA,98922-0000,,,,,,true,true,,
568,6033593420010001,415777,SYMINGTON HOLDINGS II,SYMINGTON HOLDINGS II,(208) 691-7947,669 NORTH RICHARDS RD #Z,,RITZVILLE,WA,99169-0000,,,,,,true,true,,
569,603349824,431375,PLEASANT VALLEY FARMS,PLEASANT VALLEY FARMS,(206) 484-8998,1074 OLD HIGHWAY 97 STE E,STE O,BREWSTER,WA,98812-9682,,,,,,true,true,,
570,6033289310010001,415793,LTDN RESOURCES,LTDN RESOURCES,(509) 808-9727,3804 E FERRY AVE,,SPOKANE,WA,99202-0000,,,,,,true,true,,
571,6033314950010002,415794,RIGHTPATCH WA,RIGHTPATCH WA,(425) 218-3388,2870 OCEAN AVE BLDG #6 STE A,BLDG #6 STE A,RAYMOND,WA,98577-0000,,,,,,true,true,,
572,6033488140010001,415802,TANTUS,TANTUS,(360) 934-5783,1725 OCEAN AVE BLDG 2,,RAYMOND,WA,98577-2813,,,,,,true,true,,
573,6033503040010001,415811,PACIFIC CROWN CULTIVATION,PACIFIC CROWN CULTIVATION,(937) 620-7736,9021 PRATHER RD SW,,CENTRALIA,WA,98531-9716,,,,,,true,true,,
574,6033593460010001,416010,SOUTH BAY MASTER GROWERS,SOUTH BAY MASTER GROWERS,(360) 556-2339,306 S UNION RD STE B,,ELMA,WA,98541-9432,,,,,,true,true,,
575,603580029,416019,SPADYBUD,SPADYBUD,(360) 608-3744,1041 INDUSTRIAL WAY STE 110,STE 110,LONGVIEW,WA,98632-0000,,,,,,true,true,,
576,6033745160010001,416021,MEII,MEII,(360) 888-3552,4200 BOSTON HARBOR RD NE STE A,STE A,OLYMPIA,WA,98506-2439,,,,,,true,true,,
577,6033595670010001,416024,JACK MARTIN TWIGGS,JACK MARTIN TWIGGS,(425) 372-8448,4759 317TH PL SE,,FALL CITY,WA,98024-6637,,,,,,true,true,,
578,6034832020010001,416025,FIREBROS,FIREBROS,(206) 898-5998,4030 22ND AVE W,,SEATTLE,WA,98199-0000,,,,,,true,true,,
579,6030144950010002,416027,UPPER SKAGIT VENTURES,UPPER SKAGIT VENTURES,(360) 856-5104,39549 BAKER LK RD STE A,,CONCRETE,WA,98237-9242,,,,,,true,true,,
580,6033842800010001,416030,NECTAR,NECTAR,(206) 595-8024,43095 CHALLENGER RD LOT 10,LOT 10,CONCRETE,WA,98237-0000,,,,,,true,true,,
581,6034925900010001,416032,CASUAL CANNABIS,CASUAL CANNABIS,(360) 201-1127,3332 MT BAKER HWY,STE A,BELLINGHAM,WA,98226-7500,,,,,,true,true,,
582,6040339700010001,416039,FRESH KIND FARMS,FRESH KIND FARMS,(360) 910-0274,2305 E 5TH ST,,VANCOUVER,WA,98661-0000,,,,,,true,true,,
583,6033586170010001,416046,TIFFANY HILLS COMPANY,TIFFANY HILLS COMPANY,(509) 733-1127,247 GREENACRES RD,,RIVERSIDE,WA,98849-9636,,,,,,true,true,,
584,6033587620010001,416051,GORGE GROWN FARMS,GORGE GROWN FARMS,(541) 490-0988,283 COURTNEY RD STE C,,WHITE SALMON,WA,98672-8811,,,,,,true,true,,
585,6033592400010001,416055,CMJ GROWERS,CMJ GROWERS,(206) 612-8971,5898 MT BAKER HWY B,,DEMING,WA,98244-9585,,,,,,true,true,,
586,6034232790010001,416057,5TH HOUSE FARMS,5TH HOUSE FARMS,(425) 531-1122,19425 OLD HWY 99 SW STE A,,ROCHESTER,WA,98579-9124,,,,,,true,true,,
587,6033599670010001,416061,QUALITY GENETICS,QUALITY GENETICS,(208) 790-1869,1874 BATUM RD N STE 600,STE 600,ODESSA,WA,99159-0000,,,,,,true,true,,
588,6033486860010001,416063,PIONEER PRODUCTION & PROCESSING,PIONEER PRODUCTION & PROCESSING,(206) 228-3888,17835 59TH AVE NE BLDG 8 STE A,,ARLINGTON,WA,98223-6303,,,,,,true,true,,
589,6033557950010001,416144,ACME DIESEL,ACME DIESEL,(206) 384-1905,7019 ROAD 9 NW,STE A,EPHRATA,WA,98823-9722,,,,,,true,true,,
590,6033558010010001,416147,CASCADE,CASCADE,(206) 384-1903,7019 RD 9 NW STE D,,EPHRATA,WA,98823-9722,,,,,,true,true,,
591,6033558200010001,416150,ACME DIESEL,ACME DIESEL,(206) 661-2090,7019 RD 9 NW STE J,,EPHRATA,WA,98823-9722,,,,,,true,true,,
592,6033558490010001,416153,MT BAKER GROWERS,MT BAKER GROWERS,(360) 393-9499,4905 GUIDE MERIDIAN RD,#3,BELLINGHAM,WA,98226-9109,,,,,,true,true,,
593,6035781130010001,416155,WICKED WEED,WICKED WEED,(813) 784-1028,13026 W MCFARLANE RD,UNIT C1-3,AIRWAY HEIGHTS,WA,99001-0000,,,,,,true,true,,
594,6034448150010001,416158,SUNSCREEN LLC,SUNSCREEN LLC,(509) 690-7331,1106 CANNON WAY,,COLVILLE,WA,99114-8701,,,,,,true,true,,
595,6034947310010001,416159,DIAMOND SKY LLC,DIAMOND SKY LLC,(425) 299-0017,3163 GOLDIE RD,BLDG B STE 7,OAK HARBOR,WA,98277-2729,,,,,,true,true,,
596,6031001390010001,416163,HERBIN SOLUTIONS,HERBIN SOLUTIONS,(360) 990-1296,52433 HWY 112 STE B,STE B,PORT ANGELES,WA,98363-9724,,,,,,true,true,,
597,6035518290010001,416174,DIAMOND TREE,DIAMOND TREE,(206) 321-6173,2524 N MACHIAS RD UNIT B,,LAKE STEVENS,WA,98258-0000,,,,,,true,true,,
598,6035197560010001,416175,AUTREES NURSERY,AUTREES NURSERY,(206) 226-3222,3171 GOLDIE RD BLDG E,,OAK HARBOR,WA,98277-2732,,,,,,true,true,,
599,6041105480010001,416176,ROGUE FARMS,ROGUE FARMS,(206) 384-0779,14626 COUNTRY LN STE B,,YELM,WA,98597-9150,,,,,,true,true,,
600,6034578500010001,416183,MEDIGROW,MEDIGROW,(425) 330-0452,30121 HILLIS RD,,ARLINGTON,WA,98223-9386,,,,,,true,true,,
601,6028537800010001,416185,"SPANGLERS SPECIAL, KMH","SPANGLERS SPECIAL, KMH",(206) 920-2901,3801 S UNION AVE STE B,,TACOMA,WA,98409-0000,,,,,,true,true,,
602,6034723960010001,416194,SERENITY GARDENS,SERENITY GARDENS,(253) 468-9258,12742 ZELLER RD SE SUITE B,,YELM,WA,98597-0000,,,,,,true,true,,
603,6034446090010001,416199,WASHINGTONS BEST,WASHINGTONS BEST,(360) 200-8842,126 NEWMAN CREEK RD UNIT 1,UNIT 1,ELMA,WA,98541-0000,,,,,,true,true,,
604,6033457080010001,416323,BELLINGHAM BUD CO.,BELLINGHAM BUD CO.,(206) 920-3637,8912 KIMMIE ST SW STE A,,TUMWATER,41,63712-0000,,,,,,true,true,,
605,6034644640010001,416324,CASCADIA CANNABIS COMPANY,CASCADIA CANNABIS COMPANY,(206) 777-5481,16810 415TH AVE SE,BLD B SUITE 3,GOLD BAR,WA,98251-0000,,,,,,true,true,,
606,6033498480010001,416330,ALL GREEN FARMS,ALL GREEN FARMS,(509) 948-1157,7800 POSTMA RD #7,STE #7,MOXEE 42187,WA,98936-0000,,,,,,true,true,,
607,6033504670010001,416333,DAB NW,DAB NW,(425) 359-7905,23921 SOFIE ROAD,,MONROE,WA,98272-7225,,,,,,true,true,,
608,6033516460010001,416334,GREEN REVOLUTION,GREEN REVOLUTION,(360) 536-3122,22277 STOTTLEMEYER RD NE,,POULSBO,WA,98370-8957,,,,,,true,true,2220488,2026-06-20T16:29:55.837000
609,6033158210010001,416354,CONNECTIONS ASSOCIATES,CONNECTIONS ASSOCIATES,(509) 362-1903,4521 N GARRY RD,SUITE 3,OTIS ORCHARDS,WA,99027-9370,,,,,,true,true,,
610,6033220100010001,416356,A NEW LEAF,A NEW LEAF,(360) 731-4907,26713 SW ROAD U,#B,MATTAWA,WA,99349-0000,,,,,,true,true,,
611,6033441550010001,416371,SEATTLE SOUND,SEATTLE SOUND,(971) 777-0767,3472 PULLMAN AIRPORT RD STE B,STE B,PULLMAN,WA,99163-0000,,,,,,true,true,,
612,6033493540010001,416373,DOMENICO FARMS,DOMENICO FARMS,(360) 450-8363,20801 NE 10TH AVE,,RIDGEFIELD,WA,98642-8167,,,,,,true,true,,
613,6033500350010001,416378,RAM FAMILY ENTERPRISES LLC,RAM FAMILY ENTERPRISES LLC,(425) 776-4100,21828 87TH AVE SE STE F,STE F,WOODINVILLE,WA,98072-0000,,,,,,true,true,,
614,6033508730010001,416383,PHARLEADS,PHARLEADS,(254) 338-7462,14319 BINGHAM AVE E,STE A,TACOMA,WA,98446-0000,,,,,,true,true,,
615,6033510150010001,416387,WANDER FARMS,WANDER FARMS,(509) 881-8707,3478 ENTIAT RIVER RD,,ENTIAT,WA,98822-9714,,,,,,true,true,,
616,603352582,428169,DYNAMIC HARVEST,DYNAMIC HARVEST,(425) 444-3557,3839 B STONE WAY N,,SEATTLE,WA,98103-8017,,,,,,true,true,,
617,6033536040010001,416400,D & L ENTERPRISES,D & L ENTERPRISES,(509) 389-9492,24625 S. RUPP ROAD #4,,CHENEY,WA,99004-0000,,,,,,true,true,,
618,6033548680010001,416406,THE HOLLINGSWORTH CANNABIS COMPANY,THE HOLLINGSWORTH CANNABIS COMPANY,(206) 307-7607,541 W HONEYSUCKLE LN,,SHELTON,WA,98584-6802,,,,,,true,true,,
619,6033607970010001,416500,GOLDEN GARDENS COMPANY,GOLDEN GARDENS COMPANY,(206) 852-8620,10064 ENTIAT RIVER RD UNIT A,UNIT A,ENTIAT,WA,98822-0000,,,,,,true,true,,
620,6034347010010001,416502,COWLITZ COUNTY CANNABIS CULTIVATION,COWLITZ COUNTY CANNABIS CULTIVATION,(360) 957-4956,1445 INDUSTRIAL WAY UNIT 19B,,LONGVIEW,WA,98632-1033,,,,,,true,true,,
621,6033608350010001,416505,ALKI FARMS,ALKI FARMS,(509) 837-4394,681 SWAN RD STE A,STE A,SUNNYSIDE,WA,98944-9670,,,,,,true,true,,
622,6032996610010002,416510,YAVA,YAVA,(206) 457-8848,9840 MARTIN LUTHER KING JR WAY,S STE 1,SEATTLE,WA,98118-5634,,,,,,true,true,,
623,6033377320010001,416511,BLACK DIAMOND CANNABIS,BLACK DIAMOND CANNABIS,(253) 569-1700,3053 RIGGS RD,STE A,TOUCHET,WA,99360-0000,,,,,,true,true,,
624,6033568650010001,416517,HONEY CREEK ENTERPRISES,HONEY CREEK ENTERPRISES,(425) 864-4849,13118 328TH AVE NE STE A,,DUVALL,WA,98019-7234,,,,,,true,true,,
625,6033786050010001,416530,MERRYECHO PRODUCTIONS,MERRYECHO PRODUCTIONS,(425) 923-0416,28300 137TH AVE SW SUITE B,,VASHON,WA,98070-8718,,,,,,true,true,,
626,6033582960010001,416538,DOGTOWN PIONEERS,DOGTOWN PIONEERS,(509) 276-5659,4645 N SWENSON RD STE A,STE A,CLAYTON,WA,99110-9705,,,,,,true,true,652800,2026-04-09T23:29:11.643000
627,6040043940010001,416544,O.B.C. LLC,O.B.C. LLC,(360) 535-9482,71 EISENBEIS AVE,,PORT TOWNSEND,WA,98368-0000,,,,,,true,true,,
628,6020939240010002,416545,THE POTTING BENCH,THE POTTING BENCH,(360) 672-4292,4326 LYONS HILL RD STE A,,SPRINGDALE,WA,99173-9728,,,,,,true,true,,
629,603356803,426371,OPTIMIZED SOLUTIONS,OPTIMIZED SOLUTIONS,(206) 612-5555,30121 HILLIS RD STE A,,ARLINGTON,WA,98223-9386,,,,,,true,true,,
630,6026629780010001,416548,GOLDEN LEAF,GOLDEN LEAF,(509) 430-0260,56603 N SR 225 NW,,BENTON CITY,WA,99320-9656,,,,,,true,true,,
631,6031908980010001,416551,DRIFTBOAT,DRIFTBOAT,(509) 465-9482,18101 E EUCLID AVE,,SPOKANE VALLEY,WA,99216-1748,,,,,,true,true,,
632,604260678,416557,"GORGE PROCESSING, LLC","GORGE PROCESSING, LLC",(206) 915-7383,405 E STEUBEN ST STE A,,BINGEN,WA,98605-9183,,,,,,true,true,,
633,603357926,428718,EDISON AGRICULTURE LLC,EDISON AGRICULTURE LLC,(206) 226-8621,22743 ROAD 4 SE STE D,,WARDEN,WA,98857-9715,,,,,,true,true,,
634,6026784230010002,416612,AIS,AIS,(360) 521-1426,15812 NE 10TH AVE STE A,,RIDGEFIELD,WA,98642-5727,,,,,,true,true,,
635,604303887,416613,NALLEY VALLEY PARTNERS LLC,NALLEY VALLEY PARTNERS LLC,(206) 399-2726,3303 S 35TH ST STE A1,A-1,TACOMA,WA,98409-4726,,,,,,true,true,,
636,602662140,426552,HERITAGE FARMS,HERITAGE FARMS,(509) 684-4039,37828 N NICOLE LN,,ELK,WA,99009-0000,,,,,,true,true,,
637,6026455350010001,416615,AKULE STREET,AKULE STREET,(206) 200-9849,2000 ROZA DRIVE PEN A,PEN A,ZILLAH,WA,98953-0000,,,,,,true,true,,
638,6033858790010001,416619,DEEP FLOWER,DEEP FLOWER,(206) 877-2937,4 E MOUNTAIN VIEW ROAD,,CAMANO ISLAND,WA,98282-0000,,,,,,true,true,,
639,6023268380010001,416621,BUDS UNLIMITED,BUDS UNLIMITED,(206) 551-3371,39355 E ORCHARD RD STE A,,DAVENPORT,WA,99122-0000,,,,,,true,true,,
640,6034711000010001,416624,GREEN FORCE PHARM,GREEN FORCE PHARM,(360) 338-0912,55 REVIS BASIN RD,STE D,TONASKET,WA,98855-0000,,,,,,true,true,,
641,6035069700010001,416625,DENNIS FARM,DENNIS FARM,(509) 781-3011,89301 N 134 PRNW STE A,,PROSSER,WA,99350-0000,,,,,,true,true,,
642,6015422210010001,416626,RGL INDUSTRIES,RGL INDUSTRIES,(425) 776-0576,931 GOERIG RD,,WOODLAND,WA,98674-0000,,,,,,true,true,1316400,2026-06-07T20:40:51.143000
643,6033867550010001,416627,FLYING HIGH,FLYING HIGH,(509) 217-2803,22909 E TRENT AVE,,OTIS ORCHARDS,WA,99027-0000,,,,,,true,true,,
644,6021417030010001,416630,A-ACTION GROUP UTILITIES,A-ACTION GROUP UTILITIES,(360) 870-4970,1199 W CUNNINGHAM RD P3,STE P3,OTHELLO,WA,99344-0000,,,,,,true,true,,
645,6035266440010001,416632,SKY RIDER,SKY RIDER,(206) 465-9823,2705 S TACOMA WAY STE B,STE B,TACOMA,WA,98409-7521,,,,,,true,true,,
646,6034177860010001,416638,RITUAL CANNABIS,RITUAL CANNABIS,(206) 619-8392,55 RED CEDAR,STE R,GOLDENDALE,WA,98620-2400,,,,,,true,true,,
647,6034666120010001,416641,BIOCHRON,BIOCHRON,(509) 979-8724,10211 S SPOTTED ROAD,SUITE A,CHENEY,WA,99004-0000,,,,,,true,true,,
648,6033620430010001,416642,BUD KINGDOM,BUD KINGDOM,(206) 819-5758,144 MAIN ST E,STE A,PACKWOOD,WA,98361-0000,,,,,,true,true,,
649,6033578750010001,416726,MADMATTSGREENERY,MADMATTSGREENERY,(360) 280-1281,14249 W CLOQUALLUM RD,,ELMA,WA,98541-9659,,,,,,true,true,,
650,603358120,430383,SHANNARA LLC,SHANNARA LLC,(509) 393-1370,15642 ROAD 2 SW STE B,STE B,QUINCY,WA,98848-9548,,,,,,true,true,,
651,6033607710010001,416737,OGZ FIRE WEED,OGZ FIRE WEED,(808) 265-1135,50 W. WESTFIELD CT. UNIT E,,SHELTON,WA,98584-0000,,,,,,true,true,,
652,6033583520010001,416738,MARY JANECO,MARY JANECO,(619) 977-0571,13533 ODELL RD NE STE B,,DUVALL,WA,98019-7323,,,,,,true,true,,
653,6033585300010001,416744,HAPPY TRAILZ,HAPPY TRAILZ,(253) 985-1836,26320 STERETT RD N,,DAVENPORT,WA,99122-0000,,,,,,true,true,,
654,6033586610010001,416746,HIGH FIVE FARMS,HIGH FIVE FARMS,(206) 747-3079,2 S MISSIMER RD STE A,,PROSSER,WA,99350-8268,,,,,,true,true,,
655,604458405,429245,BOLD TYPE LLC,BOLD TYPE LLC,(425) 471-4491,22745 ROAD 4 SE PEN C,,WARDEN,WA,98857-9715,,,,,,true,true,,
656,6033590570010001,416755,AYRA,AYRA,(650) 906-9915,676 S INDUSTRIAL WAY,,SEATTLE,WA,98108-5236,,,,,,true,true,,
657,6033593520010001,416762,BELLA JANES,BELLA JANES,(360) 870-2087,530 RONLEE LN NW STE B,STE B,OLYMPIA,WA,98502-9270,,,,,,true,true,,
658,6031668340010002,416776,GREEN 2 BLACK,GREEN 2 BLACK,(253) 355-2773,141 W WESTFILED CT STE B,SUITE B,SHELTON,WA,98584-0000,,,,,,true,true,,
659,6034497820010001,416788,CULTURED ELEMENTS,CULTURED ELEMENTS,(425) 442-4595,13120 W MEADOW LAKE RD,STE A,CHENEY,WA,99004-9034,,,,,,true,true,,
660,6035183370010001,416793,TOP CUT GARDEN,TOP CUT GARDEN,(206) 395-5224,3303 W HAMILTON RD,,DEER PARK,WA,99006-0000,,,,,,true,true,,
661,6034112450010001,416800,HAPPY HILL FARMS,HAPPY HILL FARMS,(509) 258-6857,5044 B HWY 231,,FORD,WA,99013-0000,,,,,,true,true,,
662,6034049270010001,416804,EVERGROW NORTHWEST,EVERGROW NORTHWEST,(360) 561-7263,1027 85TH AVE SW,,TUMWATER,WA,98501-5704,,,,,,true,true,,
663,6034304560010001,416806,JACKS CURE,JACKS CURE,(425) 271-3286,451 OSPREY DR,,BRIDGEPORT,WA,98813-0000,,,,,,true,true,,
664,6033632310010001,417064,COUGAR MOUNTAIN GREENS,COUGAR MOUNTAIN GREENS,(206) 313-0722,1874 BATUM RD N STE 100,STE 100,ODESSA,WA,99159-0000,,,,,,true,true,,
665,6033841480010001,417068,SEATTLES PRIVATE RESERVE,SEATTLES PRIVATE RESERVE,(206) 669-7025,17731 59TH AV NE BLDG 16 STE A,,ARLINGTON,WA,98223-6446,,,,,,true,true,747390,2026-06-05T20:21:18.923000
666,6033596000010001,417069,GREENCREST GARDENS,GREENCREST GARDENS,(425) 836-2752,9777 F RD NW STE B,,EPHRATA,WA,98823-0000,,,,,,true,true,,
667,6033597460010001,417075,R 7,R 7,(206) 356-5888,11854 SW LAKE FLORA RD,STE A,BREMERTON,WA,98367-0000,,,,,,true,true,,
668,6034449500010001,417082,GOOD WEED TERRAPONICS,GOOD WEED TERRAPONICS,(425) 870-7225,3969 SPRINGDALE HUNTERS RD,,SPRINGDALE,WA,99173-0000,,,,,,true,true,,
669,6033508300010001,417087,CALDWELL CANNABIS,CALDWELL CANNABIS,,41304 S PIERT RD,,KENNEWICK,WA,99337-7720,,,,,,true,true,,
670,6033498530010001,417094,REVOLUTION HERBAL ENTERPRIES,REVOLUTION HERBAL ENTERPRIES,(206) 459-7527,166 BENSON CREEK DR,STE 421,TWISP,WA,98856-9605,,,,,,true,true,,
671,6033485770010001,417095,CULTIVAR FARMS,CULTIVAR FARMS,(562) 884-8694,3300 6TH AVE S,,SEATTLE,WA,98104-0000,,,,,,true,true,,
672,6033554470010003,417103,GRASS VALLEY PRODUCTS,GRASS VALLEY PRODUCTS,(360) 903-5502,130 CHESAW RD STE A,SUITE A,OROVILLE,WA,98844-0000,,,,,,true,true,,
673,6033550790010002,417106,CALYX AND TRICHOME CREATIONS,CALYX AND TRICHOME CREATIONS,(206) 527-5373,9724 AURORA AVE N STE A,SUITE A,SEATTLE,WA,98103-3223,,,,,,true,true,,
674,6033183900010001,417118,HOAK GREEN,HOAK GREEN,(360) 470-1678,1502 CENTER ST,,TACOMA,WA,98409-7924,,,,,,true,true,,
675,6033597780010001,417121,TAHOMA GROWERS,TAHOMA GROWERS,(253) 363-0352,84 INDIAN BASIN RD,,GOLDENDALE,WA,98620-0000,,,,,,true,true,,
676,6033585830010001,417122,AGRI MGT CORP,AGRI MGT CORP,(206) 423-7277,15642 RD 2 SW STE A,,QUINCY,WA,98848-9548,,,,,,true,true,,
677,6035022540010001,417127,NORTHWEST PREFERRED,NORTHWEST PREFERRED,(206) 567-2181,25708 95TH AVE NW STE B,SUITE B,STANWOOD,WA,98292-9307,,,,,,true,true,,
678,6034659880010001,417185,KITTYS CANNA CONNECTION,KITTYS CANNA CONNECTION,(360) 866-3808,8305 SCHIRM RD NW,STE A & B,OLYMPIA,WA,98502-9650,,,,,,true,true,,
679,6033539480010001,417188,NW GROWN,NW GROWN,(360) 540-1693,8531 POSTMA RD STE E,STE E,MOXEE,WA,98936-0000,,,,,,true,true,,
680,6032791410010004,417192,LOADED SODA,LOADED SODA,(253) 988-5020,420 ALASKAN WAY,,CHEHALIS,WA,98532-0000,,,,,,true,true,,
681,6028834070010001,417198,THE SUNSHINE TIKI HUT,THE SUNSHINE TIKI HUT,(253) 307-6743,1302 5TH STREET EXTENSION,,HOQUIAM,WA,98550-0000,,,,,,true,true,,
682,6035704150010001,417200,LOCALS INDOOR GARDEN,LOCALS INDOOR GARDEN,(206) 409-5701,421 W. HONEYSUCKLE LN,,SHELTON,WA,98584-0000,,,,,,true,true,,
683,6034707240010001,417201,THE EVANS GROUP,THE EVANS GROUP,(360) 789-1635,9630 BLOMBERG ST SW,,OLYMPIA,WA,98512-0000,,,,,,true,true,,
684,6034406110010001,417202,HELLS CANYON CANNABIS COMPANY,HELLS CANYON CANNABIS COMPANY,(208) 791-6168,2797 TURNING POINTE LOOP,,CLARKSTON,WA,99403-0000,,,,,,true,true,,
685,6033596900010001,417214,LM DIGITAL,LM DIGITAL,(253) 298-6568,1129 ST PAUL AVE,,TACOMA,WA,98421-2404,,,,,,true,true,,
686,6033895730010001,417216,GREEN ADVENTURES,GREEN ADVENTURES,(360) 606-5944,1811 BAKER WAY,,KELSO,WA,98626-5504,,,,,,true,true,452200,2026-05-13T18:28:14.763000
687,6033587420010002,417218,THE FAMILY BIZ,THE FAMILY BIZ,(253) 670-4718,831 WASHINGTON 7 STE B,,TONASKET,WA,98855-0000,,,,,,true,true,,
688,6034984670010001,417223,RIDGEVIEW FARMS,RIDGEVIEW FARMS,(509) 591-1209,6726 ROAD S SE STE A,,WARDEN,WA,98857-9560,,,,,,true,true,,
689,604569422,431270,GREEN RIDGE PRODUCTIONS,GREEN RIDGE PRODUCTIONS,(360) 303-6623,1074 OLD HIGHWAY 97 STE C,,BREWSTER,WA,98812-9681,,,,,,true,true,,
690,6032863990010002,417236,BLUE DOG SEEDS,BLUE DOG SEEDS,(509) 987-7063,186 HOWELL CANYON RD STE A,,TONASKET,WA,98855-9485,,,,,,true,true,,
691,6034768060010001,417237,SOUND CANNABIS,SOUND CANNABIS,(360) 346-0157,5713 OLYMPIC HWY,,ABERDEEN,WA,98520-0000,,,,,,true,true,,
692,6033587800010001,417272,12/12 GARDENS,12/12 GARDENS,(253) 350-7952,3104 234TH ST E UNIT A,UNIT A,SPANAWAY,WA,98387-7472,,,,,,true,true,,
693,6033591400010001,417380,WA GROWER,WA GROWER,(206) 228-8122,2604 WILLAMETTE DR NE STE D,,LACEY,WA,98516-1330,,,,,,true,true,,
694,604353769,429953,"HURRICANE CANNABIS, LLC","HURRICANE CANNABIS, LLC",(360) 775-7873,194 SPEEDWAY DR,,PORT ANGELES,WA,98362-8041,,,,,,true,true,,
695,6034900700010001,417382,LAUGHING MAN FARMS,LAUGHING MAN FARMS,(253) 576-3806,12113 SW CEMETARY RD,,VASHON ISLAND,WA,98070-0000,,,,,,true,true,,
696,6016804550010002,417385,RJL,RJL,(206) 226-1378,8846 HWY 14 STE A,,WISHRAM,WA,98673-0000,,,,,,true,true,,
697,6033563380010003,417388,LLIDNOC FARMS,LLIDNOC FARMS,(503) 314-6150,26525 S RUPP RD,#3,CHENEY,WA,99004-0000,,,,,,true,true,,
698,6033508950010001,417395,TOLMAN CONSTRUCTION,TOLMAN CONSTRUCTION,(509) 668-8225,3895 MALAGA AVE,,MALAGA,WA,98828-0000,,,,,,true,true,,
699,6015308530010005,417398,GREEN BLUFF GREENHOUSE,GREEN BLUFF GREENHOUSE,(509) 990-6391,18102 N DAY MT SPOKANE RD #3,,MEAD,WA,99021-9789,,,,,,true,true,,
700,6040776300010001,417404,"RYSE, LLC","RYSE, LLC",(509) 654-6800,3631 AIRPORT RD,,PULLMAN,WA,99163-0000,,,,,,true,true,,
701,6034495110010001,417411,EMERALD CITY ORGANICS,EMERALD CITY ORGANICS,(253) 640-1935,3303 S 35TH ST STE A-2,STE A-2,TACOMA,WA,98409-4723,,,,,,true,true,,
702,6010458870010003,417443,SPENCER FARM,SPENCER FARM,(509) 888-2076,2345 MCELDOWNEY RD STE 1,,MALAGA,WA,98828-9752,,,,,,true,true,,
703,6026960440010004,417482,CRESCENT VALLEY FARMS,CRESCENT VALLEY FARMS,(253) 858-4837,830 HIGHWAY 7,SUITE A,TONASKET,WA,98855-0000,,,,,,true,true,,
704,6033578430010001,417496,EVERGREEN FOREST,EVERGREEN FOREST,(206) 631-1906,166 BENSON CREEK RD STE F,,TWISP,WA,98856-9605,,,,,,true,true,,
705,6033028940010001,417513,LIT FUSE NURSERY,LIT FUSE NURSERY,(360) 280-6189,9444 LUNDEEN RD SW STE A,,ROCHESTER,WA,98579-9008,,,,,,true,true,,
706,603358531,417571,FIRELINE CANNABIS,FIRELINE CANNABIS,(425) 760-5177,17831 59TH AVE NE,SUITE 7,ARLINGTON,WA,98223-6452,,,,,,true,true,307938,2026-01-08T18:24:09.497000
707,6035938490010004,425046,BLC,BLC,(301) 310-1768,7453 S MADISON ST STE B,,TACOMA,WA,98409-1024,,,,,,true,true,,
708,6033550540010002,425080,MOTHER EARTH FARMS,MOTHER EARTH FARMS,(206) 595-0614,238 SPEEDWAY DRIVE,,PORT ANGELES,WA,98362-0000,,,,,,true,true,,
709,6030247700010003,425086,ADVANCED AGRICULTURE,ADVANCED AGRICULTURE,(360) 819-5502,1843 W BLACK ARROW LN,,OTHELLO,WA,98370-0937,,,,,,true,true,,
710,6033508050010004,425098,TRAVA HOLDINGS,TRAVA HOLDINGS,(206) 512-7311,25 WINDY FLAT RD,STE A,TONASKET,WA,98855-7909,,,,,,true,true,,
711,6033564940010005,425099,BINX BUDS,BINX BUDS,(360) 241-4303,30356 HIGHWAY 243 S LOT 5,,MATTAWA,WA,99349-8257,,,,,,true,true,,
712,6032739960010003,425122,PUGET SOUND CANNABIS COMPANY,PUGET SOUND CANNABIS COMPANY,(206) 375-4834,19320 ELDERBERRY ST SW,,ROCHESTER,WA,98579-9249,,,,,,true,true,,
713,6006477070010004,425153,HILL TOP GROWERS,HILL TOP GROWERS,(509) 901-9560,2000 ROZA DR #1,,ZILLAH,WA,98953-9361,,,,,,true,true,,
714,604159468,425163,FLYING TIGER FARMS,FLYING TIGER FARMS,(253) 632-0566,6256 FRECHMAN HILLS RD W STE B,,ROYAL CITY,WA,99357-9612,,,,,,true,true,,
715,603354756,425184,GOODIES,GOODIES,(360) 222-0117,2916 STATE ST STE 303,,EVERETT,WA,98201-3842,,,,,,true,true,,
716,6033491800010003,425210,LADY EARTH BOTANICALS,LADY EARTH BOTANICALS,(360) 751-5000,2000 ROZA DR STE Q,,ZILLAH,WA,98953-9361,,,,,,true,true,,
717,6035126850010002,425218,SAPPHIRE MEADOWS,SAPPHIRE MEADOWS,(509) 440-6214,15505 WEBBER CANYON RD,STE F,BENTON CITY,WA,99320-6508,,,,,,true,true,,
718,604546226,425285,MATADOR FARMS 3 LLC,MATADOR FARMS 3 LLC,(425) 786-4549,5 INDIAN SPRINGS RD LOT 3,,TONASKET,WA,98855-9779,,,,,,true,true,,
719,6033574780010002,425324,BEACON FARMS,BEACON FARMS,(206) 669-7242,1199 W CUNNINGHAM RD STE C-E1,STE C-E1,OTHELLO,WA,99344-9004,,,,,,true,true,,
720,603335190,425401,DA VINCI,DA VINCI,(425) 375-6344,7220 201ST ST NE,,ARLINGTON,WA,98223-7477,,,,,,true,true,,
721,6033497340010001,412162,ACME MOUNTAIN HERB,ACME MOUNTAIN HERB,(360) 595-0375,960 VALLEY HWY STE A,,ACME,WA,98220-9706,,,,,,true,true,,
722,6033500150010001,412172,CUSTOM CULTIVATORS,CUSTOM CULTIVATORS,(360) 991-3913,186-A CHEROKEE ROAD,,OMAK,WA,98841-0000,,,,,,true,true,,
723,6028058460010002,412207,CE GARDENS,CE GARDENS,(206) 940-2021,1501 E PORTLAND AVE,,TACOMA,WA,98421-2801,,,,,,true,true,,
724,6033344350010001,412218,PENINSULA ORGANICS,PENINSULA ORGANICS,(360) 775-6066,3368 EAST HWY 101,,PORT ANGELES,WA,98362-2540,,,,,,true,true,,
725,6033408760010001,412247,SINSEMILLA,SINSEMILLA,(206) 852-7089,2916 STATE STREET STE 301,SUITE 301,EVERETT,WA,98201-3842,,,,,,true,true,,
726,6033497050010001,412268,TRIPLE T FARMS,TRIPLE T FARMS,(509) 991-4464,10211 S SPOTTED RD,,CHENEY,WA,99004-9647,,,,,,true,true,,
727,6033503220010001,412282,KATIE GARDENS,KATIE GARDENS,(509) 365-4231,393 JOHNSON RD STE A,,LYLE,WA,98635-9527,,,,,,true,true,,
728,6031843500010004,412346,TOP SHELF,TOP SHELF,(425) 495-4305,13731 250TH ST NE SUITE C,,ARLINGTON,WA,98223-4803,,,,,,true,true,,
729,6033330070010001,412352,MR. NICE GUY,MR. NICE GUY,(509) 218-4619,5805 E SHARP AVE STE B-1 & B-2,,SPOKANE VALLEY,WA,99212-0000,,,,,,true,true,,
730,6033202100010001,412388,HOLY SMOKES PRODUCTIONS,HOLY SMOKES PRODUCTIONS,(360) 926-4365,6 TITAN DRIVE,SUITE A,LYLE,WA,98635-0000,,,,,,true,true,,
731,603359433,426255,LILAC LABS,LILAC LABS,(206) 841-7244,13026 W MCFARLANE RD C1-1,,AIRWAY HEIGHTS,WA,99001-5046,,,,,,true,true,,
732,6033491830010001,412418,AD LIB ENTERPRISES,AD LIB ENTERPRISES,(206) 920-2619,166 BENSON CREEK DR,STE A,TWISP,WA,98856-9605,,,,,,true,true,,
733,604281289,423700,"INKLINE SOLUTIONS, LLC","INKLINE SOLUTIONS, LLC",(253) 569-6964,186 CHEROKEE RD STE E,STE D,OMAK,WA,25356-96964,,,,,,true,true,,
734,6033520950010001,412524,SWEETWATER FARMS,SWEETWATER FARMS,(720) 271-9997,13026 W MCFARLANE RD,UNIT C1-2,AIRWAY HEIGHTS,WA,99001-5046,,,,,,true,true,,
735,6033530140010001,412729,MISS FITS LAUGHING STALK,MISS FITS LAUGHING STALK,(509) 775-3567,20 HUMPHREY LN #A,,REPUBLIC,WA,99166-9556,,,,,,true,true,,
736,6034085890010001,412735,AMERICAN SENSI COMPANY,AMERICAN SENSI COMPANY,(360) 556-8262,1625 CENTER ST,SUITE C,TACOMA,WA,98409-7920,,,,,,true,true,,
737,6033463910010001,412753,MILLER MARIJUANA FARMS,MILLER MARIJUANA FARMS,(206) 853-6702,5735 HOMESTEAD LN,,ANACORTES,WA,98221-9567,,,,,,true,true,,
738,6033459530010001,412785,NW CONNOISSEURS,NW CONNOISSEURS,(360) 622-6209,82 LAGOON RD SUITE A,,DEER HARBOR,WA,98243-0000,,,,,,true,true,,
739,6033548180010001,412820,HERBAL URBAL,HERBAL URBAL,(425) 422-8578,5008 226 ST NW STE A,,STANWOOD,WA,98292-0000,,,,,,true,true,,
740,6033532670010001,412835,CANNATRATE LABS,CANNATRATE LABS,(808) 283-8512,3005 CHANDLER ST,,TACOMA,WA,98409-0000,,,,,,true,true,,
741,603351880,426545,ORACLE ACRES,ORACLE ACRES,(360) 306-7327,4051 HAMMER DR STE 103,,BELLINGHAM,WA,98266-0000,,,,,,true,true,,
742,6033517720010001,412842,PURE CANNASEUR,PURE CANNASEUR,(253) 377-9747,1019 85TH AVE SE,,TUMWATER,WA,98501-5706,,,,,,true,true,,
743,6035578470010001,412890,LUDLOW FARM,LUDLOW FARM,(360) 437-2145,130 WERNER RD,STE A,PORT LUDLOW,WA,98365-9751,,,,,,true,true,,
744,6033190510010002,412918,GREEN POINT,GREEN POINT,(509) 497-8722,56104 NORTH THOMAS ROAD,,BENTON CITY,WA,99320-7620,,,,,,true,true,,
745,604186652,412977,CS INC.,CS INC.,(360) 713-4378,7182 ROAD 16 NE UNIT E,,MOSES LAKE,WA,98467-4819,,,,,,true,true,,
746,6032672540010001,412980,LANCES GARDEN,LANCES GARDEN,(425) 894-1111,11670 STATE ROUTE 28 W STE B,,QUINCY,WA,98848-9709,,,,,,true,true,,
747,6035480310010002,413015,"LEGENDARY LABORATORIES, LLC","LEGENDARY LABORATORIES, LLC",(509) 808-5223,"6412 E OREGON_RD, SUITE B",,ELK,WA,99009-9739,,,,,,true,true,,
748,6033540700010001,413055,PRINCE FARMS,PRINCE FARMS,(360) 681-5140,1610 NW 8TH STREET SUITE B,,NORTH BEND,WA,98045-7964,,,,,,true,true,,
749,6033506100010002,413070,GREEN LION,GREEN LION,(360) 970-8279,3301 1ST AVE S STE C,,SEATTLE,WA,98134-1802,,,,,,true,true,,
750,6034562720010001,415723,LLV GREEN,LLV GREEN,(509) 727-8103,28505 S CLODFELTER RD,,KENNEWICK,WA,99338-9327,,,,,,true,true,,
751,6030247700010002,415734,ADVANCED AGRICULTURE,ADVANCED AGRICULTURE,(360) 908-0995,1199 W CUNNINGHAM RD,STE I,OTHELLO,WA,99344-0000,,,,,,true,true,,
752,6025896330010002,415783,FRESH PRODUCTIONS,FRESH PRODUCTIONS,(360) 791-2466,8213 STEAM BOAT ISLAND RD NW,SUITE A,OLYMPIA,WA,98502-9660,,,,,,true,true,,
753,6032601540010001,415786,BLACK MARKET MUSIC,BLACK MARKET MUSIC,(206) 434-1570,5256 UPPER HEDGES ROAD STE B,,WENATCHEE,WA,98801-8931,,,,,,true,true,,
754,6033205150010001,415790,INVESTMENT FUNDING GROUP,INVESTMENT FUNDING GROUP,(509) 808-6852,13026 MCFARLANE RD C1-1,,AIRWAY HEIGHTS,WA,99001-5099,,,,,,true,true,,
755,6033351900010001,415796,DA VINCI,DA VINCI,(425) 375-6344,1504 STATE ROUTE 105,,ABERDEEN,WA,98520-9525,,,,,,true,true,,
756,6033548120010001,415833,HEMPZEN,HEMPZEN,(206) 313-5633,91 GRADE CREEK RD STE A,,MANSON,WA,98831-0000,,,,,,true,true,,
757,6033562440010001,415852,ROCK ISLAND FARM,ROCK ISLAND FARM,(206) 450-6749,20171 87TH AVE SW SUITE B,,VASHON,WA,98070-6213,,,,,,true,true,,
758,6033564940010002,415857,OLD MCDONALDS FARM,OLD MCDONALDS FARM,(360) 241-4303,1006 EMERSON RD STE C,STE C,ELLENSBURG,WA,98926-8438,,,,,,true,true,,
759,6034531400010001,415910,"MRS GREEN JEANS & THE CAPTAIN, LLC","MRS GREEN JEANS & THE CAPTAIN, LLC",(509) 863-2237,231 WESTERN LARCH RD SUITE A,,NEWPORT,WA,99156-8760,,,,,,true,true,,
760,6033588190010001,415935,SKY HIGH GARDENS,SKY HIGH GARDENS,(253) 722-6195,1128 SW SPOKANE ST,,SEATTLE,WA,98134-1128,,,,,,true,true,,
761,6033550140010001,415976,FLORA BOTANICALS,FLORA BOTANICALS,(206) 743-7631,3601 W MARGINAL WAY SW,STE 6 & 7,SEATTLE,WA,98106-0000,,,,,,true,true,,
762,6034494190010001,416001,420 PRO,420 PRO,(360) 448-8960,12313 NE 117TH AVE,,VANCOUVER,WA,98662-1267,,,,,,true,true,,
763,6033547880010001,416081,ALON,ALON,(425) 772-8453,234 OMAK RIVER RD UNIT 2,UNIT 2,OMAK,WA,98841-9673,,,,,,true,true,,
764,6033598340010001,416117,C.K. ORGANICS,C.K. ORGANICS,(347) 873-0468,25711 N MONROE RD,,DEER PARK,WA,99006-9773,,,,,,true,true,,
765,6026134630010006,416616,R&W CANNABIS,R&W CANNABIS,(360) 674-4349,1625 CENTER ST STE D,,TACOMA,WA,98409-7920,,,,,,true,true,,
766,6034163880010001,416661,ABSOLUTE EDIBLES,ABSOLUTE EDIBLES,(509) 863-2076,202 N CRESTLINE STE C,,SPOKANE,WA,99202-3005,,,,,,true,true,,
767,6033622390010001,416665,RON JOHNSON,RON JOHNSON,(360) 357-3466,3345 JAGLA ROAD LOT #2,,WENATCHEE,WA,98801-9725,,,,,,true,true,,
768,6033574780010001,416717,BEACON FARMS,BEACON FARMS,(206) 669-7242,1512 RD 2 NW STE C,STE C,MOSES LAKE,WA,98837-9824,,,,,,true,true,,
769,6033622480010001,416925,ANTHONY GENE ROSSO,ANTHONY GENE ROSSO,(206) 730-8667,1209 HWY 281 SPUR,STE F,QUINCY,WA,98848-0699,,,,,,true,true,,
770,6033587470010001,416931,PNW GROUP,PNW GROUP,(360) 402-6078,9320 KIMMIE ST SW,,OLYMPIA,WA,98512-0000,,,,,,true,true,,
771,6035938490010002,416961,BLC,BLC,(301) 310-1768,2065 GARFIELD AVE SE STE A,,PORT ORCHARD,WA,98366-8740,,,,,,true,true,,
772,6035126850010001,416965,SAPPHIRE MEADOWS,SAPPHIRE MEADOWS,(509) 440-6214,4380 KAWECKI RD STE B,,WENATCHEE,WA,98828-0000,,,,,,true,true,,
773,6033564690010003,417100,MARPROD,MARPROD,(843) 324-5119,1199 W CUNNINGHAM RD 17G,STE 17-G,OTHELLO,WA,99344-0000,,,,,,true,true,,
774,603350885,417107,RNW AGRICULTURAL,RNW AGRICULTURAL,(360) 296-0379,4873 GUIDE MERIDIAN RD,,BELLINGHAM,WA,98226-8082,,,,,,true,true,,
775,6033634340010001,417165,FOUR ACES GROWERS,FOUR ACES GROWERS,(206) 283-9285,19610 SE 128TH WAY,,ISSAQUAH,WA,98027-8550,,,,,,true,true,,
776,6034002040010001,417181,CANNA-BEST,CANNA-BEST,(702) 239-8638,253 W MARY M KNIGHT RD,,ELMA,WA,98541-8900,,,,,,true,true,,
777,6033550540010001,417307,MOTHER EARTH FARMS,MOTHER EARTH FARMS,(206) 595-0614,314 POWER PLANT RD,,PORT ANGELES,WA,98363-0000,,,,,,true,true,,
778,6033497830010001,417330,ALL NATURAL PRODUCTS,ALL NATURAL PRODUCTS,(425) 244-8484,6700 S OLD PACIFIC HWY,,KALAMA,WA,98625-0000,,,,,,true,true,,
779,6033594730010001,417346,PINOY BROS,PINOY BROS,(253) 514-3948,7835 WA 283 STE C,,EPHRATA,WA,98823-0000,,,,,,true,true,,
780,6033472340010001,412126,GREEN SOURCE,GREEN SOURCE,(509) 590-3818,3307 N LYONS RD #101,,SPOKANE,WA,99224-9546,,,,,,true,true,,
781,6033465220010001,412132,SUSPENDED BRANDS,SUSPENDED BRANDS,(360) 340-0579,860 NE OLD BELFAIR HWY,,BELFAIR,WA,98528-0000,,,,,,true,true,441017,2026-06-12T15:06:41.867000
782,6033484270010001,412149,BMF WASHINGTON,BMF WASHINGTON,(206) 841-2455,1725 OCEAN AVE BLDG 15,,RAYMOND,WA,98577-2813,,,,,,true,true,,
783,6033493990010001,412156,UNAFLORA,UNAFLORA,(206) 276-3995,3901 AIRPORT WAY S,,SEATTLE,WA,98108-5237,,,,,,true,true,,
784,6035474350010001,412196,JBC FARMS,JBC FARMS,(509) 388-4472,15151 COTTONWOOD CANYON RD,,YAKIMA,WA,98908-9279,,,,,,true,true,,
785,6033105320010001,412235,OM SHIV,OM SHIV,(206) 659-6011,13026 W MCFARLAND RD STE B1-3,,AIRWAY HEIGHTS,WA,98001-0000,,,,,,true,true,,
786,6033189870010001,412239,DRAGON HIGH,DRAGON HIGH,(208) 340-3971,532 132ND ST SW,,EVERETT,WA,98204-7318,,,,,,true,true,,
787,6033440050010001,412252,DB3,DB3,(253) 732-2869,2415 AIRPORT WAY S,,SEATTLE,WA,98134-2019,,,,,,true,true,,
788,6033496000010001,412271,COPPERHEAD CANNABIS,COPPERHEAD CANNABIS,(360) 348-1092,34117 140TH ST SE,SUITE A,SULTAN,WA,98294-7621,,,,,,true,true,,
789,6033503570010001,412288,BACONS BUDS,BACONS BUDS,(360) 837-1713,181 KATIES LN SUITE B,,WASHOUGAL,WA,98671-7397,,,,,,true,true,,
790,6033506210010001,412312,WACKY TOBACKY PRODUCER AND PROCESSOR,WACKY TOBACKY PRODUCER AND PROCESSOR,(253) 205-7747,16810 415 AVE SE STE M,,GOLD BAR,WA,98251-0000,,,,,,true,true,,
791,6033160530010001,412349,CASCADIA,CASCADIA,(360) 301-1842,7741 ARAB DR SE SUITE C,,TUMWATER,WA,98501-6970,,,,,,true,true,,
792,6033472750010001,412437,RED FROG,RED FROG,(206) 273-7400,12815 227TH AVE SE STE A,STE A,MONROE,WA,98272-8720,,,,,,true,true,,
793,6033493090010001,412441,NORTHWEST 7 POINT,NORTHWEST 7 POINT,(509) 944-5355,5805 E SHARP AVE STE C6,,SPOKANE VALLEY,WA,99212-0955,,,,,,true,true,,
794,6033493480010001,412442,DRIFTWOOD FARMS GREENBLUFF,DRIFTWOOD FARMS GREENBLUFF,(509) 993-5810,19510 N SANDS RD STE A,,COLBERT,WA,99005-9599,,,,,,true,true,,
795,603354943,428827,TOKELAND GROWING,TOKELAND GROWING,(360) 580-7702,160 WESTFIELD CT STE C,,SHELTON,WA,98584-4604,,,,,,true,true,,
796,6033470130010001,413942,SALISH SEA INDUSTRIES,SALISH SEA INDUSTRIES,(206) 290-8068,17702 SE MAY VALLEY RD STE B,,RENTON,WA,98059-0000,,,,,,true,true,,
797,6033502280010001,413948,DOC CROC,DOC CROC,(425) 207-6723,9730 LATHROP INDUSTRIAL DR SW,BLDG F,OLYMPIA,WA,98512-1064,,,,,,true,true,,
798,6033508790010001,413951,WASHINGTON CANNABIS CORPORATION,WASHINGTON CANNABIS CORPORATION,(360) 510-9088,38 NEWMAN CREEK RD,UNIT 7,ELMA,WA,98541-9535,,,,,,true,true,,
799,6034378270010001,414115,PLATINUM ENTERPRISES,PLATINUM ENTERPRISES,(360) 426-8784,654 W HOMER ADAMS RD,,ELMA,WA,98541-9742,,,,,,true,true,,
800,6033764960010001,414462,DOUBLE DELICIOUS,DOUBLE DELICIOUS,(253) 381-3608,3919 MALAGA ALCOA HWY,,MALAGA,WA,98828-0000,,,,,,true,true,,
801,6033499630010003,415449,HARMONY FARMS,HARMONY FARMS,(253) 677-9975,8575 COMMERCE PL DR NE STE A,,LACEY,WA,98516-1328,,,,,,true,true,,
802,604532590,431620,BUZZY BEE FARMS NW LLC,BUZZY BEE FARMS NW LLC,(206) 305-0466,125 GREENACRES RD # B,,RIVERSIDE,WA,98849-9647,,,,,,true,true,,
803,6033467980010001,415694,VI MEDENDI,VI MEDENDI,(509) 919-1029,1027 N CALVERT LN,,SPOKANE,WA,99224-9293,,,,,,true,true,,
804,6033462130010001,415695,ORIGIN CANNABIS COMPANY,ORIGIN CANNABIS COMPANY,(425) 441-1000,2930 RICHARDS RD #100,,BELLEVUE,WA,98005-4410,,,,,,true,true,,
805,6032803720020001,415769,NEW DIRECTION,NEW DIRECTION,(206) 306-4851,6901 W MARGINAL WAY SW,,SEATTLE,WA,98106-3908,,,,,,true,true,,
806,6033594330010001,415787,PLENUS,PLENUS,(206) 841-7244,1209 HWY 281 SPUR,UNIT E,QUINCY,WA,98848-9510,,,,,,true,true,,
807,6033544210010001,415826,FIVE LEAVES,FIVE LEAVES,(509) 294-9936,234805 E STRAIGHT BANK RD,#B,FINLEY,WA,99337-0000,,,,,,true,true,,
808,6033552000010001,415841,AGRI-GREEN NORTHWEST,AGRI-GREEN NORTHWEST,(360) 421-7131,9790 PADILLA HEIGHTS RD,,ANACORTES,WA,98221-8697,,,,,,true,true,,
809,6033579700010001,416196,CAPITAL GREEN,CAPITAL GREEN,(253) 241-5027,31688 D HWY 97 SUITE A,,TONASKET,WA,98855-9202,,,,,,true,true,,
810,6033570180010001,416226,JEFF INDUSTRIES,JEFF INDUSTRIES,(509) 679-9058,5552 INDUSTRY LN,,EAST WENATCHEE,WA,98802-9551,,,,,,true,true,,
811,6033558100010001,416230,PACPAP,PACPAP,(509) 670-2823,6123 199TH AVE SE STE 2,SUITE 2,TENINO,WA,98589-9519,,,,,,true,true,,
812,6033678080010001,416268,SOUTH COLBY INVESTORS,SOUTH COLBY INVESTORS,(650) 888-5101,111 N.E. RANCH DRIVE STE C,STE C,TAHUYA,WA,98588-9773,,,,,,true,true,,
813,6033531780010001,416340,47 DEGREES NORTH,47 DEGREES NORTH,(206) 375-0631,28221 N NORTH RD,,DEER PARK,WA,99006-9363,,,,,,true,true,,
814,6032991040010001,416353,BE KIND BUDS,BE KIND BUDS,(206) 779-6839,1199 W CUNNINGHAM RD STE P2,STE P2,OTHELLO,WA,98344-9004,,,,,,true,true,,
815,603472406,416392,WAMSTERDAM FARMS,WAMSTERDAM FARMS,(509) 542-7940,43001 N GRIFFIN RD STE C,SUITE C,GRANDVIEW,WA,98930-0000,,,,,,true,true,595010,2026-06-08T22:04:47.630000
816,602893606,416414,PAINTED ROOSTER,PAINTED ROOSTER,(509) 949-4420,7521 POSTMA RD STE G,,MOXEE,WA,98936-9706,,,,,,true,true,,
817,603356461,416419,TRINITY PRODUCTIONS,TRINITY PRODUCTIONS,(206) 796-9948,5735 RD L SE,STE A,MOSES LAKE,WA,98837-9087,,,,,,true,true,,
818,6033568660010001,416426,420 NATURAL,420 NATURAL,(360) 352-3420,9730 LATHROP INDUSTRIAL DR SW,STE D1,TUMWATER,WA,98512-1064,,,,,,true,true,,
819,6033576870010001,416431,FORTE FARMS,FORTE FARMS,(360) 402-4338,3113 B S PINE ST,,TACOMA,WA,98409-4714,,,,,,true,true,,
820,6034499130010001,416475,SRRK GROUP,SRRK GROUP,(425) 749-9191,8531 POSTMA RD STE B,,MOXEE,WA,98936-9317,,,,,,true,true,,
821,6033605120010001,416479,MORELLI ENTERPRISES,MORELLI ENTERPRISES,(253) 227-6623,81 ONEIL RD STE A,,OROVILLE,WA,98844-9550,,,,,,true,true,,
822,6033572910010001,416519,FIFTY FOLD INDUSTRIES,FIFTY FOLD INDUSTRIES,(206) 653-6344,2709 N FELTS LANE,,SPOKANE VALLEY,WA,99206-0000,,,,,,true,true,,
823,6035904060010002,416524,NEWDAY GROWERY,NEWDAY GROWERY,(253) 831-0924,831 W GOLDEN PHEASANT RD,,SHELTON,WA,98584-0000,,,,,,true,true,,
824,6034221150010001,417078,STONER FARMS,STONER FARMS,(360) 200-1414,2300 B TALLEY WAY,,KELSO,WA,98626-5513,,,,,,true,true,,
825,6033577950010001,417081,GREEN ISLAND ORGANICS,GREEN ISLAND ORGANICS,(216) 496-1549,13055 ROAD 2 NE UNIT 3,UNIT 3,MOSES LAKE,WA,98837-9468,,,,,,true,true,,
826,6033504560010002,417150,MOMMA CHAN,MOMMA CHAN,(206) 743-7229,3303 S 35TH ST STE B-23,STE B-23,TACOMA,WA,98409-0000,,,,,,true,true,,
827,6033508610010001,417152,PACIFIC NORTHWEST CONSULTING,PACIFIC NORTHWEST CONSULTING,(407) 963-9168,906 CAPLES RD UNIT A,UNIT A,WOODLAND,WA,98674-9516,,,,,,true,true,790865,2026-06-24T04:57:24.303000
828,6026015680010002,417172,R&R LOGISTICS,R&R LOGISTICS,(206) 445-5279,986 E HAMPTON RD STE B,,LIND,WA,99341-9725,,,,,,true,true,,
829,6033540970010002,417229,TUMBLE WEED,TUMBLE WEED,(509) 398-2788,1424 NW ROAD H STE A,,QUINCY,WA,98848-0000,,,,,,true,true,,
830,6032258470010004,417255,NORTHWEST BOTANTICALS,NORTHWEST BOTANTICALS,(360) 391-9478,9119 MOLLY LANE B-105,,ANACORTES,WA,98221-9352,,,,,,true,true,,
831,6033589990010001,417291,SNOWCREST,SNOWCREST,(360) 977-1978,2121 ST FRANCIS LN,,VANCOUVER,WA,98660-1060,,,,,,true,true,,
832,6033592720010001,417303,GRASSROOTS PHARM,GRASSROOTS PHARM,(425) 803-0100,2604 WILLAMETTE DR NE,"STE A,B,C",LACEY,WA,98516-0000,,,,,,true,true,,
833,6034080200010001,417314,OLSONS FARMS,OLSONS FARMS,(509) 670-7449,1717 MALAGA ALCOA HWY,STE A,WENATCHEE,WA,98801-8968,,,,,,true,true,,
834,6040836340010001,417355,NERDIE BIRDIE,NERDIE BIRDIE,(910) 502-0420,453 OTTO ST STE B,,PORT TOWNSEND,WA,98368-9392,,,,,,true,true,,
835,6033605390010001,417368,BRADFORD FARMS,BRADFORD FARMS,(503) 791-6814,217 BRADFORD ST,,RAYMOND,WA,98577-2902,,,,,,true,true,,
836,6033597330010001,417409,POPAS FARMS,POPAS FARMS,(509) 531-1437,1874 BATUM RD N STE 300,STE 300,ODESSA,WA,99159-0000,,,,,,true,true,,
837,6033537640010001,419691,BC TL,BC TL,(206) 369-3912,1824 RD N NE UNIT 4,,MOSES LAKE,WA,98837-0000,,,,,,true,true,,
838,6033590790010001,419740,BMB,BMB,(206) 291-5172,4380 KAWECKI RD STE E,STE E,MALAGA,WA,98828-0000,,,,,,true,true,,
839,6035533080010001,415747,CANNA PACIFIC,CANNA PACIFIC,(253) 951-9186,3003 SOUTH TACOMA WAY,,TACOMA,WA,98409-0000,,,,,,true,true,1014808,2026-06-19T22:57:06.480000
840,6033510650010001,415816,SEATTLE GROWTH PARTNERS,SEATTLE GROWTH PARTNERS,(206) 612-4887,300 LAKEMOOR DR SE,,SOAP LAKE,WA,98851-0000,,,,,,true,true,,
841,6033560060010001,415848,SKAGIT VALLEY HORTICULTURE,SKAGIT VALLEY HORTICULTURE,(360) 420-3349,9918 PADILLA HEIGHTS RD,,ANACORTES,WA,98221-8695,,,,,,true,true,,
842,6033571750010001,415912,CASCADE CANNABIS RESOURCE,CASCADE CANNABIS RESOURCE,(253) 861-3367,2310 WEST SUTTON RD STE D1,D1,OTHELLO,WA,99344-0000,,,,,,true,true,,
843,6023265460010003,416188,THE CHRISTMAS ROOM,THE CHRISTMAS ROOM,(206) 730-8631,1209 HWY 281 SPUR STE G,,QUINCY,WA,98848-0000,,,,,,true,true,,
844,6033568420010003,416227,WILLIES OWN,WILLIES OWN,(509) 630-7308,2179 ELMWAY AVE,,OKANOGAN,WA,98817-0762,,,,,,true,true,,
845,603358858,416928,FGD,FGD,(206) 948-4675,6107 132ND ST NE,,MARYSVILLE,WA,98271-9009,,,,,,true,true,,
846,603358789,429298,"CANNANNIE'S, LLC","CANNANNIE'S, LLC",(253) 666-2099,9218 PROVOST RD NW,,SILVERDALE,WA,98383-6852,,,,,,true,true,,
847,6041596520010001,416968,OORI ADVENTURES,OORI ADVENTURES,(206) 979-9681,"17931 59TH AVE NE,BLDG 2 STE B",,ARLINGTON,WA,98223-0000,,,,,,true,true,,
848,604147209,428440,CHINOOK GROWERS,CHINOOK GROWERS,(509) 670-3816,231 ENGH RD,STE 5,OMAK,WA,98841-9472,,,,,,true,true,,
849,6034997440010001,417194,WISE BUDS,WISE BUDS,(206) 854-2584,1210 CAYS ROAD,,SEQUIM,WA,98382-6987,,,,,,true,true,,
850,6033598340010001,421497,C.K. ORGANICS,C.K. ORGANICS,(347) 873-0468,25711 N MONROE RD,,DEER PARK,WA,99006-9773,,,,,,true,true,,
852,604255422,425183,"ONYX AGRONOMICS, INC.","ONYX AGRONOMICS, INC.",(425) 377-3814,111 SARGISON LOOP,,SHELTON,WA,98584-3744,,,,,,true,true,,
853,604217639,426285,PORT GAMBLE S'KLALLAM TRIBE CANNABIS COMPACT,PORT GAMBLE S'KLALLAM TRIBE CANNABIS COMPACT,(360) 297-2646,30521 HANSVILLE ROAD NE,,KINGSTON,WA,98346,,,,,,true,true,,
854,6033589370010003,425406,420 RANCH,420 RANCH,(541) 571-1868,31 SHILOH WAY STE A,STE A,GOLDENDALE,WA,98620-0000,,,,,,true,true,,
855,6033491830010005,424162,AD LIB ENTERPRISES,AD LIB ENTERPRISES,(206) 920-2619,2000 ROZA DR STE 102,,ZILLAH,WA,98953-9361,,,,,,true,true,,
856,6040021090010001,416300,AMERICAN CANNABIS COMPANY,AMERICAN CANNABIS COMPANY,(509) 308-0996,15505 WEBBER CANYON RD STE C,STE C,BENTON CITY,WA,99320-0000,,,,,,true,true,,
857,6033631150010002,424966,BARE NAKED BUD,BARE NAKED BUD,(360) 197-7053,2205 PARROTT WAY STE D,SUITE D,KELSO,WA,98626-5522,,,,,,true,true,,
858,603567166,424777,HIGH AND DANDY,HIGH AND DANDY,(206) 607-9073,9895 PADILLA HEIGHTS RD,BLDG 2 UNIT 10 & 12,ANACORTES,WA,98221-8696,,,,,,true,true,,
859,604043100,414540,COOKIE CUTTER FARMS,COOKIE CUTTER FARMS,(425) 647-3842,824 S 28TH ST STE C,,TACOMA,WA,98409-8105,,,,,,true,true,,
860,604099749,430330,DEVILS KETTLE INDUSTRIES,DEVILS KETTLE INDUSTRIES,(425) 327-2377,22745 ROAD 4 SE LOT F,,WARDEN,WA,98857-0000,,,,,,true,true,,
861,6033527930010002,425514,DLH RANCH,DLH RANCH,(970) 618-3141,4235B SPRINGDALE HUNTERS RD,,SPRINGDALE,WA,99173-9717,,,,,,true,true,,
862,6035421390010002,416791,HEALING GREENS,HEALING GREENS,(509) 469-0513,49 BAILEY LOOP DRIVE STE B,,GOLDENDALE,WA,98620-3707,,,,,,true,true,,
863,6033566980010003,417406,HEMP MASTERS 2,HEMP MASTERS 2,(509) 302-0093,171 FAIRWAY CT STE B,,MESA,WA,99343-9554,,,,,,true,true,,
864,6036213790010001,412670,HERBSCAPES LLC,HERBSCAPES LLC,(509) 710-7512,26815 N HARDESTY RD STE A,,CHATTAROY,WA,99003-8620,,,,,,true,true,,
865,6034564020010001,412737,HONOR ROLE,HONOR ROLE,(425) 444-1930,9011 W NEWKIRK RD STE A,,SPOKANE,WA,99224-9353,,,,,,true,true,,
866,6035607840010001,417076,RESINATE,RESINATE,(253) 905-0591,4924 FOXHALL SR NE,,OLYMPIA,WA,98516-1117,,,,,,true,true,,
867,6033521200010003,425344,RODRIGO MANUEL OCAMPO,RODRIGO MANUEL OCAMPO,(253) 209-9473,7457 S MADISON ST STE C,,TACOMA,WA,98409-1000,,,,,,true,true,,
868,6033549930010002,423291,SATIVA,SATIVA,(509) 860-8211,186 CHEROKEE RD # C,,OMAK,WA,98841-9476,,,,,,true,true,,
869,603349820,431682,TECHBUD LLC,TECHBUD LLC,(425) 891-8660,1104 OLD HIGHWAY 97 STE B,,BREWSTER,WA,98812-9682,,,,,,true,true,,
870,604189992,426082,OMJ 1 LLC,OMJ 1 LLC,(253) 893-1300,1199 W CUNNINGHAM RD STE L1,,OTHELLO,WA,99344-9004,,,,,,true,true,,
871,6033453330010005,419114,CLARITY FARMS,CLARITY FARMS,(206) 816-2997,17595 177TH AVE SE STE B,,MONROE,WA,98272-0000,,,,,,true,true,,
872,6035638980010001,413183,GREEN MOUNTAIN CANNABIS,GREEN MOUNTAIN CANNABIS,(509) 939-4090,576 REGAL RD,,ELK,WA,99009-0000,,,,,,true,true,,
873,6012459810020001,415725,NORTHWEST FLOWERS OF POWER,NORTHWEST FLOWERS OF POWER,(425) 210-4785,33707 112TH ST SE #A,,SULTAN,WA,98294-8645,,,,,,true,true,,
874,603323640,416673,SILVER GREEN BOTANICAL,SILVER GREEN BOTANICAL,(602) 708-3741,30121 HILLIS ROAD STE C,,ARLINGTON,WA,89052-0000,,,,,,true,true,,
875,603528037,424967,SWELL FARMACY,SWELL FARMACY,(917) 597-2405,5411 GUIDE MERIDIAN,,BELLINGHAM,WA,98226-9771,,,,,,true,true,,
876,6035717040010001,420031,"FARMERS DISTRIBUTORS-WA, INC","FARMERS DISTRIBUTORS-WA, INC",(844) 495-8273,3801 S PUGET SOUND AVE,,TACOMA,WA,98409-4612,,,,,,true,true,,
877,603313835,424980,EDGEMONT GROUP LLC,EDGEMONT GROUP LLC,(707) 672-5928,349 URBAN INDUSTRIAL WAY,STE E AND F,EAST WENATCHEE,WA,98802-9272,,,,,,true,true,1390280,2026-07-02T21:11:52.087000
878,603576039,430734,ARTICULATED SOLUTIONS,ARTICULATED SOLUTIONS,(425) 614-6142,41711 STATE ROUTE 2 STE F-A,,GOLD BAR,WA,98251-9221,,,,,,true,true,,
879,604465585,425506,TRINIDAD PRODUCTIONS,TRINIDAD PRODUCTIONS,0,23095 BAIRD SPRINGS RD #A,,QUINCY,WA,98848-9637,,,,,,true,true,,
880,603351872,428034,WASHINGTON GREEN,WASHINGTON GREEN,(360) 303-2608,28611 139TH AVE NE STE A,,ARLINGTON,WA,98223-9302,,,,,,true,true,,
881,6040334580010001,412527,PINNACLE CANNABIS,PINNACLE CANNABIS,(509) 327-3355,3524 N EDEN RD STE B,,SPOKANE VALLEY,WA,99216-1740,,,,,,true,true,,
882,6033522030010001,412529,GREENZONE,GREENZONE,(509) 901-6518,710 ADOBE WAY STE A,,SELAH,WA,98942-9057,,,,,,true,true,,
883,604745727,431999,"NESTO GROUP, LLC","NESTO GROUP, LLC",(360) 509-9797,123 GREENACRES RD UNIT 4,,RIVERSIDE,WA,98849-9647,,,,,,true,true,,
884,6034818100010001,412557,AG GROW,AG GROW,(206) 669-1690,3472 PULLMAN AIRPORT RD STE A,,PULLMAN,WA,99163-0000,,,,,,true,true,,
885,6041193180010001,412559,MARIGOLD THC,MARIGOLD THC,(360) 927-0476,1606 HALVERSTICK RD STE A,SUITE A,LYNDEN,WA,98264-9526,,,,,,true,true,,
886,6034561660010001,412567,HAPPY VALLEY FARMS,HAPPY VALLEY FARMS,(360) 332-0911,5373 GUIDE MERIDIAN STE D-11,,BELLINGHAM,WA,98226-7418,,,,,,true,true,,
887,6033524770010001,412570,TYPHOON YOLANDA,TYPHOON YOLANDA,(360) 593-2635,2002 OCEAN BEACH RD SUITE B,,COPALIS CROSSING,WA,98536-9702,,,,,,true,true,,
888,604184715,412573,HIGH STATE FARMS,HIGH STATE FARMS,(206) 579-4927,2407 TALLEY WAY,,KELSO,WA,98626-5514,,,,,,true,true,,
889,6033513320010001,412576,MOUNTAIN HIGH ORGANICS,MOUNTAIN HIGH ORGANICS,(206) 226-1501,2259 ADDY GIFFORD RD,,ADDY,WA,99101-9712,,,,,,true,true,,
890,6033515360010001,412579,SUNDOG FARMS,SUNDOG FARMS,(360) 841-5535,189 DEE CREEK RD STE A,SUITE A,WOODLAND,WA,98674-9226,,,,,,true,true,,
891,6033510890010002,412582,HESPERIDES,HESPERIDES,(253) 820-0241,11854 SW LAKE FLORA RD,STE B,PORT ORCHARD,WA,98367-0000,,,,,,true,true,357350,2026-04-14T22:34:16.270000
892,6033508720010001,412586,LIFE ROOTS,LIFE ROOTS,(425) 922-4206,2752 6TH AVE S,,SEATTLE,WA,98134-2102,,,,,,true,true,,
893,6033508710010001,412587,PYRAMID GREEN HOUSES,PYRAMID GREEN HOUSES,(360) 201-9648,425 W KING TUT RD STE A,,BELLINGHAM,WA,98226-9627,,,,,,true,true,,
894,603350836,415030,CRIMSONEYE FARMS,CRIMSONEYE FARMS,(206) 639-2900,1802 N LANGLEY ST,STE A,SPOKANE,WA,99212-1312,,,,,,true,true,,
895,6033507740010001,412590,RADAR RIDGE FARMS,RADAR RIDGE FARMS,(509) 430-2072,103 CRESTLOCH RD,,PASCO,WA,99301-0000,,,,,,true,true,,
896,6033494460010002,415689,MNS - PNP,MNS - PNP,(206) 261-3176,3 ROLLING HILLS DR SUITE 2,STE 2,TONASKET,WA,98855-9782,,,,,,true,true,,
897,6033484560010001,415692,LEGANJAFAIRY,LEGANJAFAIRY,(425) 241-3107,6021 E MANSFIELD AVE,SUITE 700,SPOKANE VALLEY,WA,99212-0000,,,,,,true,true,,
898,6035122500010001,415699,WASHINGTON AGRICULTURAL & TECHNICAL CHEMICAL,WASHINGTON AGRICULTURAL & TECHNICAL CHEMICAL,(360) 499-3829,221 OMAK RIVER RD STE B,STE B,OMAK,WA,98841-9673,,,,,,true,true,,
899,604223755,415707,"NW CROPPERS, LLC","NW CROPPERS, LLC",(800) 991-0624,4656 RD P #3,,QUINCY,WA,98848-0000,,,,,,true,true,,
900,6032691710010002,415709,GOLD CADDY,GOLD CADDY,(206) 979-3177,3809 S 45TH ST,,TACOMA,WA,98409-2904,,,,,,true,true,,
901,6032662680010001,415711,THE GREEN VAULT,THE GREEN VAULT,(206) 383-5005,365 NW STATE AVE,,CHEHALIS,WA,98532-0000,,,,,,true,true,,
902,6040684150010001,415713,LUCKY LOOUS,LUCKY LOOUS,(253) 212-1839,1501 CENTER ST,,TACOMA,WA,98409-0000,,,,,,true,true,,
903,6023729880010001,415717,CANNAVISION,CANNAVISION,(253) 359-2646,815 KITT-NARCISSE RD,,COLVILLE,WA,99114-0000,,,,,,true,true,,
904,6035787160010001,415719,LILAC CITY GARDENS,LILAC CITY GARDENS,(509) 244-6390,2002 S GARFIELD RD,,AIRWAY HEIGHTS,WA,99001-0000,,,,,,true,true,,
905,6034624390010001,415726,BIG RIVER FARMS,BIG RIVER FARMS,(509) 238-2950,7584 JAMES ST WAY STE A,,FORD,WA,99013-8705,,,,,,true,true,,
906,6005059380010003,415727,APPLICATION SOFTWARE PRODUCTS,APPLICATION SOFTWARE PRODUCTS,(509) 981-3109,1802 N LANGLEY STE #2,#2,SPOKANE,WA,99212-0000,,,,,,true,true,,
907,6034485240010001,415732,BANANO BUDS,BANANO BUDS,(360) 941-2728,211 ROWLAND ROAD,,SEDRO WOOLLEY,WA,98284-0000,,,,,,true,true,,
908,6019870760020002,415736,GOAT GIRL CANNABIS,GOAT GIRL CANNABIS,(509) 250-3881,154 STRING STREET RD SUITE A,,CENTERVILLE,WA,98613-3508,,,,,,true,true,,
909,6033922590010001,415738,WASHINGTON POT,WASHINGTON POT,(509) 773-4095,400 WHITE OAK RD SUITE A,,GOLDENDALE,WA,98620-2423,,,,,,true,true,,
910,6034716420010001,415739,THE HIGH ROAD,THE HIGH ROAD,(509) 714-0933,5426 W CROSSCUT RD STE A,STE A,DEER PARK,WA,99006-9737,,,,,,true,true,,
911,6034272990010001,415743,IRON LUNG ENTERPRISES,IRON LUNG ENTERPRISES,(509) 690-0100,249 JUANITA LANE,,ELK,WA,99009-9551,,,,,,true,true,,
912,6014471350010002,416957,MOGA GROWERS,MOGA GROWERS,(360) 815-5888,7836 GOODWIN RD,,EVERSON,WA,98247-0000,,,,,,true,true,,
913,6033777610010001,416958,GREENLEAF PRODUCERS,GREENLEAF PRODUCERS,(509) 679-8972,440 GRUBB RD,,WENATCHEE,WA,98801-0000,,,,,,true,true,,
914,6034527110010001,416959,AGRILAB,AGRILAB,(253) 380-2170,145 GREENACRES RD STE 3,,RIVERSIDE,WA,98849-0000,,,,,,true,true,,
915,603478381,413943,SPOCANNABIS,SPOCANNABIS,(208) 608-0120,512 E PACIFIC AVE,,SPOKANE,WA,99202-1437,,,,,,true,true,,
916,604431515,431893,"SUNNY BUDS, LLC","SUNNY BUDS, LLC",(509) 670-3816,147 GREENACRES RD UNIT 3,,RIVERSIDE,WA,98849-9647,,,,,,true,true,,
917,6034858780010001,416966,LAKESIDE CANNABIS,LAKESIDE CANNABIS,(509) 638-7633,40114 N JACKSON RD STE A,STE A,ELK,WA,99009-6008,,,,,,true,true,,
918,604481176,416977,CANNAGOLD USA LLC,CANNAGOLD USA LLC,(509) 654-2201,2870 OCEAN AVE STE A,,RAYMOND,WA,98577-4909,,,,,,true,true,,
919,6033511940010001,416990,J.E.T.,J.E.T.,(509) 951-2605,5916 E SHARP AVE,,SPOKANE VALLEY,WA,99212-0000,,,,,,true,true,,
920,6033534690010002,416996,LESTER FARMS,LESTER FARMS,(425) 487-6331,2870 OCEAN AVE BLDG 2,,RAYMOND,WA,98577-4926,,,,,,true,true,,
921,6033570310010002,417006,VERT CORPORATION,VERT CORPORATION,(206) 718-8205,13 KATIE BUG LANE,STE A,OMAK,WA,98841-9253,,,,,,true,true,,
922,6033559760010001,417010,LEAPH,LEAPH,(425) 623-9575,1820 W VALLEY HWY N,STE B,AUBURN,WA,98001-1645,,,,,,true,true,,
923,6033959770010001,417024,HEAVYWEIGHT HEIGHTS,HEAVYWEIGHT HEIGHTS,(206) 331-9980,5373 GUIDE MERIDIAN RD,"STE E-2,3,4,5,6,7",BELLINGHAM,WA,98226-0000,,,,,,true,true,,
924,603355138,432661,"WEST COAST PREMIUM PRODUCTS, LLC","WEST COAST PREMIUM PRODUCTS, LLC",(206) 693-2900,11 NE TRUDEAU MOUNTAIN RD,SUITE B,BELFAIR,WA,98528-8795,,,,,,true,true,,
925,6035043310010001,417051,OUR CHURCH,OUR CHURCH,(206) 466-8107,4326 PACIFIC HWY STE C,STE C,BELLINGHAM,WA,98226-9017,,,,,,true,true,,
926,6034075210010001,417053,WASHINGTON INDOOR,WASHINGTON INDOOR,(360) 348-8935,4030 99TH AVE NE,,LAKE STEVENS,WA,98205-0000,,,,,,true,true,,
927,6033631710010001,417060,R AND L,R AND L,(206) 462-0036,7777 POSSESSION RD STE A,STE A,CLINTON,WA,98236-8944,,,,,,true,true,,
928,6035728680010001,416365,NO BAD DAYS RANCH,NO BAD DAYS RANCH,(509) 305-4500,17906 58TH ST COURT KPS,UNIT 1,LONGBRANCH,WA,98351-8219,,,,,,true,true,,
929,6040480590010001,413659,NORTHERN GROW,NORTHERN GROW,(206) 805-9724,28 HORIZON FLATS RD #A,,WINTHROP,WA,98862-8400,,,,,,true,true,,
930,6033594730010004,425000,PINOY BROS,PINOY BROS,(253) 514-3948,7182 ROAD 16 NE,,MOSES LAKE,WA,98837-9325,,,,,,true,true,,
931,6035700820010002,423962,T IN T ELEMENTS,T IN T ELEMENTS,(206) 446-7160,43001 N GRIFFIN RD UNIT D,UNIT D,GRANDVIEW,WA,98930-9041,,,,,,true,true,,
932,603402685,412401,VICTORY GARDENS & NURSERY,VICTORY GARDENS & NURSERY,(360) 752-0011,4051 HAMMER DR,SUITE 101,BELLINGHAM,WA,98226-0000,,,,,,true,true,,
933,6033588020010003,425515,VIRGINIA ENTERPRISES,VIRGINIA ENTERPRISES,(509) 690-4879,2310 W SUTTON RD STE B2,,OTHELLO,WA,99344-9009,,,,,,true,true,,
934,6041555260010001,410738,BAYVIEW CANNABIS,BAYVIEW CANNABIS,(206) 679-4570,2940 S M STREET STE C,,TACOMA,WA,98409-8241,,,,,,true,true,,
935,6033560020010001,412201,MR WEEDS,MR WEEDS,(360) 259-2746,9031 WADDELL CREEK RD,,OLYMPIA,WA,98512-0000,,,,,,true,true,,
936,6033297470010001,412216,GRAYS HARBOR GREEN NURSERY,GRAYS HARBOR GREEN NURSERY,(360) 861-8200,186 E SATSOP RD,STE A,ELMA,WA,98541-9538,,,,,,true,true,,
937,6041206950010001,412546,THE RETIREMENT HOLDINGS,THE RETIREMENT HOLDINGS,(425) 345-1962,18501 LOGANBERRY ST SW,,ROCHESTER,WA,98579-9119,,,,,,true,true,,
938,6041345910010001,412568,CULTIVATORS COLLECTION,CULTIVATORS COLLECTION,(360) 970-5710,6507 W ALDERBROOK LN,,SPOKANE,WA,99224-6500,,,,,,true,true,,
939,603350353,412607,"ITS A PLANTS LIFE,","ITS A PLANTS LIFE,",(360) 691-2420,14128 339TH AVE SE,,SULTAN,WA,98294-9600,,,,,,true,true,,
940,6033248100010003,416670,PURFORM LABS DISTRIBUTION,ALIS GROUP,(425) 786-4549,18001 E EUCLID AVE STE D,,SPOKANE VALLEY,WA,99216-0000,,,,,,true,true,,
941,6035936930010001,419493,"BIP NORTHWEST, LLC","BIP NORTHWEST, LLC",(253) 273-0561,1938 MILWAUKEE WAY,STE B,TACOMA,WA,98421-2702,,,,,,true,true,,
942,6033177010010003,423866,BLUEGRASS,BLUEGRASS,(509) 840-2011,55 REEVAS BASIN RD STE F,STE F,TONASKET,WA,98855-9646,,,,,,true,true,,
943,6033613870010003,417125,KETTLE RIVER CANNABIS CO.,KETTLE RIVER CANNABIS CO.,(509) 779-0123,3426 CITATION RD NE STE 4,,MOSES LAKE,WA,98837-8320,,,,,,true,true,,
944,6033613870010002,416050,KETTLE RIVER CANNABIS COMPANY,KETTLE RIVER CANNABIS COMPANY,(509) 779-0123,11814 NE DEBONAIR ST UNIT B,,MOSES LAKE,WA,98837-0000,,,,,,true,true,,
945,6035400960010001,416105,NASTY JACKS CANDY COMPANY,NASTY JACKS CANDY COMPANY,(425) 418-5282,19221 63RD AVE NE #1,,ARLINGTON,WA,98223-4708,,,,,,true,true,,
946,6033563190010004,422627,SATIVA GROUP,SATIVA GROUP,(509) 571-1065,7537 POSTMA RD,STE A,MOXEE,WA,98936-9806,,,,,,true,true,,
947,6033594730010003,424047,SEATAC PROCESSING GROUP,SEATAC PROCESSING GROUP,(253) 514-3948,233 BRUENN AVE,,BREMERTON,WA,98312-3107,,,,,,true,true,,
948,6034778320010003,425696,SEATTLE PURE EXTRACTS,SEATTLE PURE EXTRACTS,(206) 383-1994,2939 4TH AVE S STE 101,STE 101,SEATTLE,WA,98134-1934,,,,,,true,true,,
949,6040089060010001,423665,STUDHORSE MTN EXTRACTS,STUDHORSE MTN EXTRACTS,(206) 355-5527,6 HORIZON FLATS RD,"BLDG C, UNIT 4",WINTHROP,WA,98862-8400,,,,,,true,true,,
950,6033596130010004,427205,SUN GROWN ORGANIX,SUN GROWN ORGANIX,(425) 949-2873,9929 AIRPORT WAY UNIT 1,,SNOHOMISH,WA,98296-8229,,,,,,true,true,,
951,6034455680010002,423809,VIBE NATURALS,VIBE NATURALS,(206) 380-9089,3810 AIRPORT WAY S,STE 111,SEATTLE,WA,98108-0000,,,,,,true,true,,
952,6040270980010001,424045,WASHINGTON PACKAGING AND PROCESSING,WASHINGTON PACKAGING AND PROCESSING,(509) 340-9239,202 N LEE ST,,SPOKANE,WA,99202-3015,,,,,,true,true,,
953,6033589900010001,407575,WICKED DELIGHTS,WICKED DELIGHTS,(360) 790-1031,2810 E SPENCER LAKE RD STE A,STE A,SHELTON,WA,98584-0000,,,,,,true,true,,
954,6033503300010002,417585,BEARDED BROS BEST,BEARDED BROS BEST,(360) 599-1023,470 W 2ND ST STE 104,,SUMAS,WA,98295-9633,,,,,,true,true,,
955,6035268380010002,421098,DOSE OIL,DOSE OIL,(954) 494-7976,1128 SW SPOKANE ST STE 105,,SEATTLE,WA,98134-0000,,,,,,true,true,,
956,604222830,429802,ANDLES INC,ANDLES INC,(360) 470-0542,13300 SE 30TH ST SUITE 203,"STE 0,1,2,3",BELLEVUE,WA,98005-4431,,,,,,true,true,,
957,6033592820010003,424878,AMERICAN BAKED CO,AMERICAN BAKED CO,(206) 900-2660,2939 4TH AVE S STE 104,STE 104,SEATTLE,WA,98134-1934,,,,,,true,true,,
958,604113134,427770,"CANNABIS NORTHWEST C-M, INC","CANNABIS NORTHWEST C-M, INC",(360) 264-9333,351 MCCLELLEN ST S,,TENINO,WA,98589-9573,,,,,,true,true,277110,2026-03-20T21:58:59.377000
959,6033592250010005,415673,CONTINENTAL HOLDINGS III,CONTINENTAL HOLDINGS III,(425) 502-7055,480 SOUTH KENYON ST,,SEATTLE,WA,98108-4132,,,,,,true,true,,
960,6035268380010002,423842,DOSE OIL,DOSE OIL,(954) 494-7976,2911 4TH AVE S,,SEATTLE,WA,98134-0000,,,,,,true,true,,
961,6034914340010002,421485,EMPIRE,EMPIRE,(206) 409-5547,6481 PORTAL WAY UNIT B,UNIT B,FERNDALE,WA,98248-0000,,,,,,true,true,,
962,603270793,78256,EVERGREEN HERBAL,EVERGREEN HERBAL,(206) 596-8600,3922 6TH AVE S,,SEATTLE,WA,98108-5201,,,,,,true,true,1581888,2026-06-24T04:33:11.717000
963,604480628,430003,HENRI LLC,HENRI LLC,(206) 743-7229,1216 CENTER ST STE B,STE 1,TACOMA,WA,98409-8037,,,,,,true,true,,
964,6035798090010001,421102,CRIMSONEYE FARMS LLC,GRAVITY THIEVES,(360) 817-9001,2916 STATE ST STE 302,SUITE 302,EVERETT,WA,98201-3842,,,,,,true,true,,
965,604328867,415710,TRIGONAL INDUSTRIES,TRIGONAL INDUSTRIES,(206) 259-0554,7457 S MADISON ST STE B,,TACOMA,WA,98409-1000,,,,,,true,true,,
966,604029938,427209,"RDH ACO, LLC","RDH ACO, LLC",(360) 892-5480,931 GOERIG RD STE A,STE D,WOODLAND,WA,98683-0000,,,,,,true,true,,
967,6033777610010002,424340,GREENLEAF PRODUCERS,GREENLEAF PRODUCERS,(509) 679-8972,145 S HORTON ST STE 3D,,SEATTLE,WA,98134-1869,,,,,,true,true,,
968,6035138160010001,417460,HENDERSON DISTRIBUTION,HENDERSON DISTRIBUTION,(509) 535-3204,3608 E OLIVE AVE,,SPOKANE,WA,99202-0000,,,,,,true,true,,
969,6040902730010001,419456,HERBAN GOODS,HERBAN GOODS,(206) 436-9336,1721 W VALLEY HWY,STE 7 & 8,AUBURN,WA,98001-1658,,,,,,true,true,,
970,604015766,417288,HEYLO,HEYLO,(440) 522-4674,145 S HORTON ST STE 100,,SEATTLE,WA,98134-0000,,,,,,true,true,,
971,6035958300010001,417196,KATIE BAKED GOODS,KATIE BAKED GOODS,(805) 886-1463,6601 TIETON DR STE B,STE B,YAKIMA,WA,98908-1798,,,,,,true,true,,
972,6033459270010001,OLD661,DELTA 9 GROWERS,DELTA 9 GROWERS,(530) 228-6974,851 CALIFORNIA WAY STE G,,LONGVIEW,WA,98632-1665,,,,,,true,true,,
973,6033523380010001,412831,D&S FARMS,D&S FARMS,(509) 741-0986,806 UTE AVE E,,EAST WENATCHEE,WA,98802-9334,,,,,,true,true,,
974,6033523050010001,412833,GROWERS GUILD,GROWERS GUILD,(425) 770-0025,2717 291ST AVE NE,STE A,CARNATION,WA,98014-8202,,,,,,true,true,,
975,6033527480010001,412840,EVERI GREENE,EVERI GREENE,(425) 446-1878,1632 300TH ST NE,SUITE B,STANWOOD,WA,98292-9629,,,,,,true,true,,
976,6033481790010001,412844,SYNCLINE NORTHWEST,SYNCLINE NORTHWEST,(541) 806-1573,112 TUNNEL RD STE A,,WHITE SALMON,WA,98672-8826,,,,,,true,true,,
977,6033509030010001,412849,BLUE STAR CK,BLUE STAR CK,(425) 502-1981,98 SCHOUWEILER RD,,ELMA,WA,98541-9352,,,,,,true,true,,
978,604200549,412854,HITZ CANNABIS,HITZ CANNABIS,(253) 313-3800,15709 ORDWAY DR S.E.,,YELM,WA,98597-0000,,,,,,true,true,,
979,603342449,429018,ATOMIC BUDZ,ATOMIC BUDZ,(760) 668-2431,1129 ST PAUL AVE UNIT 100,,TACOMA,WA,98421-2404,,,,,,true,true,,
980,6033417190010001,412856,PURE FUNK,PURE FUNK,(360) 509-3481,274 A OTTO ST,,PORT TOWNSEND,WA,98368-9719,,,,,,true,true,,
981,6033403420010001,412858,CHENEY HYDROPONICS,CHENEY HYDROPONICS,(509) 499-0595,1618 WILLOW ST,,CHENEY,WA,99404-0000,,,,,,true,true,,
982,6033303590010002,412860,GREEN POWER OF WASHINGTON,GREEN POWER OF WASHINGTON,(206) 422-3123,73 PIT RD,STE A,BREWSTER,WA,98812-0000,,,,,,true,true,,
983,6033469040010001,412869,SUNSHINE FARMING,SUNSHINE FARMING,(503) 516-8399,5913-C NE 127TH AVE,,VANCOUVER,WA,98682-0899,,,,,,true,true,,
984,6033727920010001,412870,KOULEE KUSH,KOULEE KUSH,(509) 635-0194,"109 S 10TH ST, SUITE B",,GARFIELD,WA,99130-8756,,,,,,true,true,,
985,6033481020010001,412875,METHOW GROWERS,METHOW GROWERS,(509) 997-1899,298 POORMAN CREEK RD #A,,TWISP,WA,98856-9735,,,,,,true,true,,
986,6026259610010001,412876,HUMMOCKVILLE,HUMMOCKVILLE,(206) 227-3950,1199 W CUNNINGHAM RD H,,OTHELLO,WA,99344-0000,,,,,,true,true,,
987,6033593220010001,415900,SERENITY CIRCLE,SERENITY CIRCLE,(509) 738-2943,1949 SCOTT RD BLDG B,,RICE,WA,99167-9702,,,,,,true,true,,
988,6033573900010001,415914,SALISH SATIVAS,SALISH SATIVAS,(360) 920-7199,5373 GUIDE MERIDIAN STE D1,D1,BELLINGHAM,WA,98226-9740,,,,,,true,true,,
989,6033574480010001,415916,SACRED SAGE,SACRED SAGE,(509) 630-9599,200115 E GAME FARM RD STE B,,KENNEWICK,WA,99337-0000,,,,,,true,true,,
990,6033574520010001,415917,MT. BAKER GARDENS,MT. BAKER GARDENS,(360) 815-7730,5497 GUIDE MERIDIAN,,BELLINGHAM,WA,98226-0000,,,,,,true,true,,
991,6033575530010001,415919,WILD MINT,WILD MINT,(253) 222-5502,1132 NW STATE AVE STE P,STE P,CHEHALIS,WA,98532-1829,,,,,,true,true,,
992,6033577980010001,415921,POORMAN ENTERPRISES,POORMAN ENTERPRISES,(509) 888-4172,100 MAIN ST SUITE 7,,MONITOR,WA,98836-0000,,,,,,true,true,,
993,6034802190010001,415922,GRASS MONKEY CANNABIS,GRASS MONKEY CANNABIS,(813) 951-3200,17 GRAVATT LN,STE A,MCCLEARY,WA,98557-9423,,,,,,true,true,,
994,6033579080010001,415924,MONTGOMERY AVE GROWERS,MONTGOMERY AVE GROWERS,(509) 981-6270,26425 S RUPP RD UNIT 5,,CHENEY,WA,99004-0000,,,,,,true,true,,
995,6033579280010001,415927,PLATEAU GROWERS,PLATEAU GROWERS,(425) 495-4084,440 GRUBB RD STE 4,,WENATCHEE,WA,99880-0000,,,,,,true,true,,
996,604376704,415931,ASTRO CANNABIS,ASTRO CANNABIS,(206) 355-1955,2916 STATE ST STE 203,SUITE 203,EVERETT,WA,98201-3842,,,,,,true,true,,
997,6033585960010001,415932,EXOTIC FARMS,EXOTIC FARMS,(509) 999-4976,7651 HIGHWAY 291,,FORD,WA,99031-0000,,,,,,true,true,,
998,603358616,427923,GROUND UP CULTIVATION,GROUND UP CULTIVATION,(206) 719-8351,5458 STATE ROUTE 21 N,SUITE B,ODESSA,WA,99159-0000,,,,,,true,true,,
999,6033587590010001,415934,GEM INDUSTRIES,GEM INDUSTRIES,(253) 381-2334,14840 RAINIER VIEW DR SE,,YELM,WA,98597-0000,,,,,,true,true,,
1000,6033589640010001,415940,HIGHLAND GARDENS,HIGHLAND GARDENS,(425) 333-0509,35633 NE 91ST WAY STE A,STE A,CARNATION,WA,98014-6876,,,,,,true,true,,
1001,6034409390010001,415941,JAG 15,JAG 15,(360) 393-7735,9424 GARRISON RD UNIT A,UNIT A,SUMAS,WA,98295-9307,,,,,,true,true,,
1002,6033598160010002,416874,HYDRO EMPIRE,HYDRO EMPIRE,(253) 261-7435,3303 S 35TH ST STE B-8,STE B-8,TACOMA,WA,98409-0000,,,,,,true,true,,
1003,6033612390010001,416880,VERDANT CIRCLE,VERDANT CIRCLE,(414) 731-0189,7797 ROAD K.5 NE STE B,STE B,MOSES LAKE,WA,98837-9001,,,,,,true,true,,
1004,6033754390010001,416885,GREEN GABLE FARMS,GREEN GABLE FARMS,(509) 869-1627,986 E HAMPTON RD,STE 4,LIND,WA,99341-9725,,,,,,true,true,,
1005,6035163000010001,416888,BERTS BUDS,BERTS BUDS,(808) 870-1439,7800 POSTMA ROAD STE 5,STE 5,MOXEE,WA,98936-0000,,,,,,true,true,,
1006,6033607430010001,416891,EVERGRIN,EVERGRIN,(360) 988-8972,421 CHESAW RD,UNIT C1-C2,OROVILLE,WA,98844-9641,,,,,,true,true,,
1007,6033606770010001,416893,BIG DADDY PURP CORP,BIG DADDY PURP CORP,(206) 276-3553,1815 PINE CREEK RD STE B,STE B,TONASKET,WA,98855-0000,,,,,,true,true,,
1008,6033606700010001,416894,BELLADONNA,BELLADONNA,(509) 464-6217,411 E SPRAGUE AVE,,SPOKANE,WA,99202-1537,,,,,,true,true,,
1009,6034327150010001,416902,WILDFIRE CANNABIS COMPANY,WILDFIRE CANNABIS COMPANY,(360) 509-3572,2432 HWY 395 SOUTH BLDG 420,BUILDING 420,CHEWELAH,WA,99109-0000,,,,,,true,true,,
1010,6033492860010001,416908,CANNASEURS CHOICE,CANNASEURS CHOICE,(206) 795-3505,2900 LIND AVE SW STE A,,RENTON,WA,98057-0000,,,,,,true,true,,
1011,604053565,429372,THUNDER CHIEF FARMS,THUNDER CHIEF FARMS,(206) 673-7163,220 E JACKSON AVE,,SPOKANE,WA,99207-2153,,,,,,true,true,,
1012,6033588250010001,416927,CANNABIS PRODUCER & PROCESSOR,CANNABIS PRODUCER & PROCESSOR,(509) 951-1716,1722 SOUTH LUNDSTROM,,AIRWAY HEIGHTS,WA,99001-0000,,,,,,true,true,,
1013,6034316870010001,416935,BOGGY BOON,BOGGY BOON,(425) 749-0281,2729 MILL POND DR,,MALAGA,WA,98828-0000,,,,,,true,true,,
1014,6033581520010003,416941,TJS ORGANICS,TJS ORGANICS,(350) 607-5890,1005 INDUSTRIAL WAY,,LONGVIEW,WA,98632-1030,,,,,,true,true,,
1015,6033580970010001,416942,RAINIER ACRES,RAINIER ACRES,(727) 687-4095,13026 W MCFARLANE RD SUITE C 1,-2,AIRWAY HEIGHTS,WA,99001-0000,,,,,,true,true,,
1016,6035159930010001,416953,ROCK STAR FARMS,ROCK STAR FARMS,(509) 528-9351,5016 E ELK-TO-HWY RD STE A-1,STE A-1,ELK,WA,99009-8545,,,,,,true,true,,
1017,6033577130010004,423115,OKANOGAN GOLD,OKANOGAN GOLD,(206) 755-6915,74 PIT RD STE D,,BREWSTER,WA,98812-9676,,,,,,true,true,,
1018,6033463910010002,423175,MILLER MARIJUANA FARMS,MILLER MARIJUANA FARMS,(206) 853-6702,99 MOON DUST RD,,TONASKET,WA,98855-9791,,,,,,true,true,,
1019,6033795260010002,423285,THREE G FARMS,THREE G FARMS,(509) 948-1934,15505 N WEBBER CANYON RD STE D,,BENTON CITY,WA,99320-6508,,,,,,true,true,,
1020,6035067550010001,423297,GRANT FARMER,GRANT FARMER,(206) 730-8667,1209 HWY 281 SPUR STE F,STE F,QUINCY,WA,98848-0699,,,,,,true,true,,
1021,6033588570010002,423329,GREATER GREEN,GREATER GREEN,(206) 372-9530,7800 POSTMA RD STE 6,STE 6,MOXEE,WA,98936-4622,,,,,,true,true,,
1022,6033561880010006,423332,BOHEMIAN ENTERPRISES,BOHEMIAN ENTERPRISES,(425) 765-7130,7800 POSTMA RD STE 8,,MOXEE,WA,98936-4420,,,,,,true,true,,
1023,6034562720010002,423357,LLV GREEN,LLV GREEN,(509) 727-8103,7906 N CANYON VIEW DR NE,,BENTON CITY,WA,99320-5011,,,,,,true,true,,
1024,6034543430010002,423359,HAIL PRODUCTS,HAIL PRODUCTS,(360) 528-1100,2000 ROZA DR STE J,STE J,ZILLAH,WA,98953-9361,,,,,,true,true,,
1025,6034531400010002,423373,"MRS GREEN JEANS & THE CAPTAIN, LLC","MRS GREEN JEANS & THE CAPTAIN, LLC",(509) 671-3773,3969 SPRINGDALE-HUNTERS RD,SITE C,SPRINGDALE,WA,99173-0000,,,,,,true,true,,
1026,604169693,423378,THE ROYAL LINES,THE ROYAL LINES,(714) 623-0505,5016 E ELK TO HWY RD,UNIT A3,ELK,WA,99009-8545,,,,,,true,true,,
1027,6031843500010006,423396,TOP SHELF,TOP SHELF,(425) 495-4305,19705 60TH AVE NE STE B,,ARLINGTON,WA,98223-0000,,,,,,true,true,756980,2026-03-13T21:08:49.597000
1028,6033508160010002,423406,SUGARLEAF FARM,SUGARLEAF FARM,(360) 770-1285,609 A SUNSET PARK DR,,SEDRO WOOLLEY,WA,98284-1578,,,,,,true,true,,
1029,6033190510010004,423670,GREEN POINT,GREEN POINT,(206) 696-6836,32508 W KELLY RD STE A,,BENTON CITY,WA,99320-7616,,,,,,true,true,,
1030,6033526110010003,423681,ZENTA GARDEN,ZENTA GARDEN,(360) 526-2929,1888 BOBLETT ST,,BLAINE,WA,98230-5118,,,,,,true,true,,
1031,6033513640010001,412852,LIBERTY STREET FARM,LIBERTY STREET FARM,(323) 481-6805,6698 STATE ROUTE 12,,OAKVILLE,WA,98568-9608,,,,,,true,true,,
1032,6033627510010001,412862,PICKENS MOUNTAIN CANNABIS,PICKENS MOUNTAIN CANNABIS,(206) 669-6053,110 AIRPORT ROAD PICKENS MTN,,OROVILLE,WA,98844-9491,,,,,,true,true,,
1033,6035968180010001,412895,BUDDHAS BLESSING,BUDDHAS BLESSING,(509) 703-9496,15117 E COOPER RD #A,,MEAD,WA,99021-8734,,,,,,true,true,,
1034,6033554450010001,412903,BUDDS SUNNY DAYS GROWERS,BUDDS SUNNY DAYS GROWERS,(253) 653-7358,13811 SLOKWALM LN SE STE A,STE A,RAINIER,WA,98576-9310,,,,,,true,true,,
1035,6033486180010002,412907,GENES GREEN ACERS,GENES GREEN ACERS,(509) 830-5179,521 S 1ST ST #A,,SELAH,WA,98942-1603,,,,,,true,true,,
1036,6033545810010001,412947,CANNA HERB FARMS,CANNA HERB FARMS,(509) 688-9000,5494J HWY 231 STE 101,,FORD,WA,99013-0000,,,,,,true,true,,
1037,6035269250010001,412959,SIDEWAYS GREEN,SIDEWAYS GREEN,(360) 319-4971,55 REEVAS BASIN RD STE C,STE C,TONASKET,WA,98855-0000,,,,,,true,true,,
1038,6033499960010001,412964,CASCADIA GARDENS,CASCADIA GARDENS,(425) 374-3732,5373 GUIDE MERIDIAN STE F5,STE F5,BELLINGHAM,WA,98226-7418,,,,,,true,true,,
1039,6035830130010001,412992,UPPER-LEFT,UPPER-LEFT,(360) 556-5056,410 RONLEE LN NW A2,,OLYMPIA,WA,98502-9266,,,,,,true,true,,
1040,6033371090010001,413086,BIG BELLY ACRES,BIG BELLY ACRES,(360) 821-1239,2310 W SUTTON RD,STE C1,OTHELLO,WA,99344-0000,,,,,,true,true,,
1041,6033392630010001,413088,TWENTY PLUS,TWENTY PLUS,(425) 530-2424,1631 E PORTLAND AVE,,TACOMA,WA,98421-2802,,,,,,true,true,,
1042,6021835400010001,413116,LOVE FAMILY FARMS,LOVE FAMILY FARMS,(509) 732-6162,3718 VINEYARD WAY # D,,KETTLE FALLS,WA,99141-8852,,,,,,true,true,,
1043,6032827720010002,413133,PROPACWA,PROPACWA,(360) 790-8549,5725 CEDAR FLATS RD SW STE 1,,OLYMPIA,WA,98512-9415,,,,,,true,true,,
1044,6033145410010002,413154,RMNP,RMNP,(509) 430-3564,57406 N THOMAS RD STE B,,BENTON CITY,WA,99320-0000,,,,,,true,true,,
1045,6033532750010001,413170,OKANOGAN NATURAL FARMS,OKANOGAN NATURAL FARMS,(360) 223-2226,1199 W CUNNINGHAM RD E,,OTHELLO,WA,99344-0000,,,,,,true,true,,
1046,6035295030010001,412285,BRIGHTSIDE FARMS,BRIGHTSIDE FARMS,(425) 478-4576,3 BLUE MOON RD #A,,RIVERSIDE,WA,98849-9688,,,,,,true,true,,
1047,6035835780010001,416549,CALAMITY GOLD,CALAMITY GOLD,(509) 929-1386,2381 COOKE CANYON RD #A,,ELLENSBURG,WA,98926-5019,,,,,,true,true,,
1048,6033534800010002,423849,CLINICAL CANNABIS CLUB,CLINICAL CANNABIS CLUB,(206) 972-8577,2000 ROZA DR,,ZILLAH,WA,98953-9361,,,,,,true,true,,
1049,6035638980010002,424758,GREEN MOUNTAIN CANNABIS,GREEN MOUNTAIN CANNABIS,(509) 939-4090,576 REGAL RD STE 2,,ELK,WA,99009-0000,,,,,,true,true,,
1050,6033473870010001,424551,GREENLEAF ENVIRONMENTAL,GREENLEAF ENVIRONMENTAL,(206) 371-2317,41305 N GRIFFIN RD,STE E,GRANDVIEW,WA,98930-9688,,,,,,true,true,,
1051,6034384050010001,416589,OLYMPIC GARDENING,OLYMPIC GARDENING,(360) 888-3429,5693A MUDGETT LAKE RD,,FRUITLAND,WA,99129-9767,,,,,,true,true,,
1052,602500070,412382,"PARTHENON, LLC","PARTHENON, LLC",(509) 840-4562,169 GREENACRES RD UNIT H,,RIVERSIDE,WA,98849-9647,,,,,,true,true,,
1053,6033589370010002,424483,420 RANCH,420 RANCH,(541) 571-1868,8531 POSTMA RD STE Z,STE Z,MOXEE,WA,98936-9317,,,,,,true,true,,
1054,6033503300010001,412284,BEARDED BROS BUDS,BEARDED BROS BUDS,(360) 599-1023,7955 CHISHOLM TRAIL STE A,,MAPLE FALLS,WA,98266-7822,,,,,,true,true,,
1055,6041388940010002,426404,PLAYA GRANDE,PLAYA GRANDE,(509) 990-1308,11323 E DISHMAN MICA RD,,SPOKANE VALLEY,WA,99021-9472,,,,,,true,true,,
1056,603351059,425636,THE DAB LAB,THE DAB LAB,(206) 631-9058,1520 CENTER ST SUITE A/B,,TACOMA,WA,98409-7905,,,,,,true,true,,
1057,6034278620010002,425081,CANABANATCHEE,CANABANATCHEE,(509) 679-1541,23095 BAIRD SPRINGS RD #B,,QUINCY,WA,98848-9637,,,,,,true,true,,
1058,6041251780010002,416289,CASCADE HERBALS,CASCADE HERBALS,(360) 707-8553,4020 34TH AVE NE,,EVERETT,WA,98201-8672,,,,,,true,true,,
1059,603360539,432255,BRADFORD FARMS LLC,BRADFORD FARMS LLC,(503) 791-6814,270 OLD RIVERSIDE HWY UNIT 2,,OMAK,WA,98841-9566,,,,,,true,true,,
1060,6041750760010001,425693,CASSINO NICHOLAS BENJAMIN,CASSINO NICHOLAS BENJAMIN,(253) 761-2655,15505 N WEBBER CANYON RD STE I,,BENTON CITY,WA,99320-6508,,,,,,true,true,,
1061,6041750760010001,419821,"CASSINO, NICHOLAS BENJAMIN","CASSINO, NICHOLAS BENJAMIN",(253) 761-2655,30356 HWY 243 S,LOT 3,MATTAWA,WA,99349-2857,,,,,,true,true,,
1062,6035733090010001,412625,CANNAPOTHECARY,CANNAPOTHECARY,(509) 655-6654,2106 E BROADWAY,,SPOKANE,WA,99202-2803,,,,,,true,true,,
1063,602986777,431864,TWO SNAPZ,TWO SNAPZ,(206) 799-0755,2010 GRANDVIEW RD STE 108,STE 101,FERNDALE,WA,98248-8015,,,,,,true,true,,
1064,6034525290010001,417099,EASTSIDE POTATO PRODUCTIONS LLC,EASTSIDE POTATO PRODUCTIONS LLC,(360) 223-2226,1199 W CUNNINGHAM RD,PARCEL 14,OTHELLO,WA,99344-0000,,,,,,true,true,,
1065,6033598160010004,416878,HYDRO EMPIRE,HYDRO EMPIRE,(253) 261-7435,1655 ROAD 4 NE STE E,,COULEE CITY,WA,99115,,,,,,true,true,,
1066,6033598160010003,416879,HYDRO EMPIRE,HYDRO EMPIRE,(253) 261-7435,1655 ROAD 4 NE STE F,,COULEE CITY,WA,99115,,,,,,true,true,,
1067,6029656910010006,414474,LANDSEYE LOGISTICS,LANDSEYE LOGISTICS,0,2724 6TH AVE S,STE 203,SEATTLE,WA,98134-2102,,,,,,true,true,,
1068,6041476500010001,416785,SEA OF GREEN,SEA OF GREEN,(360) 399-1899,15021 GIBRALTER RD,STE A,ANACORTES,WA,98221-8617,,,,,,true,true,,
1069,6041476500010002,416786,SEA OF GREEN,SEA OF GREEN,(360) 399-1899,237004 LEGACY PR SE,,KENNEWICK,WA,99337-0000,,,,,,true,true,,
1070,603351233,430794,SOLAR JOES,SOLAR JOES,(425) 628-9029,2916 STATE ST STE 106,,EVERETT,WA,98201-3994,,,,,,true,true,,
1071,6034476520010002,420080,STIRLING HORTICULTURE,STIRLING HORTICULTURE,(425) 922-9398,15612 BEST RD,STE A-1,MOUNT VERNON,WA,98273-8823,,,,,,true,true,,
1072,6034827300010001,412015,AHUI,AHUI,(253) 732-5490,3303 S 35TH ST STE A-4,STE A-4,TACOMA,WA,98409-0000,,,,,,true,true,,
1073,6040529000010001,412016,FIVE STAR CANNABIS,FIVE STAR CANNABIS,(509) 481-7925,10517 W BALMER RD #A,,SPOKANE,WA,99224-9153,,,,,,true,true,,
1074,6004352770010003,412017,DUKES HILL CANNA,DUKES HILL CANNA,(360) 854-7685,5675 BROOKINGS RD,,SEDRO WOOLLEY,WA,98284-8924,,,,,,true,true,,
1075,6012801670010001,412022,MARIJUANA AND MORE,MARIJUANA AND MORE,(509) 995-5040,6822 SHANNON WAY,,TUMTUM,WA,99034-0000,,,,,,true,true,,
1076,6020278320010001,412031,MY WEED BUNNY,MY WEED BUNNY,(206) 795-6476,12341 ZELLER RD SE STE A,,YELM,WA,98597-0000,,,,,,true,true,,
1077,6021795780010001,412032,BROKEN J 420,BROKEN J 420,(509) 292-2464,310 BROKEN J LN #B,,NEWPORT,WA,99156-6005,,,,,,true,true,,
1078,6022158800010002,412033,OKANOGAN HIGHLANDS CANNABIS,OKANOGAN HIGHLANDS CANNABIS,(509) 779-4086,415 N EMPIRE CREEK RD STE A,,MALO,WA,99150-9713,,,,,,true,true,,
1079,604570704,430590,"HAPPY DOG FARMS, LLC","HAPPY DOG FARMS, LLC",(206) 643-3543,169 GREENACRES RD STE E,,RIVERSIDE,WA,98849-9647,,,,,,true,true,,
1080,6028126430010002,412041,FBR SOUTH BAY,FBR SOUTH BAY,(360) 466-8802,11916 FIDALGO BAY RD,,ANACORTES,WA,98221-9348,,,,,,true,true,,
1081,6031211660010001,412049,DAYANDNIGHT,DAYANDNIGHT,(206) 909-9667,11407 67TH AVE NE,,ARLINGTON,WA,98223-8802,,,,,,true,true,,
1082,6034300560010001,412050,BULLDOG WEED,BULLDOG WEED,(509) 389-5558,6009 N JULIA ST,,SPOKANE,WA,99217-6584,,,,,,true,true,,
1083,6022169430010002,412053,BUDDY BOY FARMS,BUDDY BOY FARMS,(509) 796-3600,38278 ANGELS LANDING RD N #A,STE A,FORD,WA,99013-9524,,,,,,true,true,,
1084,6031755370010001,412058,CAROLS COUNTRY STORE,CAROLS COUNTRY STORE,(360) 606-4186,556 LONE PINE RD,,NEWPORT,WA,99156-0000,,,,,,true,true,,
1085,6031765730010002,412060,WELWATER,WELWATER,(360) 909-7970,11700 NE 154TH ST STE B,SUITE B,BRUSH PRAIRIE,WA,98606-9572,,,,,,true,true,,
1086,6032612930010001,412062,PCF MANAGEMENT,PCF MANAGEMENT,(360) 858-7554,17830 DANE LN SW,,ROCHESTER,WA,98579-9404,,,,,,true,true,,
1087,6032691970010001,412063,CPNL,CPNL,(206) 512-0226,3512 AIRPORT WAY S,,SEATTLE,WA,98134-2120,,,,,,true,true,,
1088,603335664,426634,GROWPRO,GROWPRO,(814) 571-3316,430 OSTRANDER ROAD STE B,,KELSO,WA,98626-0000,,,,,,true,true,,
1089,6033363490010001,412102,TITAN CULTIVATION,TITAN CULTIVATION,(509) 760-1278,14362A STRATFORD RD,,MOSES LAKE,WA,98837-0000,,,,,,true,true,,
1090,603338725,430132,ALPHAPHENO,ALPHAPHENO,(206) 693-2900,1555 INDUSTRIAL WAY BLDG 16,,LONGVIEW,WA,98632-1034,,,,,,true,true,,
1091,6034667140010001,412105,CROP CIRCLE CO,CROP CIRCLE CO,(360) 241-5443,6212 NE 152ND AVE,UNIT C,VANCOUVER,WA,98682-5109,,,,,,true,true,,
1092,6033408230010001,412109,MJ PRODUCTIONS,MJ PRODUCTIONS,(509) 714-1007,5805 E SHARP AVE STE A3 & A4,,SPOKANE VALLEY,WA,99212-0948,,,,,,true,true,,
1093,603344149,430294,SATURN GROUP LLC,SATURN GROUP LLC,(206) 303-0176,6359 MOUNT BAKER HWY STE A,,DEMING,WA,98244-9547,,,,,,true,true,,
1094,6033442850010001,412113,GNARLEY DOG FARM,GNARLEY DOG FARM,(360) 301-4415,26404 PIONEER WAY NW STE A,STE A,POULSBO,WA,98370-0000,,,,,,true,true,,
1095,6033443420010002,412115,Afterglow Enterprises,PATRIOT MEDS,(206) 618-1192,17727 59TH AVE NE STE B,STE B,ARLINGTON,WA,98223-0000,,,,,,true,true,,
1096,6033452850010002,412117,GLG L.L.C.,GLG L.L.C.,(206) 799-4427,1578 MOORE ST STE B,STE B,SEDRO WOOLLEY,WA,98284-7523,,,,,,true,true,,
1097,6033458030010001,412118,AURICAG,AURICAG,(206) 226-1391,820 S CHARLESTOWN,,SEATTLE,WA,98134-0000,,,,,,true,true,,
1098,6033469380010001,412123,HERBAN MYTH,HERBAN MYTH,(360) 577-7734,281 MILL CREEK RD STE A,,LONGVIEW,WA,98632-9783,,,,,,true,true,,
1099,6033476140010001,412129,CLOUD BUD,CLOUD BUD,(425) 413-7961,20241 269TH AVE SE STE A,,MAPLE VALLEY,WA,98038-8824,,,,,,true,true,,
1100,6033476300010001,412130,QUALITY CANNABIS PRODUCING AND PROCESSING,QUALITY CANNABIS PRODUCING AND PROCESSING,(360) 580-5312,776 US HWY 101,,COSMOPOLIS,WA,98537-0000,,,,,,true,true,,
1101,6033477070010001,412131,COUNTRY GARDENS 502,COUNTRY GARDENS 502,(509) 671-5893,310 BROKEN J LANE STE A,,NEWPORT,WA,99156-6005,,,,,,true,true,,
1102,6033466510010001,412135,GECKO GROWERS,GECKO GROWERS,(509) 881-9804,4263 12TH ST SE,STE A,EAST WENATCHEE,WA,98802-8724,,,,,,true,true,,
1103,605022614,435233,TRANSLUCENCY LLC,TRANSLUCENCY LLC,(360) 675-9034,1520 CENTER ST STE E,,TACOMA,WA,98409,,,,,,true,true,201302,2026-05-05T20:09:45.310000
1104,6033546280010001,412193,TREEHAWK FARMS,TREEHAWK FARMS,(206) 393-8640,5030 EAGLEMOUNT RD STE A,,CHIMACUM,WA,98325-7735,,,,,,true,true,,
1105,6040705660010001,412198,HARTMANS HAPPY HOME FARM,HARTMANS HAPPY HOME FARM,(360) 701-2063,15716 URSULA LN SE STE A,,YELM,WA,98597-9152,,,,,,true,true,,
1106,6034612280010001,412200,420 GROWERS AND PROCESSORS,420 GROWERS AND PROCESSORS,(509) 701-4967,4710 E ELK TO HIGHWAY RD STE A,,ELK,WA,99009-8752,,,,,,true,true,,
1107,6034954190010001,412203,COASTAL GROWERS,COASTAL GROWERS,(503) 686-3948,24 STRINGTOWN ROAD STE 1,,ILWACO,WA,98624-0000,,,,,,true,true,,
1108,602676706,426878,PARADISE VALLEY ORGANICS,PARADISE VALLEY ORGANICS,(509) 594-1418,15021 STATE ROUTE 530 NE STE A,,ARLINGTON,WA,98223-5358,,,,,,true,true,,
1109,6029298850010001,412208,SASQUATCH GREENHOUSES,SASQUATCH GREENHOUSES,(360) 815-2969,3171 UNICK RD SUITE B,STE B,FERNDALE,WA,98248-9021,,,,,,true,true,,
1110,604127145,432269,NW GROWER,NW GROWER,(206) 228-8122,177 MCCLEARY RD,,MCCLEARY,WA,98557-9301,,,,,,true,true,,
1111,6033334860010001,412217,PHAT N STICKY,PHAT N STICKY,(509) 951-6962,2611 N WOODRUFF RD STE A,,SPOKANE VALLEY,WA,99206-4138,,,,,,true,true,,
1112,6031723060010001,412223,HIGHWATER FARMS,HIGHWATER FARMS,(360) 229-3516,2400 W SKOKOMISH VALLEY RD,STE A,SHELTON,WA,98584-7402,,,,,,true,true,,
1113,604118209,428477,GREEN BLUFF ORCHARDS,GREEN BLUFF ORCHARDS,(509) 464-9111,4916 S BEN FRANKLIN LN,,SPOKANE,WA,99224-0000,,,,,,true,true,,
1114,6041430080010001,412227,ROLLING GREEN FARM,ROLLING GREEN FARM,(206) 799-0790,29619 4TH AVE NW STE A,,STANWOOD,WA,98292-9440,,,,,,true,true,,
1115,6032970070010001,412232,GAIA INDUSTRIES,GAIA INDUSTRIES,(425) 971-4213,17022 FROHNING RD,,MONROE,WA,98272-0000,,,,,,true,true,,
1116,6033320540010003,412233,MAMA JS,MAMA JS,(306) 225-4754,1445 INDUSTRIAL WAY,STE 19A,LONGVIEW,WA,98632-1033,,,,,,true,true,,
1117,6033152490010002,412237,SILICA PHOENIX,SILICA PHOENIX,(253) 405-3851,6123 199TH AVE SE,,TENINO,WA,98589-9519,,,,,,true,true,,
1118,6033240110010001,412240,CANNASOL FARMS,CANNASOL FARMS,(509) 322-4772,99 GREENACRES RD SUITE E,,RIVERSIDE,WA,98849-9625,,,,,,true,true,,
1119,6033501180010001,412279,JMR SUN FARMS II,JMR SUN FARMS II,(425) 941-6384,5504 E CATALDO AVE,,SPOKANE VALLEY,WA,99212-0913,,,,,,true,true,,
1120,6033501520010001,412280,VOSK,VOSK,(425) 556-0836,2310 W SUTTON RD,STE A1,OTHELLO,WA,99344-9009,,,,,,true,true,,
1121,6033503490010001,412286,OBERFELDER HOLDINGS,OBERFELDER HOLDINGS,(509) 888-0305,120 ROLLING ROCK ROAD,,CHELAN,WA,98816-9668,,,,,,true,true,,
1122,6033466190010001,412292,ROYAL GREENS,ROYAL GREENS,(509) 305-1727,164101 W JOHNSON RD STE A,STE A,PROSSER,WA,99350-9206,,,,,,true,true,,
1123,603346750,412294,MEDUSA GARDENS,MEDUSA GARDENS,(206) 321-1531,22930 SE 384TH ST,STE A,ENUMCLAW,WA,98022-6871,,,,,,true,true,,
1124,6033469140010001,412295,GREENRUSH,GREENRUSH,(360) 631-4508,"3928 171ST AVE NE, STE A",,SNOHOMISH,WA,98290-4468,,,,,,true,true,,
1125,6033477970010001,412299,TOP CUT FARMS,TOP CUT FARMS,(360) 518-4748,3101 S LAWRENCE ST,,TACOMA,WA,98409-4823,,,,,,true,true,,
1126,6033477820010002,412300,AUNTIE ONOLICIOUS,AUNTIE ONOLICIOUS,(360) 774-0309,123 BLACK BEAR RD,,PORT TOWNSEND,WA,98368-9621,,,,,,true,true,,
1127,6033485350010001,412301,GREEN GHOST,GREEN GHOST,(509) 679-0965,6000 WARNER CANYON RD,STE A,CASHMERE,WA,98815-9788,,,,,,true,true,,
1128,6033489100010001,412302,WHISPERING WINDS FARM,WHISPERING WINDS FARM,(425) 210-7454,750 E WAPATO LAKE RD UNIT C,,MANSON,WA,98831-9552,,,,,,true,true,,
1129,603349585,412303,MT BAKER HOMEGROWN 2,MT BAKER HOMEGROWN 2,(360) 296-6230,1761 W BAKERVIEW RD,,BELLINGHAM,WA,98226-0000,,,,,,true,true,,
1130,6033491940010001,412304,ELEVEN WINDOW VENTURES,ELEVEN WINDOW VENTURES,(509) 216-4025,5805 E SHARP AVE STE C5,,SPOKANE VALLEY,WA,99212-0955,,,,,,true,true,,
1131,6033492670010001,412305,JJS PRODUCTIONS,JJS PRODUCTIONS,(360) 580-7641,12729 QUANTM LN BLDG 5 UNIT 20,"BLDG 5, UNIT 20",ANACORTES,WA,98221-8364,,,,,,true,true,,
1132,6033492820010001,412306,"Alpha Crux, llc",DENDRO,(206) 356-4937,9327 UMPTANUM RD,,ELLENSBURG,WA,98926-8754,,,,,,true,true,,
1133,6040153370010001,412311,WASHINGTON TOWER FARM,WASHINGTON TOWER FARM,(206) 356-9130,158901 W OLD INLAND EMPIRE HWY,,PROSSER,WA,99350-8799,,,,,,true,true,,
1134,6033504800010001,412316,HIDDEN VALLEY FARMS,HIDDEN VALLEY FARMS,(425) 757-2659,23321 HIDDEN VALLEY RD,,GRANITE FALLS,WA,98252-2360,,,,,,true,true,,
1135,6033478080010001,412371,ALKI HERBAL,ALKI HERBAL,(206) 898-4378,1128 SW SPOKANE ST STE 300,STE 300,SEATTLE,WA,98134-1128,,,,,,true,true,555752,2026-05-05T23:47:57.227000
1136,603347705,431508,LADYHELM FARM,LADYHELM FARM,(206) 755-7518,168 NICHOLS RD # 2,UNIT 4,OMAK,WA,98841-9581,,,,,,true,true,,
1137,6033404110010001,412373,LEGAL BEVERAGES,LEGAL BEVERAGES,(360) 334-9400,909 CALIFORNIA WAY,,LONGVIEW,WA,98632-1658,,,,,,true,true,,
1138,6033973110010001,412374,POTZZARIA,POTZZARIA,(509) 808-4855,3049 BAKIE RD,,VALLEY,WA,99181-0000,,,,,,true,true,,
1139,6013374520020001,412375,BODY WORKS ALTERNATIVES,BODY WORKS ALTERNATIVES,(509) 545-4982,102003 E BADGER RD #A,,KENNEWICK,WA,99338-1160,,,,,,true,true,,
1140,6033239670010001,412392,EMERALD EVOLUTION,EMERALD EVOLUTION,(480) 251-0637,9019 MOLLY LN STE C,,ANACORTES,WA,98221-9345,,,,,,true,true,,
1141,6006462890020004,412397,HIGH STANDARD BRAND,HIGH STANDARD BRAND,(509) 679-9668,195 WHITETAIL WAY UNIT C,,CHELAN,WA,98816-0000,,,,,,true,true,,
1142,6017733760010002,412400,FINE DETAIL GREENWAY,FINE DETAIL GREENWAY,(360) 676-5708,3863 HANNEGAN RD STE 106,,BELLINGHAM,WA,98226-9103,,,,,,true,true,,
1143,6035197580010001,412402,BANGS CANNABIS COMPANY,BANGS CANNABIS COMPANY,(509) 559-9090,12917 S SHORT RD STE A,STE A,CHENEY,WA,99004-9545,,,,,,true,true,,
1144,6032771390010002,412403,THE GREEN COMPANY,THE GREEN COMPANY,(509) 993-1023,38 APPLE JACK RD,STE A,TONASKET,WA,98855-9792,,,,,,true,true,,
1145,6033506480010001,412408,NO MIDS,NO MIDS,(206) 218-3420,2450 6TH AVE S #104,,SEATTLE,WA,98134-2029,,,,,,true,true,,
1146,6033507150010001,412409,ORANGE STATE,ORANGE STATE,(509) 939-8433,37315 N FRIDAY LN,,ELK,WA,99009-0000,,,,,,true,true,,
1147,6033517130010001,412411,COUNTRY HILLS BLUE,COUNTRY HILLS BLUE,(360) 398-1484,1454 E HEMMI RD,STE A,EVERSON,WA,98247-9768,,,,,,true,true,,
1148,603349098,412416,GROW BROS,GROW BROS,(206) 551-5239,2990 RADER RD,,ELLENSBURG,WA,98926-7750,,,,,,true,true,,
1149,6033493810010001,412425,ROYAL TREE GARDENS,ROYAL TREE GARDENS,(206) 850-1443,2909 S ALASKA ST,,TACOMA,WA,98409-7804,,,,,,true,true,,
1150,6033494410010002,412426,GROWTH INDUSTRIES,GROWTH INDUSTRIES,(360) 470-2771,5603 STATE ROUTE 12,STE A,PORTER,WA,98559-0000,,,,,,true,true,,
1151,6032675640010001,412624,AMERICAN BEST SUPPLY,AMERICAN BEST SUPPLY,(509) 860-8330,"4185 OLD MONITOR RD, STE A",,MONITOR,WA,98836-0000,,,,,,true,true,,
1152,603348675,412627,RED RIDGE FARMS,RED RIDGE FARMS,(360) 548-3337,17731 59TH AVE NE BLDG 16 #B,,ARLINGTON,WA,98223-6446,,,,,,true,true,,
1153,6034407900010001,412633,HAYSTACK,HAYSTACK,(206) 371-7000,1199 W CUNNINGHAM RD B1,STE B1,OTHELLO,WA,99344-0000,,,,,,true,true,,
1154,6034983770010002,412642,ROACH INDISTREES,ROACH INDISTREES,(509) 750-4244,2125 W MOON RD STE C,STE C,OTHELLO,WA,99344-0000,,,,,,true,true,,
1155,604417405,429856,BAR 37 RANCHES INC.,BAR 37 RANCHES INC.,(509) 750-0851,22745 ROAD 4 SE PEN E,,WARDEN,WA,98857-9715,,,,,,true,true,,
1156,6033489470010001,412648,TOMS HEMP&CANNABIS,TOMS HEMP&CANNABIS,(425) 419-3092,166 BENSON CREEK DR,STE 420,TWISP,WA,98856-9605,,,,,,true,true,,
1157,6033484230010001,412652,SWEETGRASS,SWEETGRASS,(509) 560-0901,182 ONEIL RD STE A,,OROVILLE,WA,98844-9780,,,,,,true,true,,
1158,6033490650010001,412653,RAVENS KEEP,RAVENS KEEP,(509) 999-7543,182 ONEIL RD STE B,,OROVILLE,WA,98844-9780,,,,,,true,true,,
1159,6033594090010001,412656,VISCRO HOLDINGS,VISCRO HOLDINGS,(425) 343-3192,456 W HORTON RD,,BELLINGHAM,WA,98226-0000,,,,,,true,true,,
1160,6033569260010001,412672,GREEN CHIEFS,GREEN CHIEFS,(425) 744-9999,12315 MOUNTAIN LOOP HWY STE A,,GRANITE FALLS,WA,98252-0000,,,,,,true,true,,
1161,6040570750010001,412677,NW GREEN ACRES,NW GREEN ACRES,(360) 670-3825,3406 OBRIEN RD SITE B,SITE B,PORT ANGELES,WA,98362-7429,,,,,,true,true,,
1162,6033302260010001,412678,MANNA PRODUCTION,MANNA PRODUCTION,(509) 860-6460,5579 BIG SPRINGS RANCH RD,,WENATCHEE,WA,98801-8928,,,,,,true,true,,
1163,6033420120010002,412681,TORCH NORTHWEST,TORCH NORTHWEST,(253) 327-1678,3113 S PINE ST UNIT C1,,TACOMA,WA,98409-0000,,,,,,true,true,,
1164,6033488980010001,412686,THE HUNT COMPANY,THE HUNT COMPANY,(509) 340-9852,5805 E SHARP AVE #1,,SPOKANE VALLEY,WA,99212-0000,,,,,,true,true,,
1165,603349061,430315,OG FARMS,OG FARMS,(206) 769-7373,7182 ROAD 16 NE STE G,,MOSES LAKE,WA,98837-9411,,,,,,true,true,,
1166,6033493110010001,412688,THE CALYX COMPANY,THE CALYX COMPANY,(509) 786-2424,484 ALDERDALE RD SUITE B,,PROSSER,WA,99350-9348,,,,,,true,true,,
1167,6034801830010001,412763,ACTION VENTURES,ACTION VENTURES,(206) 697-5508,13055 RD 2 NE UNIT 2,UNIT 2,MOSES LAKE,WA,98837-0000,,,,,,true,true,,
1168,6033498440010001,412764,VIEW ASKEW FARMS,VIEW ASKEW FARMS,(509) 859-4185,353 MALAGA ALCOA HWY STE 6,,WENATCHEE,WA,98801-8963,,,,,,true,true,,
1169,6021822740010002,412765,LADY BUDS GARDEN CLUB,LADY BUDS GARDEN CLUB,(509) 682-2605,30 QUIET VALLEY RD UNIT A,,CHELAN,WA,98816-9710,,,,,,true,true,,
1170,603331925,427456,WASHINGTON STATE PRODUCER,WASHINGTON STATE PRODUCER,(360) 551-7904,355 NW STATE AVE  STE 1,,CHEHALIS,WA,98532-0000,,,,,,true,true,,
1171,6031112130010001,412779,PRAXIS HOLDINGS,PRAXIS HOLDINGS,(503) 307-4753,139 GREEN ACRES RD UNIT 3,,RIVERSIDE,WA,98849-0000,,,,,,true,true,,
1172,6035444790010001,412782,MARYHILL SUNSHINE,MARYHILL SUNSHINE,(509) 250-3237,125 MARYHILL HWY,,GOLDENDALE,WA,98620-4604,,,,,,true,true,,
1173,6034447870010001,412783,IGROW,IGROW,(360) 269-0103,16940 VIRCON DR SW #A,,ROCHESTER,WA,98579-8595,,,,,,true,true,,
1174,6033552540010002,412784,ORGROW,ORGROW,(509) 453-2244,503 W PROSPECT RD STE A,STE A,MOXEE,WA,98936-9810,,,,,,true,true,,
1175,6033493280010001,412788,ATLAS BRAND,ATLAS BRAND,(206) 510-2303,1578 MOORE ST STE D,STE D,SEDRO WOOLLEY,WA,98284-0000,,,,,,true,true,,
1176,604317235,412792,CENTRAL FARMS LLC,CENTRAL FARMS LLC,(425) 577-1528,16845 UPPER BADGER POCKET RD,,ELLENSBURG,WA,98926-0000,,,,,,true,true,,
1177,6034382800010001,412803,GREEN THUMB GROWERS,GREEN THUMB GROWERS,(360) 901-1523,1944 1ST AVE S SUITE 400,,SEATTLE,WA,98134-1406,,,,,,true,true,,
1178,6035041430010001,412804,JRS,JRS,(360) 500-9079,65 SIMMONS RD STE 1,SUITE 1,MONTESANO,WA,98563-9526,,,,,,true,true,,
1179,6040459230010001,412815,EVERGREEN PRODUCTION,EVERGREEN PRODUCTION,0,"100 MAIN ST SUITES 10, 2B & 1","STE 10, STE 2B & STE 1",MONITOR,WA,98836-9800,,,,,,true,true,,
1180,6033548960010001,412819,EARTH RISING FARM,EARTH RISING FARM,(509) 493-3341,214 BATES RD STE A,,WHITE SALMON,WA,98672-8504,,,,,,true,true,,
1181,6033548160010001,412821,PULA VERDE HARVEST,PULA VERDE HARVEST,(509) 591-7888,481 KEPPS RD STE A,STE A,PASCO,WA,99301-9692,,,,,,true,true,,
1182,604446982,412826,SMARTLEAF,SMARTLEAF,(206) 229-8397,10715 AURORA AVE N,,SEATTLE,WA,98133-8813,,,,,,true,true,,
1183,6035941960010001,412892,ACME ACRES LLC,ACME ACRES LLC,(509) 643-2535,1845 GURLEY RD STE A,STE A,GRANGER,WA,98932-9444,,,,,,true,true,,
1184,6017771150010002,412893,HIGHROLR,HIGHROLR,(425) 220-3767,317 PRICE RD STE A,,SNOHOMISH,WA,98290-9615,,,,,,true,true,,
1185,6004976470010002,412900,JVARD,JVARD,(509) 478-3007,5901 OLD THORNTON HWY STE A,,THORNTON,WA,99176-9765,,,,,,true,true,,
1186,6033453330010001,412901,CLARITY FARMS,CLARITY FARMS,(206) 816-2997,17595 177TH AVE SE,,MONROE,WA,98272-0000,,,,,,true,true,,
1187,6035292650010001,412902,BUDCO FARMS,BUDCO FARMS,(509) 327-2991,2726 N MONROE ST,STE 1,SPOKANE,WA,99204-3355,,,,,,true,true,,
1188,6035858360010001,412904,TWO HEADS CO.,TWO HEADS CO.,(360) 934-5700,1725 OCEAN AVE BLDG 4,,RAYMOND,WA,98577-0000,,,,,,true,true,,
1189,6033094050010001,412919,PACIFIC-GREEN DISTRIBUTORS,PACIFIC-GREEN DISTRIBUTORS,(360) 624-7490,3019 NE 68TH ST STE A,,VANCOUVER,WA,98665-0632,,,,,,true,true,,
1190,6033373880010001,412942,J D,J D,(360) 956-7187,234 140TH AVE SW,,TENINO,WA,98589-9606,,,,,,true,true,,
1191,6040283380010001,412943,OLYMPUS GARDENS,OLYMPUS GARDENS,(206) 883-6756,12363 CLEAR CREEK RD NW,,SILVERDALE,WA,98383-9629,,,,,,true,true,,
1192,6035256700010001,412949,ALLIANCE 502,ALLIANCE 502,(800) 793-0108,139 GREENACRES RD #2,,RIVERSIDE,WA,98849-0000,,,,,,true,true,,
1193,6033539070010001,412950,GREEN ISLAND GROWERS,GREEN ISLAND GROWERS,(360) 298-0438,142 PEMBERTON PL STE B,,FRIDAY HARBOR,WA,98250-7099,,,,,,true,true,,
1194,6033429800010001,412968,BLUE MOOSE,BLUE MOOSE,(206) 963-5243,19310 128TH AVE SE #B,,YELM,WA,98597-9619,,,,,,true,true,,
1195,6033447110010001,412969,BLUE SKY GROWERS,BLUE SKY GROWERS,(206) 595-5112,5526 INDUSTRY LN STE 4,,EAST WENATCHEE,WA,98802-9551,,,,,,true,true,,
1196,6033457710010001,412971,FLOWER OF LIFE FARMS,FLOWER OF LIFE FARMS,(503) 568-2899,3431 OLD HIGHWAY 99 NORTH RD,STE A,BURLINGTON,WA,98233-8567,,,,,,true,true,,
1197,6033490490010001,412973,MAGU CORP,MAGU CORP,(509) 669-8166,6884 BACON LN NE #A,,MOSES LAKE,WA,98837-8248,,,,,,true,true,,
1198,604624129,430773,OLD BALDY FARMS,OLD BALDY FARMS,(509) 322-4642,169 GREENACRES RD UNIT A,,RIVERSIDE,WA,98849-9647,,,,,,true,true,,
1199,6019684300010007,413032,POTT ROAD MANUFACTURING,POTT ROAD MANUFACTURING,(866) 263-4462,1911 W DOLARWAY RD STE C,,ELLENSBURG,WA,98926-8339,,,,,,true,true,,
1200,603356492,430332,BUDMAN,BUDMAN,(360) 892-5480,834 BADGER GULCH SPC A,,GOLDENDALE,WA,98620-2912,,,,,,true,true,,
1201,6033563860010001,413039,NEXUS,NEXUS,(509) 582-9575,47305 S 2066 PR SE,SUITE A,KENNEWICK,WA,99337-6905,,,,,,true,true,,
1202,6033523790010001,413058,WIND ROSE FARMS,WIND ROSE FARMS,(360) 520-2233,776 COAL CREEK ROAD STE A,,CHEHALIS,WA,98532-9529,,,,,,true,true,,
1203,6033518540010001,413061,NORTHWEST KYND,NORTHWEST KYND,(206) 707-3107,1106 CANNON WAY STE B,,COLVILLE,WA,99114-0000,,,,,,true,true,,
1204,6033923840010001,413064,SILVER TREES,SILVER TREES,(360) 819-3852,9730 LATHROP INDUSTRIAL DR SW,UNIT E,TUMWATER,WA,98512-1064,,,,,,true,true,,
1205,6033508930010001,413066,ALPHA BUDZ,ALPHA BUDZ,(360) 640-0391,185 ZEPEDA RD BLDG 1,,FORKS,WA,98331-9606,,,,,,true,true,,
1206,6033469440010001,413073,KIM SUE GRASS WORKS,KIM SUE GRASS WORKS,(503) 329-0121,112 ELLIE WAY UNIT 1,UNIT 1,WASHOUGAL,WA,98671-0000,,,,,,true,true,,
1207,6033497960010002,413075,BLUE ROOTS CANNABIS,BLUE ROOTS CANNABIS,(509) 220-9839,13026 W MCFARLANE RD BLDG C1,,AIRWAY HEIGHTS,WA,99001-5099,,,,,,true,true,,
1208,6033488250010001,413076,GREEN LABS,GREEN LABS,(425) 922-0948,45 RAYMOND SOUTH BEND RD STE A,,SOUTH BEND,WA,98586-0000,,,,,,true,true,118825,2026-06-03T19:31:42.400000
1209,6033458060010001,413077,PEAK SUPPLY,PEAK SUPPLY,(509) 475-6705,16102 S WOOD RD STE A,,CHENEY,WA,99004-9251,,,,,,true,true,,
1210,603350606,430744,DOUBLE DUTCH,DOUBLE DUTCH,(509) 840-4562,169 GREENACRES RD UNIT G,STE 1,RIVERSIDE,WA,98849-9647,,,,,,true,true,,
1211,6033318570010001,413085,LEEF,LEEF,(206) 605-7717,3210 PEACE PORTAL DR,,BLAINE,WA,98230-8061,,,,,,true,true,,
1212,6033376570010001,413087,SUSTAINNABIS COMPANY,SUSTAINNABIS COMPANY,(360) 513-9812,2309 WEST EDGEWOOD DRIVE,,PORT ANGELES,WA,98363-9576,,,,,,true,true,,
1213,6033429170010001,413089,COLUMBIA RIVER CANNABIS,COLUMBIA RIVER CANNABIS,(509) 686-3462,886 HIGHLAND ORCHARD RD NE #A,STE A,BRIDGEPORT,WA,98813-9758,,,,,,true,true,,
1214,6033483580010001,413090,MNO,MNO,(425) 931-7214,1116 E MAIN ST STE A,,SULTAN,WA,98294-9480,,,,,,true,true,,
1215,6032989190010002,413135,BIG RIDGE FARMS,BIG RIDGE FARMS,(425) 442-9905,1655 ROAD 4 NE STE A,STE A,COULEE CITY,WA,99115-0000,,,,,,true,true,,
1216,6022397280010002,413143,KELLY PRODUCTION AND PROCESSING,KELLY PRODUCTION AND PROCESSING,(360) 561-0650,606 W LONE PINE LN,,DEER PARK,WA,99006-9133,,,,,,true,true,,
1217,6017803970010002,413145,KHUSH KUSH,KHUSH KUSH,(360) 306-3053,4562 MERIDIAN ST #A,,BELLINGHAM,WA,98226-9191,,,,,,true,true,,
1218,604186350,413156,TITAN FARMS,TITAN FARMS,(425) 471-9895,1874 BATUM RD N STE 400,,ODESSA,WA,99159-0000,,,,,,true,true,,
1219,6033521730010001,413163,NORTH COAST GROWERS,NORTH COAST GROWERS,(206) 228-9000,12743 QUANTUM LANE BLDG 6,BLDG 6,ANACORTES,WA,98221-8364,,,,,,true,true,,
1220,6033523500010001,413165,FOURDUB,FOURDUB,(425) 894-0864,22604 HOSKO RD,,PROSSER,WA,99350-0000,,,,,,true,true,,
1221,6033530420010001,413169,CONTENDER GARDENS,CONTENDER GARDENS,(206) 601-7585,7023 N JULIA ST,,SPOKANE,WA,99217-0000,,,,,,true,true,,
1222,603114324,428537,EMERALD MOUNTAIN,EMERALD MOUNTAIN,(360) 203-0396,9730 LATHROP INDUST DR SW #C,STE C1,OLYMPIA,WA,98512-0000,,,,,,true,true,,
1223,6033543230010001,413177,THE CASCADE GNOME,THE CASCADE GNOME,(206) 818-0564,11061 NEPPEL RD NE,,MOSES LAKE,WA,98837-7522,,,,,,true,true,,
1224,6011262230010003,413179,MEDICINE WOMAN,MEDICINE WOMAN,(425) 239-0108,1716 SUNNYSIDE BLVD,,LAKE STEVENS,WA,98258-3122,,,,,,true,true,,
1225,6033506980010001,413180,SKORD,SKORD,(360) 624-1861,1919 SE 23RD AVE,,BATTLE GROUND,WA,98604-3319,,,,,,true,true,626600,2026-04-27T17:37:31.857000
1226,6033511960010001,413181,CALLING CARD,CALLING CARD,(509) 993-4655,2621 N FELTS RD,,SPOKANE VALLEY,WA,99206-6088,,,,,,true,true,,
1227,6033547780010001,413193,QUALITY CANNABIS,QUALITY CANNABIS,(425) 922-3860,16212 MAY CREEK ROAD,,GOLD BAR,WA,98251-0000,,,,,,true,true,,
1228,6033552390010001,413196,MARIJUANA FARM,MARIJUANA FARM,(509) 953-9763,20301 W COULEE HITE RD SITE A,,SPOKANE,WA,99224-8917,,,,,,true,true,,
1229,6033554380010001,413197,PRR ENTERPRISES,PRR ENTERPRISES,(509) 632-5531,27602 NORTH MONROE,,DEER PARK,WA,99006-5032,,,,,,true,true,,
1230,6033560700010001,OLD882,R2 KUSTOMS LLC,R2 KUSTOMS LLC,(360) 837-1304,145 GREENACRES RD UNIT 4,,RIVERSIDE,WA,98849-0000,,,,,,true,true,,
1231,6032874380010001,413337,STR8FIRE FARMS,STR8FIRE FARMS,(206) 255-5579,139 GREENACRES RD,UNIT 1,RIVERSIDE,WA,98849-0000,,,,,,true,true,,
1232,6033570470010002,413377,OLD SCHOOL,OLD SCHOOL,(360) 595-0166,3110 STANDARD RD STE B,,DEMING,WA,98244-9104,,,,,,true,true,,
1233,6033573610010001,413380,CANNAGENESIS,CANNAGENESIS,(610) 761-5547,5473 GUIDE MERIDIAN RD LOT A,,BELLINGHAM,WA,98226-9771,,,,,,true,true,,
1234,603357596,413432,MILLENNIUM MARIJUANA,MILLENNIUM MARIJUANA,(425) 246-2639,2870 OCEAN AVE BLDG 7,,RAYMOND,WA,98021-0000,,,,,,true,true,,
1235,6034362370010001,413434,OZ GARDENZ,OZ GARDENZ,(360) 600-7804,5373 GUIDE MERIDIAN RD #C1-2,,BELLINGHAM,WA,98226-0000,,,,,,true,true,,
1236,6040081220010001,413443,MJ PHARMS,MJ PHARMS,(509) 486-1781,23 EAGLE ROCK RD SUITE 1,,TONASKET,WA,98855-9559,,,,,,true,true,,
1237,6034695420010001,413451,CARINNAS HERBS OF GRACE,CARINNAS HERBS OF GRACE,(206) 407-9373,2615 NE 113TH ST,,SEATTLE,WA,98125-6794,,,,,,true,true,,
1238,6033534050010001,413455,WASHINGTON STATE SWEET LEAF GARDENS,WASHINGTON STATE SWEET LEAF GARDENS,(571) 201-2321,2855 R W JOHNSON RD SW STE A,,TUMWATER,WA,98512-6193,,,,,,true,true,,
1239,6033547070010001,413459,OCEAN GROWN GARDENS,OCEAN GROWN GARDENS,(425) 753-9868,29122 CEDAR PONDS RD #A,,MONROE,WA,98272-9399,,,,,,true,true,,
1240,6033549050010001,413460,"GRANDMAS GARDEN, LLC","GRANDMAS GARDEN, LLC",(206) 714-3332,2916 STATE STREET,STE J,EVERETT,WA,98201-3842,,,,,,true,true,,
1241,6033551430010001,413462,ARTIZEN CANNABIS COMPANY,ARTIZEN CANNABIS COMPANY,(206) 317-4419,2660 WILLIAMETTE DR NE STE F,,LACEY,WA,98516-0000,,,,,,true,true,,
1242,603355318,430022,STONE SUPPLY,STONE SUPPLY,(360) 731-0115,1084 OLD HWY 97 SUITE B,,BREWSTER,WA,98812-9681,,,,,,true,true,,
1243,6033554210010001,413464,DNA GARDENS,DNA GARDENS,(206) 914-4645,12720 278TH DR NE STE 1,,GRANITE FALLS,WA,98252-8939,,,,,,true,true,,
1244,6033557390010001,413466,SACRED HERB FARMS,SACRED HERB FARMS,(509) 868-7448,26425 S RUPP RD STE 10,,CHENEY,WA,99004-9290,,,,,,true,true,,
1245,6033558320010001,413467,WINDY RIVER RESEARCH,WINDY RIVER RESEARCH,(509) 493-0424,1111 HEMLOCK RD,,CARSON,WA,98610-3235,,,,,,true,true,,
1246,6033561270010001,413613,BEST SOURCE PRODUCERS,BEST SOURCE PRODUCERS,(360) 241-8894,74 PIT RD STE F,STE F,BREWSTER,WA,98812-9676,,,,,,true,true,,
1247,6033499910010001,413713,CANNA DELTA 9,CANNA DELTA 9,(702) 480-6321,4711 #U SPRINGDALE HUNTERS RD,,SPRINGDALE,WA,99173-9720,,,,,,true,true,,
1248,603359549,427096,HOOD CANAL GREEN FARMS,HOOD CANAL GREEN FARMS,(425) 420-0170,130 CHESAW RD STE D,STE B,OROVILLE,WA,98070-8002,,,,,,true,true,,
1249,6033520740010001,413718,SPINNING HEADS,SPINNING HEADS,(253) 209-2841,420 E 18TH ST UNIT B,,TACOMA,WA,98421-1507,,,,,,true,true,,
1250,6033522750010001,413719,NORTHWEST ORGANIC NURSERY,NORTHWEST ORGANIC NURSERY,(360) 746-9148,6283 NOON RD STE A,,EVERSON,WA,98247-9663,,,,,,true,true,,
1251,6033525530010001,413721,STILL URBAN NURSERY,STILL URBAN NURSERY,(509) 710-4041,29911 N DALTON RD #A,,DEER PARK,WA,99006-9729,,,,,,true,true,,
1252,6033527120010001,413723,ROYAL GARDENS,ROYAL GARDENS,(425) 205-3383,4263 12TH ST SE STE B,STE B,EAST WENATCHEE,WA,98802-8724,,,,,,true,true,,
1253,6033532860010002,413855,4EVERGREEN TREES,4EVERGREEN TREES,(206) 354-4239,3303 S 35TH ST STE B-18,STE B-18,TACOMA,WA,98409-0000,,,,,,true,true,,
1254,6033535200010001,413857,FALES GROWERS,FALES GROWERS,(425) 273-5009,3163 GOLDIE RD BLDG C,,OAK HARBOR,WA,98277-2734,,,,,,true,true,,
1255,6033530380010001,413867,ERBACCE WHOLESALE,ERBACCE WHOLESALE,(206) 427-6037,3402 C ST NE,UNIT 208,AUBURN,WA,98002-1728,,,,,,true,true,,
1256,6033752390010001,413912,ARCHANGEL BOTANICALS,ARCHANGEL BOTANICALS,(831) 277-2061,24 COW TRAIL ROAD,,TONASKET,WA,98855-9715,,,,,,true,true,,
1257,6034753290010002,413916,MILLENNIUM GREEN,MILLENNIUM GREEN,(206) 660-8833,1944 MILWAUKEE WAY,,TACOMA,WA,98421-2702,,,,,,true,true,,
1258,6033754570010001,413917,JEFFERSONS OWN,JEFFERSONS OWN,(425) 999-9936,20025 DUBUQUE RD,STE A,SNOHOMISH,WA,98290-7405,,,,,,true,true,,
1259,6035280800010001,413920,TREEDOM,TREEDOM,(360) 201-3159,2750 PEACE PORTAL DR STE Z,,BLAINE,WA,98230-0000,,,,,,true,true,,
1260,6033553370010001,413941,GREEN DESERT OASIS,GREEN DESERT OASIS,(509) 391-5896,305 S LOWER COUNTY LINE RD,,PROSSER,WA,99350-0000,,,,,,true,true,,
1261,603348477,430354,NUGREEN,NUGREEN,(509) 850-2247,4230 E. MISSION AVE,,SPOKANE,WA,98202-0000,,,,,,true,true,,
1262,6033507050010001,413950,GROWER GEORGE,GROWER GEORGE,(509) 499-6223,6310 E SPRAGUE AVE,,SPOKANE VALLEY,WA,99212-0839,,,,,,true,true,,
1263,6035109860010001,414164,"H & Z FARMS, INC.","H & Z FARMS, INC.",(253) 261-8873,126 NEWMAN CREEK RD,UNIT 6,ELMA,WA,98541-9536,,,,,,true,true,,
1264,6040084750010001,414197,KUDU PHARMS,KUDU PHARMS,0,17901 E EUCLID AVE,,SPOKANE VALLEY,WA,99216-0000,,,,,,true,true,,
1265,6035025130010001,414199,CLEMANS MOUNTAIN CANNABIS,CLEMANS MOUNTAIN CANNABIS,(509) 307-0123,159003 W JOHNSON RD,,PROSSER,WA,99350-9225,,,,,,true,true,,
1266,6041253820010001,414200,HIGH END FARMS,HIGH END FARMS,(425) 343-2535,916 KENTUCKY ST,,BELLINGHAM,WA,98225-4226,,,,,,true,true,,
1267,6033578620010001,414202,MINK FARM ORGANICS,MINK FARM ORGANICS,(206) 972-5581,19937 NE 154TH ST,,WOODINVILLE,WA,98077-5629,,,,,,true,true,,
1268,6031776620010001,414229,GREEN GOLD TRUST,GREEN GOLD TRUST,(203) 240-1211,1199 W CUNNINGHAM RD F1,STE F1,OTHELLO,WA,99344-0000,,,,,,true,true,,
1269,6033580610010001,414230,GRASSIN FARMS,GRASSIN FARMS,(360) 393-7212,3660 LINDSAY RD SUITE 1M,,EVERSON,WA,98247-9250,,,,,,true,true,,
1270,6033580620010001,414231,VERTICAL HIGH,VERTICAL HIGH,(206) 999-3986,15210 275TH AVE SE STE A,,MONROE,WA,98272-9542,,,,,,true,true,,
1271,6033727230010001,414232,MAS FARMS,MAS FARMS,(253) 335-2521,19003 SE 416TH ST STE A,,ENUMCLAW,WA,98022-9135,,,,,,true,true,,
1272,6034005830010001,414233,ESSENTIAL FLOWER,ESSENTIAL FLOWER,(360) 452-1078,1509 SOUTH CRITCHFIELD RD,,PORT ANGELES,WA,98363-9507,,,,,,true,true,,
1273,6003857700010002,414235,VASHON ISLAND ORGANICS,VASHON ISLAND ORGANICS,(206) 605-6098,13610 SW 240TH ST STE A,,VASHON,WA,98070-7408,,,,,,true,true,,
1274,6010738630010003,414265,SUNSET GROWER,SUNSET GROWER,(253) 651-9950,32623 46TH AVE E SUITE B,,EATONVILLE,WA,98328-9784,,,,,,true,true,,
1275,6013588430010003,427733,ROYAL CANNABIS PRODUCTION AND PROCESSING,ROYAL CANNABIS PRODUCTION AND PROCESSING,(253) 861-9010,314 POWER PLANT RD,,PORT ANGELES,WA,98363-9553,,,,,,true,true,,
1276,6035638940010001,414272,U4IK GARDENS,U4IK GARDENS,(360) 723-8503,2917 NE 65TH ST STE B,,VANCOUVER,WA,98663-0000,,,,,,true,true,,
1277,604373783,431361,SACRED,SACRED,(831) 345-6388,453 OTTO ST,,PORT TOWNSEND,WA,98368-9392,,,,,,true,true,,
1278,604285128,414281,JBM ENTERPRISES,JBM ENTERPRISES,(503) 804-3339,8040 DAY RD W BLDG 3 UNIT 2,,BAINBRIDGE ISLAND,WA,98057-2124,,,,,,true,true,,
1279,6033506430010001,415813,SUREFIRE GROWERS,SUREFIRE GROWERS,(425) 501-7333,2705 HARTFORD DR NE,SUITE B,LAKE STEVENS,WA,98258-0000,,,,,,true,true,,
1280,6033509470010001,415815,STARLEAF,STARLEAF,(509) 499-0043,4110 E CENTRAL AVE,,SPOKANE,WA,99217-5138,,,,,,true,true,90000,2026-05-07T02:19:02.680000
1281,604419210,426850,LAO BAN GREEN GROUP LLC,LAO BAN GREEN GROUP LLC,(206) 409-4552,312 N 104TH ST STE A,,MOUNT VERNON,WA,98133,,,,,,true,true,,
1282,6033530150010001,415820,ALPENGLOW EXTRACTS,ALPENGLOW EXTRACTS,(425) 583-6835,30320 OLD 99 N,UNIT B,STANWOOD,WA,98292-5415,,,,,,true,true,1239420,2026-07-01T00:46:58.167000
1283,6033530970010001,415821,HOWLING DOG FARMS,HOWLING DOG FARMS,(206) 406-1633,18 GOLDEN WILLOW LN,,OROVILLE,WA,98844-0000,,,,,,true,true,,
1284,6033543020010001,415825,GOLD COAST GROWERS,GOLD COAST GROWERS,(360) 300-7111,504 S ADAMS,,HOQUIAM,WA,98550-3551,,,,,,true,true,,
1285,6033545140010001,415831,TRANQUIL FOREST,TRANQUIL FOREST,(206) 553-9979,819 E ROSEWOOD,,SPOKANE,WA,99208-0000,,,,,,true,true,,
1286,6033549130010001,415835,CANNA ORGANIX,CANNA ORGANIX,(253) 381-1029,374 BUSINESS PARK LP,,SEQUIM,WA,98382-0000,,,,,,true,true,1166284,2026-06-30T19:21:31.423000
1287,6033553580010001,415842,ROYAL HIGHNESS,ROYAL HIGHNESS,(360) 518-3087,490 SR 409,,CATHLAMET,WA,98612-0000,,,,,,true,true,,
1288,6034162880010001,415846,CACTUS BLOSSOM,CACTUS BLOSSOM,(206) 769-9776,34307 SE 270TH ST,,RAVENSDALE,WA,98051-0000,,,,,,true,true,,
1289,6033558760010001,415847,DAWN STAR,DAWN STAR,(206) 849-2554,432 S MASSACHUSETTS ST,,SEATTLE,WA,98134-1517,,,,,,true,true,,
1290,6033562630010001,415853,VIRIDIS REMEDIUM,VIRIDIS REMEDIUM,(206) 619-3388,21418 SE 436TH ST STE A,,ENUMCLAW,WA,98022-9041,,,,,,true,true,,
1291,6036163540010002,415869,WILD SPRINGS,WILD SPRINGS,(425) 894-0845,26425 S RUPP ROAD STE 8,,CHENEY,WA,99004-0000,,,,,,true,true,,
1292,6034455060010001,415872,VALLEY CULTIVATIONS,VALLEY CULTIVATIONS,(360) 920-7094,5373 GUIDE MERIDIAN,SUITE C3,BELLINGHAM,WA,98226-7418,,,,,,true,true,,
1293,6033590530010001,415874,BUDDHA BUD,BUDDHA BUD,(206) 552-3279,23930 OSO LOOP RD STE J1,STE J1,ARLINGTON,WA,98223-5399,,,,,,true,true,,
1294,6033876720010001,415881,DARING FARMS,DARING FARMS,(509) 675-4229,1250 W SCHREIBER RD,,KETTLE FALLS,WA,99141-5032,,,,,,true,true,,
1295,6033591530010001,415885,HASH DOG,HASH DOG,(206) 856-2138,440 GRUBB RD STE 4,,WENATCHEE,WA,98801-0000,,,,,,true,true,,
1296,6030849880010002,415942,EVOLUTION DESIGN CONCEPTS,EVOLUTION DESIGN CONCEPTS,(425) 478-4999,30356 HIGHWAY 243 S,,MATTAWA,WA,99349-8257,,,,,,true,true,,
1297,6033553220010001,415944,JEV ASSOCIATES,JEV ASSOCIATES,(253) 241-9634,9485 KNAPP RD N UNIT A,UNIT A,MOHLER,WA,99154-5100,,,,,,true,true,,
1298,6026963140010001,415953,EASTERN WASHINGTON CANNABIS PRODUCTS,EASTERN WASHINGTON CANNABIS PRODUCTS,(509) 837-7476,5990 INDEPENDENCE RD STE B,,SUNNYSIDE,WA,98944-9798,,,,,,true,true,,
1299,6029482690020001,415955,MOUNTAIN HIGH GARDEN,MOUNTAIN HIGH GARDEN,(206) 947-7887,28505 112TH ST E # A,,BUCKLEY,WA,98321-9265,,,,,,true,true,,
1300,6031084260010001,415958,HILLTOP HIGHGRADE,HILLTOP HIGHGRADE,(360) 441-9683,4933 ELDER RD,STE A,FERNDALE,WA,98248-9548,,,,,,true,true,,
1301,6035066960010001,415959,THE NURSERY,THE NURSERY,(425) 999-5699,1209 HWY 281 SPUR,UNIT D,QUINCY,WA,98848-0000,,,,,,true,true,,
1302,6034320930010001,415960,FLOWER CURATOR,FLOWER CURATOR,(509) 956-8368,2719 EAST ISAACS,,WALLA WALLA,WA,99362-0000,,,,,,true,true,,
1303,6033228580010002,415968,BLACK DIAMOND FARMS,BLACK DIAMOND FARMS,(509) 720-9784,14110 EAST MT SPOKANE PARK DR,STE A,MEAD,WA,99021-0000,,,,,,true,true,,
1304,6033271270010001,415969,EMPYREAL CANNABIS,EMPYREAL CANNABIS,(253) 381-0634,3303 S 35TH ST UNIT B20,UNIT B20,TACOMA,WA,98409-4701,,,,,,true,true,,
1305,604176103,415970,DREAM CITY,DREAM CITY,(520) 400-2345,192 W FREDERICKS ST,,PORT TOWNSEND,WA,98368-0000,,,,,,true,true,,
1306,6033553510010001,415979,IGUANA INDUSTRIES,IGUANA INDUSTRIES,(425) 737-3259,14504 391ST AVE SE,STE A,GOLD BAR,WA,98251-9320,,,,,,true,true,,
1307,6034760660010001,415980,SKY STANDARD GARDENS,SKY STANDARD GARDENS,(801) 243-1138,4375 WEST RD,,BLAINE,WA,98230-9171,,,,,,true,true,,
1308,6033561980010001,415986,G&S GREENERY,G&S GREENERY,(206) 949-9645,19321 63RD AVE NE STE A,,ARLINGTON,WA,98223-0000,,,,,,true,true,,
1309,6033579340010001,415997,GABRIEL,GABRIEL,(425) 985-3802,29700 SE HIGH POINT WAY,,ISSAQUAH,WA,98027-8886,,,,,,true,true,,
1310,6033579540010001,415998,AGRIJUANA,AGRIJUANA,(360) 699-4724,1810 SE COMMERCE AVE,,BATTLE GROUND,WA,98604-0000,,,,,,true,true,,
1311,6033585140010001,416004,FRUITY PINES FARMS,FRUITY PINES FARMS,(253) 318-3553,5416 JOHNSON POINT RD NE,STE A,OLYMPIA,WA,98516-9129,,,,,,true,true,,
1312,6033508520010001,416071,PAPS 1,PAPS 1,(206) 930-9850,13206 W MCFARLANE RD BLDNG D4,UNITS D4-01 D4-1 D4-2,AIRWAY HEIGHTS,WA,99001-0000,,,,,,true,true,,
1313,6035653060010001,416085,TONASKET GROWERS,TONASKET GROWERS,(509) 486-1080,30 LONGANECKER RD UNIT 20,UNIT 20,TONASKET,WA,98855-0000,,,,,,true,true,,
1314,6018773140010001,416092,OLY SMOKES,OLY SMOKES,(360) 972-1229,6503 DELPHI RD NW STE A,,OLYMPIA,WA,98512-2848,,,,,,true,true,,
1315,6035102670010001,416093,GORILLA GARDENS,GORILLA GARDENS,(352) 514-3120,1084 OLD HIGHWAY 97,,BREWSTER,WA,98812-9682,,,,,,true,true,,
1316,6033581760010001,416100,THC FARM,THC FARM,(360) 458-4726,2148 PORT OF TACOMA RD,,TACOMA,WA,98421-3608,,,,,,true,true,,
1317,6033824570010001,416103,Discovery Garden,Discovery Garden,(360) 355-9919,409 LANE DE CHANTAL,,PORT TOWNSEND,WA,98368-8815,,,,,,true,true,,
1318,6035084990010001,416106,PIONEER FARM,PIONEER FARM,(509) 962-3121,2451 N FERGUSON RD,STE 2,ELLENSBURG,WA,98926-7156,,,,,,true,true,,
1319,6034458540010001,416107,GOLDEN TREE,GOLDEN TREE,(425) 220-3666,2524 N MACHIAS RD,,LAKE STEVENS,WA,98258-0000,,,,,,true,true,,
1320,6033495060010001,416124,PERMA,PERMA,(253) 227-7406,1610 CENTRE ST,,TACOMA,WA,98406-7952,,,,,,true,true,,
1321,6033462550010001,416125,JV RANCH,JV RANCH,(509) 250-6600,90 CRAGGANMORE,,GOLDENDALE,WA,98620-3404,,,,,,true,true,,
1322,6033599370010001,416127,ALDEN JAY FOOTE,ALDEN JAY FOOTE,(509) 301-5401,6241 COTTONWOOD RD,STE A,WALLA WALLA,WA,99362-1593,,,,,,true,true,,
1323,6035487360010001,416130,WINTER FARMS,WINTER FARMS,(360) 430-5702,10211 S SPOTTED RD,BLDG C AND D,CHENEY,WA,99004-9646,,,,,,true,true,,
1324,6033393920010001,416133,HOMETOWN HERBS,HOMETOWN HERBS,(360) 359-3288,1013 85TH AVE SE STE B,STE B,TUMWATER,WA,98501-5730,,,,,,true,true,268240,2026-03-11T03:11:36.487000
1325,6033572380010001,416134,HANGING GARDENS OF CENTRAL WASHINGTON,HANGING GARDENS OF CENTRAL WASHINGTON,(509) 663-3873,892 LOWER SUNNYSLOPE RD STE A,SUITE A,WENATCHEE,WA,98801-9615,,,,,,true,true,,
1326,6033576960010001,416138,RAINIER VALLEY CANNABIS,RAINIER VALLEY CANNABIS,(253) 318-3104,17409 119TH ST CT E STE 1,,BONNEY LAKE,WA,98391-8164,,,,,,true,true,,
1327,6033557810010001,416141,ACME MEDICINALS S,ACME MEDICINALS S,(206) 384-1904,7019 RD 9 NW STE S,,EPHRATA,WA,98823-9722,,,,,,true,true,,
1328,6035547800010001,416206,PLAN C FARMS LLC,PLAN C FARMS LLC,(425) 890-4416,33081 STATE ROUTE 20,,SEDRO WOOLLEY,WA,98284-8044,,,,,,true,true,,
1329,6033573590010001,416223,EMERALD FLASH,EMERALD FLASH,(360) 328-0152,4 DRYWATER RD UNIT 1,UNIT 1,OKANOGAN,WA,98840-9719,,,,,,true,true,,
1330,6033572320010001,416224,GREEN STATE INDOOR,GREEN STATE INDOOR,(253) 310-7572,16507 110TH AVE E,,PUYALLUP,WA,98375-0000,,,,,,true,true,,
1331,6033548390010001,416231,NAKED EMPEROR,NAKED EMPEROR,(509) 936-3080,4224C DEER CREEK RD,,VALLEY,WA,99181-0000,,,,,,true,true,,
1332,6034661460010001,416235,WASHINGTON GROW SOLUTIONS,WASHINGTON GROW SOLUTIONS,(206) 755-8857,16810 415TH AVE SE,BLDG C STE 1,GOLD BAR,WA,98251-9351,,,,,,true,true,,
1333,6033537750010001,416236,PACIFIC LAND AND CATTLE,PACIFIC LAND AND CATTLE,(831) 222-0227,27 HARRELL RD,,LYLE,WA,98635-9412,,,,,,true,true,,
1334,6033539510010001,416237,WASHINGTON STATE CANNABIS,WASHINGTON STATE CANNABIS,(509) 901-3798,234805 E STRAIGHTBANK RD,STE E,FINLEY,WA,99336-0000,,,,,,true,true,,
1335,6034131960010001,416272,HERBAL TECH,HERBAL TECH,(360) 391-2230,7656 STATE ROUTE 20,,ANACORTES,WA,98221-0000,,,,,,true,true,,
1336,602864862,430394,SMOOTH SAILING VENTURES,SMOOTH SAILING VENTURES,(206) 631-9058,160 W WESTFIELD CT UNIT F,STE B-9,SHELTON,WA,98584-0000,,,,,,true,true,,
1337,6035102770010001,416281,PURE NORTHWEST,PURE NORTHWEST,(206) 550-7979,7800 POSTMA RD STE 2,,MOXEE,WA,98936-0000,,,,,,true,true,,
1338,6033585230010001,416303,EVERGREEN AGRICULTURE,EVERGREEN AGRICULTURE,(509) 928-3866,17117 E MACMAHAN RD STE A,,SPOKANE,WA,99217-9404,,,,,,true,true,,
1339,6030135090010001,416305,SUBLIME VENTURES,SUBLIME VENTURES,(425) 238-2090,14107 PIONEER WAY E,A-1,PUYALLUP,WA,98372-0000,,,,,,true,true,,
1340,6031564630010001,416308,CANNABIS KING GARDENS,CANNABIS KING GARDENS,(360) 325-3149,2134 PACIFIC ST,,BELLINGHAM,WA,98229-5825,,,,,,true,true,,
1341,6032725330010002,416310,REDTAIL,REDTAIL,(509) 571-8134,14601 PALM CT,,YAKIMA,WA,98908-9757,,,,,,true,true,,
1342,6034978900010001,416311,SOUND EXTRACTS,SOUND EXTRACTS,(206) 451-4480,26268 12 TREES LN NW BLDG6 110,BLDG 6 STE 110,POULSBO,WA,98370-6402,,,,,,true,true,,
1343,6033276790010001,416320,PACIFIC BOTANICAL,PACIFIC BOTANICAL,(425) 830-4879,555 OSPREY DR,,BREWSTER,WA,98113-0000,,,,,,true,true,,
1344,6033549250010001,416412,EVERGREEN GROPRO,EVERGREEN GROPRO,(360) 280-4085,50 W WESTFIELD CT UNIT C,,SHELTON,WA,98584-0000,,,,,,true,true,,
1345,602893606,416417,"PAINTED ROOSTER, LLC","PAINTED ROOSTER, LLC",0,7521 POSTMA RD STE A,,MOXEE,WA,98936-9706,,,,,,true,true,,
1346,6033566100010001,416423,JMS. CONSULTANTS,JMS. CONSULTANTS,(386) 931-3174,1512 CENTER ST STE A,,TACOMA,WA,98409-0000,,,,,,true,true,249550,2026-05-14T18:26:25.777000
1347,6033567900010001,416424,THE MIDNIGHT GARDNER,THE MIDNIGHT GARDNER,(509) 366-0366,705 MONTANA AVE,,SOUTH BEND,WA,98586-0000,,,,,,true,true,,
1348,6033568030010001,416425,OPTIMIZED PROPOGATION LIMITED LIABILITY COMPA,OPTIMIZED PROPOGATION LIMITED LIABILITY COMPA,(773) 844-7953,18791 CEDARDALE RD SUITE B,,MOUNT VERNON,WA,98274-7592,,,,,,true,true,,
1349,6033570530010001,416429,TUCKER RANCH,TUCKER RANCH,(360) 551-2566,11670 STATE RTE 28 WEST STE D,STE D,QUINCY,WA,98848-9709,,,,,,true,true,,
1350,6033578420010001,416433,EMERALD CITY GROWERS,EMERALD CITY GROWERS,(206) 920-8316,3525 HOEHNE AVE,,LONGVIEW,WA,98632-9385,,,,,,true,true,,
1351,6033585450010001,416445,WALDEN,WALDEN,(352) 514-9238,1104 OLD HWY 97 STE A,,BREWSTER,WA,98812-0000,,,,,,true,true,,
1352,604608872,416448,SOUTH PARK GARDENS LLC,SOUTH PARK GARDENS LLC,(206) 355-1955,8500 14TH AVE S STE B,,SEATTLE,WA,98108-4803,,,,,,true,true,,
1353,6033586190010001,416450,OPEN SKY FARMS,OPEN SKY FARMS,(407) 234-4453,99 GREENACRES RD LOT D,LOT D,RIVERSIDE,WA,98849-9625,,,,,,true,true,,
1354,6033590320010001,416459,MARY JANE,MARY JANE,(509) 469-8226,49 BAILEY LOOP RD,,GOLDENDALE,WA,98620-0000,,,,,,true,true,,
1355,6033591220010002,416462,NORTHWEST GROWN PRODUCTS,NORTHWEST GROWN PRODUCTS,(360) 854-9333,24862 BENHAM RD STE A,,MOUNT VERNON,WA,98273-8080,,,,,,true,true,,
1356,6034707970010001,416481,FOREVERGREEN,FOREVERGREEN,(206) 799-0962,4654 GUIDE MERIDIAN,BLDG D,BELLINGHAM,WA,98226-9110,,,,,,true,true,,
1357,6033606590010001,416490,PURELY GREEN,PURELY GREEN,(360) 921-8341,35702 NW TOENJES RD,STE 4,WOODLAND,WA,98674-3721,,,,,,true,true,,
1358,6034333600010001,416495,HIGGS & BOSON,HIGGS & BOSON,(206) 240-2530,23203 HWY 17 N,,SOAP LAKE,WA,98851-0000,,,,,,true,true,,
1359,6035473790010001,416499,NORTHWEST FINEST,NORTHWEST FINEST,(509) 648-3207,13301 PINE CITY MALDEN RD,BLDG 1,SAINT JOHN,WA,99171-9626,,,,,,true,true,,
1360,6033579330010001,416561,SASQUATCH CANNABIS COMPANY,SASQUATCH CANNABIS COMPANY,(360) 966-0260,4911 EVERSON GOSHEN RD,,BELLINGHAM,WA,98226-0000,,,,,,true,true,,
1361,6033582410010001,416565,HIGH TIMES UNLIMITED,HIGH TIMES UNLIMITED,(253) 353-0563,1384 STATE ROUTE 12 STE A,,MONTESANO,WA,98563-0000,,,,,,true,true,,
1362,6033582810010001,416566,SON LUX,SON LUX,(360) 688-3428,1013 85TH AVE SE,STE A,TUMWATER,WA,98501-5730,,,,,,true,true,,
1363,6035791810010001,416572,TANJ FARMS,TANJ FARMS,(206) 653-6999,6441 OLD GUIDE RD STE C,,BELLINGHAM,WA,98226-9655,,,,,,true,true,,
1364,6034756510010001,416576,SMOOTH BLUE,SMOOTH BLUE,(360) 301-0531,126 NEWMAN CREEK RD,UNIT #5,ELMA,WA,98541-9536,,,,,,true,true,,
1365,6032747000010001,416578,FSG,FSG,(360) 265-9152,3906 B ST NW,,AUBURN,WA,98002-2420,,,,,,true,true,,
1366,6033418800010001,416579,WHITE STAR,WHITE STAR,(360) 446-7267,12307 VAIL CUTOFF RD SE STE A,,RAINIER,WA,98576-9660,,,,,,true,true,,
1367,6033500150010002,416581,CUSTOM CULTIVATORS,CUSTOM CULTIVATORS,(360) 991-3913,186 CHEROKEE RD STE D,,OMAK,WA,98841-9476,,,,,,true,true,,
1368,603356948,427094,PURA VALLEY HERBS,PURA VALLEY HERBS,(541) 610-4194,161 WESTFIELD CT,,SHELTON,WA,98584-4604,,,,,,true,true,,
1369,6033785750010001,416583,GREEN THUMB GARDENS,GREEN THUMB GARDENS,(509) 304-4260,13421 WILSON CREEK RD,,ELLENSBURG,WA,98926-5575,,,,,,true,true,,
1370,6033579020010001,416584,JSM NISQUALLY,JSM NISQUALLY,(206) 795-1518,10333 LAKE CITY WAY,STE 201,SEATTLE,WA,98125-7737,,,,,,true,true,,
1371,6033579050010001,416585,CAPITAL CITY CANNABIS COMPANY,CAPITAL CITY CANNABIS COMPANY,(360) 561-8122,16726 PROMISE LN SW,,ROCHESTER,WA,98579-9591,,,,,,true,true,,
1372,604583717,430596,"PLANT ME, LLC","PLANT ME, LLC",(509) 670-7043,169 GREENACRES RD BLDG B,,RIVERSIDE,WA,98849-9647,,,,,,true,true,,
1373,6033497390010001,416601,EVERGREEN PRODUCTION,EVERGREEN PRODUCTION,(206) 818-5054,2870 OCEAN AVE BLDG 1,,RAYMOND 412902,WA,98577-4926,,,,,,true,true,,
1374,6033508210010001,416606,KUSH VALLEY,KUSH VALLEY,(510) 333-6835,5004 WEISHAAR RD E,,ODESSA,WA,99159-6000,,,,,,true,true,,
1375,6033508680010001,416608,ETTAS HERBALS,ETTAS HERBALS,(509) 949-5773,5602 WA 270,STE D,PULLMAN,WA,99163-8708,,,,,,true,true,,
1376,604321828,416644,PLATINUM COAST,PLATINUM COAST,(720) 537-8224,5845 192 AVE SW STE 103,STE 103,ROCHESTER,WA,98579-0000,,,,,,true,true,,
1377,6033620700010001,416646,FIVE O 2,FIVE O 2,(206) 799-7290,4380 KAWECKI RD STE D,STE D,MALAGA,WA,98828-0000,,,,,,true,true,,
1378,6035420680010002,416656,ISLAND GRO,ISLAND GRO,(206) 679-4781,3157 A GOLDIE RD,,OAK HARBOR,WA,98277-2732,,,,,,true,true,,
1379,6033621790010001,416658,GRASS ROOTZ,GRASS ROOTZ,(509) 879-1018,5724 N SYCAMORE ST,,SPOKANE,WA,99217-6507,,,,,,true,true,,
1380,6033621970010001,416660,INFORMATION RETRIEVAL,INFORMATION RETRIEVAL,(206) 226-0600,3062 STATE HWY 16 SW STE 2-8,STE 2-8,BREMERTON,WA,98312-4958,,,,,,true,true,,
1381,6035742140010001,416669,VAJRADHARA PRODUCTS LLC,VAJRADHARA PRODUCTS LLC,(206) 324-4872,221 BRUENN AVE,,BREMERTON,WA,98312-3107,,,,,,true,true,,
1382,6035103930010001,416672,SUNNYSIDE NORTHWEST,SUNNYSIDE NORTHWEST,(253) 606-7834,41305 N GRIFFIN RD,,GRANDVIEW,WA,98930-9688,,,,,,true,true,,
1383,6032437310010001,416677,DANK INC.,DANK INC.,(206) 501-0879,212 N GALES ST STE A,,PORT ANGELES,WA,98362-8731,,,,,,true,true,,
1384,6034845540010001,416681,NICEBUDS,NICEBUDS,(206) 375-2233,23930 OSO LOOP RD,STE J,ARLINGTON,WA,98223-5399,,,,,,true,true,,
1385,6034455680010001,416689,GROOVY GREENS,GROOVY GREENS,(206) 380-9089,"7800 POSTMA RD, STE 3",,MOXEE,WA,98936-0000,,,,,,true,true,,
1386,6027726970010001,416690,FREYA FARM,FREYA FARM,(360) 445-3372,20535 DIKE RD,STE 1,MOUNT VERNON,WA,98273-6527,,,,,,true,true,,
1387,6033540810010002,416693,LEAVES OF GRASS,LEAVES OF GRASS,(206) 920-7731,3902 10TH ST SE,,EAST WENATCHEE,WA,98802-9305,,,,,,true,true,,
1388,603354168,417014,BEAUSOLEIL,BEAUSOLEIL,(225) 329-9486,74 PIT RD STE C,,BREWSTER,WA,98368-0000,,,,,,true,true,,
1389,6033552510010001,416700,THE GRIND HOUSE,THE GRIND HOUSE,(509) 389-2024,3625 E FERRY ST,,SPOKANE,WA,99202-4629,,,,,,true,true,,
1390,6035064580010001,416706,MAGIC TIME FARMS,MAGIC TIME FARMS,(714) 213-4262,126 NEWMAN CREEK RD,UNIT 2,ELMA,WA,98541-9536,,,,,,true,true,,
1391,6033576490010002,416721,EMERALD CITY INDUSTRIES,EMERALD CITY INDUSTRIES,(206) 818-5113,23887 S FRONTAGE RD E,UNIT 1,WARDEN,WA,98857-9314,,,,,,true,true,,
1392,6034382850010001,416807,NORTH COAST CONCENTRATES,NORTH COAST CONCENTRATES,(425) 614-7112,52433 HWY 112,,PORT ANGELES,WA,98363-9724,,,,,,true,true,,
1393,603470108,428568,TONASKET HIGH COUNTRY,TONASKET HIGH COUNTRY,(360) 536-0361,3540 DONEEN RAINEY RD STE B,,EAST WENATCHEE,WA,98802-8600,,,,,,true,true,,
1394,6033625130010001,416813,JANE GARDENS,JANE GARDENS,(425) 269-8547,2512 HARTFORD DR,,LAKE STEVENS,WA,98258-0000,,,,,,true,true,,
1395,6033627900010001,416822,GROW-TECH,GROW-TECH,(509) 594-6333,2795 ROAD D NE,,MOSES LAKE,WA,98837-9688,,,,,,true,true,,
1396,6034287920010002,416825,CANNA VERDE,CANNA VERDE,(509) 826-2111,8 COW TRAIL RD,,TONASKET,WA,98855-0000,,,,,,true,true,,
1397,6033937950010001,416827,THE PLANT FACTORY,THE PLANT FACTORY,(425) 681-2285,41 RUMSEY RD,,NEWPORT,WA,99156-9023,,,,,,true,true,,
1398,6035085780010001,416834,GREEN LEAF ESTATES,GREEN LEAF ESTATES,(360) 458-4945,13241 ZELLER RD SE STE #1,,YELM,WA,98597-9213,,,,,,true,true,,
1399,6033924740010001,416837,GOATHOUSE,GOATHOUSE,(360) 908-2447,2412 ANDERSON HILL RD SW STE A,SUITE A,PORT ORCHARD,WA,98367-9311,,,,,,true,true,,
1400,6033394200010001,416844,WASHINGTON MARIJUANA,WASHINGTON MARIJUANA,(509) 305-1611,7800 POSTMA ROAD STE 1,SUITE 1,MOXEE,WA,98936-0000,,,,,,true,true,,
1401,604458405,429105,BOLD TYPE LLC,BOLD TYPE LLC,(425) 471-4491,22745 ROAD 4 SE,,WARDEN,WA,98857-9715,,,,,,true,true,,
1402,6034463240010001,416855,SIERRA GREEN,SIERRA GREEN,(425) 327-0749,11503 60TH ST NE,,LAKE STEVENS,WA,98258-8733,,,,,,true,true,,
1403,6033107770010001,416857,SWEET AMBROSIA,SWEET AMBROSIA,(425) 443-2726,19531 183RD WAY SE STE A,SUITE A,RENTON,WA,98058-9737,,,,,,true,true,,
1404,6033121220010001,416858,GREEN VALLEY MANAGEMENT,GREEN VALLEY MANAGEMENT,(509) 830-5240,101 GREEN VALLEY RD STE A,,MABTON,WA,98935-9471,,,,,,true,true,,
1405,603270374,416859,VERDELUX CHOCOLATES,VERDELUX CHOCOLATES,(360) 998-3253,924 KENTUCKY ST,,BELLINGHAM,WA,98225-4226,,,,,,true,true,,
1406,604534086,416871,NB Arlington II LLC,NB Arlington II LLC,(425) 420-0170,23930 OSO LOOP RD STE H,STE D,ARLINGTON,WA,98223-5399,,,,,,true,true,,
1407,602564176,426980,MC2 SUPPLY,MC2 SUPPLY,(253) 380-2308,6256 FRENCHMAN HILLS RD W,STE C,ROYAL CITY,WA,99357-9612,,,,,,true,true,,
1408,6025000700010001,417133,PARTHENON,PARTHENON,(206) 650-7779,351 W MERZ RD,,SUNNYSIDE,WA,98944-9418,,,,,,true,true,,
1409,6024012150010002,417134,150 POUNDERS,150 POUNDERS,(253) 405-5065,21037 BUCODA HWY SE,,CENTRALIA,WA,98531-9501,,,,,,true,true,,
1410,6033613880010001,417135,BC LABS,BC LABS,(360) 461-3555,199 EASY ST,,PORT ANGELES,WA,98362-0000,,,,,,true,true,,
1411,6030883930010002,417142,AGRO COUTURE,AGRO COUTURE,(206) 579-9464,2919 S ALASKA ST,,TACOMA,WA,98409-7804,,,,,,true,true,175855,2026-05-11T20:57:01.217000
1412,6033481560010001,417147,HEAVENLY BUDS,HEAVENLY BUDS,(360) 518-1501,1445 INDUSTRIAL WAY 19 C,,LONGVIEW,WA,98632-0000,,,,,,true,true,1133291,2026-06-03T21:06:46.820000
1413,603349089,430652,ECC,ECC,(253) 332-3777,4398 WEST RD,#10,BLAINE,WA,98230-9419,,,,,,true,true,,
1414,6033545590010002,417149,HEMP MASTERS,HEMP MASTERS,(509) 302-1547,171 FAIRWAY AVE STE A,,MESA,WA,99343-9554,,,,,,true,true,,
1415,6034541600010001,417155,DANDELION FARMS,DANDELION FARMS,(509) 279-4729,4807 N REBECCA ST SUITE A,,SPOKANE,WA,99217-6751,,,,,,true,true,,
1416,6036062670010001,417163,DYNAMIC PROCESSORS,DYNAMIC PROCESSORS,(360) 280-8341,624 SUNSET PARK DR,,SEDRO WOOLLEY,WA,98284-1578,,,,,,true,true,0,2026-02-27T17:56:32.520000
1417,6035253190010001,417168,PROJECT M,PROJECT M,(425) 350-0248,10908 156TH ST NE STE C,,ARLINGTON,WA,98223-8814,,,,,,true,true,,
1418,603350552,417174,LIFTED CANNABIS,LIFTED CANNABIS,(253) 302-3086,3303 S 35TH ST STE B-12,STE B-12,TACOMA,WA,98409-4726,,,,,,true,true,4167371,2026-06-25T05:18:50.647000
1419,6040245530010001,417175,PLANTWORKS,PLANTWORKS,(206) 363-1563,12710 AURORA AVE N,,SEATTLE,WA,98133-7520,,,,,,true,true,,
1420,6034342200010001,417176,DANKY DOODLE,DANKY DOODLE,(360) 273-2333,17440 MOON RD SW,STE A,ROCHESTER,WA,98579-9617,,,,,,true,true,,
1421,603376082,430699,PARADISE VALLEY PRODUCTIONS,PARADISE VALLEY PRODUCTIONS,(206) 794-5026,17416 187TH AVE SE #B,SUITE C,MONROE,WA,98272-9114,,,,,,true,true,,
1422,6035046630010001,417183,"LEAFLINE LABS, LLC","LEAFLINE LABS, LLC",(425) 770-8112,145 GREENACRES RD UNIT #2,,RIVERSIDE,WA,98849-0000,,,,,,true,true,,
1423,6035682470010001,417184,HIGH SUPPLY,HIGH SUPPLY,(360) 350-8198,2842 93RD AVE SW,STE A,TUMWATER,WA,98512-9144,,,,,,true,true,,
1424,6033587960010001,417274,GREENLEAF INDUSTRIES,GREENLEAF INDUSTRIES,(714) 574-5420,2621 MOTTMAN CT SW #B,,TUMWATER,WA,98512-5632,,,,,,true,true,,
1425,6033588100010001,417276,KEEP IT GREEN PRODUCTIONS,KEEP IT GREEN PRODUCTIONS,(509) 679-1556,10 AYERS RD BLDG 2,,TWISP,WA,98856-9736,,,,,,true,true,,
1426,6035233300010001,417295,LOPEZ AND ORR CO,LOPEZ AND ORR CO,(509) 944-4911,1120 S FAIRCHILD ST STE A,,MEDICAL LAKE,WA,99022-8778,,,,,,true,true,,
1427,6040338380010001,417297,REVERIE ENTERPRISES LLC,REVERIE ENTERPRISES LLC,(206) 354-9734,26740 VASHON HWY SW,,VASHON,WA,98070-8319,,,,,,true,true,,
1428,6033592560010001,417300,MAHONEY GREENS,MAHONEY GREENS,(253) 732-3090,1123 ST PAUL AVE,,TACOMA,WA,98421-2404,,,,,,true,true,,
1429,6033592610010001,417301,LADERA FARMS,LADERA FARMS,(509) 669-6462,570 WEBB AVE S STE A,,EAST WENATCHEE,WA,98802-9388,,,,,,true,true,,
1430,6034445030010001,417316,CANNA-MED,CANNA-MED,(650) 281-5236,234 OMAK RIVER RD STE A,,OMAK,WA,98841-9673,,,,,,true,true,,
1431,6034461730010001,417320,MOTHERS OTHER GARDEN,MOTHERS OTHER GARDEN,(253) 884-3427,414 DELANO ROAD KP S STE A,,LAKEBAY,WA,98349-8508,,,,,,true,true,,
1432,6012242980010002,417321,GENETICS 360,GENETICS 360,(360) 550-7918,1975 ALPINE WAY #6,,BELLINGHAM,WA,98226-0000,,,,,,true,true,,
1433,6033991990010001,417324,SOG,SOG,(509) 427-7392,35702 NW TOENJES RD,STE 3,WOODLAND,WA,98674-3721,,,,,,true,true,,
1434,603545346,426996,ATF FARMS LLC,ATF FARMS LLC,(509) 679-7948,3540 DONEEN RAINEY RD,,EAST WENATCHEE,WA,98802-8600,,,,,,true,true,,
1435,6033497230010001,417338,QUALITY GROWERS,QUALITY GROWERS,(360) 941-7245,2870 OCEAN AVE BLDG 3,BLDG 3,RAYMOND,WA,98577-4926,,,,,,true,true,,
1436,6033594260010001,417349,CLOUDY FARMS,CLOUDY FARMS,(425) 327-0066,23930 OSO LOOP RD,STE F,ARLINGTON,WA,98223-0000,,,,,,true,true,,
1437,6033177010010002,417358,BLUEGRASS,BLUEGRASS,(509) 322-3270,55 REEVAS BASIN RD STE A,STE A,TONASKET,WA,98855-0000,,,,,,true,true,,
1438,6033596110010001,417361,GIGGLE BUSH,GIGGLE BUSH,(253) 347-4080,986 E HAMPTON RD STE A,STE A,LIND,WA,99341-9725,,,,,,true,true,,
1439,6033597540010001,417367,THE LEGACY,THE LEGACY,(360) 749-5455,381 DELAMETER RD,,CASTLE ROCK,WA,98611-9411,,,,,,true,true,,
1440,6036050540010001,417631,BILLOWS OF HAZE,BILLOWS OF HAZE,(509) 844-3523,3836 E ROWAN AVE STE B,,SPOKANE,WA,99208-0000,,,,,,true,true,,
1441,6033553360010001,417763,ROCKY BROOK RANCH,ROCKY BROOK RANCH,(702) 430-1947,71 MUSTANG LN AREA C,STE 1,BRINNON,WA,98320-9640,,,,,,true,true,,
1442,6028105730010003,417891,MR WHOLESALE,MR WHOLESALE,(509) 710-3240,2219 A N RAMBO RD,,SPOKANE,WA,99224-9584,,,,,,true,true,,
1443,6033578920010001,419100,SKAGIT AGRICULTURE,SKAGIT AGRICULTURE,(206) 227-1835,8531 POSTMA RD STE C,,MOXEE,WA,98936-9317,,,,,,true,true,,
1444,6033121340010002,420213,DOWNTOWN CANNABIS COMPANY,DOWNTOWN CANNABIS COMPANY,(425) 829-0836,612 S ALASKA ST,,SEATTLE,WA,98108-1727,,,,,,true,true,2160300,2026-06-18T00:45:17.543000
1445,6033478690010002,421103,FIRE HOUSE PRODUCTIONS,FIRE HOUSE PRODUCTIONS,(509) 362-3963,3636 E SANSON AVE,,SPOKANE,WA,99217-7809,,,,,,true,true,,
1446,6033459530010003,421766,NW CONNOISSEURS,NW CONNOISSEURS,(360) 376-2586,46 HOPE LANE,,EASTSOUND,WA,98245-0000,,,,,,true,true,,
1447,6034670690010002,421839,ABSOLUTE OILS,ABSOLUTE OILS,(206) 310-6620,1432 S CLOVERDALE ST,,SEATTLE,WA,98108-4825,,,,,,true,true,,
1448,6033509520010002,421941,GREEN HAVEN LLC,GREEN HAVEN LLC,(425) 312-4423,1311 STATE ROUTE 530 NE,UNIT B,DARRINGTON,WA,98241-9782,,,,,,true,true,,
1449,6033494720010007,422257,PINNACLE NW,PINNACLE NW,(360) 264-5484,500 E EXPORT ROAD,,SHELTON,WA,98584-0000,,,,,,true,true,,
1450,6033067980010002,422323,URBAN FARMS OF WASHINGTON,URBAN FARMS OF WASHINGTON,(360) 901-5985,24 THAYER SOUTH RD STE A,SUITE A,OROVILLE,WA,98844-9224,,,,,,true,true,,
1451,6033540700010002,422368,PRINCE FARMS,PRINCE FARMS,(425) 736-1226,389 BUSINESS PARK LOOP,,SEQUIM,WA,98382-9491,,,,,,true,true,136240,2026-04-07T17:41:37.133000
1452,6033408760010002,422561,SINSEMILLA,SINSEMILLA,(206) 852-7089,2916 STATE ST STE 304,,EVERETT,WA,98201-3842,,,,,,true,true,,
1453,6033547880010005,422685,ALON,ALON,(425) 775-4619,127 BOUNDARY POINT RD,,OROVILLE,WA,98844-9563,,,,,,true,true,,
1454,6034810050010003,422928,PACIFIC GLO,PACIFIC GLO,(425) 359-1090,7721 MARSH RD,,SNOHOMISH,WA,98296-5901,,,,,,true,true,,
1455,6033138350010003,422993,EDGEMONT GROUP,EDGEMONT GROUP,(509) 888-0420,625 E EDGEMONT DR,,WENATCHEE,WA,98801-0000,,,,,,true,true,,
1456,6033588190010003,424091,SKY HIGH GARDENS,SKY HIGH GARDENS,(206) 963-7066,2724 1ST AVE S,STE C,SEATTLE,WA,98134-1851,,,,,,true,true,407875,2026-05-16T02:22:44.683000
1457,6033528090010002,424223,HANNAH INDUSTRIES,HANNAH INDUSTRIES,(206) 499-5050,13312 SE 30TH ST,,BELLEVUE,WA,98005-4404,,,,,,true,true,,
1458,604417039,424285,GRX2,GRX2,(425) 319-3720,2916 STATE ST STE 103,STE 103,EVERETT,WA,98201-0000,,,,,,true,true,,
1459,6033507990010003,424306,NORTHWEST SERVICES UNLIMITED,NORTHWEST SERVICES UNLIMITED,(253) 312-4612,9889 PADILLA HEIGHTS RD BDLG 3,BLDG 3 UNIT 6,ANACORTES,WA,98221-0000,,,,,,true,true,,
1460,6034706820010002,424365,OLYMPUS GROUP,OLYMPUS GROUP,(253) 985-1520,43001 N GRIFFIN RD STE B,STE B,GRANDVIEW,WA,98930-9041,,,,,,true,true,,
1461,604408037,416203,HJG LLC,HJG LLC,(603) 440-9875,3163 GOLDIE RD BLDG B STE 1&2,,OAK HARBOR,WA,98277-0000,,,,,,true,true,,
1462,6035138790010004,424381,DARLING GROWERS,DARLING GROWERS,(503) 901-8525,3900 BAY RD,,FERNDALE,WA,98248-9694,,,,,,true,true,,
1463,6040946460010001,424481,NWCS,NWCS,(425) 455-2291,37 ENTERPRISE LN,,ELMA,WA,98541-0000,,,,,,true,true,,
1464,6033409730010002,424484,AURUM FARMS,AURUM FARMS,(360) 348-8489,8129 PIPELINE RD,,LYMAN,WA,98263-0000,,,,,,true,true,,
1465,603468131,429985,RAINBOW HAZE,RAINBOW HAZE,(360) 449-2912,36043 STATE ROUTE 23 E LOT 3,STE 200,DAVENPORT,WA,99122-9758,,,,,,true,true,,
1466,6035480310010003,424500,"LEGENDARY LABORATORIES, LLC","LEGENDARY LABORATORIES, LLC",(509) 808-5223,2717 N MAYFAIR ST,,SPOKANE,WA,99207-2073,,,,,,true,true,,
1467,6033497050010004,424573,TRIPLE T FARMS,TRIPLE T FARMS,(209) 991-4464,8531 POSTMA RD STE T,,MOXEE,WA,98936-0000,,,,,,true,true,,
1468,6033564690010004,424786,MARPROD,MARPROD,(843) 324-5119,362 MICHEL LANE,,OTHELLO,WA,99344-0000,,,,,,true,true,,
1469,603542026,412636,HD HILLS,HD HILLS,(509) 422-5704,511 WAUTOMA RD,,SUNNYSIDE,WA,98944-0000,,,,,,true,true,,
1470,6033562440010003,425023,ROCK ISLAND FARM,ROCK ISLAND FARM,(206) 890-1721,5315 140TH ST E,,TACOMA,WA,98446-4129,,,,,,true,true,,
1471,603358999,425035,SNOWCREST,SNOWCREST,(360) 977-1978,2117 ST FRANCIS LN,,VANCOUVER,WA,98660-1060,,,,,,true,true,,
1472,6020655520010003,425496,JET CITY GARDENS,JET CITY GARDENS,(206) 399-9221,4165 HANNEGAN RD STE B,STE B,BELLINGHAM,WA,98226-9196,,,,,,true,true,,
1473,6033458120010003,425600,HORTONS,HORTONS,(206) 403-6928,13363 ROAD 2 NE UNIT A,,MOSES LAKE,WA,98837-0000,,,,,,true,true,,
1474,6040251290010002,425691,POT OF GOLD,POT OF GOLD,(310) 993-5709,7453 S MADISON ST UNIT A,,TACOMA,WA,98409-1024,,,,,,true,true,,
1475,6034002040010002,425699,CANNA-BEST,CANNA-BEST,,2310 W SUTTON RD STE F1,,OTHELLO,WA,99344-9009,,,,,,true,true,,
1476,6040251420010002,425737,MOLECULAR GENETICS RESEARCH ASSOCIATES,MOLECULAR GENETICS RESEARCH ASSOCIATES,(603) 703-2732,3303 S 35TH ST STE A9,,TACOMA,WA,98409-4723,,,,,,true,true,,
1477,6029656910010002,412044,LANDSEYE LOGISTICS,LANDSEYE LOGISTICS,(425) 681-7941,47600 SE 153RD ST STE A,,NORTH BEND,WA,98045-8669,,,,,,true,true,,
1478,6031046500010002,412047,KOUCHLOCK PRODUCTIONS,KOUCHLOCK PRODUCTIONS,(509) 327-2777,1919 E FRANCIS AVE STE B,,SPOKANE,WA,99208-2747,,,,,,true,true,,
1479,6031808180010002,412061,BOTANY UNLIMITED DESIGN & SUPPLY,BOTANY UNLIMITED DESIGN & SUPPLY,(509) 619-9364,2505 N COMMERCIAL AVE UNIT C/D,,PASCO,WA,99301-9505,,,,,,true,true,,
1480,6033121340010001,412075,DOWNTOWN CANNABIS COMPANY,DOWNTOWN CANNABIS COMPANY,(425) 829-0836,898 VALENTINE AVE SE,,PACIFIC,WA,98047-2100,,,,,,true,true,,
1481,6006477070010003,412098,HILL TOP GROWERS,HILL TOP GROWERS,(509) 966-5906,4301 N MISSIMER RD,,PROSSER,WA,99350-0000,,,,,,true,true,,
1482,6033375830010001,412103,QUINCE FARM,QUINCE FARM,(206) 842-7480,5973 OLD MILL RD NE BLDG E-5,,BAINBRIDGE ISLAND,WA,98110-3140,,,,,,true,true,,
1483,6033406800010001,412107,NINE POINT GROWTH INDUSTRIES,NINE POINT GROWTH INDUSTRIES,(360) 265-1863,1788 3RD AVE W,,BREMERTON,WA,98312-5300,,,,,,true,true,,
1484,6033409730010001,412110,AURUM FARMS,AURUM FARMS,(360) 348-8489,21516 95TH ST SE,,SNOHOMISH,WA,98290-7254,,,,,,true,true,,
1485,6033478690010001,412144,NEXT LEVEL PRODUCTIONS,NEXT LEVEL PRODUCTIONS,(800) 509-6329,6620 N MARKET ST,,SPOKANE,WA,99217-7809,,,,,,true,true,,
1486,6033998080010001,412157,HC GARDENS,HC GARDENS,(425) 327-7616,15210 275TH AVE SE STE B,,MONROE,WA,98272-9524,,,,,,true,true,,
1487,6035077540010001,412536,EL REY DE LA KUSH,EL REY DE LA KUSH,(509) 264-8399,"4499 ROAD L NE, SUITE B",,MOSES LAKE,WA,98837-0000,,,,,,true,true,,
1488,6032488030010001,412538,GRATEFUL FARMS,GRATEFUL FARMS,(253) 355-4133,8 GOLD MINE SPUR E,,RIVERSIDE,WA,98849-9693,,,,,,true,true,,
1489,6033308030010001,412544,CANNASTAR,CANNASTAR,(425) 471-1960,8129A PIPELINE RD,,LYMAN,WA,98263-0000,,,,,,true,true,,
1490,6033491800010001,412552,LADY EARTH BOTANICALS,LADY EARTH BOTANICALS,(360) 751-5000,144 MORGAN RD # A,,TOUTLE,WA,98649-9734,,,,,,true,true,,
1491,6040251420010001,412585,MOLECULAR GENETICS RESEARCH ASSOCIATES,MOLECULAR GENETICS RESEARCH ASSOCIATES,(603) 703-2732,2564 HOOKER RD,,SEQUIM,WA,98382-7265,,,,,,true,true,,
1492,6033508160010001,412589,SUGARLEAF FARM,SUGARLEAF FARM,(360) 393-6972,"18254 W MCCORQUEDALE RD, STE B",,MOUNT VERNON,WA,98273-7291,,,,,,true,true,,
1493,6033506070010001,412591,JCJ GREENS,JCJ GREENS,(509) 888-5252,410 HIGHWAY 150 STE 1,,CHELAN,WA,98816-0106,,,,,,true,true,,
1494,6033489860010001,412595,HD HILLS,HD HILLS,(509) 422-5704,61 SALMON CREEK RD SUITE A,,OKANOGAN,WA,98840-9524,,,,,,true,true,,
1495,6032771310010001,412623,CE GROUP,CE GROUP,(773) 858-5118,4165 HANNEGAN RD,,BELLINGHAM,WA,98226-9196,,,,,,true,true,,
1496,6020655520010002,412639,JET CITY GARDENS,JET CITY GARDENS,(206) 399-9221,929 S HARNEY ST,,SEATTLE,WA,98108-0000,,,,,,true,true,,
1497,6033795260010001,412666,THREE G FARMS LLC,THREE G FARMS LLC,(509) 948-1934,7205 ENDICOTT RD STE A,,ENDICOTT,WA,99125-0000,,,,,,true,true,,
1498,6033458120010001,412682,HORTONS,HORTONS,(206) 403-6928,11 CASEYS RANCH RD STE A,,DANVILLE,WA,99121-9707,,,,,,true,true,,
1499,6033528090010001,412699,HANNAH INDUSTRIES,HANNAH INDUSTRIES,(206) 499-5050,55 REEVAS BASIN RD,STE F,TONASKET,WA,98855-0000,,,,,,true,true,,
1500,6033504940010001,412703,ISLAND REEFER,ISLAND REEFER,(360) 661-2567,481 BUENA VIEW RD STE A,,CLE ELUM,WA,98922-8301,,,,,,true,true,,
1501,6033529710010001,412705,GROW IT WRIGHT,GROW IT WRIGHT,(425) 238-2255,28922 2ND AVE NW SUITE A,,ARLINGTON,WA,98223-7380,,,,,,true,true,,
1502,6035138790010002,412717,DARLING GROWERS,DARLING GROWERS,(503) 901-8525,14617 STATE ROUTE 530 NE STE A,STE A,ARLINGTON,WA,98223-5357,,,,,,true,true,,
1503,6033138350010001,413078,SAN JUAN SUN GROWN,SAN JUAN SUN GROWN,(360) 317-5334,252A FIELDSTONE RD LOT 1,,FRIDAY HARBOR,WA,98250-8605,,,,,,true,true,,
1504,6031834780010003,413100,PLANET GREEN,PLANET GREEN,(360) 982-2290,17926 STATE ROUTE 536 STE B,,MOUNT VERNON,WA,98273-3269,,,,,,true,true,,
1505,6019964290010002,413113,AQUA ORGANICS,AQUA ORGANICS,(360) 209-4224,82 PORTAGE PLACE UNIT B,,FRIDAY HARBOR,WA,98250-0000,,,,,,true,true,,
1506,6021814570010002,413115,KLARITIE,KLARITIE,(509) 675-2043,1102 CANNON WAY SUITE A,,COLVILLE,WA,99114-8701,,,,,,true,true,,
1507,6032739960010002,413132,PUGET SOUND CANNABIS COMPANY,PUGET SOUND CANNABIS COMPANY,(206) 375-4834,254 BAYVIEW RD,,ABERDEEN,WA,98520-9402,,,,,,true,true,,
1508,6033509520010001,413281,GREEN HAVEN,GREEN HAVEN,(425) 299-1335,8631 STATE ROUTE 92 STE A,,GRANITE FALLS,WA,98252-9782,,,,,,true,true,,
1509,6033478770010001,413641,BUD BROTHERS,BUD BROTHERS,(425) 702-9217,3163 GOLDIE RD BLDG F,BLDG F,OAK HARBOR,WA,98277-4852,,,,,,true,true,,
1510,6033531690010001,413854,AMERICANNA NATURALS,AMERICANNA NATURALS,(818) 744-0283,26420 PIONEER WAY NW,STE A,POULSBO,WA,98370-0000,,,,,,true,true,,
1511,6033548080010001,413864,OCEAN GROWN ENTERPRISES,OCEAN GROWN ENTERPRISES,(206) 399-5048,6481 PORTAL WAY STE A,,FERNDALE,WA,98248-9330,,,,,,true,true,,
1512,6040251290010001,414023,POT OF GOLD,POT OF GOLD,(310) 993-5709,8820 152ND ST SE STE A,,SNOHOMISH,WA,98296-8713,,,,,,true,true,,
1513,6033303330010002,414042,PROHIBITION BRANDS,PROHIBITION BRANDS,(573) 424-1659,22521 100TH ST SE STE A,,MONROE,WA,98272-7794,,,,,,true,true,,
1514,6033577130010001,414194,SKAGIT BUD,SKAGIT BUD,(206) 755-6915,4380 KAWECKI RD STE F,STE F,MALAGA,WA,98828-0000,,,,,,true,true,,
1515,6033477200010001,415693,DREAMIN GREEN FARMS,DREAMIN GREEN FARMS,(509) 468-2080,2009 W JOHANSEN RD STE A,,SPOKANE,WA,99208-0000,,,,,,true,true,,
1516,6033248100010002,415701,SOMA FARMS,SOMA FARMS,(425) 786-4549,1926 PINE CR RD #3,,TONASKET,WA,98855-0000,,,,,,true,true,,
1517,6034706820010001,416156,OLYMPUS GROUP,OLYMPUS GROUP,(509) 759-1932,"161 W WESTFIELD CT, UNIT B",,SHELTON,WA,98584-0000,,,,,,true,true,,
1518,6035545450010001,416190,WICKED HILLBILLY,WICKED HILLBILLY,(360) 513-4931,440 GRUBB RD STE 7,STE 7,WENATCHEE,WA,98801-0000,,,,,,true,true,,
1519,6018908570010002,416269,CBN SYSTEMS,CBN SYSTEMS,(360) 691-1556,15505 WEBBER CANYON RD,STE B,BENTON CITY,WA,99320-0000,,,,,,true,true,,
1520,6030726570010001,416282,DANK DYNASTY,DANK DYNASTY,(360) 856-6455,9268 SOREN RD,,SEDRO WOOLLEY,WA,98284-9089,,,,,,true,true,,
1521,6033166220010002,416315,EMERALD CITY ORGANICS,EMERALD CITY ORGANICS,(206) 579-2126,1128 SW SPOKANE ST,,SEATTLE,WA,98134-1128,,,,,,true,true,,
1522,6032777140010002,416350,MAX GREEN,MAX GREEN,(509) 475-2335,2307 E SPRAGUE AVE,,SPOKANE,WA,99202-3932,,,,,,true,true,,
1523,6033548940010001,416409,LANO,LANO,(206) 380-7345,12363 CLEAR CREEK RD NW STE B,,SILVERDALE,WA,98383-0000,,,,,,true,true,,
1524,6033578260010001,416432,SEVEN BLADES NORTHWEST,SEVEN BLADES NORTHWEST,(208) 818-1791,9485 KNAPP RD B-1-LOT 5-1,B-1-LOT 5-1,MOHLER,WA,99154-0000,,,,,,true,true,,
1525,6033588570010001,416458,GREATER GREEN,GREATER GREEN,(253) 970-7581,3303 S 35TH ST STE B-8,STE B-8,TACOMA,WA,98409-0000,,,,,,true,true,,
1526,6034681310010001,416504,RAINBOW HAZE,RAINBOW HAZE,(360) 449-2912,9485 KNAPP RD UNIT A,UNIT A,MOHLER,WA,99154-0000,,,,,,true,true,,
1527,6033547560010001,416514,GOODIES,GOODIES,(360) 222-0117,7019 ROAD 9 NW,STE G,EPHRATA,WA,98823-9722,,,,,,true,true,,
1528,6034987680010001,416527,DREAM CATCHER,DREAM CATCHER,(530) 917-9957,84 HANSON RD,,HUMPTULIPS,WA,98552-0000,,,,,,true,true,,
1529,6033588020010001,416539,VIRGINIA ENTERPRISES,VIRGINIA ENTERPRISES,(509) 690-4879,1191 PETERSON SWAMP RD STE A,,COLVILLE,WA,99114-9630,,,,,,true,true,,
1530,603350765,412496,PHDC2,PHDC2,(425) 503-8346,1411 CENTER ST,,TACOMA,WA,98409-8210,,,,,,true,true,,
1531,6033177630010001,412543,HIGH COUNTRY POTPORRIE,HIGH COUNTRY POTPORRIE,(509) 991-3667,126 NEWMAN CREEK RD,UNIT 8,ELMA,WA,98541-9536,,,,,,true,true,,
1532,603346158,404106,FIRE MOUNTAIN,FIRE MOUNTAIN,(360) 607-9713,8301 LEWIS RIVER RD,,ARIEL,WA,98603-9813,,,,,,true,true,,
1533,6034833520010001,412566,CINC-O-DOS,CINC-O-DOS,(253) 370-9804,30334 SE 26TH STREET STE C,STE C,FALL CITY,WA,98024-7600,,,,,,true,true,,
1534,6033488100010001,412596,MAJEBACILON,MAJEBACILON,(509) 301-9342,137 GREENACRES RD,,RIVERSIDE,WA,98849-9647,,,,,,true,true,,
1535,603350288,432262,"GRANDPA BUD, LLC","GRANDPA BUD, LLC",(509) 860-1007,123 GREENACRES RD UNIT 2,,RIVERSIDE,WA,98849-9647,,,,,,true,true,,
1536,6031070570010001,412626,BAD ASS HERBS,BAD ASS HERBS,(509) 686-6211,744 STATE ROUTE 173,UNIT B,BREWSTER,WA,98812-9661,,,,,,true,true,,
1537,6033530320010001,412692,BELLEVUE CANNABIS COMPANY,BELLEVUE CANNABIS COMPANY,(702) 210-8441,13300 SE 30TH ST UNIT 100-101,,BELLEVUE,WA,98005-4431,,,,,,true,true,1840908,2026-06-25T02:00:56.720000
1538,6033529520010001,412697,HYDRO PRO,HYDRO PRO,(509) 901-2656,128507 W KING TULL RD #A,,PROSSER,WA,99350-8600,,,,,,true,true,,
1539,6032715330010002,412711,WEED SNOBS,WEED SNOBS,(682) 551-2090,16810 415TH AVE SE,BLDG D STE 1,GOLD BAR,WA,98251-0000,,,,,,true,true,,
1540,6033520770010001,412727,BMT INDUSTRIES,BMT INDUSTRIES,(509) 690-7864,1106 CANNON WAY STE 7,,COLVILLE,WA,99114-8701,,,,,,true,true,,
1541,6033542780010001,412736,PACIFIC NORTHWEST PRODUCER,PACIFIC NORTHWEST PRODUCER,(425) 222-3572,28011 NE 4TH PL,,REDMOND,WA,98053-9000,,,,,,true,true,,
1542,6023680320010001,412762,NETTLES UNLIMITED,NETTLES UNLIMITED,(509) 216-7811,5805 E SHARP AVE,"SUITES A-6,A-7,A-8,A-9",SPOKANE VALLEY,WA,99212-0948,,,,,,true,true,,
1543,6035121180010001,412781,EARTHCRAFT FARMS,EARTHCRAFT FARMS,(360) 930-4996,126 NEWMAN CREEK RD UNIT 4,,ELMA,WA,98541-9536,,,,,,true,true,,
1544,6034475570010001,412828,ERHART CANNABIS CO,ERHART CANNABIS CO,(360) 305-4465,186 CHEROKEE RD,STE F,OMAK,WA,98841-0000,,,,,,true,true,,
1545,6033524140010001,412830,CANNA BASIN FARMS,CANNA BASIN FARMS,(509) 681-0011,"31150 COSGROVE RD N, STE A",,ALMIRA,WA,99103-8729,,,,,,true,true,,
1546,6033546520010001,413178,TRIPLE WIN PRODUCTIONS,TRIPLE WIN PRODUCTIONS,(803) 468-0260,21334 ADRIAN RD NE,,SOAP LAKE,WA,98851-9750,,,,,,true,true,,
1547,6033556620010001,413198,EMERALD SEA OF GREEN,EMERALD SEA OF GREEN,(425) 442-8891,23097 BAIRD SPRINGS RD,,QUINCY,WA,98848-9637,,,,,,true,true,,
1548,6033569710010001,413216,ONTIVEROS FARMS,ONTIVEROS FARMS,(509) 869-2126,2203 S RIETH LN SUITE 1,,MEDICAL LAKE,WA,99022-8654,,,,,,true,true,,
1549,6033570130010001,413223,WEST COAST HERBS,WEST COAST HERBS,(360) 808-5606,2123 KING ST,,BELLINGHAM,WA,98225-0000,,,,,,true,true,,
1550,6033260110010002,413292,TETRA CONSULTING,TETRA CONSULTING,(425) 761-5979,1512 RD 2 NW STE E,,MOSES LAKE,WA,98837-0000,,,,,,true,true,,
1551,6033308610010001,413335,KIBBLE JUNCTION,KIBBLE JUNCTION,(805) 405-4510,73 PIT RD STE B,,BREWSTER,WA,98812-9676,,,,,,true,true,,
1552,6031564750010002,413339,GREEN HARVEST CANNABIS COMPANY,GREEN HARVEST CANNABIS COMPANY,(360) 589-2947,95 US HWY 101 STE A,,HOQUIAM,WA,98550-0000,,,,,,true,true,,
1553,6033571480010001,413379,INTERSTATE 502,INTERSTATE 502,(208) 596-5665,3431 AIRPORT RD,STE A,PULLMAN,WA,99163-6001,,,,,,true,true,,
1554,6033575940010001,413431,CONSCIOUS FAMILY FARMS,CONSCIOUS FAMILY FARMS,(360) 303-7327,8109 E BRATT RD STE A,STE A,FAIRFIELD,WA,99012-9654,,,,,,true,true,,
1555,6033559290010001,413469,GREEN DREAMER,GREEN DREAMER,(206) 399-9462,4055 HAMMER DR STE 103,,BELLINGHAM,WA,98226-0000,,,,,,true,true,,
1556,6033568720010001,413627,THE RAUCUS GROUP,THE RAUCUS GROUP,(206) 816-5421,133 NE WATERHILL RD,STE B,TAHUYA,WA,98588-9760,,,,,,true,true,,
1557,6033553700010001,413632,QUALITY GREEN TREES,QUALITY GREEN TREES,(206) 914-6252,26268 12 TREES LN NW STE 140,STE 140,POULSBO,WA,98370-6402,,,,,,true,true,1223475,2026-06-15T21:19:16.930000
1558,6004490390010002,413658,ALASKAN GREEN ACRES,ALASKAN GREEN ACRES,(360) 491-1658,5390 STATE RT 12 UNIT A,,MALONE,WA,98590-0000,,,,,,true,true,,
1559,6033489900010001,413711,VULCAN MOUNTAIN FARM,VULCAN MOUNTAIN FARM,(509) 207-0901,190 GRAVES RD #A,,CURLEW,WA,99118-0000,,,,,,true,true,,
1560,6033538870010001,413858,FANTASY FARMS LLC,FANTASY FARMS LLC,(509) 467-1905,1220 W BALLARD RD,STE A & B,SPOKANE,WA,99208-8202,,,,,,true,true,,
1561,6033448770010001,413922,W.O.W. INDUSTRIES,W.O.W. INDUSTRIES,(509) 258-6999,4341 SPRINGDALE HUNTERS RD #B,,SPRINGDALE,WA,99173-9713,,,,,,true,true,,
1562,6033554460010001,415845,THE HIGH END,THE HIGH END,(206) 406-8987,17636 STATE ROUTE 20,,BURLINGTON,WA,98233-9681,,,,,,true,true,,
1563,6033608130010001,415873,WEEDIES,WEEDIES,(509) 590-5908,7810 N MARKET ST STE A,,SPOKANE,WA,99217-7833,,,,,,true,true,,
1564,6035066500010001,415880,RADNESS LABS,RADNESS LABS,(425) 736-2781,9472 ROAD U NORTHWEST,,QUINCY,WA,98848-0000,,,,,,true,true,,
1565,603358264,415930,BOTANICAL ARTS,BOTANICAL ARTS,(360) 403-8931,30121 HILLIS RD,UNIT B,ARLINGTON,WA,98223-9386,,,,,,true,true,,
1566,6033588560010001,415937,NORTHWEST GREENERY,NORTHWEST GREENERY,(509) 990-5913,4611 S LINKE RD,,GREENACRES,WA,99016-7704,,,,,,true,true,,
1567,6035684000010001,415971,CEDAR CREEK CANNABIS,CEDAR CREEK CANNABIS,(360) 513-9691,5717 NE 121ST AVE,,VANCOUVER,WA,98682-6284,,,,,,true,true,,
1568,6033592250010002,416006,CONTINENTAL HOLDINGS III,CONTINENTAL HOLDINGS III,(206) 604-3002,12 COW TRAIL RD,,TONASKET,WA,98855-0000,,,,,,true,true,,
1569,6033595520010001,416023,RUSTYNAIL,RUSTYNAIL,(509) 205-1683,63910 E SUNSET VIEW PR SE,BLDG A,BENTON CITY,WA,99320-8554,,,,,,true,true,,
1570,6033584690010001,416043,ARBOR ENTERPRISES,ARBOR ENTERPRISES,(206) 852-5911,86 BADGER RD,,HOQUIAM,WA,98550-9416,,,,,,true,true,,
1571,6033485240010001,416062,PREMIER CANNABIS,PREMIER CANNABIS,(208) 660-3810,4509 S CHEATHAM RD STE A,,SPOKANE,WA,99224-5654,,,,,,true,true,,
1572,6034577590010001,416108,POTLUCK,POTLUCK,(425) 444-2925,1106 CANNON WAY STE C,STE C,COLVILLE,WA,99114-0000,,,,,,true,true,,
1573,6033528300010001,416113,ROLLING FARMS,ROLLING FARMS,(425) 802-9871,18520 67TH AVE NE,,ARLINGTON,WA,98223-0000,,,,,,true,true,,
1574,6033599460010001,416129,OORI,OORI,(206) 979-9681,17737 59TH AVE NE,,ARLINGTON,WA,98223-6452,,,,,,true,true,,
1575,6035502050010001,416161,PACNWGREEN,PACNWGREEN,(253) 219-8844,1512 ROAD 2 NW STE A,STE A,MOSES LAKE,WA,98837-1931,,,,,,true,true,,
1576,6033062890010002,416166,BLUEDREAM,BLUEDREAM,(206) 619-2886,3303 S 35TH ST STE B-21,STE B-21,TACOMA,WA,98409-4730,,,,,,true,true,,
1577,6033601110010001,416184,VANCOUVER WEED COMPANY,VANCOUVER WEED COMPANY,(360) 213-5782,2546 HWY 101,,ILWACO,WA,98614-0000,,,,,,true,true,,
1578,6028896220010002,416550,WEST COAST CANNABIS COMPANY,WEST COAST CANNABIS COMPANY,(360) 939-7818,2005 ALPINE WAY STE 2,,BELLINGHAM,WA,98226-0000,,,,,,true,true,,
1579,603348521,416597,"GOLD MOUNTAIN, INC.","GOLD MOUNTAIN, INC.",(253) 737-4346,1144 29TH ST NW,PARK 29 BLDG C STE 101,AUBURN,WA,98001-2465,,,,,,true,true,,
1580,6035043200010001,416657,CURIOUS CROW CANNABIS,CURIOUS CROW CANNABIS,(206) 795-8838,1926 PINE CREEK RD UNIT 5,,TONASKET,WA,98855-0000,,,,,,true,true,,
1581,6032732190010001,416675,CURIOUS VENTURES,CURIOUS VENTURES,(206) 618-0266,9622 AURORA AVE NORTH STE C,STE C,SEATTLE,WA,98103-3221,,,,,,true,true,,
1582,6033578830010001,416729,PACIFIC COAST FARMS,PACIFIC COAST FARMS,(206) 393-2822,3303 S 35TH ST STE A-7,STE A-7,TACOMA,WA,98409-8208,,,,,,true,true,,
1583,6034966670010001,416763,MOON BAY CANNABIS CO.,MOON BAY CANNABIS CO.,(509) 779-4053,18606 N HIGHWAY 21,STE B,CURLEW,WA,99118-9651,,,,,,true,true,,
1584,6033602280010001,416765,MJ BOTANICALS,MJ BOTANICALS,(425) 985-7626,32941 TELFORD RD N,,CRESTON,WA,99117-0000,,,,,,true,true,,
1585,6033503070010001,416767,BLF NORTH,BLF NORTH,(253) 273-0561,46415 E BADGER RD STE B,STE B,BENTON CITY,WA,99320-0000,,,,,,true,true,,
1586,6032606800010001,416795,HAPPY WAYZ EDIBLES,HAPPY WAYZ EDIBLES,(402) 943-7605,908 N LAKE RD,,SPOKANE VALLEY,WA,99212-1048,,,,,,true,true,,
1587,6034725960010001,416824,GANJA BUDS,GANJA BUDS,(206) 390-0382,15843 CASE RD SW STE A,,ROCHESTER,WA,98579-9416,,,,,,true,true,,
1588,603390359,429285,KALI PRODUCTS,KALI PRODUCTS,(509) 629-7370,145 GREENACRES RD UNIT 7&9,,RIVERSIDE,WA,98849-9647,,,,,,true,true,,
1589,6033512920010001,416992,CRUSHER WEED,CRUSHER WEED,(509) 930-1126,4110 MAIN STREET,,UNION GAP,WA,98903-2043,,,,,,true,true,,
1590,6033535780010002,416997,THE ORGANIC WEEDMAN,THE ORGANIC WEEDMAN,(360) 270-9028,7990 NE ECOLOGY RD,,KINGSTON,WA,98346-0000,,,,,,true,true,,
1591,6033571550010001,417001,NINJA GARDENS,NINJA GARDENS,(509) 987-6109,234805 E STRAIGHT BANK RD,,KENNEWICK,WA,99337-0000,,,,,,true,true,,
1592,6034077650010001,417019,LA ENTERPRISES,LA ENTERPRISES,(253) 861-0850,5258 UPPER HEDGES RD STE A,STE A,WENATCHEE,WA,98801-8931,,,,,,true,true,,
1593,6034848450010001,419959,KLARITIE FARMS,KLARITIE FARMS,(509) 675-2043,1967 HIGHWAY 395 S,,CHEWELAH,WA,99109-9708,,,,,,true,true,,
1594,6025896330010003,423101,FRESH PRODUCTIONS,FRESH PRODUCTIONS,(360) 791-2466,267 SALMON CREEK RD LOT A,#A,OKANOGAN,WA,98840-8244,,,,,,true,true,,
1595,6031046500010011,423204,KOUCHLOCK PRODUCTIONS,KOUCHLOCK PRODUCTIONS,(509) 327-2777,1405 W HALF MOON RD,,COLBERT,WA,99005-0000,,,,,,true,true,,
1596,604281289,412428,"INKLINE SOLUTIONS, LLC","INKLINE SOLUTIONS, LLC",(253) 569-6964,14 MONKEY GRASS RD STE D,STE B,OMAK,WA,98841-0000,,,,,,true,true,,
1597,6033506070010002,423954,JCJ GREENS,JCJ GREENS,(509) 888-5252,23020 STATE HIGHWAY 97,,ORONDO,WA,98843-9781,,,,,,true,true,,
1598,6033548940010004,424172,LANO,LANO,(206) 380-7345,6101 MINDER RD NE STE C,,POULSBO,WA,98370-3348,,,,,,true,true,,
1599,603352095,424256,SWEETWATERFARMS,SWEETWATERFARMS,(509) 244-6061,10211 S SPOTTED RD,BLDG A&B,CHENEY,WA,99004-9646,,,,,,true,true,,
1600,6035295030010002,424327,BRIGHTSIDE FARMS,BRIGHTSIDE FARMS,(425) 478-4576,2508 HARTFORD DR,,LAKE STEVENS,WA,98258-8645,,,,,,true,true,,
1601,6035968180010002,424690,BUDDHAS BLESSING,BUDDHAS BLESSING,(509) 703-9496,1511 E SPRAGUE AVE,,SPOKANE,WA,99202-3112,,,,,,true,true,,
1602,6033529710010002,424768,GROW IT WRIGHT,GROW IT WRIGHT,(425) 238-2255,41305 N GRIFFIN RD,SUITE F,GRANDVIEW,WA,98930-0000,,,,,,true,true,,
1603,604319627,429912,JUST CHILLIN LLC,JUST CHILLIN LLC,(425) 577-8224,2000 ROZA DR STE 103,,ZILLAH,WA,98953-9361,,,,,,true,true,,
1604,6033477200010003,424829,DREAMIN GREEN FARMS,DREAMIN GREEN FARMS,(509) 939-6454,267 SALMON CREEK RD LOT C,,OKANOGAN,WA,98840-8244,,,,,,true,true,,
1605,6033576440010002,425045,DID CROPS,DID CROPS,(253) 509-3665,7182 RD 16 NE STE A2,,MOSES LAKE,WA,98837-9325,,,,,,true,true,,
1606,6035578470010002,425146,LUDLOW FARM,LUDLOW FARM,(360) 437-2145,300 NW 85TH ST STE 300,STE 300,SEATTLE,WA,98117-3120,,,,,,true,true,,
1607,604465585,425416,TRINIDAD PRODUCTIONS,TRINIDAD PRODUCTIONS,(206) 434-1570,23095 BAIRD SPRINGS RD NW #C,,QUINCY,WA,98848-9637,,,,,,true,true,,
1608,603330333,429454,FROSTED CANNABIS,PROHIBITION BRANDS,(206) 601-0095,5919 195TH ST NE UNIT 7,,ARLINGTON,WA,98223-7859,,,,,,true,true,143925,2026-05-08T22:23:49.287000
1609,603542026,424914,FULL THROTTLE FARMS,FULL THROTTLE FARMS,(509) 420-6751,267 SALMON CREEK RD LOT B,,OKANOGAN,WA,98840-8244,,,,,,true,true,,
1610,604094240,412757,TWO BEES,TWO BEES,(253) 208-8479,41711 STATE RT 2 STE 4,STE #4,GOLD BAR,WA,98251-0000,,,,,,true,true,,
1611,6033532220010001,412836,GUERRILLA GREENS,GUERRILLA GREENS,(360) 790-5239,5402 216TH AVENUE SW,,CENTRALIA,WA,98531-0000,,,,,,true,true,,
1612,6041715290010001,412843,SKAGIT ORGANICS,SKAGIT ORGANICS,(509) 910-5027,16915 STATE HIGHWAY 20 UNIT B,UNIT B,MOUNT VERNON,WA,98273-8850,,,,,,true,true,662150,2026-06-11T15:02:44.090000
1613,603351027,412851,LIMELIGHT,LIMELIGHT,(206) 602-8217,1725 OCEAN AVE BUILDING 5A,,RAYMOND,WA,98577-0000,,,,,,true,true,693799,2026-05-22T19:56:55.953000
1614,6033508260010002,413067,MR. GREEN THUMB,MR. GREEN THUMB,(206) 992-6032,3719 188TH ST NE,SUITE 2 A,ARLINGTON,WA,98223-8708,,,,,,true,true,,
1615,603353761,413173,HELLA LOUD,HELLA LOUD,(707) 312-1105,2670 CRITES ST SW STE A,,OLYMPIA,WA,98512-6137,,,,,,true,true,,
1616,6033534930010002,416399,IRIE MINDS FARMS,IRIE MINDS FARMS,(206) 354-1040,1625 CENTER ST,,TACOMA,WA,98409-0000,,,,,,true,true,,
1617,603550639,430370,SPARK INDUSTRIES,SPARK INDUSTRIES,(360) 701-9985,1025 85TH AVE SE,,TUMWATER,WA,98501-5706,,,,,,true,true,403074,2026-06-02T22:53:10.380000
1618,604628162,420704,CANNABIS RESERVE LLC,CANNABIS RESERVE LLC,(206) 369-5487,2915 S M ST,,TACOMA,WA,98409-8224,,,,,,true,true,,
1619,6035431110010001,416787,KANEHCO,KANEHCO,(360) 907-1598,14 MONKEY GRASS RD STE B,,OMAK,WA,98441-0000,,,,,,true,true,,
1620,604052563,416797,C&S,C&S,(206) 693-2900,18791 CEDARDALE RD STE C,,MOUNT VERNON,WA,98274-7592,,,,,,true,true,,
1621,603505243,416830,GLEN COVE,GLEN COVE,(206) 947-3706,272 N OTTO ST,,PORT TOWNSEND,WA,98368-9780,,,,,,true,true,,
1622,603269171,426122,GREEN AND GOLD BRANDS,GREEN AND GOLD BRANDS,,646 N RIVER AVE STE A,,BUCKLEY,WA,98027-0000,,,,,,true,true,,
1623,6041546550010002,426767,JUST CANNABIS COMPANY,JUST CANNABIS COMPANY,(424) 299-7080,3303 S 35TH ST,UNIT B-10,TACOMA,WA,98409-4723,,,,,,true,true,,
1624,6033507430010004,426503,ZOOBEES DOOBEES,ZOOBEES DOOBEES,(509) 216-0985,5520 E CATALDO AVE SUITE A&B,,SPOKANE VALLEY,WA,99212-0913,,,,,,true,true,,
1625,603359079,426973,BMB LLC,BMB LLC,(206) 291-5172,9642 LUNDEEN RD SW,UNIT B,ROCHESTER,WA,98126-0000,,,,,,true,true,,
1626,603343419,427454,NORTHWEST HARVESTING CO,NORTHWEST HARVESTING CO,(360) 482-2474,3303 S 35TH ST SPC 4 STE B1,,TACOMA,WA,98092,,,,,,true,true,,
1627,603353951,426458,WASHINGTON STATE CANNABIS,WASHINGTON STATE CANNABIS,(509) 901-3798,396 EVERGREEN DR,,NORTH BONNEVILLE,WA,98908-1232,,,,,,true,true,,
1628,603356085,426350,502 DISTRIBUTION,502 DISTRIBUTION,(206) 552-1492,2940 S M ST UNIT E,,TACOMA,WA,98409-8241,,,,,,true,true,,
1629,603585836,427222,TWO HEADS CO. LLC,TWO HEADS CO. LLC,(360) 934-5700,339 PETERS ST,,RAYMOND,WA,98577-2908,,,,,,true,true,,
1630,603484845,427673,KLARITIE FARMS INC,KLARITIE FARMS INC,,1555 INDUSTRIAL WAY BLDG 17,,LONGVIEW,WA,99109-9708,,,,,,true,true,,
1631,604178319,428025,2727,2727,0,2710 N MACHIAS RD,,LAKE STEVENS,WA,98290-7481,,,,,,true,true,563925,2026-06-27T16:08:04.947000
1632,603354323,427173,CASCADE GNOME,CASCADE GNOME,(206) 818-0564,4411 23RD AVE W STE A,,SEATTLE,WA,98199-1278,,,,,,true,true,,
1633,604120970,412213,WASHINGTON GOLD,WASHINGTON GOLD,(509) 860-2468,2917 US HIGHWAY 97,,PESHASTIN,WA,98847-0000,,,,,,true,true,,
1634,602581075,426518,MOTHER NATURE,MOTHER NATURE,(509) 910-9010,15505 N WEBBER CANYON RD,STE H,BENTON CITY,WA,98903-0000,,,,,,true,true,,
1635,603347877,426954,SUNNYDAYZCANNABIS,SUNNYDAYZCANNABIS,(347) 461-0105,8607 219TH ST SE STE A,,WOODINVILLE,WA,98072-4806,,,,,,true,true,,
1636,603344149,417050,CERES,CERES,0,2930 RICHARDS RD STE 100 & 200,,BELLEVUE,WA,98005-4410,,,,,,true,true,,
1637,603313835,428244,"EDGEMONT GROUP, LLC","EDGEMONT GROUP, LLC",(707) 672-5928,3540 DONEEN RAINEY RD STE F,,EAST WENATCHEE,WA,98802,,,,,,true,true,,
1638,603360557,425798,CENTRAL PROCESSORS,CENTRAL PROCESSORS,(360) 742-2504,10 VALUE PKWY  STE C,,ELMA,WA,98541-9076,,,,,,true,true,,
1639,603599801,430118,CANNABIS KINGS,CANNABIS KINGS,(206) 778-1211,3303 S 35TH ST STE B1 SPACE 2,,TACOMA,WA,98409-4723,,,,,,true,true,,
1640,604344560,426176,AG 2 LLC,AG 2 LLC,(206) 372-3017,1199 W CUNNINGHAM RD STE M-1,,OTHELLO,WA,99344-9004,,,,,,true,true,,
1641,603297007,426057,GAIA INDUSTRIES,GAIA INDUSTRIES,(425) 397-9767,3163 GOLDIE RD BLDG B STE,,OAK HARBOR,WA,98277-2733,,,,,,true,true,,
1642,603357892,428723,SKAGIT AGRICULTURE LLC,SKAGIT AGRICULTURE LLC,(206) 227-1835,22743 ROAD 4 SE STE A,,WARDEN,WA,98857-9715,,,,,,true,true,,
1643,603359834,427203,C.K. ORGANICS,C.K. ORGANICS,(360) 972-2507,8470 30TH AVE NE STE E,,LACEY,WA,98516-7124,,,,,,true,true,,
1644,603425361,429047,"GREEN RESEARCH NETWORK, LLC","GREEN RESEARCH NETWORK, LLC",(509) 480-1880,236006 E STATE ROUTE 397,,KENNEWICK,WA,99337-0000,,,,,,true,true,102600,2026-03-09T22:15:34.113000
1645,604028338,427085,OLYMPUS GARDENS LLC,OLYMPUS GARDENS LLC,(206) 883-6756,145 GREENACRES RD,,RIVERSIDE,WA,98849-9647,,,,,,true,true,,
1646,604319629,429970,JUST CHILLIN FARMS LLC,JUST CHILLIN FARMS LLC,(425) 449-3247,2004 ROZA DR STE 112,,ZILLAH,WA,98953-9361,,,,,,true,true,,
1647,603313605,428824,STICKY BUDZ LLC,STICKY BUDZ LLC,(509) 877-1072,2309 S 3RD AVE,,UNION GAP,WA,98903-1549,,,,,,true,true,,
1648,603427862,427399,CANABANATCHEE,CANABANATCHEE,(360) 907-9694,23105 BAIRD SPRINGS RD NW,,QUINCY,WA,98848-9637,,,,,,true,true,,
1649,603587937,422350,LOVELY BUDS NORTH,LOVELY BUDS NORTH,(406) 546-5411,827 E FRANCIS AVE,,SPOKANE,WA,99208-3638,,,,,,true,true,,
1650,603313835,427353,"EDGEMONT GROUP, LLC","EDGEMONT GROUP, LLC",(707) 672-5928,3540 DONEEN RAINY RD STE B,,EAST WENATCHEE,WA,98802-8600,,,,,,true,true,,
1651,603346407,421618,ELEMENT INC,ELEMENT INC,(206) 484-8998,8401 AURORA AVE N STE A,,SEATTLE,WA,98103-4332,,,,,,true,true,,
1652,602216943,430260,BUDDY BOY FARMS II,BUDDY BOY FARMS II,(509) 796-3602,38367 MY DRIVE N,,FORD,WA,99013-0000,,,,,,true,true,,
1653,603502513,428982,CLEMANS MOUNTAIN CANNABIS,CLEMANS MOUNTAIN CANNABIS,(509) 307-0123,1102 N 26TH AVE,,YAKIMA,WA,98902-7314,,,,,,true,true,,
1654,603347013,429845,SALISH SEA INDUSTRIES L.L.C.,SALISH SEA INDUSTRIES L.L.C.,(206) 290-8068,3303 S 35TH ST STE B20,,TACOMA,WA,98409-4734,,,,,,true,true,,
1655,603313835,430333,"EDGEMONT GROUP, LLC","EDGEMONT GROUP, LLC",(509) 888-0420,730 URBAN INDUSTRIAL WAY STE 3,,EAST WENATCHEE,WA,98802-0000,,,,,,true,true,,
1656,603347013,429844,SALISH SEA INDUSTRIES L.L.C.,SALISH SEA INDUSTRIES L.L.C.,(206) 290-8068,3303 S 35TH ST STE B1-3,,TACOMA,WA,98409-4730,,,,,,true,true,,
1657,604135211,355387,GEORGETOWN BOTTLING SPC,GEORGETOWN BOTTLING SPC,(646) 398-0011,6932 CARLETON AVE S,,SEATTLE,WA,98108-3551,,,,,,true,true,154928,2026-03-20T21:25:37.003000
1658,603504108,426121,MIDORI NORTHWEST LLC,MIDORI NORTHWEST LLC,(206) 999-3986,9212 RIVERSIDE RD E BLDG B,,SUMNER,WA,98390-8109,,,,,,true,true,,
1659,604521344,429466,"TRILOGY CONSULTING GROUP, LLC","TRILOGY CONSULTING GROUP, LLC",(509) 869-6877,1106 CANNON WAY LOT J,,COLVILLE,WA,99114-8701,,,,,,true,true,,
1660,603356803,431048,OPTIMIZED SOLUTIONS,OPTIMIZED SOLUTIONS,(206) 612-5555,11811 MUKILTEO SPEEDWAY,,MUKILTEO,WA,98275-5442,,,,,,true,true,,
1661,604207714,431296,"Anonymous Buffalo, LLC","PARADISE MJ, LLC",(509) 770-3850,2720 6TH PL S,,SEATTLE,WA,98134-2129,,,,,,true,true,,
1662,603580692,426467,WA HEMP COMPANY LLC,WA HEMP COMPANY LLC,(360) 819-5502,1840 W BLACK ARROW LANE,,OTHELLO,WA,99344-2200,,,,,,true,true,,
1663,603355322,426730,TITAN FARMS,TITAN FARMS,(253) 241-9634,1874 N BATUM RD STE 700,,ODESSA,WA,99159-0000,,,,,,true,true,,
1664,604566585,431994,"KOKANEE GARDENS, LLC","KOKANEE GARDENS, LLC",(509) 322-6286,147 GREENACRES RD UNIT 9,,RIVERSIDE,WA,98841-0000,,,,,,true,true,,
1665,603428489,430951,PRIME TIME VENTURES N.C. LLC,PRIME TIME VENTURES N.C. LLC,(253) 208-5580,200 GREENACRES RD,,Riverside,WA,98849-0000,,,,,,true,true,,
1666,603376496,431771,DOUBLE DELICIOUS,DOUBLE DELICIOUS,(509) 966-7200,123 GREENACRES RD UNIT 3,,RIVERSIDE,WA,98849-9647,,,,,,true,true,,
1667,603483283,429578,EAST MOUNTAIN BUD,EAST MOUNTAIN BUD,(253) 241-9634,2911 CHANDLER ST,,TACOMA,WA,98409-7930,,,,,,true,true,,
1668,604337833,405661,"AAA GROWER, LLC","AAA GROWER, LLC",(206) 965-9239,851 CALIFORNIA WAY STE G,,LONGVIEW,WA,98424-3540,,,,,,true,true,,
1669,604197114,412372,BUZZY BEE FARMS NW LLC,BUZZY BEE FARMS NW LLC,(206) 305-0466,139 GREENACRES RD UNIT 4,,RIVERSIDE,WA,98849-9647,,,,,,true,true,,
1670,603583884,431850,"PURELY GREEN, LLC","PURELY GREEN, LLC",(828) 367-3456,15505 N WEBBER CANYON RD STE J,,BENTON CITY,WA,99320-6508,,,,,,true,true,,
1671,604280782,432651,PRIME CHOICE CANNA LLC,PRIME CHOICE CANNA LLC,(206) 965-9239,3232 1ST AVE S,,SEATTLE,WA,98134-1818,,,,,,true,true,,
1672,603351382,432416,JBC GROW LLC/THE POT FACTORY,JBC GROW LLC/THE POT FACTORY,(360) 201-8965,2762 PEACE PORTAL DR UNIT E122,,BLAINE,WA,98230-9710,,,,,,true,true,,
1673,603346750,431002,EV ENTERPRISES,EV ENTERPRISES,(206) 321-1531,1321 CENTER ST,,TACOMA,WA,98409-8208,,,,,,true,true,0,2026-02-27T18:14:09.987000
1674,604419210,431310,LAO BAN GREEN GROUP LLC,LAO BAN GREEN GROUP LLC,(206) 409-4552,4263 12TH ST SE BAY A,,EAST WENATCHEE,WA,98802-8724,,,,,,true,true,,
1675,604595239,416278,"NCMX, LLC","NCMX, LLC",(301) 633-6086,3303 S 35TH ST STE B9-N,,TACOMA,WA,98409-4727,,,,,,true,true,708200,2026-06-10T00:24:07.160000
1676,603351292,416730,CRUSHER WEED LLC,CRUSHER WEED LLC,(206) 819-4911,8531 POSTMA RD SUITE F,,MOXEE,WA,98936-9317,,,,,,true,true,,
1677,603355662,432068,EMERALD SEA OF GREEN,EMERALD SEA OF GREEN,(509) 787-3765,22745 ROAD 4 SE STE G,,GRANT,WA,98857-9715,,,,,,true,true,,
1678,604700604,432991,SUNNCO WASHINGTON INC.,SUNNCO WASHINGTON INC.,,6994 RD 10 NE STE A,,MOSES LAKE,WA,98837,,,,,,true,true,,
1679,604602244,431905,"WANNACUT FARMS, LLC","WANNACUT FARMS, LLC",,10 RHEMA RD,,OROVILLE,WA,98844,,,,,,true,true,,
1680,603430056,426405,EMERALD GROWING LLC,EMERALD GROWING LLC,(406) 750-5567,3807 E BISMARK AVE,,SPOKANE,WA,99217-6504,,,,,,true,true,,
1681,603352631,430384,GROWING LIKE A WEED,GROWING LIKE A WEED,(509) 863-4760,16315 E TEMPLE RD # D,,SPOKANE,WA,99217-9233,,,,,,true,true,,
1682,604606872,430048,HEYFOR FARM LLC,HEYFOR FARM LLC,(510) 326-0281,65 PIT RD SUITE Z,SUITE Z,BREWSTER,WA,98812-9676,,,,,,true,true,,
1683,604654370,432220,Brooklyn Bud LLC,Brooklyn Bud LLC,(360) 273-8524,76 BROOKLYN RD,,OAKVILLE,WA,98568-9714,,,,,,true,true,,
1684,603355336,431514,ROCKY BROOK RANCH,ROCKY BROOK RANCH,(206) 412-7153,141 W WESTFIELD CT STE C,,SHELTON,WA,98584-4604,,,,,,true,true,,
1685,603354514,431467,"TRANQUIL FOREST, LLC","TRANQUIL FOREST, LLC",,2914 S CUSHMAN AVE,UNIT 2,TACOMA,WA,98409-8217,,,,,,true,true,,
1686,603345803,430057,AURICAG INCORPORATED,AURICAG INCORPORATED,(360) 273-8524,6994 ROAD 10 NE STE C,,MOSES LAKE,WA,98837-0000,,,,,,true,true,,
1687,604696654,432932,MIKE'S EXTRACTS,MIKE'S EXTRACTS,(206) 225-3769,2870 OCEAN AVE BLDG 6B,,RAYMOND,WA,00098-5770,,,,,,true,true,,
1688,604462604,429408,SHERLOCKED,SHERLOCKED,(253) 507-7996,3001 SOUTH TACOMA WAY,,TACOMA,WA,98409-4720,,,,,,true,true,,
1689,604813170,4XXXXX,NORTH SOUND SOLVENTLESS,NORTH SOUND SOLVENTLESS,,1679 LOOMIS TRAIL RD STE 3,,CUSTER,WA,98240-9304,,,,,,true,true,,
1690,603345285,431842,GREEN LION GARDENS LLC,GREEN LION GARDENS LLC,(206) 799-4427,5373 GUIDE MERIDIAN STE D3,,BELLINGHAM,WA,98248-9551,,,,,,true,true,,
1691,604319629,432528,JUST CHILLIN FARMS LLC,JUST CHILLIN FARMS LLC,(425) 449-3247,8531 POSTMA RD STE C-1,,MOXEE,WA,98936-9317,,,,,,true,true,,
1692,60301379,429939,GREENJOYHERBS,GREENJOYHERBS,(206) 364-1738,1129 ST PAUL AVENUE SUITE 200,,TACOMA,WA,98421-2404,,,,,,true,true,,
1693,604158766,431846,PURE EXTRACTS,PURE EXTRACTS,(509) 679-6556,237 3RD ST SE,,EAST WENATCHEE,WA,98802-7823,,,,,,true,true,,
1694,603483202,425450,FIRE BROS,FIRE BROS,(206) 437-7110,19805 74TH AVE NE,,ARLINGTON,WA,99822-350218125,,,,,,true,true,,
1695,604511076,430948,"CLEAR GREEN, LLC","CLEAR GREEN, LLC",(206) 391-5651,19319 63RD AVE NE,,ARLINGTON,WA,98223-8783,,,,,,true,true,,
1696,603583884,433259,"PURELY GREEN, LLC","PURELY GREEN, LLC",(828) 367-3456,19319 63RD AVE NE,,WOODLAND,WA,98674-0000,,,,,,true,true,,
1697,604476279,431029,BUSTY BUDZ LLC,BUSTY BUDZ LLC,(509) 989-2626,362 MICHEL LN STE B,,OTHELLO,WA,99344-8611,,,,,,true,true,,
1698,603356373,433654,Blacksmith Farms LLC,Blacksmith Farms LLC,(360) 471-9853,30121 Hills Rd STE G,,ARLINGTON,WA,98223,,,,,,true,true,,
1699,603570082,427429,T IN T ELEMENTS LLC,T IN T ELEMENTS LLC,(360) 471-9853,2745 29TH AVE SW STE,,TUMWATER,WA,98512-6104,,,,,,true,true,,
1700,603399199,433233,"SOG, LLC","SOG, LLC",(828) 367-3456,35702 NW TOENJES RD STE B,,WOODLAND,WA,98660-2826,,,,,,true,true,,
1701,604173577,430210,ROOTED CULTURE LLC,ROOTED CULTURE LLC,(360) 932-6983,2323 E RIVERSIDE AVE,,SPOKANE,WA,99202-3835,,,,,,true,true,,
1702,604478576,431515,AMERICAN BEST SUPPLY,AMERICAN BEST SUPPLY,(509) 421-2811,5526 INDUSTRY LN STE 2,,EAST WENATCHEE,WA,98802-9601,,,,,,true,true,,
1703,603285456,433628,"NEW LEAF ENTERPRISES, INC.","NEW LEAF ENTERPRISES, INC.",,470 S KENYON ST,,SEATTLE,WA,98108,,,,,,true,true,,
1704,603132711,430877,"SOLSTICE GROUP, INC.","SOLSTICE GROUP, INC.",,23855 NW RD 12,,QUINCY,WA,98848,,,,,,true,true,,
1705,604128998,431829,Star Dog LLC,Star Dog LLC,,169 Green Acres Rd # F,,Riverside,WA,98849,,,,,,true,true,,
1706,604760920,432754,Green Essentials,Green Essentials,,169 Greenacres Rd Unit 1,,Riverside,WA,98849,,,,,,true,true,,
1707,604458405,433778,Bold Type LLC,Bold Type LLC,,32501 TELFORD RD N STE A,,CRESTON,WA,99117,,,,,,true,true,,
1708,603285456,430731,NW NECTAR,NW NECTAR,,705 E 3RD AVE# 2,,KETTLE FALLS,WA,99141,,,,,,true,true,,
1709,604594917,432806,2BUDZ,2BUDZ,,4282 W DAYTON AIRPORT RD,,SHELTON,WA,98584,,,,,,true,true,,
1710,604792967,431615,BLOCK 13 LLC,BLOCK 13 LLC,,3303 S 35TH ST STE B-1,,TACOMA,WA,98409,,,,,,true,true,,
1711,604714332,430952,Cannazone,Cannazone,,45120 SE North Bend Way STE B,,North Bend,WA,98045,,,,,,true,true,,
1712,603359322,430320,SERENITY CIRCLE,SERENITY CIRCLE,,,,,WA,,,,,,,true,true,,
1713,603585836,434211,TWO HEADS CO. LLC,TWO HEADS CO. LLC,,1725 OCEAN AVE BLDG 3,,RAYMOND,WA,98577,,,,,,true,true,,
1714,603449523,430331,"Olympus Horticulture, LLC","Olympus Horticulture, LLC",,20 McCarver Rd,,Port Angeles,WA,98362,,,,,,true,true,,
1715,602286248,431955,RAY'S GARDEN,RAY'S GARDEN,,2255 ROAD E.5 NE STE C,,MOSES LAKE,WA,98837-9583,,,,,,true,true,,
1716,604813170,433024,NORTH SOUND SOLVENTLESS,NORTH SOUND SOLVENTLESS,,1679 LOOMIS TRAIL RD # 3,,CUSTER,WA,98240,,,,,,true,true,,
1717,604472127,434258,JOINT VENTURES,JOINT VENTURES,,3847 S PUGET SOUND AVE,,TACOMA,WA,98409,,,,,,true,true,822540,2026-05-28T15:57:07.690000
1718,603445506,433304,VALLEY CULTIVATIONS LLC,VALLEY CULTIVATIONS LLC,,2762 PEACE PORTAL DR UNIT 121,,BLAINE,WA,98230,,,,,,true,true,,
1719,604629734,432971,HYDRO POINT,HYDRO POINT,,41711 US-2 UNIT B2,,GOLD BAR,WA,98251,,,,,,true,true,,
1720,604088822,417625,E&M PARTNERS,E&M PARTNERS,,5917 195TH ST NE,,ARLINGTON,WA,98223-6429,,,,,,true,true,,
1721,603262901,432481,NORTHWEST LABS,,,,241 S HOLDEN ST,,SEATTLE,,981084359,,,,,,true,100,
1722,603296353,434411,SGB LLC,SGB LLC,,3922 6th Ave S STE C,,Seattle,WA,98108,,,,,,true,true,,
1723,603358264,431389,BOTANICAL ARTS,BOTANICAL ARTS,,12710 31ST PL NE Bldg - A,,Lake Stevens,WA,98258-8218,,,,,,true,true,1775231,2026-06-17T22:33:12.273000
1724,603344149,435011,CERES,CERES,,1788 Midway Ln Ste B,,Bellingham,WA,98226,,,,,,true,true,870799,2026-06-22T21:40:01.947000
1725,603449523,434928,"OLYMPUS HORTICULTURE, LLC","OLYMPUS HORTICULTURE, LLC",,211 EASY ST,,PORT ANGELES,WA,98362,,,,,,true,true,,
1726,604666778,436146,Skunk Processor LLC,Skunk Processor LLC,,2754 Peace Portal Dr Unit 113,,Blaine,WA,98230,,,,,,true,true,,
1727,1727,1727,Default Vendor,Default Vendor,,,,,,,,,,,,true,false,,
1728,604646119,433985,47EB LLC,47EB LLC,,7220 201ST ST NE STE C,,ARLINGTON,WA,98223-7477,,,,,,true,true,,
1729,603353555,413541,GREENWAY MARIJUANA,GREENWAY MARIJUANA,(360) 443-6988,4851 GEIGER RD SE,,PORT ORCHARD,WA,98366-9350,,,,,,true,true,,
1730,1730,1730,DREAM BIG 100 CORPORATION,DREAM BIG 100 CORPORATION,,,,,,,,,,,,true,false,,
1731,604353769,417381,HURRICANE CANNABIS,LLC,,LLC,,,,,,,,,,,,100,00:00:00
1732,603376496,M415753,DOUBLE DELICIOUS,DOUBLE DELICIOUS,,,,,,,,,,,,true,false,,
1733,604258661,416357,ORIGINAL INNOVATIONS  LLC,ORIGINAL INNOVATIONS  LLC,,,,,,,,,,,,true,false,,
1734,603298343,412073,VIRTUAL SERVICES,VIRTUAL SERVICES,,,,,,,,,,,,true,false,,
1735,603349128,412439,AXABRA EAST,AXABRA EAST,,,,,,,,,,,,true,false,,
1736,603349829,412266,AGRO TECHNIC,AGRO TECHNIC,,,,,,,,,,,,true,false,,
1737,603358935,415619,AMERIKAN WEED,AMERIKAN WEED,,,,,,,,,,,,true,false,,
1738,603599034,414829,THE VAULT CANNABIS,THE VAULT CANNABIS,,,,,,,,,,,,true,false,,
1739,427037,427037,Alpha Crux  Llc,Alpha Crux  Llc,,,,,,,,,,,,true,false,1594022,2026-06-18T00:35:08.937000
1740,603360637,423885,PRIMO CANNABIS,PRIMO CANNABIS,,,,,,,,,,,,true,false,,
1741,603114324,413176,EMERALD MOUNTAIN,EMERALD MOUNTAIN,,,,,,,,,,,,true,false,,
1742,603558252,414787,THE BAKEREE,THE BAKEREE,,,,,,,,,,,,true,false,,
1743,603344149,412112,SATURN GROUP,SATURN GROUP,,,,,,,,,,,,true,false,,
1744,603350727,413729,CULT CANNABIS CO.,CULT CANNABIS CO.,,,,,,,,,,,,true,false,,
1745,604151841,417009,EVELLO LABS,EVELLO LABS,,,,,,,,,,,,true,false,,
1746,603347955,421738,FIRE CANNABIS CO,FIRE CANNABIS CO,,,,,,,,,,,,true,false,,
1747,601603333,412192,ROCKGARDEN,ROCKGARDEN,,,,,,,,,,,,true,false,,
1748,604093444,420336,STARBUDS LLC,STARBUDS LLC,,,,,,,,,,,,true,false,,
1749,603345936,434981,GREEN MATTER,GREEN MATTER,,,,,,,,,,,,true,false,,
1750,603356552,415348,OZ.,OZ.,,,,,,,,,,,,true,false,,
1751,6047600460010002,434400,Tiger Mountain Cannabis LLC,Retrograde Cannabis,,,,,,,,,,,,true,false,,
1752,,I-502distro,I502 Distro,,,,,,,,,,,,,true,false,,
1753,6053008960010001,413009,Sensi Traders,,,,,,,,,,,,,true,false,,
1754,6033883190010004,431776,Everigreene,,,,,,,,,,,,,true,false,783825,2026-05-26T23:30:20.947000
1755,604125382,415771,High End Farms,,,,,,,,,,,,,true,false,,
1756,6032550220010003,431187,Feel Budder,RTZ,,,,,,,,,,,,true,false,,
1757,6034748420010004,415713,Optimum Extracts,,,,,,,,,,,,,true,false,,
1758,,429538,Pacific Processing,Dope Cooks,,,,,,,,,,,,true,false,,
1759,6033553700010001,413632,Quality Green Trees,Freddy's FUEGO,,,,,,,,,,,,true,false,,
1760,6034832020010004,436479,Fire Bros.,,,,,,,,,,,,,true,false,2920956,2026-06-30T03:27:29.050000
1761,6034848450010004,435361,Klaritie Farms,Honu,,,,,,,,,,,,true,false,350631,2026-06-08T21:09:59.473000
1762,,430643,Prismatic,,,,,,,,,,,,,true,false,,
1763,,Hermanos Del Fuego,Hermanos Del Fuego,,,,,,,,,,,,,true,false,,
1764,603349796,413477,Blue Roots,,,,,,,,,,,,,true,false,168000,2026-02-14T20:44:36.343000
1765,603429093,416496,Pinnacle Green,,(801) 879-8644,1023 85th,,Tumwater,WA,98501,1023 85th,,Tumwater,WA,98501,true,false,202600,2026-05-19T16:25:44.757000
1766,605399634,437263,Big City Sasquatch LLC,Captain Yeti,,,,,,,,,,,,true,false,233680,2026-01-23T00:37:58.297000
1767,6031780350010002,428686,Seattle Bubble Works,,,,,,,,,,,,,true,false,112050,2026-05-28T21:33:34.653000
1768,605672936,441644,Pastime Brands,,,,,,,,,,,,,true,false,622755,2026-06-19T20:08:46.500000
1769,,438033,Budz Bud,,,,,,,,,,,,,true,false,178955,2026-04-28T15:45:03.640000
1770,,416133,Hometown Herbs,,,,,,,,,,,,,true,false,,
1771,,439268,Cassidy Cannabis LLC,,,,,,,,,,,,,true,false,361000,2026-05-26T01:11:15.637000
1772,6053792190010001,429047,Hash Mills Organics,Frostco,,,,,,,,,,,,true,false,,
1773,,428686,Seattle Bubble Works,,,,,,,,,,,,,true,false,,
1774,6041352110010001,355387,Georgetown Bottling,,,,,,,,,,,,,true,false,,
1775,6033449920010001,412259,Greenleaf MJ,,,,,,,,,,,,,true,false,,
1776,6033540700010002,422368,PRINCE FARMS,DUNGENESS DANK,,,,,,,,,,,,true,false,,
