Id,Old Name,New Name,Notes
27865,3pk Train Wreck Snickle Fritz Cart,Grow Op Farms Phat Panda Trainwreck Cartridge 3g,renamed
27864,3pk Pineapple Upside Down Cake Snickle Fritz Cart,Grow Op Farms Phat Panda Pineapple Upside Down Cake Cartridge 3g,renamed
27863,3pk Slurricane Snickle Fritz Cart,Grow Op Farms Phat Panda Slurricane Cartridge 3g,renamed
27862,Indica - 3pk Hawaiian Zkittlez Snickle Fritz Cart,Grow Op Farms Phat Panda Hawaiian Zkittlez Cartridge 3g,renamed
27861,- 3pk Lemon Cherry Gelato Snickle Fritz Cart,Grow Op Farms Phat Panda Lemon Cherry Gelato Cartridge 3g,renamed
27860,Snicklefritz cartridge tropical slushie 1g,Grow Op Farms Snickle Fritz Tropical Slushie Cartridge 1g,renamed
27859,Snickle Fritz Cartridge Train Wreck Sativa,Grow Op Farms Snickle Fritz Trainwreck Cartridge 1g,renamed
27858,Snickle Fritz Cartridge Slurricane - 1g,Grow Op Farms Snickle Fritz Slurricane Cartridge 1g,renamed
27857,Snickle Fritz Cartridge Hawaiian Zkittlez,Grow Op Farms Snickle Fritz Hawaiian Zkittlez Cartridge 1g,renamed
27856,Snickle Fritz Cartridge Lime Sorbet,Grow Op Farms Snickle Fritz Lime Sorbet Cartridge 1g,renamed
27855,Snickle Fritz Cartridge Cherry Gelato - 1g,Grow Op Farms Snickle Fritz Cherry Gelato Cartridge 1g,renamed
27854,Platinum Flower (Trophy Wife - Platinum Line/7g),Grow Op Farms Phat Panda Trophy Wife Flower 7g,renamed
27853,Phat Panda Flower Trophy wife - 3.5g,Grow Op Farms Phat Panda Trophy Wife Flower 3.5g,renamed
27852,Platinum Flower (MAC Stomper - Platinum Line/7g),Grow Op Farms Phat Panda Mac Stomper Flower 7g,renamed
27851,Platinum Flower (MAC Stomper - Platinum Line/3.5g),Grow Op Farms Phat Panda Mac Stomper Flower 3.5g,renamed
27850,Platinum-Flower-Chronberry Crunch-Platinum Line-3.5g,Grow Op Farms Phat Panda Chronberry Crunch Flower 3.5g,renamed
27849,Phat Panda-Flower-White Gummie Bears-7g,Grow Op Farms Phat Panda White Gummie Bears Flower 7g,renamed
27848,Phat Panda Flower-White Gummie Bears-3.5g,Grow Op Farms Phat Panda Gummy Bears Flower 3.5g,renamed
27847,Phat Panda Flower Powdered Donut- 3.5g,Grow Op Farms Phat Panda Powdered Donut Flower 3.5g,renamed
27846,phat panda flower og chem 7g,Grow Op Farms Phat Panda Og Chem Flower 7g,renamed
27845,Phat Panda Flower OG Chem 3.5g,Grow Op Farms Phat Panda Og Chem Flower 3.5g,renamed
27844,Phat Panda Flower Golden Pineapple - 7g,Grow Op Farms Phat Panda Golden Pinaepple Flower 7g,renamed
27843,Phat Panda Flower Golden Pineapple - 3.5g,Grow Op Farms Phat Panda Golden Pineapple Flower 3.5g,renamed
27842,Phat Panda Flower-Biscuits & Gravy-7g,Grow Op Farms Phat Panda Biscuits Gravy Flower 7g,renamed
27841,Phat Panda Flower-Biscuits & Gravy-3.5g,Grow Op Farms Phat Panda Biscuits Gravy Flower 3.5g,renamed
27840,Neon Nectar Bong Buddies,Grow Op Farms Phat Panda Bong Buddies Neon Nectar Flower 2g,renamed
27839,Golden Pineapple Bong Buddies 2g,Grow Op Farms Phat Panda Golden Pineapple Flower 2g,renamed
27838,Black Zoap Bong Buddies,Grow Op Farms Phat Panda Bong Buddies Black Zoap Flower 2g,renamed
27837,Banana Pudding Bong Buddies,Grow Op Farms Phat Panda Bong Buddies Banana Pudding Flower 2g,renamed
27836,Phat Panda Pre-roll Trophy wife - 1g,Grow Op Farms Phat Panda Trophy Wife Pre-roll 1g,renamed
27835,Phat Panda Pre-roll MAC Stomper,Grow Op Farms Phat Panda Mac Stomper Pre-roll 1g,renamed
27834,Phat Panda Pre-roll Grand Daddy Purple - 1g,Grow Op Farms Phat Panda Grand Daddy Purple Pre-roll 1g,renamed
27833,Phat Panda Pre-roll Chronberry Crunch,Grow Op Farms Phat Panda Chronberry Crunch Pre-roll 1g,renamed
27832,Phat panda Pre-roll Triple Burger 1g,Grow Op Farms Phat Panda Triple Burger Pre-roll 1g,renamed
27831,Phat Panda-Preroll-Rip Tide-1g,Grow Op Farms Phat Panda Rip Tide Pre-roll 1g,renamed
27830,Phat Panda Pre-roll OG Chem - 1g,Grow Op Farms Phat Panda Og Chem Pre-roll 1g,renamed
27829,Phat Panda Pre-roll Golden Pineapple - 1g,Grow Op Farms Phat Panda Golden Pineapple Pre-roll 1g,renamed
27828,Phat Panda-Preroll-Banana Pudding-1g,Grow Op Farms Phat Panda Banana Pudding Pre-roll 1g,renamed
27827,Phat Panda Preroll-Apple MAC-1g,Grow Op Farms Phat Panda Apple Mac Pre-roll 1g,renamed
27826,Phat Panda Cartridge White Gummy,Grow Op Farms Phat Panda White Gummy Cartridge 1g,renamed
27825,Panda Pen Watermelon Mojito,Grow Op Farms Phat Panda Watermelon Mojito Cartridge 1g,renamed
27824,Phat panda Cartridge Raspberry Skywalker 1g,Grow Op Farms Phat Panda Raspberry Skywalker Cartridge 1g,renamed
27823,Panda Pen Banana Runtz - 1g,Grow Op Farms Phat Panda Banana Runtz Cartridge 1g,renamed
27822,Phat Panda Cartridge Raspberry Kush 1g,Grow Op Farms Phat Panda Raspberry Cartridge 1g,renamed
27821,Phat panda Cartridge Berry Gelato 1g,Grow Op Farms Phat Panda Berry Gelato Cartridge 1g,renamed
27820,Hot Sugar Fruit Drops Watermelon - 2.7oz,Grow Op Farms Hot Sugar Sour Blue Raspberry Fruit Chews 2.7oz,renamed
27819,Hot Sugar Fruit Drops Peach Mango - 1.76oz,Grow Op Farms Hot Sugar Peach Mango Fruit Chews 1.76oz,renamed
27818,Hot Sugar Gummiez Blue Raspberry LR Indica,Grow Op Farms Hot Sugar Blue Raspberry Gummies 65g,renamed
27817,Hot Sugar Gummiez Huckleberry CBN,Grow Op Farms Hot Sugar Huckleberry Gummies 2.29oz,renamed
27816,Full Spec-Live Resin-Gummies-Cherry Elderberry-THC/CBN-100mg,Edgemont Group Llc Full Spec Cherry Elderberry Edible 0.95oz,renamed
27815,Full Spec-Live Resin-Gummies-Blueberry Lavender-THC/CBN-100mg,Edgemont Group Llc Full Spec Blueberry Lavender 1:1 Edible 0.95oz,renamed
27814,Full Spec-Live Resin-Gummies-Pineapple Yuzu-CBG/CBD/THC-100mg,Edgemont Group Llc Full Spec Pineapple Yuzu 1:1 Edible 0.95oz,renamed
27813,Full Spec-Live Resin-Gummies-White Peach-CBD/THC-100mg,Edgemont Group Llc Full Spec White Peach 1:5 Edible 0.95oz,renamed
27812,Full Spec Elite Cartridge Dirty Girl (S),Edgemont Group Llc Full Spec Dirty Girl Cartridge 1g,renamed
27811,Full Spec Elite Cartridge Night Nurse (I),Edgemont Group Llc Full Spec Night Nurse Cartridge 1g,renamed
27810,Full Spec Elite Cartridge  MOTAvated (SH),Edgemont Group Llc Full Spec Motavated Cartridge 1g,renamed
27809,Full Spec Elite Cartridge Green Bliss (SH),Edgemont Group Llc Full Spec Green Bliss Cartridge 1g,renamed
27808,Full Spec Elite Cartridge 509 Fuego (HI),Edgemont Group Llc Full Spec 509 Fuego Cartridge 1g,renamed
27807,Full Spec Elite Cartridge Pink Love Potion (H),Edgemont Group Llc Full Spec Pink Love Potion Cartridge 1g,renamed
27806,Drops Edible Orange,Edgemont Group Llc Leafwerx Sunset Shebert Edible 1.56oz,renamed
27805,Northwest Concentrates-Cartridge-Wedding Cake-Hybrid-1g,Xtracted Labs Northwest Concentrates Wedding Cake Cartridge 1g,renamed
27804,Northwest Concentrates-Cartridge-Super Lemon Haze-Sativa-1g,Xtracted Labs Northwest Concentrates Super Lemon Haze Cartridge 1g,renamed
27803,Northwest Concentrates-Cartridge-Pineapple Express-Hybrid-1g,Xtracted Labs Northwest Concentrates Pineapple Express Cartridge 1g,renamed
27802,Northwest Concentrates-Cartridge-Maui Waui-Sativa-1g,Xtracted Labs Northwest Concentrates Maui Waui Cartridge 1g,renamed
27801,Refine-Live Resin Cartridge-Maui Waui-Sativa-1g,Xtracted Labs Refine Maui Waui Live Resin Cartridge 1g,renamed
27800,Northwest Concentrates - CLASSIC DABS - Gary Payton - 1g [ H ],Xtracted Labs Northwest Concentrates Gary Payton Bho 1g,renamed
27799,Northwest Concentrates - SELECT DABS - Trufflez - 1g [ I ],Xtracted Labs Northwest Concentrates Trufflez Bho 1g,renamed
27798,Northwest Concentrates-Badder-Orange Cookies-Sativa-1g,Xtracted Labs Northwest Concentrates Orange Cookies Badder 1g,renamed
27797,Northwest Concentrates SELECT DABS Moonbow 1g,Xtracted Labs Northwest Concentrates Moonbow Kush Live Resin 1g,renamed
27796,Fine Detail Greenway-Pre-Roll-Truffalo-Hybrid 50/50-1g,Virtual Services Fine Detail Greenway Truffalo Pre-roll 1g,renamed
27795,Fine Detail Greenway-Pre-Roll-Truffalo-Hybrid 50/50-7g,Virtual Services Fine Detail Greenway Truffalo Pre-roll 7g,renamed
27794,Fine Detail Greenway-Pre-Roll-Melonoz-Hybrid 50/50-1g,Virtual Services Fine Detail Greenway Melonoz Pre-roll 1g,renamed
27793,Fine Detail Greenway-Pre-Roll-Melonoz-Hybrid 50/50-7g,Virtual Services Fine Detail Greenway Melonoz Pre-roll 5g,renamed
27792,Fine Detail Greenway-Pre-Roll-Pineapple Chunk-Indica Dominant-1g,Virtual Services Fine Detail Greenway Pineapple Chunk Pre-roll 1g,renamed
27791,Fine Detail Greenway-Pre-Roll-Pineapple Chunk-Indica Dominant-7g,Virtual Services Fine Detail Greenway Pineapple Chunk Pre-roll 7g,renamed
27790,Fine Detail Greenway-Pre-Roll-White Tahoe Cookies-Indica Dominant-1g,Virtual Services Fine Detail Greenway White Tahoe Cookies Pre-roll 1g,renamed
27789,Fine Detail Greenway-Pre-Roll-White Tahoe Cookies-Indica Dominant-7g,Virtual Services Fine Detail Greenway White Tahoe Cookies Pre-roll 7g,renamed
27788,Fine Detail Greenway-Pre-Roll-Blackberry Syrup-Indica Dominant-1g,Virtual Services Fine Detail Greenway Blackberry Syrup Pre-roll 1g,renamed
27787,Fine Detail Greenway-Pre-Roll-Blackberry Syrup-Indica Dominant-7g,Virtual Services Fine Detail Greenway Blackberry Syrup Pre-roll 7g,renamed
27786,Fine Detail Greenway-Flower-Truffalo-Hybrid 50/50-7g,Virtual Services Fine Detail Greenway Truffalo Flower 7g,renamed
27785,Fine Detail Greenway-Flower-Truffalo-Hybrid 50/50-3.5g,Virtual Services Fine Detail Greenway Truffalo Flower 3.5g,renamed
27784,Fine Detail Greenway-Flower-Truffalo-Hybrid 50/50-14g,Virtual Services Fine Detail Greenway Truffalo Flower 14g,renamed
27783,Fine Detail Greenway-Flower-Melonoz-Hybrid 50/50-7g,Virtual Services Fine Detail Greenway Melonoz Flower 7g,renamed
27782,Fine Detail Greenway-Flower-Melonoz-Hybrid 50/50-3.5g,Virtual Services Fine Detail Greenway Melonoz Flower 3.5g,renamed
27781,Fine Detail Greenway-Flower-Melonoz-Hybrid 50/50-14g,Virtual Services Fine Detail Greenway Melonoz Flower 14g,renamed
27780,Fine Detail Greenway-Flower-Pineapple Chunk-Indica Dominant-7g,Virtual Services Fine Detail Greenway Pineapple Chunk Flower 7g,renamed
27779,Fine Detail Greenway-Flower-Pineapple Chunk-Indica Dominant-3.5g,Virtual Services Fine Detail Greenway Pineapple Chunk Flower 3.5g,renamed
27778,Fine Detail Greenway-Flower-Pineapple Chunk-Indica Dominant-14g,Virtual Services Fine Detail Greenway Pineapple Chunk Flower 14g,renamed
27777,Fine Detail Greenway-Flower-White Tahoe Cookies-Indica Dominant-7g,Virtual Services Fine Detail Greenway White Tahoe Cookies Flower 7g,renamed
27776,Fine Detail Greenway-Flower-White Tahoe Cookies-Indica Dominant-3.5g,Virtual Services Fine Detail Greenway White Tahoe Cookies Flower 3.5g,renamed
27775,Fine Detail Greenway-Flower-White Tahoe Cookies-Indica Dominant-14g,Virtual Services Fine Detail Greenway White Tahoe Cookies Flower 14g,renamed
27774,Fine Detail Greenway-Flower-Blackberry Syrup-Indica Dominant-7g,Virtual Services Fine Detail Greenway Blackberry Syrup Flower 7g,renamed
27773,Fine Detail Greenway-Flower-Blackberry Syrup-Indica Dominant-3.5g,Virtual Services Fine Detail Greenway Blackberry Syrup Flower 3.5g,renamed
27772,Fine Detail Greenway-Flower-Blackberry Syrup-14g,Virtual Services Fine Detail Greenway Blackberry Syrup Flower 14g,renamed
27771,Pioneer Squares-Gummies-Pineapple Crush-100mg,Craft Elixirs Pioneer Squares Pineapple Crush Gummies 3oz,renamed
27770,Craft Elixirs-Solid Edible-Potcorn Caramel-30mg,Craft Elixirs Potcorn Caramel Edible 30mg,renamed
27769,Pioneer Squares-Gummies-Pink Lemonade-100mg,Craft Elixirs Pioneer Squares Pink Lemonade Gummies 3oz,renamed
27768,Pioneer Squares-Gummies-Watermelon Kiwi-100mg,Craft Elixirs Pioneer Squares Watermelon Kiwi Gummies 3oz,renamed
27767,Pioneer Squares-Gummies-Sour Cherry-100mg,Craft Elixirs Pioneer Squares Sour Cherry Gummies 3oz,renamed
27766,Pioneer Squares-Gummies-Peach Mango1:1-200mg,Craft Elixirs Pioneer Sqaures Peach Mango Gummies 3oz,renamed
27765,Pioneer Squares-Gummies-Black & Blueberry-100mgTHC,Craft Elixirs Pioneer Sqaures Black Blueberry Gummies 3oz,renamed
27764,Journeyman-Gummies-Pineapple Dreams 2:1:1-200mg,Craft Elixirs Journeyman Pineapple Dreams 2:1 Gummies 3oz,renamed
27763,Legacy-Infused Pre-roll-Funfetti-1g,Legacy Organics Funfetti Infused Pre-roll 1g,renamed
27762,Legacy-Infused Pre-roll-Isodope-1g,Legacy Organics Isodope Infused Pre-roll 1g,renamed
27761,Legacy-Infused Pre-roll-Larry Bird Kush-1g,Legacy Organics Larry Bird Kush Infused Pre-roll 1g,renamed
27760,Legacy-Live Resin Cartridge-Citrus Sunrise-1g,Legacy Organics Citrus Sunrise Live Resin Cartridge 1g,renamed
27759,Legacy Extracts-Live Resin-Jet Fuel-1g,Legacy Organics Jet Fuel Live Resin 1g,renamed
27758,Legacy-Infused Pre-roll-Candy Gas OG-1g,Legacy Organics Candy Gas Og Infused Pre-roll 1g,renamed
27757,Legacy-Pre-roll-Mikado-1g,Legacy Organics Mikado Pre-roll 1g,renamed
27756,Legacy-Pre-roll-Legacy Glue-1g,Legacy Organics Legacy Glue Pre-roll 1g,renamed
27755,Legacy-Pre-roll-Candy Gas OG-1g,Legacy Organics Candy Gas Og Pre-roll 1g,renamed
27754,Legacy-Infused Pre-roll-2pk Pink Runtz-1g,Legacy Organics Pink Runtz Infused Pre-roll 1g,renamed
27753,Legacy Reserve - Flower  - Candy Gas OG - 3.5g,Legacy Organics Candy Gas Flower 3.5g,renamed
27752,Legacy Reserve - Flower - Cherry Cheese Danish - 3.5g,Legacy Organics Cherry Cheese Danish Flower 3.5g,renamed
27751,Legacy Reserve -  Flower - Funfetti - 3.5g,Legacy Organics Funfetti Flower 3.5g,renamed
27750,Legacy Truffles - PreRolls - .5g - Apple Mochi - 1g,Legacy Organics Apple Mochi Pre-roll 1g,renamed
27749,Legacy Extracts -  Bubble Hash - Mikado - 1g,Legacy Organics Mikado Hash 1g,renamed
27748,Svin Gardens-Pre-Roll-2pk Blueberry Lobster #6-1g,Alpenglow Extracts Svin Blueberry Lobster 6 Pre-roll 1g,renamed
27747,Svin Gardens-Pre-roll-2pk Pink Lobster-1g,Alpenglow Extracts Svin Pink Lobster Pre-roll 1g,renamed
27746,Svin Gardens-Rosin/Resin-Amaretto Sour-1g,Alpenglow Extracts Svin Amaretto Sour Hash Rosin 1g,renamed
27745,Svin Gardens-Pre-roll-2pk Zambo-1g,Alpenglow Extracts Svin Zambo Pre-roll 1g,renamed
27744,Svin Gardens-Terp Diamonds-Tangerine Borealis #1-1g,Alpenglow Extracts Svin Tangerine Borealis 1 Terp Crystals 1g,renamed
27743,Svin Gardens-Live Resin Disposables-Tangerine Borealis-1g,Alpenglow Extracts Svin Tangerine Borealis 1 Disposable Cartridge 1g,renamed
27742,Svin Gardens-Terp Dough-Puro Loco #1-1g,Alpenglow Extracts Svin Puro Loco Badder 1g,renamed
27741,Sving Gardens-Live Resin Disposables-Austin Flowers-1g,Alpenglow Extracts Svin Austin Flowers Disposable Cartridge 1g,renamed
27740,Svin Gardens-Pre-roll-2pk Tangerine Borealis #1-1g,Alpenglow Extracts Svin Tangerine Borealis 1 Pre-roll 1g,renamed
27739,Svin Gardens-Terp Dough-Austin Flowers-1g,Alpenglow Extracts Svin Austin Flowers Badder 1g,renamed
27738,Svin Gardens-Live Resin Disposables-Yemaya #1-1g,Alpenglow Extracts Svin Yemaya 1 Disposable Cartridge 1g,renamed
27737,Svin Gardens-Live Resin Disposables-Lemon Strawz #8-1g,Alpenglow Extracts Svin Lemon Straws Disposable Cartridge 1g,renamed
27736,Svin Gardens-Live Resin Disposables-Pineapple Bang #2-1g,Alpenglow Extracts Svin Pineapple Bang Disposable Cartridge 1g,renamed
27735,Svin Gardens-Live Resin Disposables-One Piece-1g,Alpenglow Extracts Svin One Piece Disposable Cartridge 1g,renamed
27734,Svin Gardens-Live Resin Disposable-Spooky Z-1g,Alpenglow Extracts Svin Spooky Z Disposable Cartridge 1g,renamed
27733,Svin Gardens-Flower-Sherb Banger-3.5g,Alpenglow Extracts Svin Sherb Banger Flower 3.5g,renamed
27732,Svin Gardens-Flower-Tangerine Borealis #1-3.5g,Alpenglow Extracts Svin Tangerine Borealis 1 Flower 3.5g,renamed
27731,Svin Gardens-Flower-Amaretto Sour-3.5g,Alpenglow Extracts Svin Amaretto Sour Flower 3.5g,renamed
27730,Svin Gardens-Terp Dough-Jacuzzi-1g,Alpenglow Extracts Svin Jacuzzi Badder 1g,renamed
27729,Svin Gardens-Terp Diamonds-One Piece-Indica Hybrid-1g,Alpenglow Extracts Svin One Piece Terp Crystals 1g,renamed
27728,Canna Organix - Liquid Diamond's Live Resin Cartridge - Wedding Cake - 1g,Canna Organix Wedding Cake Cartridge 1g,renamed
27727,Canna Organix - Liquid Diamond's Live Resin Cartridge - Gelonade - 1g,Canna Organix Gelonade Cartridge 1g,renamed
27726,Canna Organix - Liquid Diamond's Live Resin Cartridge - Cereal Milk - 1g,Canna Organix Cereal Milk Cartridge 1g,renamed
27725,Canna Organix Live Resin Cartridge Zkittlez - 1g,Canna Organix Zkittlez Live Resin Cartridge 1g,renamed
27724,Canna Whupass - CW Vape Cartridge - Watermelon OG - Mixed - 1g,Canna Organix Watermelon Og Cartridge 1g,renamed
27723,Canna Whupass - CW Vape Cartridge - Washington Apple - Mixed - 1g,Canna Organix Wa Apple Cartridge 1g,renamed
27722,Canna Whupass - CW Vape Cartridge - Vanilla Wafer - Mixed - 1g,Canna Organix Vanilla Wafer Cartridge 1g,renamed
27721,Canna Whupass - CW Vape Cartridge - Tropical Trainwreck - Mixed - 1g,Canna Organix Tropical Trainwreck Cartridge 1g,renamed
27720,Canna Whupass - CW Vape Cartridge - Pineapple Crush - Mixed - 1g,Canna Organix Pineapple Crush Cartridge 1g,renamed
27719,Canna Whupass - CW Vape Cartridge - Pear Herer - Mixed - 1g,Canna Organix Pear Herer Cartridge 1g,renamed
27718,Canna Whupass - CW Vape Cartridge - Peach Ringz - Mixed - 1g,Canna Organix Peach Ringz Cartridge 1g,renamed
27717,Canna Whupass - CW Vape Cartridge - OMGuava - Mixed - 1g,Canna Organix Omguava Cartridge 1g,renamed
27716,Canna Whupass - CW Vape Cartridge - Banana Kush - Mixed - 1g,Canna Organix Banana Kush Cartridge 1g,renamed
27715,Canna Whupass - CW Vape Cartridge - Mint Chip - Mixed - 1g,Canna Organix Mint Chip Cartridge 1g,renamed
27714,Canna Whupass - CW Vape Cartridge - Maui Loudie - Mixed - 1g,Canna Organix Maui Loudie Cartridge 1g,renamed
27713,Canna Whupass - CW Vape Cartridge - Mango Haze - Mixed - 1g,Canna Organix Mango Haze Cartridge 1g,renamed
27712,Canna Whupass Cartridge Lime Dream - 1g,Canna Organix Canna Whupass Lime Dream Cartridge 1g,renamed
27711,Canna Whupass - CW Vape Cartridge - Grapeness - Mixed - 1g,Canna Organix Grapeness Cartridge 1g,renamed
27710,Canna Whupass - CW Vape Cartridge - Golden Apricot - Mixed - 1g,Canna Organix Golden Apricot Cartridge 1g,renamed
27709,Canna Whupass - CW Vape Cartridge - Double Bubble - Mixed - 1g,Canna Organix Double Bubble Cartridge 1g,renamed
27708,Canna Whupass - CW Vape Cartridge - Creamsicle - Mixed - 1g,Canna Organix Creamsicle Cartridge 1g,renamed
27707,Canna Whupass - CW Vape Cartridge - Blueberry Flame - Mixed - 1g,Canna Organix Blu Voodoo Cartridge 1g,renamed
27706,Canna Whupass - CW Vape Cartridge - Blackberry Kush - Mixed - 1g,Canna Organix Blackberry Kush Cartridge 1g,renamed
27705,Canna Whupass - CW Vape Cartridge - Berry Orange Pez - Mixed - 1g,Canna Organix Berry Orange Pez Cartridge 1g,renamed
27704,Canna Whupass - CW Vape Cartridge - Berry Kush - Mixed - 1g,Canna Organix Berry Kush Cartridge 1g,renamed
27703,Tasty Terps-Badder-Gummy Bears-1g,Clarity Farms Gummy Bears Badder 1g,renamed
27702,Tasty Terps-Badder-Caprizun-1g,Clarity Farms Caprizun Badder 1g,renamed
27701,Tasty Terps-Badder-Maui Mango-1g,Clarity Farms Maui Mango Badder 1g,renamed
27700,Terpnado-Disposable Cartridge-Yeti Fruit OG-1g,Clarity Farms Yeti Fruit Og Disposable Cartridge 1g,renamed
27699,Terpnado-Disposable Cartridge-Tropical Tripper-1g,Clarity Farms Tropical Tripper Disposable Cartridge 1g,renamed
27698,Terpnado-Disposable Cartridge-Golden Peach-1g,Clarity Farms Golden Peach Disposable Cartridge 1g,renamed
27697,Terpnado-Disposable Cartridge-Blueberry Express-1g,Clarity Farms Blueberry Express Disposable Cartridge 1g,renamed
27696,Tasty Terps-Cartridge-Rocket Pop-1g,Clarity Farms Rocket Pop Cartridge 1g,renamed
27695,Tasty Terps-Cartridge-Kiwi Hi-Chewz-1g,Clarity Farms Kiwi Hi-chewz Cartridge 1g,renamed
27694,Tasty Terps-Cartridge-Caprizun-1g,Clarity Farms Caprizun Cartridge 1g,renamed
27693,Tasty Terps-Cartridge-Blueberry Yum Yum-1g,Clarity Farms Blueberry Yum Yum Cartridge 1g,renamed
27692,O' Geez-Cartridge-Pineapple Express-1g,Clarity Farms Pineapple Express Cartridge 1g,renamed
27691,O' Geez-Cartridge-Ice Cream Cake-1g,Clarity Farms Ice Cream Cake Cartridge 1g,renamed
27690,O' Geez-Cartridge-Granddaddy Purple-1g,Clarity Farms Granddaddy Purple Cartridge 1g,renamed
27689,O' Geez-Cartridge-Alaskan Thunder Fuck-1g,Clarity Farms Alaskan Thunder Fuck Cartridge 1g,renamed
27688,Kelso Kandy-Infused Pre-roll-Lime Sorbet-.8g,Clarity Farms Lime Sorbet Infused Pre-roll 0.88g,renamed
27687,Kelso Kandy-Infused pre-roll-Blue Razzberry-.8g,Clarity Farms Blue Razz Infused Pre-roll 0.88g,renamed
27686,Kelso Kandy-Infused pre-roll-Blue Hawaiian-.8g,Clarity Farms Blue Hawaiian Infused Pre-roll 0.88g,renamed
27685,Kelso Kandy-Infused Pre-roll-Blood Orange-.8g,Clarity Farms Blood Orange Infused Pre-roll 0.8g,renamed
27684,Kelso Kandy-Infused Pre-roll-Berry Gelato-.8g,Clarity Farms Berry Gelato Infused Pre-roll 0.8g,renamed
27683,Kelso Kandy-Cartridge-Lime Sorbet-1g,Clarity Farms Lime Sorbet Cartridge 1g,renamed
27682,Kelso Kandy-Cartridge-Grape Slushie-1g,Clarity Farms Grape Slushie Cartridge 1g,renamed
27681,Kelso Kandy-Cartridge-Blueberry-1g,Clarity Farms Blueberry Cartridge 1g,renamed
27680,Kelso Kandy-Cartridge-Blue Razzberry -1g,Clarity Farms Blue Raspberry Cartridge 1g,renamed
27679,Kelso Kandy-Cartridge-Blood Orange-1g,Clarity Farms Blood Orange Cartridge 1g,renamed
27678,Jelly Gems-Gummies-Tropical Trip (CHILL)-400mg,Clarity Farms Tropical Trip 1:1 Gummies 0.88oz,renamed
27677,Jelly Gems-Gummies-Chuckleberry (HAPPY)-300mg,Clarity Farms Chuckleberry Gummies 0.88oz,renamed
27676,Jelly Gems-Gummies-Peaches & Dreams (NIGHT)-300mg,Clarity Farms Peaches Dreams Gummies 0.88oz,renamed
27675,Jelly Gems-Gummies-Blissberry (HAPPY)-300mg,Clarity Farms Blissberry 1:1 Gummies 0.88oz,renamed
27674,Jelly Gems-Gummies-Key Lime Unwind (NIGHT)-300mg,Clarity Farms Key Lime Gummies 0.88oz,renamed
27673,Jelly Gems-Gummies-Tangelo (FLOW)200mg,Clarity Farms Tangelo Gummies 0.88oz,renamed
27672,Incredibulk-BHO-Panama Red-1g,Clarity Farms Panama Red Bho 1g,renamed
27671,Incredibulk-BHO-OG Cookies-1g,Clarity Farms Og Cookies Bho 1g,renamed
27670,Incredibulk-BHO-Northern Lights-1g,Clarity Farms Northern Lights Bho 1g,renamed
27669,Incredibulk-BHO-Ghost Train Haze-1g,Clarity Farms Ghost Train Haze Bho 1g,renamed
27668,Incredibulk-BHO-Dolato-1g,Clarity Farms Dolato Bho 1g,renamed
27667,Incredibulk-Cartridge-Sour Blueberry-1g,Clarity Farms Sour Blueberry Cartridge 1g,renamed
27666,Incredibulk-Cartridge-Kush Dream-1g,Clarity Farms Kush Dreamz Cartridge 1g,renamed
27665,Incredibulk-Cartridge-Dolato-1g,Clarity Farms Dolato Cartridge 1g,renamed
27664,Incredibulk-Cartridge-Breakfast Kush-1g,Clarity Farms Breakfast Kush Cartridge 1g,renamed
27663,Incredibulk-Cartridge-Amnesia Haze-1g,Clarity Farms Amnesia Haze Cartridge 1g,renamed
27662,Gummy Bombs-Gummies-Strawberry Guava-1.02oz,Clarity Farms Strawberry Guava Gummies 1.02oz,renamed
27661,Gummy Bombs-Gummies-Pink Razz-1.02oz,Clarity Farms Pink Razz Gummies 1.02oz,renamed
27660,Gummy Bombs-Gummies-Luau Punch-1.02oz,Clarity Farms Luau Punch Gummies 1.02oz,renamed
27659,Gummy Bombs-Gummies-Huckleberry-1.02oz,Clarity Farms Huckleberry Gummies 1.02oz,renamed
27658,Gummy Bombs-Gummies-Dragon Berry-1.02oz,Clarity Farms Dragon Berry Gummies 1.02oz,renamed
27657,Fire Bros-Flower-Goofiez-7g,Fire Bros. Fire Bros Goofiez Flower 7g,renamed
27656,Fire Bros-Flower-Goofiez-3.5g,Fire Bros. Fire Bros Goofiez Flower 3.5g,renamed
27655,Fire Bros-Flower-Goofiez-1g,Fire Bros. Fire Bros Goofiez Flower 1g,renamed
27654,Fire Bros-Pre-Roll-Crepe Ape-1g,Fire Bros. Fire Bros Crepe Ape Pre-roll 1g,renamed
27653,Fire Bros-Flower-Pinyatti-7g,Fire Bros. Fire Bros Pinyatti Flower 7g,renamed
27652,Fire Bros-Flower-Pinyatti-3.5g,Fire Bros. Fire Bros Pinyatti Flower 3.5g,renamed
27651,Fire Bros-Flower-Pinyatti-1g,Fire Bros. Fire Bros Pinyatti Flower 1g,renamed
27650,Fire Bros-Infused Blunt-Boofscotti-2g,Fire Bros. Fire Bros Boofscotti Infused Blunt 2g,renamed
27649,Fire Bros-Infused Blunt-Crepe Ape-2g,Fire Bros. Fire Bros Crepe Ape Infused Blunt 2g,renamed
27648,Fire Bros-Infused Blunt-Pinyatti-2g,Fire Bros. Fire Bros Pinyatti Infused Pre-roll 2g,renamed
27647,Fire Bros-Pre-Roll-Pinyatti-1g,Fire Bros. Fire Bros Pinyatti Pre-roll 1g,renamed
27646,Fire Bros-Pre-Roll-Lemon Pastries-1g,Fire Bros. Fire Bros Lemon Pastries Pre-roll 1g,renamed
27645,Fire Bros-Pre-Roll-Boofscotti-1g,Fire Bros. Fire Bros Boofscotti Pre-roll 1g,renamed
27644,Fire Bros-Flower-Tamalez-7g,Fire Bros. Fire Bros Tamalez Flower 7g,renamed
27643,Fire Bros-Flower-Tamalez-3.5g,Fire Bros. Fire Bros Tamalez Flower 3.5g,renamed
27642,Fire Bros-Flower-Tamalez-1g,Fire Bros. Fire Bros Tamalez Flower 1g,renamed
27641,Fire Bros-Pre-roll-Lemon Slushee-2.5g,Fire Bros. Fire Bros Lemon Slushee Pre-roll 2.5g,renamed
27640,Fire Bros-Disposable Cartridge-Trop Kick-1g,Fire Bros. Fire Bros Trop Kick Disposable Cartridge 1g,renamed
27639,Fire Bros-Disposable Cartridge-Ragin' Cajun-1g,Fire Bros. Fire Bros Ragin' Cajun Disposable Cartridge 1g,renamed
27638,Fire Bros-Disposable Cartridge-Pink Pony Club-1g,Fire Bros. Fire Bros Pink Pony Club Disposable Cartridge 1g,renamed
27637,Fire Bros-Disposable Cartridge-Han Zolo-1g,Fire Bros. Fire Bros Han Solo Disposable Cartridge 1g,renamed
27636,Fire Bros-Pre-roll-Variety 5-Pack[MIXED]-2.5g,Fire Bros. Fire Bros Mixed Pre-roll 2.5g,renamed
27634,Fire Bros Gold Series-Disposable Cartridge-Pelé 1970-1g,Fire Bros. Fire Bros Pelé 1970 Disposable Cartridge 1g,renamed
27633,Fire Bros Gold Series-Disposable Cartridge-Golden Boot-1g,Fire Bros. Fire Bros Golden Boot Disposable Cartridge 1g,renamed
27632,Fire Bros-Disposable Cartridge-Al Pastor-1g,Fire Bros. Fire Bros Al Pastor Disposable Cartridge 1g,renamed
27631,Fire Bros-Disposable Cartridge-King Kong-1g,Fire Bros. Fire Bros King Kong Disposable Cartridge 1g,renamed
27630,Fire Bros-Pre-Roll-Mexican Flan-2.5g,Fire Bros. Fire Bros Mexican Flan Pre-roll 2.5g,renamed
27629,Fire Bros-Pre-Roll-Bling Blaow-2.5g,Fire Bros. Fire Bros Bling Blaow Pre-roll 2.5g,renamed
27628,Fire Bros-Live Resin Cartridge-StrawTahTah-1g,Fire Bros. Fire Bros Strawtahtah Live Resin Cartridge 1g,renamed
27627,Fire Bros-Live Resin Cartridge-Runtz-1g,Fire Bros. Fire Bros Runtz Live Resin Cartridge 1g,renamed
27626,Fire Bros-Live Resin Cartridge-Crepe Ape-1g,Fire Bros. Fire Bros Crepe Ape Live Resin 1g,renamed
27625,Mango Mintality ( S/H ) - Plaid Jacket BHO Cured Resin Cart 1g,Spark Industries Plaid Jacket Mango Mintality Cartridge 1g,renamed
27624,Journeyman Pineapple Hash Rosin Lemonade,Botanica Seattle Journeyman Pineapple Beverage 2floz,renamed
27623,Journeyman Peach Hash Rosin Lemonade,Botanica Seattle Journeyman Lemonade Beverage 2floz,renamed
27622,Journeyman Strawberry Hash Rosin Lemonade,Botanica Seattle Journeyman Strawberry Beverage 2floz,renamed
27621,Journeyman Beverage Watermelon Lemonade - 2oz,Botanica Seattle Journeyman Watermelon Lemonade Beverage 2floz,renamed
27620,Journeyman Beverage Cherry Lemonade - 2oz,Botanica Seattle Journeyman Cherry Lemonade Beverage 2floz,renamed
27619,Journeyman Beverage Strawberry Lemonade - 2oz,Botanica Seattle Journeyman Strawberry Lemonade Beverage 2floz,renamed
27618,Journeyman Beverage Tart Lemonade - 2oz,Botanica Seattle Journeyman Tart Lemonade Beverage 2floz,renamed
27617,Journeyman Beverage Tropical Lemonade - 2oz,Botanica Seattle Journeyman Tropical Lemonade Beverage 2floz,renamed
27616,2727 - Vape Cart - Cherry Pie - 1g,2727 Cherry Pie Cartridge 1g,renamed
27615,2727 - Blunts - Strawberry Tropicana Cookies - 1.5g,2727 Tropicana Cookies Blunt 1.5g,renamed
27614,2727 - Blunts - Grape Tropicana Cookies - 1.5g,2727 Tropicanna Cookies Blunt 1.5g,renamed
27613,2727 - Blunts - Blueberry Tropicana Cookies - 1.5g,2727 Tropicanna Cookies Blunt 2,renamed
27612,2727 - Blunts - Vanilla Tropicana Cookies - 1.5g,2727 Tropicanna Cookies Blunt 3,renamed
27611,2727 - Blunts - Original Tropicana Cookies - 1.5g,2727 Tropicana Cookies Blunt 2,renamed
27610,2727 - Pre-Rolls  - Ice Queen - 5g,2727 Ice Queen Pre-roll 5g,renamed
27609,2727 - Pre-Rolls  - Gassed OG - 5g,2727 Gassed Og Pre-roll 5g,renamed
27608,2727 - Pre-Rolls - Gas Candy - 5g,2727 Candy Gas Pre-roll 5g,renamed
27607,2727 - Pre-Rolls - Big Purps - 5g,2727 Big Purps Pre-roll 5g,renamed
27606,2727 - Pre-Rolls - Molly Purps - 5g,2727 Molly Purps Pre-roll 5g,renamed
27605,2727 - Pre-Rolls - Gorilla Cookies - 5g,2727 Gorilla Cookies Pre-roll 5g,renamed
27603,2727 - Vape Cart - 2727 - Guava - 1g,2727 Guava Cartridge 1g,renamed
27602,2727 - Blunts - Strawberry Heady Eddy - 1.5g,2727 Heady Eddy Blunt 1.5g,renamed
27601,2727 - Blunts - Grape Heady Eddy - 1.5g,2727 Heady Eddy Blunt 2,renamed
27600,2727 - Blunts - Blueberry Heady Eddy - 1.5g,2727 Heady Eddy Blunt 3,renamed
27599,2727 - Blunts - Original Heady Eddy - 1.5g,2727 Heady Eddy Blunt 4,renamed
27598,2727 - BHO - Candy Runtz - 1g,2727 Candy Runtz Bho 1g,renamed
27597,2727 - BHO - Purple Mojito - 1g,2727 Purple Mojito Bho 1g,renamed
27596,SMB - Disposable - Candy Clouds - 1g,2727 Candy Clouds Disposable Cartridge 1g,renamed
27595,SuperMegaBussin - BHO - Conejito - 1g,2727 Conejito Bho 1g,renamed
27594,2727 - Vape Cart - 2727 - Ice Cream Cake - 1g,2727 Ice Cream Cake Cartridge 1g,renamed
27593,2727 - Blunts - Vanilla Heady Eddy - 1.5g,2727 Heady Eddy Blunt 5,renamed
27592,2727 - Infused - 2727 - Tigers Blood - 1g,2727 Tigers Blood Infused Pre-roll 1g,renamed
27591,SMB - BHO - Kush Cobbler - 1g,2727 Kush Cobbler Bho 1g,renamed
27590,Super Mega Bussin' - Disposable - SMB - Gelato Runtz - 1g,2727 Gelato Runtz Disposable Cartridge 1g,renamed
27589,2727 - Infused Pre-Roll - Frosted Gummy - 1g,2727 Frosted Gummy Infused Pre-roll 1g,renamed
27588,2727 - Infused Pre- Roll - Blueberry Blast - 1g,2727 Blueberry Infused Pre-roll 1g,renamed
27587,Super Mega Bussin' - BHO - Forest Fire - 1g,2727 Forest Fire Bho 1g,renamed
27586,Super Mega Bussin' - Disposable - SMB - Pineapple Express - 1g,2727 Pineapple Express Disposable Cartridge 1g,renamed
27585,2727- Flower - Planet Sherb - 14g,2727 Planet Sherb Flower 14g,renamed
27583,Ooowee - JUICED 5/1G Infused PreRoll - Raspberry Mimosa - Key Bump - 5g,Ttl Holdings Llc Ooowee Key Bump Infused Pre-roll 5g,renamed
27582,Ooowee - JUICED 5/1G Infused PreRoll - Purple Rain - FaceLock - 5g,Ttl Holdings Llc Ooowee Facelock Infused Pre-roll 5g,renamed
27581,Ooowee - JUICED 5/1G Infused PreRoll - Ooowee - Sticky Melon - Gusherlicious - 5g,Ttl Holdings Llc Ooowee Gusherlicious Infused Pre-roll 5g,renamed
27580,Ooowee - JUICED 5/1G Infused PreRoll - Watermelon Gummy - Ice Cream Cake #8 - 5g,Ttl Holdings Llc Ooowee Ice Cream Cake Infused Pre-roll 5g,renamed
27579,Ooowee - JUICED 5/1G Infused PreRoll - Khalifa Kiwi - Late Bloomer - 5g,Ttl Holdings Llc Ooowee Late Bloomer Infused Pre-roll 5g,renamed
27578,Ooowee - JUICED 5/1G Infused PreRoll - Honeydew - Gelato X - 5g,Ttl Holdings Llc Ooowee Gelato X Infused Pre-roll 5g,renamed
27577,Ooowee - JUICED 5/1G Infused PreRoll - Blueberry Dream - Sour Gum - 5g,Ttl Holdings Llc Ooowee Sour Gum Infused Pre-roll 5g,renamed
27576,Ooowee - JUICED 5/1G Infused PreRoll - Seattle Strawberry Cough - Seattle Strawberry Cough - 5g,Ttl Holdings Llc Ooowee Seattle Strawberry Cough Infused Pre-roll 5g,renamed
27575,Ooowee - JUICED 5/1G Infused PreRoll - Cherry Gelato - Saint Lauruntz - 5g,Ttl Holdings Llc Ooowee Cherry Gelato Infused Pre-roll 5g,renamed
27574,Ooowee - JUICED 5/1G Infused PreRoll - Ooowee - Sour Mango Diesel - Trophy Runtz - 5g,Ttl Holdings Llc Ooowee Trophy Runtz Infused Pre-roll 5g,renamed
27573,Ooowee - JUICED 1G C.R HTE Disposable - Big Apple Diesel - 1g,Ttl Holdings Llc Ooowee Big Apple Diesel Disposable Cartridge 1g,renamed
27572,Ooowee - JUICED 1G C.R HTE Disposable - Honeydew - 1g,Ttl Holdings Llc Ooowee Honeydew Disposable Cartridge 1g,renamed
27571,Ooowee - JUICED 1G C.R HTE Disposable - Tropical Maui - 1g,Ttl Holdings Llc Ooowee Tropical Maui Disposable Cartridge 1g,renamed
27570,Ooowee - JUICED 1G C.R HTE Disposable - Ghost Berry - 1g,Ttl Holdings Llc Ooowee Ghost Berry Cartridge 1g,renamed
27569,Ooowee - JUICED 1G C.R HTE Disposable - Raspberry Mimosa - 1g,Ttl Holdings Llc Ooowee Raspberry Mimosa Disposable Cartridge 1g,renamed
27568,Ooowee - JUICED 1G C.R HTE Disposable - Cherry Gelato - 1g,Ttl Holdings Llc Ooowee Cherry Gelato Cartridge 1g,renamed
27567,Ooowee - JUICED 1G C.R HTE Disposable - Strawberry Guava - 1g,Ttl Holdings Llc Ooowee Strawberry Guava Disposable Cartridge 1g,renamed
27566,Ooowee Disposable Cartridge blueberry dream - 1g,Ttl Holdings Llc Ooowee Blueberry Dream Disposable Cartridge 1g,renamed
27565,Ooowee - JUICED 1G C.R HTE Disposable - Seattle Strawberry Cough - 1g,Ttl Holdings Llc Ooowee Seattle Strawberry Cough Disposable Cartridge 1g,renamed
27564,Ooowee - JUICED 1G C.R HTE Disposable - Banana Runtz - 1g,Ttl Holdings Llc Ooowee Banana Runtz Disposable Cartridge 1g,renamed
27563,Ooowee - JUICED 1G C.R HTE Disposable - Black Cherry Bomb - 1g,Ttl Holdings Llc Ooowee Black Cherry Bomb Disposable Cartridge 1g,renamed
27562,Ooowee - 5/1g Pre-Roll - Ooowee - Gusherlicious - 5g,Ttl Holdings Llc Ooowee Gusherlicious Pre-roll 5g,renamed
27561,Ooowee - 5/1G Pre-Roll - Cheat Code - 5g,Ttl Holdings Llc Ooowee Cheat Code Pre-roll 5g,renamed
27560,Ooowee - 5/1g Pre-Roll - Ooowee - Ooowee Marker - 5g,Ttl Holdings Llc Ooowee Ooowee Marker Pre-roll 5g,renamed
27559,Ooowee - 5/1G Pre-Roll - Lemon Cherry Gelato - 5g,Ttl Holdings Llc Ooowee Lemon Cherry Gelato Pre-roll 5g,renamed
27558,Ooowee - 5/1g Pre-Roll - Ooowee - FaceLock - 5g,Ttl Holdings Llc Ooowee Facelock Pre-roll 5g,renamed
27557,Ooowee - 5/1G Pre-Roll - Crunch Berries - 5g,Ttl Holdings Llc Ooowee Crunch Berriez Pre-roll 5g,renamed
27556,Ooowee - 5/1G Pre-Roll - Blueberry Dream - 5g,Ttl Holdings Llc Ooowee Blueberry Dream Pre-roll 5g,renamed
27555,Ooowee - 5/1g Pre-Roll - Ooowee - Ice Cream Cake #8 - 5g,Ttl Holdings Llc Ooowee Ice Cream Cake Pre-roll 5g,renamed
27554,Ooowee - 5/1G Pre-Roll - Super Lemon Cherry Gelato - 5g,Ttl Holdings Llc Ooowee Super Lemon Cherry Gelato Pre-roll 5g,renamed
27553,Ooowee - 5/1G Pre-Roll - Super Lemon Haze - 5g,Ttl Holdings Llc Ooowee Super Lemon Haze Pre-roll 5g,renamed
27552,Ooowee - 5/1G Pre-Roll - White Peach - 5g,Ttl Holdings Llc Ooowee White Peach Pre-roll 5g,renamed
27551,Ooowee - 5/1G Pre-Roll - Super Boof - 5g,Ttl Holdings Llc Ooowee Super Boof Pre-roll 5g,renamed
27550,Ooowee - 5/1G Infused PreRoll - Lemon Cherry Gelato - 5g,Ttl Holdings Llc Ooowee Lemon Cherry Gelato Infused Pre-roll 5g,renamed
27549,Ooowee - 5/1G Infused PreRoll - Mango Haze - 5g,Ttl Holdings Llc Ooowee Mango Haze Infused Pre-roll 5g,renamed
27548,Ooowee - 5/1G Infused PreRoll - Blueberry Dream - 5g,Ttl Holdings Llc Ooowee Blueberry Dream Infused Pre-roll 5g,renamed
27547,Ooowee - 5/1G Infused PreRoll - Sunset Lemonade - 5g,Ttl Holdings Llc Ooowee Sunset Lemonade Infused Pre-roll 5g,renamed
27546,Ooowee - 5/1G Infused PreRoll - Cheat Code - 5g,Ttl Holdings Llc Ooowee Cheat Code Infused Pre-roll 5g,renamed
27545,Ooowee - 5/1G Infused PreRoll - Super Lemon Haze - 5g,Ttl Holdings Llc Ooowee Super Lemon Haze Infused Pre-roll 5g,renamed
27544,Ooowee Infused Pre-Roll Ooowee Marker - 5g,Ttl Holdings Llc Ooowee Ooowee Marker Infused Pre-roll 5g,renamed
27543,Ooowee - 5/1G Infused PreRoll - Super Lemon Cherry Gelato - 5g,Ttl Holdings Llc Ooowee Super Lemon Cherry Gelato Infused Pre-roll 5g,renamed
27542,Ooowee - 5/1G Infused PreRoll - Gusherlicious - 5g,Ttl Holdings Llc Ooowee Gusherlicious Infused Pre-roll 2,renamed
27541,Ooowee - 5/1G Infused PreRoll - Uh-Huh - 5g,Ttl Holdings Llc Ooowee Uh-huh Infused Pre-roll 5g,renamed
27540,Ooowee - 5/1G Infused PreRoll - Gelato X - 5g,Ttl Holdings Llc Ooowee Gelato X Infused Pre-roll 1g,renamed
27539,Ooowee - 1G Hydrocarbon Concentrate - FaceLock - 1g,Ttl Holdings Llc Ooowee Facelock Bho 1g,renamed
27538,Ooowee - 1G Hydrocarbon Concentrate - Pink Zaza - 1g,Ttl Holdings Llc Ooowee Pink Zaza Bho 1g,renamed
27537,Ooowee - 1G Hydrocarbon Concentrate - Blueberry Dream,Ttl Holdings Llc Ooowee Blueberry Dream* Bho 1g,renamed
27536,Ooowee - Hydrocarbon Concentrate - Super Lemon Haze - 1g,Ttl Holdings Llc Ooowee Super Lemon Haze Bho 1g,renamed
27535,Ooowee - Hydrocarbon Concentrate - Mango Haze - 1g,Ttl Holdings Llc Ooowee Mango Haze Bho 1g,renamed
27534,Ooowee - 1G Hydrocarbon Concentrate - Lemon Cherry Gelato - 1g,Ttl Holdings Llc Ooowee Lemon Cherry Gelato Bho 1g,renamed
27533,Ooowee - Hydrocarbon Concentrate - Super Boof - 1g,Ttl Holdings Llc Ooowee Super Boof Bho 1g,renamed
27532,Ooowee - 1G Hydrocarbon Concentrate - Wedding Cake - 1g,Ttl Holdings Llc Ooowee Wedding Cake Bho 1g,renamed
27531,Ooowee - Hydrocarbon Concentrate - White Peach - 1g,Ttl Holdings Llc Ooowee White Peach Bho 1g,renamed
27530,Ooowee - Hydrocarbon Concentrate - Crunch Berries - 1g,Ttl Holdings Llc Ooowee Crunch Berriez Bho 1g,renamed
27529,Ooowee - Hydrocarbon Concentrate - Cheat Code - 1g,Ttl Holdings Llc Ooowee Cheat Code Bho 1g,renamed
27528,Ooowee - 1g Hydrocarbon Concentrate - Ooowee - Ice Cream Cake #8 - 1g,Ttl Holdings Llc Ooowee Ice Cream Cake Bho 1g,renamed
27527,Ooowee - 1G Cartridge - Honeydew - 1g,Ttl Holdings Llc Ooowee Honeydew Cartridge 1g,renamed
27525,Ooowee - 1G Cartridge - Watermelon Trainwreck - 1g,Ttl Holdings Llc Ooowee Watermelon Cartridge 1g,renamed
27524,Ooowee - 1G Cartridge - Bubblegum Runtz - 1g,Ttl Holdings Llc Ooowee Bubblegum Runtz Cartridge 1g,renamed
27523,Ooowee - 1G Cartridge - Big Apple Diesel - 1g,Ttl Holdings Llc Ooowee Big Apple Diesel Cartridge 1g,renamed
27522,Ooowee - 1G Cartridge - Black Cherry Bomb - 1g,Ttl Holdings Llc Ooowee Black Cherry Bomb Cartridge 1g,renamed
27521,Ooowee - 1G Cartridge - Tropical Maui - 1g,Ttl Holdings Llc Ooowee Tropical Maui Cartridge 1g,renamed
27520,Ooowee - 1G Cartridge - Blue Dream - 1g,Ttl Holdings Llc Ooowee Blue Dream Cartridge 1g,renamed
27519,Ooowee - 1G Cartridge - Super Raspberry Boof - 1g,Ttl Holdings Llc Ooowee Super Boof Cartridge 1g,renamed
27518,Ooowee - Cartridge - Golden Lychee - 1g,Ttl Holdings Llc Ooowee Golden Lychee Cartridge 1g,renamed
27517,Ooowee - Pre-Roll Digital Hash Hole - Mr Bad - 0.75g,Ttl Holdings Llc Ooowee Mr. Bad Infused Pre-roll 0.75g,renamed
27516,Ooowee - Pre-Roll Digital Hash Hole - FaceLock - 0.75g,Ttl Holdings Llc Ooowee Facelock Infused Pre-roll 0.75g,renamed
27515,Ooowee - Pre-Roll Digital Hash Hole - Seattle Strawberry Cough - 0.75g,Ttl Holdings Llc Ooowee Seattle Strawberry Cough Infused Pre-roll 0.75g,renamed
27514,Ooowee - Pre-Roll Digital Hash Hole - Mango Haze - 0.75g,Ttl Holdings Llc Ooowee Mango Haze Infused Pre-roll 0.75g,renamed
27513,Ooowee - Pre-Roll Digital Hash Hole - Ooowee Marker - 0.75g,Ttl Holdings Llc Ooowee Ooowee Marker Infused Pre-roll 0.75g,renamed
27512,Ooowee - Pre-Roll Digital Hash Hole - Lemon Cherry Gelato - 1g,Ttl Holdings Llc Ooowee Lemon Cherry Gelato Infused Pre-roll 1g,renamed
27511,Shatter J's Cartridge Washington Apple - 1g,Mountain Hi Shatter J's Washington Apple Cartridge 1g,renamed
27510,Shatter J's Infused Pre-roll Washington Apple - 5g,Mountain Hi Shatter J's Washington Apple Infused Pre-roll 5g,renamed
27509,Shatter J's - Cartridge - Strawberry Daiquiri- 1g,Mountain Hi Shatter J's Strawberry Daiquiri Cartridge 1g,renamed
27508,Shatter J's Infused Pre-roll Cotton Candy - 5g,Mountain Hi Shatter J's Cotton Candy Infused Pre-roll 5g,renamed
27507,SMC - Mixed Berry Pack - 5g,Mountain Hi Shatter J's Mixed Infused Pre-roll 5g,renamed
27506,SMC - Fabulous 5 Mixed Pack - 5g,Mountain Hi Seattle Marijuana Co Fabulous 5 Mixed Pack Infused Pre-roll 5g,renamed
27505,SMC - Infused Joint Pack - Melon Guava - 5g,Mountain Hi Shatter J's Melon Guava Infused Pre-roll 5g,renamed
27504,Shatter J's - Cartridge - Banana Cream Pie - 1g,Mountain Hi Shatter J's Banana Cream Pie Cartridge 1g,renamed
27503,SMC - Infused Joint Pack - Strawberry Daiquiri - 5g,Mountain Hi Seattle Marijuana Co Strawberry Daiquiri Infused Pre-roll 5g,renamed
27502,Shatter J's Infused Pre-roll Blackberry Pie - 5g,Mountain Hi Shatter J's Blackberry Pie Infused Pre-roll 5g,renamed
27501,SMC - Infused Joint Pack - Indica - Wedding Cake - 5g,Mountain Hi Seattle Marijuana Co Wedding Cake Infused Pre-roll 5g,renamed
27500,Shatter J's - Infused Joint Pack- Watermelon Martini - 5g,Mountain Hi Shatter J's Watermelon Martini Infused Pre-roll 5g,renamed
27499,Shatter J's Disposable Cartridge Blackberry Pie - 1g,Mountain Hi Shatter J's Blackberry Pie Disposable Cartridge 1g,renamed
27498,Shatter J's Disposable Cartridge Pina Colada - 1g,Mountain Hi Shatter J's Pina Colada Disposable Cartridge 1g,renamed
27497,SMC - Infused Joint Pack - Grape - 5g,Mountain Hi Shatter J's Grape Pre-roll 5g,renamed
27496,Shatter J's Infused Pre-roll Washington Apple - 1g,Mountain Hi Shatter J's Washington Apple Infused Pre-roll 1g,renamed
27495,Shatter J's Disposable Cartridge Washington Apple - 1g,Mountain Hi Shatter J's Washington Apple Disposable Cartridge 1g,renamed
27494,Shatter J's - Infused Pre-roll - Super Boof -1g,Mountain Hi Shatter J's Super Boof Infused Pre-roll 1g,renamed
27493,Shatter J's - Infused Pre Roll - Watermelon Martini - 1g,Mountain Hi Shatter J's Watermelon Martini Infused Pre-roll 1g,renamed
27492,SMC - Infused Joint 1g - Indica - Wedding Cake - 1g,Mountain Hi Seattle Marijuana Co Wedding Cake Infused Pre-roll 1g,renamed
27491,SMC - Infused Joint 1g - Sativa - Orange Cookies - 1g,Mountain Hi Shatter J's Orange Cookies Infused Pre-roll 1g,renamed
27490,Shatter J's Infused Pre-roll Banana Cream Pie -1g,Mountain Hi Shatter J's Bananas Cream Infused Pre-roll 1g,renamed
27489,Shatter J's Infused Pre-roll Pina Colada - 5g,Mountain Hi Shatter J's Pina Colada Infused Pre-roll 5g,renamed
27488,Shatter J's Cartridge Cotton Candy - 1g,Mountain Hi Shatter J's Cotton Candy Cartridge 1g,renamed
27487,SMC - Infused Joint 1g - Blueberry - 1g,Mountain Hi Shatter J's Grape Infused Pre-roll 1g,renamed
27486,SMC - Infused Joint 1g - Grape - 1g,Mountain Hi Shatter J's Grape Accessories 1g,renamed
27485,SMC - Infused Joint 1g - Blackberry Pie - 1g,Mountain Hi Seattle Marijuana Co Blackberry Pie Infused Pre-roll 1g,renamed
27484,Shatter J's Infused Pre-roll Banana Cream Pie -1g,Mountain Hi Shatter J's Bananas Cream Infused Pre-roll 2,renamed
27483,Shatter J's Infused Pre-roll Cotton Candy - 1g,Mountain Hi Shatter J's Cotton Candy Infused Pre-roll 1g,renamed
27482,Shatter J's - Infused Pre-roll - Huckleberry Iced Tea - 1g,Mountain Hi Shatter J's Huckleberry Infused Pre-roll 1g,renamed
27481,Shatter J's Infused Pre-roll Strawberry Daiquiri - 1g,Mountain Hi Shatter J's Strawberry Daiquiri Infused Pre-roll 1g,renamed
27480,SMC - Infused Joint 1g - Melon Guava - 1g,Mountain Hi Shatter J's Melon Guava Infused Pre-roll 1g,renamed
27479,Shatter J's Cartridge Blackberry Pie - 1g,Mountain Hi Shatter J's Blackberry Pie Cartridge 1g,renamed
27478,Shatter J's - Infused Pre-roll - Raspberry Lemonade-1g,Mountain Hi Shatter J's Raspberry Lemonade Infused Pre-roll 1g,renamed
27477,SMC - Smokeless Shatter J - Melon Guava - 1g,Mountain Hi Shatter J's Melon Guava Cartridge 1g,renamed
27476,SMC - Disposable Smokeless - Grape - 1g,Mountain Hi Shatter J's Grape Disposable Cartridge 1g,renamed
27475,Shatter J's - Disposable - Banana Cream Pie - 1g,Mountain Hi Shatter J's Banana Cream Pie Disposable Cartridge 1g,renamed
27474,SMC - Disposable Smokeless - Melon Guava - 1g,Mountain Hi Shatter J's Melon Guava Disposable Cartridge 1g,renamed
27473,Shatter J's Infused Pre-roll Pina Colada - 1g,Mountain Hi Shatter J's Pina Colada Infused Pre-roll 1g,renamed
27472,shatter j's cartridge grape 1g,Mountain Hi Shatter J's Grape Cartridge 1g,renamed
27471,Shatter J's Cartridge Pina Colada - 1g,Mountain Hi Shatter J's Pina Colada Cartridge 1g,renamed
27470,Shatter J's Disposable Cartridge Cotton Candy - 1g,Mountain Hi Shatter J's Cotton Candy Disposable Cartridge 1g,renamed
27469,SMC - Infused Joint Pack - Sativa - Orange Cookies - 5g,Mountain Hi Shatter J's Orange Cookies Infused Pre-roll 5g,renamed
27468,Super Fog - Loud - Ion - 1g (1pk) - Strawberry Kush - SAT - Kush,Mfused Strawberry Kush Cartridge 1g,renamed
27467,Super Fog - Loud - Jefe Plus - 1g (1pk) - Blackberry Pancakes - IND - Dessert,Mfused Blueberry Pancakes Disposable Cartridge 1g,renamed
27466,Super Fog - Loud - Ion - 1g (1pk) - Sour Diesel - SAT - Gas,Mfused Sour Diesel Cartridge 1g,renamed
27465,MFUSED Cartridge Stoopid Gas 1g Tank,Mfused Stoopid Gas Cartridge 1g,renamed
27464,Super Fog - Loud - Ion - 1g (1pk) - Notorious THC - IND - Dessert,Mfused Notorious THC Cartridge 1g,renamed
27463,Super Fog - Fire - Ion - 1g (1pk) - Super Lemon Haze - SAT - Haze,Mfused Super Lemon Haze Cartridge 1g,renamed
27462,MFused - Cartridge - KO Kush (H) - 1g,Mfused Ko Kush Cartridge 1g,renamed
27461,Super Fog - Fire - Ion - 1g (1pk) - Permanent Marker - IND - Gas,Mfused Permanent Marker Cartridge 1g,renamed
27460,Super Fog - Fire - Ion - 1g (1pk) - Blueberry Space Cake - IND - Sweet,Mfused Blueberry Space Cake Cartridge 1g,renamed
27459,MFused - Cartridge -  Blue Dream (S) - 1g,Mfused Blue Dream Cartridge 1g,renamed
27458,MFused - Cartridge - Maui Pineapple (S) -1g,Mfused Maui Pineapple Cartridge 1g,renamed
27457,Super Fog - Twisted - Ion - 1g (1pk) - Peach Halos - IND,Mfused Peach Halos Cartridge 1g,renamed
27456,MFUSED Cartridge Wild Watermelon 1g Tank,Mfused Wild Watermelon Cartridge 1g,renamed
27455,MFUSED Cartridge Swirly Temple 1g Tank,Mfused Swirly Temple Cartridge 1g,renamed
27454,MFUSED Cartridge Lemon Loopz 1g Tank,Mfused Lemon Loopz Cartridge 1g,renamed
27453,MFUSED Cartridge Galactic Grape 1g Tank,Mfused Galactic Glue Cartridge 1g,renamed
27452,MFUSED Cartridge Faderade  1g Tank,Mfused Faderade Cartridge 1g,renamed
27451,MFused - Cartridge - Blu Razz (S) - 1g,Mfused Blue Razz Cartridge 1g,renamed
27450,MFUSED Cartridge Baja Blazed 1g Tank,Mfused Baja Blazed Cartridge 1g,renamed
27449,Mfused- Disposable - Golden Glove (I) - 1g,Mfused Golden Glove 1g,renamed
27448,Mfused- Disposable - Golden Glove (I) - 1g,Mfused Golden Glove 2,renamed
27447,Mfused - Disposable - Red Card - 1g,Mfused Red Card Disposable Cartridge 1g,renamed
27446,Mfused - Disposable - Strawberry Striker - 1g,Mfused Strawberry Striker Disposable Cartridge 1g,renamed
27445,Twisted Disposable Cartridge Wild Watermelon - 1g,Mfused Twisted Wild Watermelon Disposable Cartridge 1g,renamed
27444,Twisted disposable cartridge lemon loopz,Mfused Twisted Lemon Loopz Disposable Cartridge 1g,renamed
27443,Mfused - Disposable - Galactic Grape (I) 1g,Mfused Galactic Grape Disposable Cartridge 1g,renamed
27442,MFused - Disposable - Faderade - 1g,Mfused Faderade Disposable Cartridge 1g,renamed
27441,Hellavated Juicy Stickz Pre-Roll 5 Pack - Strawberry Haze - 3.75 grams,Avitas Hellavated Strawberry Haze Infused Pre-roll 3.75g,renamed
27440,Hellavated Juicy Stickz Pre-Roll 5 Pack - Raspberry Haze - 3.75 grams,Avitas Hellavated Raspberry Haze Infused Pre-roll 3.75g,renamed
27439,Hellavated Juicy Stickz Pre-Roll 5 Pack - Mango Kush - 3.75 grams,Avitas Hellavated Mango Kush Infused Pre-roll 3.75g,renamed
27438,Hellavated Juicy Stickz Pre-Roll 5 Pack - Grape Stomper - 3.75 grams,Avitas Hellavated Grape Stomper Infused Pre-roll 3.75g,renamed
27437,Hellavated Juicy Stickz Pre-Roll 5 Pack - Blueberry Dream - 3.75 grams,Avitas Hellavated Blueberry Dream Infused Pre-roll 3.75g,renamed
27436,Hellavated Infused Pre-roll Watermelon - 0.75g,Avitas Hellavated Watermelon G Infused Pre-roll 0.75g,renamed
27435,Hellavated Infused Pre-roll Tropicalez Punch - 0.75g,Avitas Hellavated Tropicalez Punch Infused Pre-roll 0.75g,renamed
27434,Hellavated Infused Pre-roll Strawberry Haze - 0.75g,Avitas Hellavated Strawberry Haze Infused Pre-roll 0.75g,renamed
27433,Hellavated Infused Pre-roll Raspberry Haze - 0.75g,Avitas Hellavated Raspberry Haze Infused Pre-roll 0.75g,renamed
27432,Hellavated infused Pre-Roll Pineapple Krush,Avitas Hellavated Pineapple Krush Infused Pre-roll 0.75g,renamed
27431,Hellavated infused pre-roll Peach Cobbler,Avitas Hellavated Peach Cobbler Infused Pre-roll 0.75g,renamed
27430,Hellavated Infused Pre-roll Passion Fruit - 0.75g,Avitas Hellavated Passion Fruit Infused Pre-roll 0.75g,renamed
27429,Hellavated Pre-roll Maui Sunrise - 0.75g,Avitas Hellavated Maui Sunrise Pre-roll 0.75g,renamed
27428,Hellavated Pre-roll Mango Kush - 0.75g,Avitas Hellavated Mango Kush Pre-roll 0.75g,renamed
27427,Hellavated Infused Pre-roll Grape Stomper - 0.75g,Avitas Hellavated Grape Stomper Infused Pre-roll 0.75g,renamed
27426,Hellavated Infused Pre-roll Double Mint - 0.75g,Avitas Hellavated Double Mint Infused Pre-roll 0.75g,renamed
27425,Hellavated infused pre-roll clementine .75g,Avitas Hellavated Clementine Infused Pre-roll 0.75g,renamed
27424,Hellavated infused pre-roll Cherry Pie .75g,Avitas Hellavated Cherry Pie Infused Pre-roll 0.75g,renamed
27423,Hellavated Pre-roll Bomb Popz - 0.75g,Avitas Hellavated Bomb Popz Pre-roll 0.75g,renamed
27422,Hellavated Pre-roll blueberry dream - 0.75g,Avitas Hellavated Blueberry Dream Pre-roll 0.75g,renamed
27421,Lifted Cannabis-Disposable Cartridge-Cured Wedding Cake-1g,Lifted Cannabis Lifted Wedding Cake Disposable Cartridge 1g,renamed
27420,Lifted Cannabis-Disposable Cartridge-Cured Super Sauce-1g,Lifted Cannabis Lifted Super Sauce Disposable Cartridge 1g,renamed
27419,Lifted Cannabis-Disposable Cartridge-Cured PluZo-1g,Lifted Cannabis Lifted Pluzo Disposable Cartridge 1g,renamed
27418,Lifted Cannabis-Disposable Cartridge-Cured Melon Headz-1g,Lifted Cannabis Lifted Melon Heads Infused Pre-roll 1g,renamed
27417,Lifted Cannabis-Disposable Cartridge-Cured Malibu Marker-1g,Lifted Cannabis Lifted Malibu Marker Disposable Cartridge 1g,renamed
27416,Lifted Cannabis-Disposable Cartridge-Cured Emerald Runtz-1g,Lifted Cannabis Lifted Emerald Runtz Disposable Cartridge 1g,renamed
27415,Lifted Cannabis-Disposable Cartridge-Cured Boysenberry Creme Brulee-1g,Lifted Cannabis Lifted Boysenberry Creme Brulee Disposable Cartridge 1g,renamed
27414,Lifted Cannabis-Disposable Cartridge-Ztrufflez-1g,Lifted Cannabis Lifted Ztrufflez Disposable Cartridge 1g,renamed
27413,Lifted Cannabis-Disposable Cartridge-Live Resin Truffle Cake-1g,Lifted Cannabis Lifted Truffle Cake Disposable Cartridge 1g,renamed
27412,Lifted Cannabis-Disposable Cartridge-Live Resin Peanut Butter Banana-1g,Lifted Cannabis Lifted Peanut Butter Banana Disposable Cartridge 1g,renamed
27411,Lifted Cannabis-Disposable Cartridge-Live Resin Malibu Marker-1g,Lifted Cannabis Lifted Malibu Marker Disposable Cartridge 2,renamed
27410,Lifted Cannabis-Pre-roll-Metaverse-1g,Lifted Cannabis Lifted Metaverse Pre-roll 1g,renamed
27409,Lifted Cannabis-Pre-roll-Luxor-1g,Lifted Cannabis Lifted Luxor Pre-roll 1g,renamed
27408,Lifted Cannabis-Pre-roll-Burnout #33-1g,Lifted Cannabis Lifted Burnout 33 Pre-roll 1g,renamed
27407,Lifted Cannabis-Infused Pre-roll-Ztrufflez SugarStix-1g,Lifted Cannabis Lifted Ztrufflez Infused Pre-roll 1g,renamed
27406,Lifted Cannabis-Infused Pre-roll-Wedding Cake SugarStix-1g,Lifted Cannabis Lifted Wedding Cake Infused Pre-roll 1g,renamed
27405,Lifted Cannabis-Infused Pre-roll-Metaverse SugarStix-1g,Lifted Cannabis Lifted Metaverse Infused Pre-roll 1g,renamed
27404,Lifted Cannabis-Infused Pre-roll-Boysenberry Creme Brulee SugarStix-1g,Lifted Cannabis Lifted Boysenberry Creme Brulee Infused Pre-roll 1g,renamed
27403,Lifted Cannabis-Infused Pre-roll-Blue Lobster SugarStix-1g,Lifted Cannabis Lifted Blue Lobster Infused Pre-roll 1g,renamed
27402,Tilted[ThunderStixx]-Infused Blunt-Toad Venom-1.2g,Bellevue Cannabis Company Tilted Toad Venom Infused Blunt 1.2g,renamed
27401,Tilted[ThunderStixx]-Infused Blunt-Don Mega-1.2g,Bellevue Cannabis Company Tilted Don Mega Infused Blunt 1.2g,renamed
27399,Tilted[ThunderStixx]-Infused Blunt-Double Tap-1.2g,Bellevue Cannabis Company Tilted Double Tap Infused Blunt 1.2g,renamed
27398,Tilted[ThunderStixx]-Infused Pre-roll-Toad Venom-3.6g,Bellevue Cannabis Company Tilted Toad Venom Infused Pre-roll 3.6g,renamed
27396,Tilted[ThunderStixx]-Infused Pre-roll-Ripped Off Runtz-3.6g,Bellevue Cannabis Company Tilted Ripped Off Runtz Infused Pre-roll 3.6g,renamed
27394,"Tilted[ThunderStixx]-Infused Pre-roll-Toad Venom-1,2g",Bellevue Cannabis Company Tilted Toad Venom Infused Pre-roll 1.2g,renamed
27393,Tilted[ThunderStixx]-Infused Pre-roll-Ripped Off Runtz-1.2g,Bellevue Cannabis Company Tilted Ripped Off Runtz Infused Pre-roll 1.2g,renamed
27392,Tilted[ThunderStixx]-Infused Pre-roll-Hashburger-1.2g,Bellevue Cannabis Company Tilted Hash Burger Infused Pre-roll 1.2g,renamed
27391,Tilted[ThunderStixx]-Infused Pre-roll-Gelonade-1.2g,Bellevue Cannabis Company Tilted Gelonade Infused Pre-roll 1.2g,renamed
27390,Tilted-Pre-roll-Toad Venom-3.6g,Bellevue Cannabis Company Tilted Toad Venom Pre-roll 3.6g,renamed
27389,Tilted-Pre-roll-Ripped Off Runtz-3.6g,Bellevue Cannabis Company Tilted Ripped Off Runtz Pre-roll 3.6g,renamed
27388,Tilted-Pre-roll-GMO Mind Flayer-3.6g,Bellevue Cannabis Company Tilted Gmo Mindflayer Pre-roll 3.6g,renamed
27387,Tilted-Pre-roll-Blue Spritzer-3.6g,Bellevue Cannabis Company Tilted Blue Spritzer Pre-roll 3.6g,renamed
27386,Tilted-Pre-roll-Gelonade-3.6g,Bellevue Cannabis Company Tilted Gelonade Pre-roll 3.6g,renamed
27385,"Tilted-Pre-roll-Toad Venom-1,2g",Bellevue Cannabis Company Tilted Toad Venom Pre-roll 1.2g,renamed
27384,Tilted-Pre-roll-Ripped Off Runtz-1.2g,Bellevue Cannabis Company Tilted Ripped Off Runtz Pre-roll 1.2g,renamed
27383,Tilted-Pre-roll-Blue Spritzer-1.2g,Bellevue Cannabis Company Tilted Blue Spritzer Pre-roll 1.2g,renamed
27382,Tilted-Pre-roll-GMO Mind Flayer-1.2g,Bellevue Cannabis Company Tilted Gmo Mindflayer Pre-roll 1.2g,renamed
27381,Tilted-Pre-roll-Gelonade-1.2g,Bellevue Cannabis Company Tilted Gelonade Pre-roll 1.2g,renamed
27380,Tilted-Flower-Blue Spritzer-28g,Bellevue Cannabis Company Tilted Blue Spritzer Flower 28g,renamed
27379,Tilted-Flower-Ripped Off Runtz-28g,Bellevue Cannabis Company Tilted Ripped Off Runtz Flower 28g,renamed
27378,Tilted-Flower-Ripped Off Runtz-7g,Bellevue Cannabis Company Tilted Ripped Off Runtz Flower 7g,renamed
27377,Tilted-Flower-Ripped Off Runtz-3.5g,Bellevue Cannabis Company Tilted Ripped Off Runtz Flower 3.5g,renamed
27375,Tilted-Flower-Blue Spritzer-7g,Bellevue Cannabis Company Tilted Blue Spritzer Flower 7g,renamed
27374,Tilted-Flower-GMO Mind Flayer-7g,Bellevue Cannabis Company Tilted Gmo Mindflayer Flower 7g,renamed
27373,TIlted-Flower-Toad Venom-3.5g,Bellevue Cannabis Company Tilted Toad Venom Flower 3.5g,renamed
27372,Tilted-Flower-Blue Spritzer-3.5g,Bellevue Cannabis Company Tilted Blue Spritzer Flower 3.5g,renamed
27371,Tilted-Flower-GMO Mind Flayer-3.5g,Bellevue Cannabis Company Tilted Gmo Mindflayer Flower 3.5g,renamed
27370,Smokiez Fruit Chews Sour Blue Raspberry - 1.94oz,Pacific Northwest Consulting Smokiez Sour Blue Raspberry Fruit Chews 1.94oz,renamed
27369,Smokiez Blue Raspberry-Indica- Fruit Chew - 100mg,Pacific Northwest Consulting Smokiez Blue Raspberry Edible 60g,renamed
27368,Smokiez Sour Blackberry Fruit Chew 100mg,Pacific Northwest Consulting Smokiez Sour Blackberry Chewees 100g,renamed
27367,Smokiez Blackberry-Indica- Fruit Chew - 100mg,Pacific Northwest Consulting Smokiez Blackberry Edible 60g,renamed
27366,Smokiez Edible Sour Green Apple CBG:THC - 2.12oz,Pacific Northwest Consulting Smokiez Sour Green Apple Cbg:thc 10:1 Edible,renamed
27365,Smokiez Edible Green Apple CBG:THC - 2.12oz,Pacific Northwest Consulting Smokiez Green Apple Cbg:thc 10:1 Edible 2.12oz,renamed
27364,Smokiez Edible Sour Watermelon CBN 1:1 - 2.20oz,Pacific Northwest Consulting Smokiez Sour Watermelon CBN 1:1 Edible 2.2oz,renamed
27363,Smokiez Sour Watermelon - Fruit Chew - 100mg,Pacific Northwest Consulting Smokiez Sour Watermelon Chewees 100mg,renamed
27362,Smokiez Sour Midnight Prickly Pear Trifecta CBN:CBD:THC 1:1:1 Fruit Chews,Pacific Northwest Consulting Smokiez Prickly Pear 1:1 Fruit Chews 60g,renamed
27361,Smokiez Midnight Prickly Pear Trifecta CBN:CBD:THC 1:1:1 Fruit Chews,Pacific Northwest Consulting Smokiez Prickly Pear 1:1 Fruit Chews 2,renamed
27360,Smokiez Sour Dreamy Blueberry Trifecta 100mg THC:CBG:CBN 1:1:1 Fruit Chews,Pacific Northwest Consulting Smokiez Blueberry Fruit Chews 60g,renamed
27359,Smokiez Dreamy Blueberry Trifecta 100mg THC:CBG:CBN 1:1:1 Fruit Chews,Pacific Northwest Consulting Smokiez Blueberry 5:1 Fruit Chews 60g,renamed
27358,Smokiez Jamberry 100mg CBN,Pacific Northwest Consulting Smokiez Jamberry Chewees 100mg,renamed
27357,Smokiez Fruit Chews Sour Jamberry CBN - 1.94oz,Pacific Northwest Consulting Smokiez Sour Jamberry Cbn:thc Fruit Chews,renamed
27356,Major-Liquid Infused Edible-Zero Cal Lemonade-100 THC-2oz,Evergreen Herbal Major Lemonade Shots 2floz,renamed
27354,MAJOR  - Liquid Infused Edible - Fruit Punch 100mg 2oz,Evergreen Herbal Major Fruit Punch 100mg Shots 2floz,renamed
27353,MAJOR - Liquid Infused Edible - Blueberry 100 THC 2oz,Evergreen Herbal Major Blueberry Beverage 2floz,renamed
27352,MAJOR - Liquid Infused Edible - Blackberry Lemonade 100mg THC 2oz,Evergreen Herbal Major Blackberry Lemonade 100mg THC Shots 2floz,renamed
27351,MAJOR - Liquid Infused Edible - Apple Peach 100 THC 2oz,Evergreen Herbal Major Apple Peach Beverage 2floz,renamed
27350,MAJOR-Liquid Infused Beverage-Zero Cal Gingerade Relief-20mg CBD-100mg CBG-100mg THC-6.7oz,Evergreen Herbal Major Zero Cal Gingerade Relief 20mg CBD 100mg CBG 100mg,renamed
27349,Ceres Capsules Sleepy Time,Ceres Sleepy Time 1:2 Capsule 5g,renamed
27348,Ceres Capsules Relief 100,Ceres Relief 100 Capsule 5g,renamed
27347,Ceres Capsule lifted 1:1 - 0.39oz,Ceres Lifted 1:1 1:1 Capsule 0.39oz,renamed
27346,Ceres Capsule Lifted Sativa - 0.176oz,Ceres Lifted Sativa Capsule 0.18oz,renamed
27345,Ceres Capsule Chill Indica 2:1 - 0.5oz,Ceres Chill Indica 2:1 1:2 Capsule 0.5oz,renamed
27344,Ceres Capsule Chill Indica - 0.18oz,Ceres Chill Indica Capsule 0.18oz,renamed
27343,Ceres Capsule ANTI-ANXIETY 10pk,Ceres Anti Anxiety 1:1 Capsule 0.35oz,renamed
27342,".75g Trichome InTERPreter Pre-Rolls, 2ct - Bubble Bath+TD - 1.5g",Canna Pacific Trichome Bubble Bath + Grb Infused Pre-roll 1.5g,renamed
27341,Green Revolution Tincture Happiest Self 1:1:1:1 - 0.16oz,Green Revolution Happiest Self 1:1 Tincture 0.16oz,renamed
27340,Green Revolution Tincture Dream Drops 1:1:1 - 1oz,Green Revolution Dream Drops 1:1:1 1:1 Tincture 1oz,renamed
27339,Green revolution tincture Beauty Sleep 4:2:1 - 1oz,Green Revolution Beauty Sleep 2:1 Tincture 1oz,renamed
27338,Wildside Beverage Strawberry Dragon Fruit Hybrid MAX Shot 2:1:1 THC:CBD:CBG - 2oz,Green Revolution Wildside Strawberry Dragon Fruit 2:1:1 2:1 Beverage 2floz,renamed
27337,Sour Grape MAX Chill (100mg THC;5mg CBN),Green Revolution Sour Grape Beverage 57ml,renamed
27336,Green Revolution Beverage Wildside Shot Orange Cream MAX 1:1 CBC - 2oz,Green Revolution Wildside Shot Orange Cream Max 1:1 CBC Beverage 2floz,renamed
27335,Green Revolution Beverage Lemonade MAX Chill,Green Revolution Lemonade Liquid Infused Edible 2floz,renamed
27334,Nano Shot - Blueberry Lemonade MAX Elevate (100mg THC),Green Revolution Blueberry Lemon Shots 57ml,renamed
27333,Wildside Beverage Blueberry Acai Indica MAX Shot 2:1:1 THC:CBD:CBN - 2oz,Green Revolution Wildside Blueberry Acai 2:1:1 2:1 Beverage 2floz,renamed
27332,Green Revolution Beverage Blue Raspberry Max Chill - 2oz,Green Revolution Blue Raspberry Max Chill Beverage 2floz,renamed
27331,Nano Doozies - Watermelon Kiwi 3:1 FLY10 Pk (80g) (300mg CBG;100mg THC),Green Revolution Watermelon Kiwi Gummies 80g,renamed
27330,Nano Doozies - Mini Raspberry THC CHILL 20 Pack (60g) (100mg THC),Green Revolution Raspberry Gummies 2.8oz,renamed
27329,Doozies Gummies Raspberry 60:1 CBD:THC - 2.8oz,Green Revolution Doozies Raspberry 60:1 CBD:THC Gummies 2.8oz,renamed
27328,Doozies Edible Peach 60:1 CBD:THC - 2.82oz,Green Revolution Doozies Peach 60:1 CBD:THC Edible 2.82oz,renamed
27327,Green Revolution Gummies Doozies Mini Marionberry 2:1 20pk - 2.8oz,Green Revolution Doozies Mini Marionberry 2:1 20pk Gummies 2.8oz,renamed
27326,Green Revolution Nano Doozies Blue Raspberry 1:1:1 Nighttime + Melatonin,Green Revolution Blue Raspberry Nano 1:1:1 + Melatonin 1:1 Gummies 2.8oz,renamed
27324,Doozies+ Gummies Rainier Cherry 2:1:1 + Ashwagandha - 2.8oz,Green Revolution Doozies Rainier Cherry 2:1 Gummies 2.8oz,renamed
27323,Doozies PLUS - Midnight Grape 1:1:1 10 Pk (80g) (100mg THC;100mg CBD;100mg CBN),Green Revolution Doozies Midnight Grape 1:1 Edible 80g,renamed
27322,Doozies PLUS - Green Apple 2:1 10pk (80g)(10mg THC;5mg CBG),Green Revolution Green Apple Edible 1g,renamed
27321,Bella & Max 3X 30:1,Green Revolution Bella Max Tincture 1floz,renamed
27320,Mindmelt Live Resin Vape Cart - Marcel Clementine - 1g - (S) - DOH,Botanical Arts Buddies Marcel Clementine Cartridge 1g,renamed
27319,A.C. Topical Drops 4:1 - 1000mg THC 250mg CBG,Agro Couture Topical Drops 1250mg 1:4 Tincture 1.7floz,renamed
27318,A.C. Topical Drops 4:1 - 1000mg THC 250mg CBC,Agro Couture CBC Topical 1.7oz,renamed
27317,".75g Trichome InTERPreter Pre-Rolls, 6pk - Epiphany+CP - 4.5g",Canna Pacific Trichome Epiphany Infused Pre-roll 4.5g,renamed
27316,".75g Trichome InTERPreter Pre-Rolls, 6pk - Bubble Bath+AC - 4.5g",Canna Pacific Trichome Bubble Bath 1 Infused Pre-roll 4.5g,renamed
27315,".75g Trichome InTERPreter Pre-Rolls, 6pk - Ice Cream Cake Bx1+AF - 4.5g",Canna Pacific Trichome Ice Cream Cake Infused Pre-roll 4.5g,renamed
27314,".75g Trichome InTERPreter Pre-Rolls, 6pk - Kush Mints+EP - 4.5g",Canna Pacific Trichome Kush Mints Infused Pre-roll 4.5g,renamed
27313,".75g Trichome InTERPreter Pre-Rolls, 2ct - Epiphany+BC - 1.5g",Canna Pacific Trichome Epiphany Infused Pre-roll 1.5g,renamed
27312,".75g Trichome InTERPreter Pre-Rolls, 2ct - Bubble Bath+TD - 1.5g",Canna Pacific Trichome Bubble Bath + Grb Infused Pre-roll 2,renamed
27311,Trichome Diamond Dusted Pre-Roll - Super Lemon Haze DDP - 1g,Canna Pacific Trichome Super Lemon Haze Infused Pre-roll 1g,renamed
27310,"75g Trichome InTERPreter Pre-Rolls, 2ct - Kush Mints+EP - 1.5g",Canna Pacific Trichome Kush Mints. Infused Pre-roll 1.5g,renamed
27309,".75g Trichome InTERPreter Pre-Rolls, 2ct - Ice Cream Cake Bx1+Ré - 1.5g",Canna Pacific Trichome Ice Cream Cake Infused Pre-roll 1.5g,renamed
27308,Diamond Dusted Pre-Roll - Donut Resin DDP - 1g,Canna Pacific Trichome Donut Resin Infused Pre-roll 1g,renamed
27307,Trichome Diamond Dusted Pre-Roll - Watermelon Runtz DDP - 1g,Canna Pacific Trichome Watermelon Runtz Infused Pre-roll 1g,renamed
27304,".75g Trichome InTERPreter Pre-Rolls, 2ct - Death Mintz+BD - 1.5g",Canna Pacific Trichome Death Mintz Infused Pre-roll 1.5g,renamed
27303,Trichome Applesauce Cart - Hall Pass - 1g,Canna Pacific Trichome Hall Pass Cartridge 1g,renamed
27302,Trichome Applesauce Cart - Permanent Scented Marker - 1g,Canna Pacific Trichome Permanent Scented Marker Cartridge 1g,renamed
27301,Trichome Applesauce Cart - Super Lemon Haze - 1g,Canna Pacific Trichome Super Lemon Haze Cartridge 1g,renamed
27300,Pastime Brand Battery,Pastime Accessories,renamed
27299,Queen Of The South - 3.5g,Pastime Brands Pastime Queen Of The South Flower 3.5g,renamed
27298,Pastime Cartridge - Super Runtz - 1g,Pastime Brands Pastime Super Runtz Cartridge 1g,renamed
27297,Pastime Cartridge - Pineapple Beltz 1g,Pastime Brands Pastime Pineapple Beltz Cartridge 1g,renamed
27296,Pastime Cartridge - Perm Vacation 1g,Pastime Brands Pastime Perm Vacation Cartridge 1g,renamed
27295,Pastime Cartridge - Lemon Lime Haze - 1g,Pastime Brands Pastime Lemon Lime Haze Cartridge 1g,renamed
27294,Pastime Cartridge - Jelly Beanz - 1g,Pastime Brands Pastime Jelly Bean Cartridge 1g,renamed
27293,Pastime Cartridge - Highlighterz - 1g,Pastime Brands Pastime Highlighterz Cartridge 1g,renamed
27292,Pastime Cartridge - Grape Taffy - 1g,Pastime Brands Pastime Grape Taffy Cartridge 1g,renamed
27291,Infused Pre-Roll Queen Of The South 1g,Pastime Brands Pastime Queen Of The South Infused Pre-roll 1g,renamed
27289,Infused Pre-Roll Sherb Cream Pie 1g,Pastime Brands Pastime Sherb Cream Pie Infused Pre-roll 1g,renamed
27288,DST CART 1g WALCOZY - Northern Lights #5 DOH,Walden Cannabis Walden North Light 5 Cartridge 1g,renamed
27287,LIVE extract - vape cart - SPRINKLES - 1g,Downtown Cannabis Company Downtown Sprinkles Cartridge 1g,renamed
27286,LIVE extract - vape cart - MINT CONDITION - 1g,Downtown Cannabis Company Downtown Mint Condition Cartridge 1g,renamed
27284,Goodies flower toasted crunch 7g,Downtown Cannabis Company Downtown Toasted Crunch Flower 7g,renamed
27283,Downtown Flower Twisted Toast - 3.5g,Downtown Cannabis Company Downtown Twisted Toast Flower 3.5g,renamed
27282,Downtown FLOWER - TWISTED TOAST - 1g,Downtown Cannabis Company Downtown Twisted Toast Flower 1g,renamed
27280,FLOWER - SHAVED ICE - 7g,Downtown Cannabis Company Downtown Shaved Ice Flower 7g,renamed
27279,Goodies Flower Shaved Ice 3.5g,Downtown Cannabis Company Goodies Shaved Ice Flower 3.5g,renamed
27278,LIVE extract - vape cart - SPACE OG - 1g,Downtown Cannabis Company Downtown Space Og Cartridge 1g,renamed
27276,Goodies FLOWER - CHERRY CHEESE CAKE - 7g,Downtown Cannabis Company Goodies Cherry Cheesecake Flower 7g,renamed
27275,Goodies FLOWER - CHERRY CHEESE CAKE - 3.5g,Downtown Cannabis Company Goodies Cannabis Cherry Cheesecake Flower 3.5g,renamed
27273,FLOWER - HIPPIE MILKSHAKE - 7g,Downtown Cannabis Company Downtown Hippie Milkshake Flower 7g,renamed
27272,FLOWER - HIPPIE MILKSHAKE - 3.5g,Downtown Cannabis Company Downtown Hippie Milkshake Flower 3.5g,renamed
27270,Downtown Flower Hassel Hoth - 14g,Downtown Cannabis Company Downtown Hassel Hoth Flower 14g,renamed
27268,LIVE extract - vape cart - SUPER FUZZY - 1g,Downtown Cannabis Company Downtown Super Fuzzy Cartridge 1g,renamed
27267,LIVE extract - vape cart - SWIFT CHEESE - 1g,Downtown Cannabis Company Downtown Swift Cheese Cartridge 1g,renamed
27266,LIVE extract - vape cart - HASSEL HOTH - 1g,Downtown Cannabis Company Downtown Cannabis Hassel Hoth Cartridge 1g,renamed
27265,Downtown flower comatoast 14g,Downtown Cannabis Company Downtown Comatoast Flower 14g,renamed
27263,Downtown Flower Comatoast - 3.5g,Downtown Cannabis Company Downtown Cannabis Comatoast Flower 3.5g,renamed
27262,FLOWER - COMATOAST - 1g,Downtown Cannabis Company Downtown Comatoast Flower 1g,renamed
27261,Constellation Cartridge Strawnana - 0.5g,Alpha Crux Llc Constellation Strawnana X Lem Og Cartridge 0.5g,renamed
27260,Const Rosin Vape Cart 0.5g - Pie Hoe,Alpha Crux Llc Constellation Pie Hoe Cartridge 0.5g,renamed
27259,Const Rosin Vape Cart 0.5g - Kosher Headband,Alpha Crux Llc Constellation Kosher Headband Cartridge 0.5g,renamed
27258,Moonshot - Tropical Punch 100mg THC,Alpha Crux Llc Constellation Tropic Shuffle Shots 50ml,renamed
27257,Moonshot Hash Rosin Beverage Peach Mango - 1.7oz,Alpha Crux Llc Moonshot Hash Rosin Peach Mango Beverage 1.7floz,renamed
27256,Const Moonshot Green Apple 100mg,Alpha Crux Llc Constellation Green Apple Shots 2ml,renamed
27255,Const Moonshot Grape 100mg,Alpha Crux Llc Constellation Grape Shots 2ml,renamed
27254,Const Moonshot Blue Raspberry 100mg,Alpha Crux Llc Constellation Blue Raspberry Shots 2ml,renamed
27253,Const Moonshot Strawberry Kiwi 200mg CBG 1:1,Alpha Crux Llc Constellation Strawberry Kiwi Shots 2ml,renamed
27252,Moonshot Blue Raspberry - 100mg CBN/100mg THC,Alpha Crux Llc Constellation Blue Raspberry Shots 2,renamed
27251,Cold Cure - Medellin 1g,Alpha Crux Llc Constellation Medellin Rosin 1g,renamed
27250,Constellation Cold Cure 1g - Dulce De Uva,Alpha Crux Llc Constellation Dulce De Uva Cartridge 1g,renamed
27249,Constellation Cold Cure 1g - Cali Swiss,Alpha Crux Llc Constellation Cali Swiss Cartridge 1g,renamed
27247,Constellation infused pre-roll 14pk 7g - Tea Time,Alpha Crux Llc Constellation Tea Time Infused Pre-roll 7g,renamed
27245,Const Rosin AIO Hype 2.0 The Soap 1g,Alpha Crux Llc Constellation The Soap Disposable Cartridge 1g,renamed
27244,Const Rosin AIO Hype 2.0 Device Pie Hoe 1g,Alpha Crux Llc Constellation Pie Hoe Disposable Cartridge 1g,renamed
27243,Const Rosin AIO Hype 2.0 Device Dulce De Uva 1g,Alpha Crux Llc Constellation Dulce De Uva Disposable Cartridge 1g,renamed
27242,Const Rosin AIO Hype 2.0 Device Black Domina 1g,Alpha Crux Llc Constellation Black Domina Disposable Cartridge 1g,renamed
27241,Const HRG CBN 1:1:1 Blueberry 10 Pack 300mg,Alpha Crux Llc Constellation Blueberry 1:1 Gummies 32g,renamed
27238,Const HRG CBG 1:1:1 Watermelon 10 Pack 300mg,Alpha Crux Llc Constellation Watermelon 1:1 Gummies 32g,renamed
27237,"Const HRG EFCT 2:1:1 Yuzu Blackberry + Lemon Balm (50 CBN, 50mg CBD) 10 Pack (I)",Alpha Crux Llc Constellation Yuzu Blackberry + Lemon Balm 1:1 Gummies,renamed
27236,Const HRG EFCT 1:2 Strawberry Lychee + Magnesium L-Threonate (200 CBN) 10 Pack (I),Alpha Crux Llc Constellation 1:2 Strawberry Lychee + Magnesium L-threonate,renamed
27235,Const HRG EFCT 1:1 Watermelon Lime + Ashwagandha (100 CBN) 10 Pack (I),Alpha Crux Llc Constellation 1:1 Watermelon Lime + Ashwagandha Gummies,renamed
27232,Buddies Infused Pre-roll - Runtz - 1g - (I),Botanical Arts Buddies Runtz Infused Pre-roll 1g,renamed
27231,Buddies Infused Pre-roll OG Kush - 1g,Botanical Arts Buddies Og Kush Infused Pre-roll 1g,renamed
27228,Buddies Flavored Vape Cart - Strawberry Cough - 1g,Botanical Arts Buddies Strawberry Cough Cartridge 1g,renamed
27226,Buddies Flavored Vape Cart - Blue Ox - 1g,Botanical Arts Buddies Blue Ox Cartridge 1g,renamed
27218,Buddies Flavored Vape Cart - Grape Ape - 1g,Botanical Arts Buddies Grape Ape Cartridge 1g,renamed
27211,Buddies 100% Live Resin All in One Tanker - Blueberry Headband - 1g - (S/H) - DOH,Botanical Arts Buddies Blueberry Headband Disposable Cartridge 1g,renamed
27210,BFF Flavored Live Resin Vape Cart - WYD - Watermelon Yuzu Dragon fruit - 1g - (H) - DOH,Botanical Arts Buddies Watermelon Yuzu Dragon Fruit Cartridge 1g,renamed
27208,BFF Flavored Live Resin Vape Cart - BS - Baby Shark - 1g - (I) - DOH,Botanical Arts Buddies Baby Shark Cartridge 1g,renamed
27207,Mindmelt Fortified Preroll 2-Pack - The Juice - 2g,Botanical Arts Buddies The Juice Infused Pre-roll 2g,renamed
27203,Mindmelt Live Resin All In One - MindFunk - 1g,Botanical Arts Buddies Mindfunk Disposable Cartridge 1g,renamed
27202,Mindmelt Live Resin Vape Cart - Marcel Clementine - 1g - (S) - DOH,Botanical Arts Buddies Marcel Clementine Cartridge 2,renamed
27201,Mindmelt Live Resin Vape Cart - GG4 - 1g - (H) - DOH,Botanical Arts Buddies Gg4 Cartridge 1g,renamed
27198,Golden Nuggets - Sub-Zero - 7g (Finest),Quality Green Trees Freddy's Fuego Sub Zero Flower 7g,renamed
27197,Golden Nuggets - Black Market - 7g (Finest),Quality Green Trees Freddy's Fuego Black Market Flower 7g,renamed
27196,Golden Nuggets - Pineapple Bang - 7g (Finest),Quality Green Trees Freddy's Fuego Pineapple Bang Flower 7g,renamed
27195,Golden Nuggets - Sugar Rainbow Luxe - 7g (Finest),Quality Green Trees Freddy's Fuego Sugar Rainbow Luxe Flower 7g,renamed
27194,Golden Nuggets - Big Baby - 7g (Legacy),Quality Green Trees Freddy's Fuego Big Baby Flower 7g,renamed
27193,Freddy's Fuego Flower - Big Baby - 3.5g (Legacy),Quality Green Trees Freddy's Fuego Big Baby Flower 3.5g,renamed
27190,Freddy's Fuego Peg Legs - Big Baby - Legacy - 2 x 0.5g,Quality Green Trees Freddy's Fuego Big Baby Flower 1g,renamed
27189,Freddy's Fuego Peg Legs - Ice Cream Mintz - Legacy -2 x 0.5g,Quality Green Trees Freddy's Fuego Ice Cream Mintz Pre-roll 1g,renamed
27188,Freddy's Fuego Live Resin Disposable - Big Baby,Quality Green Trees Freddy's Fuego Big Baby Disposable Cartridge 1g,renamed
27186,Fredy's Fuego Live Resin Disposable - Lyon King - 1g,Quality Green Trees Freddy's Fuego Lyon King Disposable Cartridge 1g,renamed
27185,Live Resin Disposable - Black Trop Cherry - 1g,Quality Green Trees Freddy's Fuego Black Trop Cherry Disposable Cartridge,renamed
27184,The Hunt Joint - Sub Zero - 1g,Quality Green Trees Freddy's Fuego Sub Zero Flower 1g,renamed
27182,Freddy's Finest Joint - Black Market - 1g,Quality Green Trees Freddy's Fuego Black Market Pre-roll 1g,renamed
27181,Freddy's Finest Flower - Pineapple Bang - 3.5g,Quality Green Trees Freddy's Fuego Pineapple Bang Flower 3.5g,renamed
27180,Freddy's Finest Flower - Black Market - 3.5g,Quality Green Trees Freddy's Fuego Black Market Flower 3.5g,renamed
27179,Kelso Kandy - KK CART 1g - Grape Slushie - 1g,Clarity Farms Grape Slushie Cartridge 2,renamed
27178,Micro Bar The Capsule Collection Disposable Cartridge Pineapple Maui Wowie - 1g,Joint Ventures Micro Bar The Capsule Collection Pineapple Maui Wowie,renamed
27177,Apple Tarte Live Resin [1g] [All-In-One] [D.O.H. COMPLIANT],Lifted Cannabis Lifted Apple Tarts Disposable Cartridge 1g,renamed
27176,Micro Bar The Capsule Collection Disposable Cartridge Pink Guava Sherbert - 1g,Joint Ventures Micro Bar The Capsule Collection Pink Guava Sherbert,renamed
27175,"SusPENded Disposable, Strawberry Ice - 1g",Suspended Brands Suspended Strawberry Ice Disposable Cartridge 1g,renamed
27166,Suspended Flower Triple Burger - 1g,Suspended Brands Suspended Triple Burger Flower 1g,renamed
27165,Suspended Pre Roll Triple Burger 1g,Suspended Brands Suspended Triple Burger Pre-roll 1g,renamed
27164,Suspended Pre Roll Star Pebbles 1g,Suspended Brands Suspended Star Pebbles Pre-roll 1g,renamed
27163,Suspended Pre Roll Melted Strawberry 1g,Suspended Brands Suspended Melted Strawberries Pre-roll 1g,renamed
27162,Suspended Pre Roll Maui Wowie 1g,Suspended Brands Suspended Maui Wowie Pre-roll 1g,renamed
27161,Suspended Pre Roll Lost OG 1g,Suspended Brands Suspended Lost Og Pre-roll 1g,renamed
27160,Suspended Pre Roll Commando #7 1g,Suspended Brands Suspended Commando 7 Pre-roll 1g,renamed
27159,"SusPENded Disposable, Tiger's Blood - 1g",Suspended Brands Suspended Tigers Blood Disposable Cartridge 1g,renamed
27158,"Suspended Disposable, Sour Watermelonade - 1g",Suspended Brands Suspended Sour Watermelonade Disposable Cartridge 1g,renamed
27157,"SusPENded Disposable, Raspberry Crave - 1g",Suspended Brands Suspended Raspberry Disposable Cartridge 1g,renamed
27156,"Suspended Disposable, Peaches & Cream - 1g",Suspended Brands Suspended Peaches And Cream Disposable Cartridge 1g,renamed
27155,SusPENded Disposable Grape Galaxy 1g,Suspended Brands Suspended Grape Disposable Cartridge 1g,renamed
27154,SusPENded Disposable Electric Green Apple 1g,Suspended Brands Suspended Green Apple Disposable Cartridge 1g,renamed
27153,Skagit Organics RSO Hindu Kush - 1g,Skagit Organics Hindu Kush 10:1 RSO 1g,renamed
27152,RSO Original - Strawberry Cough - Sativa - 1g - DOH+,Skagit Organics Strawberry Cough RSO 1g,renamed
27151,Disposable CBG Platinum - White Widow CBG - 1g,Skagit Organics White Widow Disposable Cartridge 1g,renamed
27150,CBG Original - Stem Cell CBG - 1g,Skagit Organics Stem Cell 1:1 RSO 1g,renamed
27149,CBG Original - The White CBG - 1g - DOH+,Skagit Organics The White CBG 1:1 RSO 1g,renamed
27148,Skagit Organics RSO Jack Frost CBG - 1g,Skagit Organics Jack Frost CBG 3:1 RSO 1g,renamed
27147,Skagit Organics RSO Milky Way CBG - 1g,Skagit Organics Milky Way CBG 1:3 RSO 1g,renamed
27145,Disposable CBN Platinum - Purple Cadillac CBN - 1g,Skagit Organics Purple Cadillac 5:1 Disposable Cartridge 1g,renamed
27144,Disposable CBD Platinum - Harlequin - 5:1 - Sativa - 1g,Skagit Organics Harlequin 1:5 Disposable Cartridge 1g,renamed
27143,Disposable CBD Platinum - Critical Mass - Indica - 1:1 - 1g,Skagit Organics Critical Mass 1:1 Disposable Cartridge 1g,renamed
27142,RSO Original - Pine Tsunami - 15:1 - Hybrid - 1g,Skagit Organics Pine Tsunami RSO 1g,renamed
27141,CBD Original - Harlequin - 4:1 - Sativa - 1g - DOH+,Skagit Organics Harlequin 1:4 RSO 1g,renamed
27140,RSO Original - AC/DC - 9:1 - Sativa - 1g,Skagit Organics Ac Dc 1:10 RSO 1g,renamed
27139,Skagit Organics RSO Purple Cadillac 1g,Skagit Organics Purple Cadillac RSO 1g,renamed
27138,Skagit Organics RSO Omega 1g,Skagit Organics Omega RSO 1g,renamed
27137,Skagit Organics RSO Dutch Treat 1g,Skagit Organics Dutch Treat RSO 1g,renamed
27136,Skagit Organics RSO Durban Poison - 1g,Skagit Organics Durban Poison RSO 1g,renamed
27135,Skagit Organics RSO 9# Hammer - 1g,Skagit Organics 9 Hammer RSO 1g,renamed
27134,Good Tide Grapefruit Gummies - Sativa Rosin + CBD + CBC - 100mg THC : 100mg CBD : 100mg CBC,Ncmx Llc Wyld Grapefruit 1:1 Gummies 40g,renamed
27131,Wyld Gummies Grapefruit 1:1:1 THC:CBG:CBC Sativa - 1.4oz,Ncmx Llc Wyld Grapefruit Gummies 1.4oz,renamed
27130,Wyld Gummies Boysenberry 1:1:1 - 1.7oz,Ncmx Llc Wyld Boysenberry 1:1 Gummies 1.7oz,renamed
27129,Wyld Gummies Sour Tangerine Hybrid - 1.4oz,Ncmx Llc Wyld Sour Tangerine Gummies 1.4oz,renamed
27127,Good Tide Fruit Chews Mango Indica - 1.4oz,Ncmx Llc Good Tide Mango Indica Fruit Chews 1.4oz,renamed
27126,Good Tide Fruit Chews Guava Hybrid - 1.4oz,Ncmx Llc Good Tide Guava Hybrid Fruit Chews 1.4oz,renamed
27125,Wyld Gummies Blood Orange 1:1 CBC - 1.4oz,Ncmx Llc Wyld Blood Orange Gummies 1.4oz,renamed
27124,Wyld Gummies Sour Cherry - 1.4oz,Ncmx Llc Wyld Sour Cherry Gummies 1.4oz,renamed
27123,Wyld Gummies Sour Apple - 1.4oz,Ncmx Llc Wyld Sour Apple Gummies 1.4oz,renamed
27122,Wyld Gummies Raspberry - 1.4oz,Ncmx Llc Wyld Raspberry Gummies 1.4oz,renamed
27121,Wyld Gummies Pear 1:1 THC/CBG - 1.4oz,Ncmx Llc Wyld Pear 1:1 Gummies 1.4oz,renamed
27120,Wyld Gummies 1:1 CBD Pomegranate - 1.4oz,Ncmx Llc Wyld 1:1 CBD Pomegranate 1:1 Gummies 1.4oz,renamed
27119,Wyld Gummies Marionberry indica,Ncmx Llc Wyld Marionberry Gummies 40g,renamed
27118,Wyld Gummies Huckleberry - 1.4oz,Ncmx Llc Wyld Huckleberry Gummies 1.4oz,renamed
27117,Wyld Gummies Elderberry 2:1 THC/CBN - 1.4oz,Ncmx Llc Wyld Elderberry Gummies 1.4oz,renamed
27116,Original Prana Pulse AIO Disposable - Birthday Cake Live Resin,Conscious Cannabis Bodhi High Birthday Cake Disposable Cartridge 1g,renamed
27114,Super Stingers - 2pk .5g Pre-Rolls - THC Bomb - 1g,Wamsterdam Farms Stinger THC Bomb Infused Pre-roll 1g,renamed
27113,Stingers - 5pk .5g Pre-Rolls - DJ Short Blueberry - 2.5g,Wamsterdam Farms Stinger Dj Short Blueberry Infused Pre-roll 2.5g,renamed
27112,Stingers - 2pk .5g Pre-Rolls - DJ Short Blueberry - 1g,Wamsterdam Farms Stingers Dj Short Blueberry Infused Pre-roll 1g,renamed
27111,Stingers - 5pk .5g Pre-Rolls - Strawberry Kush - 2.5g,Wamsterdam Farms Stingers Strawberry Kush Infused Pre-roll 2.5g,renamed
27110,Stingers - 2pk .5g Pre-Rolls - Strawberry Kush - 1g,Wamsterdam Farms Stinger Strawberry Kush Infused Pre-roll 1g,renamed
27109,Stingers - 2pk .5g Pre-Rolls - Tangie - 1g,Wamsterdam Farms Stinger Tangie Infused Pre-roll 1g,renamed
27108,Stingers - 5pk .5g Pre-Rolls - Cinderella 99 - 2.5g,Wamsterdam Farms Stinger Cinderella 99 Infused Pre-roll 2.5g,renamed
27107,Stingers - 2pk .5g Pre-Rolls - Cinderella 99 - 1g,Wamsterdam Farms Stinger Cinderella 99 Infused Pre-roll 1g,renamed
27106,Stingers - 5pk .5g Pre-Rolls - Wedding Cake - 2.5g,Wamsterdam Farms Stingers Wedding Cake Infused Pre-roll 2.5g,renamed
27105,Stingers - 2pk .5g Pre-Rolls - Wedding Cake - 1g,Wamsterdam Farms Stingers Wedding Cake Infused Pre-roll 1g,renamed
27104,Stingers - 2pk .5g Pre-Rolls - Blue Frost - 1g,Wamsterdam Farms Stingers Blue Frost Infused Pre-roll 1g,renamed
27103,Stinger Infused Pre-roll 9lb Hammer 2.5g,Wamsterdam Farms Stingers 9lb Hammer Infused Pre-roll 2.5g,renamed
27102,Stingers - 2pk .5g Pre-Rolls - 9lb Hammer - 1g,Wamsterdam Farms Stingers 9lb Hammer Infused Pre-roll 1g,renamed
27101,Stingers - 5pk .5g Liquid Diamonds Pre-Rolls - Memory Loss - 2.5g,Wamsterdam Farms Stingers Memory Loss Infused Pre-roll 2.5g,renamed
27100,Stingers - 2pk .5g Liquid Diamonds Pre-Rolls - Memory Loss - 1g,Wamsterdam Farms Stingers Memory Loss Infused Pre-roll 1g,renamed
27099,Stingers - 5pk .5g Pre-Rolls - Georgia Peach - 2.5g,Wamsterdam Farms Stingers Georgia Peach Infused Pre-roll 2.5g,renamed
27098,Stingers - 2pk .5g Pre-Rolls - Georgia Peach - 1g,Wamsterdam Farms Stingers Georgia Peach Infused Pre-roll 1g,renamed
27097,Stingers - 2pk .5g Pre-Rolls - Afghan Skunk - 1g,Wamsterdam Farms Stingers Afghan Skunk Infused Pre-roll 1g,renamed
27096,Super Stingers - 2pk .5g Pre-Rolls - Pineapple OG - 1g,Wamsterdam Farms Stinger Pineapple Og Infused Pre-roll 1g,renamed
27095,Stingers - 5pk .5g Pre-Rolls - Durban Poison - 2.5g,Wamsterdam Farms Stinger Durban Poison Infused Pre-roll 2.5g,renamed
27094,Stingers - 2pk .5g Pre-Rolls - Durban Poison - 1g,Wamsterdam Farms Stinger Durban Poison Infused Pre-roll 1g,renamed
27093,Stingers - 5pk .5g Liquid Diamonds Pre-Rolls - Jesse's Girl - 2.5g,Wamsterdam Farms Stinger Jessie's Girl Infused Pre-roll 2.5g,renamed
27092,Stingers - 2pk .5g Liquid Diamonds Pre-Rolls - Jesse's Girl - 1g,Wamsterdam Farms Stinger Jessie's Girl Infused Pre-roll 1g,renamed
27091,Super Stingers - 5pk .5g Pre-Rolls - Frankenstein - 2.5g,Wamsterdam Farms Stingers Frankenstein Infused Pre-roll 2.5g,renamed
27090,Super Stingers - 2pk .5g Pre-Rolls - Frankenstein - 1g,Wamsterdam Farms Stingers Frankenstein Infused Pre-roll 1g,renamed
27089,Stingers - 5pk .5g Pre-Rolls - Flo - 2.5g,Wamsterdam Farms Stinger Flo Infused Pre-roll 2.5g,renamed
27088,Stingers - 2pk .5g Pre-Rolls - Flo - 1g,Wamsterdam Farms Stinger Flo Infused Pre-roll 1g,renamed
27087,Stingers - 5pk .5g Pre-Rolls - Sour Diesel - 2.5g,Wamsterdam Farms Stingers Sour Diesel Infused Pre-roll 2.5g,renamed
27086,Stingers - 2pk .5g Pre-Rolls - Sour Diesel - 1g,Wamsterdam Farms Stingers Sour Diesel Infused Pre-roll 1g,renamed
27085,Stingers - 5pk .5g Pre-Rolls - Strawberry Kush - 2.5g,Wamsterdam Farms Stingers Strawberry Kush Infused Pre-roll 2,renamed
27084,Stingers - 2pk .5g Liquid Diamonds Pre-Rolls - Strawberry Kush - 1g,Wamsterdam Farms Stinger Strawberry Kush Infused Pre-roll 2,renamed
27083,Stingers - 5pk .5g Pre-Rolls - Dutch Haze - 2.5g,Wamsterdam Farms Stinger Dutch Haze Infused Pre-roll 2.5g,renamed
27082,Stingers - 2pk .5g Pre-Rolls - Dutch Haze - 1g,Wamsterdam Farms Stinger Dutch Haze Infused Pre-roll 1g,renamed
27081,Super Stingers - 2pk .5g Pre-Rolls - Black Cherry Soda - 1g,Wamsterdam Farms Stingers Black Cherry Soda Infused Pre-roll 1g,renamed
27080,Stingers - 5pk .5g Liquid Diamonds Pre-Rolls - Skunk Cookies - 2.5g,Wamsterdam Farms Stinger Skunk Cookies Infused Pre-roll 2.5g,renamed
27079,Stingers Infused Pre-roll Skunk Cookies 2pk - 1g,Wamsterdam Farms Stingers Pt Skunk Cookies Infused Pre-roll 1g,renamed
27078,Stingers - 5pk .5g Pre-Rolls - Colombian Gold - 2.5g,Wamsterdam Farms Stinger Colombian Gold Infused Pre-roll 2.5g,renamed
27077,Stingers - 2pk .5g Pre-Rolls - Colombian Gold - 1g,Wamsterdam Farms Stinger Colombian Gold Infused Pre-roll 1g,renamed
27076,Stingers - 5pk .5g Pre-Rolls - Juicy Fruit - 2.5g,Wamsterdam Farms Stingers Juicy Fruit Infused Pre-roll 2.5g,renamed
27075,Stingers - 5pk .5g Party Pack - Master Kush - 2.5g,Wamsterdam Farms Stingers Master Kush Infused Pre-roll 2.5g,renamed
27074,Stingers - 2pk .5g Pre-Rolls - Master Kush - 1g,Wamsterdam Farms Stingers Master Kush Infused Pre-roll 1g,renamed
27073,Stingers - Live Resin Cartridge - Lemon FLO - 1g,Wamsterdam Farms Stinger Lemon Flo Cartridge 1g,renamed
27072,Stinger Cartridge - 1g Cartridge - Maui Wowie - 1g,Wamsterdam Farms Stingers Maui Wowie Cartridge 1g,renamed
27071,Stingers - 5pk .5g Liquid Diamonds Pre-Rolls - Super Boof - 2.5g,Wamsterdam Farms Stinger Super Boof Infused Pre-roll 1g,renamed
27070,Stingers - 2pk .5g Liquid Diamonds Pre-Rolls - Super Boof - 1g,Wamsterdam Farms Stinger Super Boof Infused Pre-roll 2,renamed
27069,Stingers - 5pk .5g Liquid Diamonds Pre-Rolls - White Widow - 2.5g,Wamsterdam Farms Stinger White Widow Infused Pre-roll 2.5g,renamed
27068,Stingers - 2pk .5g Liquid Diamonds Pre-Rolls - White Widow - 1g,Wamsterdam Farms Stinger White Widow Infused Blunt 1g,renamed
27067,Stingers - Live Resin Cartridge - Alien Orange Gum - 1g,Wamsterdam Farms Stinger Alien Orange Gum Cartridge 1g,renamed
27066,Stinger Cartridge - 1g Cartridge - Kentucky Durban - 1g,Wamsterdam Farms Stinger Kentucky Durban Cartridge 1g,renamed
27065,Stinger Cartridge - 1g Cartridge - Green Dream - 1g,Wamsterdam Farms Stinger Green Dream Cartridge 1g,renamed
27064,Stinger Cartridge - 1g Cartridge - Wedding Cake - 1g,Wamsterdam Farms Stingers Wedding Cake Cartridge 1g,renamed
27063,Stinger Cartridge Watermelon Kush - 1g,Wamsterdam Farms Stingers Watermelon Kush Cartridge 1g,renamed
27062,Stinger Cartridge - 1g Cartridge - MAC - 1g,Wamsterdam Farms Stingers Mac Cartridge 1g,renamed
27061,Stingers - Live Resin Cartridge - Wifi Alien - 1g,Wamsterdam Farms Stingers Wifi Og Cartridge 1g,renamed
27060,Stinger Cartridge - 1g Cartridge - Mimosa - 1g,Wamsterdam Farms Stingers Mimosa Cartridge 1g,renamed
27059,Stinger Cartridge - 1g Cartridge - Casey Jones - 1g,Wamsterdam Farms Stingers Casey Jones Cartridge 1g,renamed
27058,Stinger Cartridge - 1g Cartridge - Georgia Peach - 1g,Wamsterdam Farms Stingers Georgia Peach Cartridge 1g,renamed
27057,Honu Dark Chocolate - 2.99oz,Klaritie Farms Honu Dark Chocolate Edible 2.99oz,renamed
27056,Honu Edible Toffee Crunch - 3oz,Klaritie Farms Honu Toffee Crunch Edible 3oz,renamed
27055,Honu - Dreamsicle 10pk - 85g,Klaritie Farms Honu Dreamsicle Chocolate 85g,renamed
27054,Honu - Cookies and Cream 10pk - 85g,Klaritie Farms Honu Cookies Cream Chocolate 85g,renamed
27053,Honu - Chocolate Turtle 10pk - SATIVA - 110g,Klaritie Farms Honu Chocolate Turtle Sativa Chocolate 110g,renamed
27052,Honu - Peanut Butter Cup 10pk - INDICA - 150g,Klaritie Farms Honu Peanut Butter Cup Chocolate 150g,renamed
27051,Honu - Chocolate Caramel 10pk - INDICA - 130g,Klaritie Farms Honu Chocolate Caramel Indica Chocolate 130g,renamed
27050,Honu - Gimme Sa More! 10pk - 135g,Klaritie Farms Honu Gimme Sa More Chocolate 135g,renamed
27049,Honu - Chocolate Turtle 10pk - INDICA - 110g,Klaritie Farms Honu Chocolate Turtle Indica Chocolate 110g,renamed
27048,Honu - Chocolate Caramel 10pk - SATIVA - 130g,Klaritie Farms Honu Chocolate Caramel Sativa Chocolate 130g,renamed
27047,Honu Edible Milk Chocolate - 2.99oz,Klaritie Farms Honu Milk Chocolate Edible 2.99oz,renamed
27046,Honu - Peanut Butter Cup 10pk - SATIVA - 150g,Klaritie Farms Honu Peanut Butter Chocolate 150g,renamed
27045,Vixor Battery,Wyn Distribution Devices,renamed
27042,Retail Packaged  Amarena de Limón - 3.5g,Rgl Industries Royal Kind Amarena De Limón Flower 3.5g,renamed
27039,royal kind Flower White Gummy - 3.5g,Rgl Industries Royal Kind White Gummy Flower 3.5g,renamed
27036,Royal Kind Flower White Truffle - 3.5g,Rgl Industries Royal Kind White Truffle Flower 3.5g,renamed
27033,Retail Packaged - Bob Hope - 3.5g,Rgl Industries Royal Kind Bob Hope Flower 3.5g,renamed
27032,Incredibulk - IB CART 1g - Breakfast Kush - 1g,Clarity Farms Breakfast Kush Cartridge 2,renamed
27031,Torus Rosin cantucci - 1g,Evergreen Hydro Farms Torus Cantucci Rosin 1g,renamed
27030,SPR - Variety Pack - 5pk BLUNT Tin (5g) #3,Seattles Private Reserve Seattle's Private Reserve Variety Pack 1 Blunt 5g,renamed
27028,SPR - Cali Glow - 7g,Seattles Private Reserve Spr Cali Glow Flower 7g,renamed
27027,SPR - Cali Glow - 3.5g,Seattles Private Reserve Spr Cali Glow Flower 3.5g,renamed
27026,SPR - Cali Glow - 1g,Seattles Private Reserve Spr Cali Glow Flower 1g,renamed
27025,SPR - Gushers - 7g,Seattles Private Reserve Spr Gushers Flower 7g,renamed
27024,SPR - Gushers - 3.5g,Seattles Private Reserve Spr Gushers Flower 3.5g,renamed
27023,Seattle's Private Reserve Flower Gushers - 1g,Seattles Private Reserve Seattle's Private Reserve Gushers Flower 1g,renamed
27022,SPR - Bahama Mama - 7g,Seattles Private Reserve Seattle's Private Reserve Bahama Mama Flower 7g,renamed
27021,SPR - Bahama Mama - 3.5g,Seattles Private Reserve Seattle's Private Reserve Bahama Mama Flower 3.5g,renamed
27020,SPR - Bahama Mama - 1g,Seattles Private Reserve Seattle's Private Reserve Bahama Mama Flower 1g,renamed
27019,Green Revolution Tincture Nighttime 2000 (2000mg CBD;80mg THC;800mg CBN)(96.5ml),Green Revolution Night Tincture 96.5ml,renamed
27018,Nano Shot - Blueberry Lemonade MAX Elevate (100mg THC),Green Revolution Blueberry Lemon Shots 2,renamed
27017,Doozies Gummies Watermelon 1:1 - 2.8oz,Green Revolution Doozies Watermelon 1:1 Gummies 2.8oz,renamed
27015,Doozies Gummies Raspberry 60:1 CBD:THC - 2.8oz,Green Revolution Doozies Raspberry 60:1 CBD:THC Gummies 2,renamed
27014,Doozies - Pineapple THC FLY 10 Pack (80g) (100mg THC),Green Revolution Doozies Pineapple Edible 3.5g,renamed
27013,Nano Doozies - Peach Mango 3:1 ELEVATE 10 Pk (80g) (300mg CBD;100mg THC),Green Revolution Peach Mango 1:3 Edible 2.8oz,renamed
27012,Doozies - Peach 1:1 ELEVATE 10 Pack (80g) (100mg CBD;100mg THC),Green Revolution Doozies Peach 1:1 Edible 1g,renamed
27009,Green Revolution Doozies PLUS Strawberry Pineapple 1:1:1 + Maca,Green Revolution Strawberry Pineapple 1:1:1 + Maca Gummies 2.8oz,renamed
27008,Doozies+ Gummies Rainier Cherry 2:1:1 + Ashwagandha - 2.8oz,Green Revolution Doozies Rainier Cherry 2:1 Gummies 2,renamed
27007,Doozies PLUS - Midnight Grape 1:1:1 10 Pk (80g) (100mg THC;100mg CBD;100mg CBN),Green Revolution Doozies Midnight Grape 1:1 Edible 2,renamed
27005,Sitka Classic Lebanese Gold Hash Joint Minis - 5pk,Sitka Packaging Sitka Lebanese Gold Infused Pre-roll 2.5g,renamed
27004,Sitka Classic Lebanese Red Hash Joint Minis - 5pk,Sitka Packaging Sitka Lebanese Red Infused Pre-roll 2.5g,renamed
27003,Sitka Classic Cascade Cream Hash Joint Minis - 5pk,Sitka Packaging Sitka Cascade Cream Infused Pre-roll 3.5g,renamed
27002,Sitka Classic Cascade Cream Hashish Joint (H),Sitka Packaging Sitka Cascade Cream Infused Pre-roll 1g,renamed
27001,Sitka Classic Lebanese Red Hashish Joint (I),Sitka Packaging Sitka Lebanese Red Infused Pre-roll 1g,renamed
27000,Sitka Classic Lebanese Gold Hashish Joint (S),Sitka Packaging Sitka Lebanese Gold Infused Pre-roll 1g,renamed
26999,Sitka Classic Lebanese Red Hashish (I),Sitka Packaging Sitka Lebanese Red Hashish Hash 1g,renamed
26998,Sitka Classic Lebanese Gold Hashish (S),Sitka Packaging Sitka Lebanese Gold Hashish Hash 1g,renamed
26995,SUBX SUPREME Live Batter - Poipu Rain - 1g,Subx Poipu Rain Badder 1g,renamed
26993,SUBX  SIGNATURE Batter - Alley Oop - 1g,Subx Alley Oop Bho 1g,renamed
26992,SUBX SELECT Slush - Orange Poison - 1g,Subx Orange Poison Bho 1g,renamed
26990,SUBX [DOH] SUPREME Flower - SubZero - 3.5g,Subx Sub Zero Flower 3.5g,renamed
26989,SUBX [DOH] SUPREME Flower - SubZero - 1g,Subx Sub Zero Pre-roll 1g,renamed
26988,SUBX SIGNATURE Pre-Roll - Swampwater Fumez - 2pk,Subx Swampwater Fumez Pre-roll 1g,renamed
26987,SUBX SIGNATURE Pre-Roll - Orange Poison - 2pk,Subx Orange Poison Pre-roll 1g,renamed
26986,SUBX [DOH] SUPREME Bang Stick - Colorado Nightshifter - 2pk,Subx Colorado Nightshifter Infused Pre-roll 1g,renamed
26985,SUBX [DOH] SUPREME Live Diamond Disposable - Hawaiian Snow Cone - 1g,Subx Hawaiian Snow Cone Disposable Cartridge 1g,renamed
26984,SELECT Cured Classic Disposable - Orange Poison - 1g,Subx Orange Poison Disposable Cartridge 1g,renamed
26983,SUBX SIGNATURE Smalls - Sunset Sherbet - 3.5g,Subx Sunset Shebert Flower 3.5g,renamed
26982,SUBX SIGNATURE smalls Flower - GMO - 3.5g,Subx Gmo Flower 3.5g,renamed
26981,SUBX [DOH] SIGNATURE Flower - Poipu Rain - 7g,Subx Poipu Rain Flower 7g,renamed
26980,SUBX [DOH] SIGNATURE Flower - Poipu Rain - 3.5g,Subx Poipu Rain Flower 3.5g,renamed
26979,SUBX [DOH] SIGNATURE Flower - Poipu Rain - 1g,Subx Poipu Rain Flower 1g,renamed
26978,SUBX [DOH] SIGNATURE Flower - Blue Jam - 7g,Subx Blue Jam Flower 7g,renamed
26977,SUBX [DOH] SIGNATURE Flower - Blue Jam - 3.5g,Subx Blue Jam Flower 3.5g,renamed
26976,SUBX [DOH] SIGNATURE Flower - Blue Jam - 1g,Subx Blue Jam Flower 1g,renamed
26974,SUBX[DOH] SIGNATURE Flower - Ice Cold - 3.5g,Subx Ice Cold Flower 3.5g,renamed
26973,SUBX [DOH] SIGNATURE Flower - Ice Cold - 1g,Subx Ice Cold Flower 1g,renamed
26972,Walden Infused Pre-roll Pineapple Ice Cream 1:1 - 7g,Walden Cannabis Walden Pineapple Ice Cream 1:1 Infused Pre-roll 7g,renamed
26971,Walden Infused Pre-roll Pineapple Ice Cream 1:1 - 3g,Walden Cannabis Walden Pineapple Ice Cream 1:1 Infused Pre-roll 3g,renamed
26969,FL BAG 28g sCrest - Dutchberry,Walden Cannabis Cascade Crest Dutchberry Flower 28g,renamed
26959,JT JAR6 28 x .5g iCrest - Oaksterdam OG,Walden Cannabis Walden Oaksterdam Og Pre-roll 14g,renamed
26958,JT JAR6 28 x .5g hCrest - Curacao,Walden Cannabis Walden Curacao Pre-roll 14g,renamed
26957,JT JAR6 28 x .5g WALWILD - Lemon Jack,Walden Cannabis Walden Lemon Jack Pre-roll 14g,renamed
26956,JT JAR6 28 x .5g WALCALM - Rozay,Walden Cannabis Walden Rozay Pre-roll 14g,renamed
26955,JT JAR6 28 X .5g WALBOLD - SR-71,Walden Cannabis Walden Sr-71 Pre-roll 14g,renamed
26954,Sunshine Co-op Pre-roll Super Silver Haze - 14g,Walden Cannabis Sunshine Co-op Super Silver Haze Pre-roll 14g,renamed
26953,JT JAR6 28 x .5g SUNSHINE - Orange Creamsicle,Walden Cannabis Walden Orange Creamsicle Pre-roll 14g,renamed
26952,JT JAR6 28 x .5g SUNSHINE - Northern Lights #5,Walden Cannabis Walden North Light 5 Pre-roll 14g,renamed
26950,DST CART 1g WALJUST - Naked DOH,Walden Cannabis Walden Naked Cartridge 1g,renamed
26948,DST CART 1g WALCOZY - Northern Lights #5 DOH,Walden Cannabis Walden North Light 5 Cartridge 2,renamed
26947,DST CART 1g WALCALM - Sunset Sherbet DOH,Walden Cannabis Walden Sunset Sherbert Cartridge 1g,renamed
26946,DST CART 1g WALBOLD - Dutch Treat DOH,Walden Cannabis Walden Dutch Treat Cartridge 1g,renamed
26945,DST CART 1g WALWELL - Hurkle CBD 3:1 DOH,Walden Cannabis Walden Hurkle 1:3 Pre-roll 1g,renamed
26943,EDB GMY 100mg THCV - Blue Raspberry 1:1 10pk DOH,Walden Cannabis Walden Blue Raspberry Fruit Chews 28.35g,renamed
26934,Heavenly Buds Infused Bubble Hash Little Snappers - Zetsu - 2pk (2x0.5g),Heavenly Buds Zetsu Infused Pre-roll 1g,renamed
26933,Infused Bubble Hash Little Snappers - Strawberry Lemonade - 5pk (5x0.5g),Heavenly Buds Strawberrry Lemonade Infused Pre-roll 2.5g,renamed
26932,Infused Bubble Hash Little Snappers - Strawberry Lemonade - 2pk (2x0.5g),Heavenly Buds Strawberrry Lemonade Infused Pre-roll 1g,renamed
26931,Infused Bubble Hash Little Snappers - Orange Truffle - 5pk (5x0.5g),Heavenly Buds Orange Truffle Infused Pre-roll 2.5g,renamed
26930,Infused Bubble Hash Little Snappers - Orange Truffle - 2pk (2x0.5g),Heavenly Buds Orange Truffle Infused Pre-roll 1g,renamed
26928,Infused Bubble Hash Little Snappers - Lemon Boof - 2pk (2x0.5g),Heavenly Buds Lemon Boof Infused Pre-roll 1g,renamed
26926,Heavnely Buds Infused Bubble Hash Little Snappers - Double Strawberry - 2pk (2x0.5g),Heavenly Buds Double Strawberry Infused Pre-roll 1g,renamed
26924,Heavenly Buds ull Flower Little Snappers - Super Lemon Haze - 10pk (10x0.5g),Heavenly Buds Super Lemon Haze Pre-roll 5g,renamed
26920,Heavenly Buds Full Flower Little Snappers - Blueberry Banana Zkittles - 10pk (10x0.5g),Heavenly Buds Blueberry Banana Zkittles Pre-roll 5g,renamed
26919,Live Rosin - Tally Mon - 1g,Heavenly Buds Tally Mon Rosin 1g,renamed
26918,Live Rosin - Super Boof - 1g,Heavenly Buds Sub X Super Boof Bho 1g,renamed
26917,Live Rosin - Strawberry Banana Zkittles - 1g,Heavenly Buds Strawberry Banana Zkittles Rosin 1g,renamed
26915,Heavenly Buds Moroccan Hash - Orange Diesel - 1g,Heavenly Buds Orange Diesel Hash 1g,renamed
26909,Heavenly Buds Flower - Huckleberry Pie - 3.5g,Heavenly Buds Huckleberry Pie Flower 3.5g,renamed
26907,Heavenly Buds Flower - Black Maple - 7g,Heavenly Buds Black Maple Flower 7g,renamed
26906,Heavenly Flower  Black Maple - 3.5g,Heavenly Buds Black Maple Flower 3.5g,renamed
26904,Swifts Edibles - Truffle-Dubai Milk MAX-500mg - MAX THC:CBD:CBN - Vanilla Frosting - 120g,Green Labs Swifts Dubai Chocolate 1:3 Chocolate 1.3oz,renamed
26903,Green Labs - Choc Cov-Giggle Bits-300mg - Chocolate - 1:1:1 THC:CBD:CBG - Hybrid - 100g,Green Labs Swifts Giggle Bits 1:1 Chocolate 100g,renamed
26902,CQ - CQ-300mg-Old Fashioned Lemonade - Lemon - 1:1:1 THC:CBC:CBG - 63m,Green Labs Swifts Lemon 1:1 Shots 63ml,renamed
26900,Green Labs - Choc Cov-Crunchy-100mg - Peanut Butter - THC - Hybrid - 120g,Green Labs Swifts Hybrid Chocolate 120g,renamed
26899,Swifts Edibles - Truffle-Cookies-100mg - Chocolate - THC - Hybrid - 120g,Green Labs Swifts Truffle Cookies Chocolate 120g,renamed
26898,Swifts Edibles - Truffle-Rasp Cheese-100mg - Raspberry - THC - Hybrid - 120g,Green Labs Swifts Raspberry Chocolate 120g,renamed
26897,Swifts Chocolate Stellar Bites - 4.9oz,Green Labs Swifts Chocolate Covered Stellar Bites Chocolate 4.9oz,renamed
26896,Goodiez- Edibles Shirley Temple 1:1:1:1 THC:CBD:CBN:CBG,Green Labs Swifts Shirley Temple 1:1 Gummies 1.3oz,renamed
26895,Swifts Edibles - Truffle-Tiger Butter-100mg - Peanut Butter - THC - Hybrid - 120g,Green Labs Swifts Truffle Butter Chocolate 120g,renamed
26894,Swifts Edibles - Truffle-Milk-Indica-100mg - Chocolate - THC - Indica - 120g,Green Labs Swifts Chocolate Truffle Chocolate 2oz,renamed
26893,Swifts Edibles - Truffle-Milk-Sativa-100mg - Chocolate - THC - Sativa - 120g,Green Labs Swifts Chocolate Truffle Chocolate 2,renamed
26886,Full Spec - Cadet - Cartridge - 1g - (I) Slurricane,Edgemont Group Llc Full Spec Slurricane Cartridge 1g,renamed
26885,Full Spec Cart Bubble Kush 1g,Edgemont Group Llc Full Spec Bubble Kush Cartridge 1g,renamed
26884,Full Spec Cart Lemon Tree Midnight 1g,Edgemont Group Llc Full Spec Lemon Tree Cartridge 1g,renamed
26882,Drops Edible Cherry,Edgemont Group Llc Leafwerx Gmo Edible 1.56oz,renamed
26880,Drops Edible Watermelon,Edgemont Group Llc Leafwerx Ice Cream Cake Edible 1.56oz,renamed
26879,Drops Edible Lime,Edgemont Group Llc Leafwerx Dosi Punch Edible 1.56oz,renamed
26877,Drops 4:1 CBD Comfort Blueberry / Cereal Milk,Edgemont Group Llc Leafwerx Cereal Milk 1:4 Edible 44g,renamed
26876,Drops 2:1 CBD Heavy Blackberry / Papaya Punch,Edgemont Group Llc Leafwerx Papaya Punch 1:2 Edible 44g,renamed
26875,Drops 1:4 CBD Lifted Strawberry / Candy Apple,Edgemont Group Llc Leafwerx Candy Apple 4:1 Edible 44g,renamed
26874,Drops 1:4 CBD Lifted Strawberry / Candy Apple,Edgemont Group Llc Leafwerx Candy Apple 4:1 Edible 2,renamed
26873,Drops1:2 CBD Rosy Raspberry / Blackberry Trainwreck,Edgemont Group Llc Leafwerx Blackberry Trainwreck 2:1 Edible 44g,renamed
26872,Drops1:2 CBD Rosy Raspberry / Blackberry Trainwreck,Edgemont Group Llc Leafwerx Blackberry Trainwreck 2:1 Edible 2,renamed
26871,Drops 1:1 CBD Daydreamy Cranberry/MAC #4,Edgemont Group Llc Full Spec Cranberry 1:1 Edible 44g,renamed
26870,Zero Gravity ( I ) Plaid Jacket BHO THCA Infused Joint - 1g,Spark Industries Plaid Jacket Zero Gravity Infused Pre-roll 1g,renamed
26869,Specimen X ( I/H ) Plaid Jacket BHO THCA Infused Joint - 1g,Spark Industries Plaid Jacket Specimen X Infused Pre-roll 1g,renamed
26864,Flipside Cartridge UW Purps - 1g,Spark Industries Flipside Uw Purps Cartridge 1g,renamed
26863,Flipside Cartridge Strawberry Lemon Haze - 1g,Spark Industries Flipside Strawberry Lemon Haze Cartridge 1g,renamed
26862,Rocket Popz ( I ) - Flipside Distillate 510 Cart 1g,Spark Industries Flipside Rocket Popz Cartridge 1g,renamed
26861,Flipside Cartridge Pineapple Express - 1g,Spark Industries Flipside Pineapple Express Cartridge 1g,renamed
26860,Watermelon Sugar ( S ) - Flipside Distillate Disposable 1g,Spark Industries Flipside Watermelon Sugar Disposable Cartridge 1g,renamed
26859,UW Purps ( I ) - Flipside Distillate Disposable 1g,Spark Industries Flipside Uw Purps Disposable Cartridge 1g,renamed
26858,Strawberry Lemon Haze ( S ) - Flipside Distillate Disposable 1g,Spark Industries Flipside Strawberry Lemon Haze Disposable Cartridge 1g,renamed
26856,Pineapple Express ( H ) - Flipside Distillate Disposable 1g,Spark Industries Flipside Pineapple Express Disposable Cartridge 1g,renamed
26855,Strawnana ( I ) Chef Joe's - Flipside Distillate Disposable 1g,Spark Industries Flipside Strawnana Disposable Cartridge 1g,renamed
26854,RedEyesGreenDragon ( S ) Chef Joe's - Flipside Distillate Disposable 1g,Spark Industries Flipside Redeyesgreendragon Disposable Cartridge 1g,renamed
26853,Papayahuasca ( I ) Chef Joe's - Flipside Distillate Disposable 1g,Spark Industries Flipside Papayahuasca Disposable Cartridge 1g,renamed
26852,Gummyshark ( I ) Chef Joe's - Flipside Distillate Disposable 1g,Spark Industries Flipside Gummyshark Disposable Cartridge 1g,renamed
26851,Huckleberry ( I/H ) - Flipside Distillate Disposable 1g,Spark Industries Plaid Jacket Huckleberry Disposable Cartridge 1g,renamed
26850,Slapple ( I/H ) - Flipside Gold BHO/Ethanol Extracted Disposable 1g,Spark Industries Flipside Slapple Disposable Cartridge 1g,renamed
26849,Melon Ball ( S/H ) - Flipside Gold BHO/Ethanol Extracted Disposable 1g,Spark Industries Flipside Melon Ball Disposable Cartridge 1g,renamed
26848,Grapefruit Romulan ( I ) - Flipside Gold BHO/Ethanol Extracted Disposable 1g,Spark Industries Flipside Grapefruit Romulan Disposable Cartridge 1g,renamed
26847,Blue Widow ( H ) - Flipside Gold BHO/Ethanol Extracted Disposable 1g,Spark Industries Flipside Blue Widow Disposable Cartridge 1g,renamed
26846,Mango Mintality ( S/H ) - Plaid Jacket BHO Elevated THC Cured Resin Cart 1g,Spark Industries Plaid Jacket Mango Mintality Cartridge 2,renamed
26843,Perfect Specimen ( I/H ) - Plaid Jacket BHO Cured Resin Disposable 1g,Spark Industries Plaid Jacket Perfect Specimen Disposable Cartridge 1g,renamed
26841,Permanent Gas ( I/H ) - Plaid Jacket BHO Cured Resin Disposable 1g,Spark Industries Plaid Jacket Permanent Gas Disposable Cartridge 1g,renamed
26840,Mango Mintality ( S/H ) - Plaid Jacket BHO Cured Resin Cart 1g,Spark Industries Plaid Jacket Mango Mintality Cartridge 3,renamed
26839,Plaid Jacket Cartridge Hash Burger Cured,Spark Industries Plaid Jacket Hash Burger Cartridge 1g,renamed
26838,Animal Tsunami ( I/H ) - Plaid Jacket BHO Cured Resin Cart 1g,Spark Industries Plaid Jacket Animal Tsunami Cartridge 1g,renamed
26837,Mack's GAK ( I ) - Plaid Jacket BHO Cured Resin Cart 1g,Spark Industries Plaid Jacket Mack's Gak Disposable Cartridge 1g,renamed
26836,"4.20 Tincture Night - 500mg THC, 500mg CBD, 500mg CBN",Evergreen Herbal Night 1:1 Tincture 1oz,renamed
26835,"4.20 Tincture Day 500mg THC, 500mg CBD, 500mg CBG",Evergreen Herbal Day 1:1 Tincture 1floz,renamed
26834,- Milk Chocolate - Rosin - Macadamia Nut 100mg THC - Pouch,Evergreen Herbal 4.20 Macadamia Nut Indica 100mg Chocolate 57g,renamed
26833,420 Brand - Milk Chocolate - Rosin - Honeycomb Toffee 100mg THC - Pouch,Evergreen Herbal 4.20 Honey Combz Chocolate 57g,renamed
26832,420 Bar Chocolate Milk Chocolate Hemp Crunch 400mg-1:1:1:1 CBG:CBC:CBD:THC - 1.7oz,Evergreen Herbal 420 Bar Milk Chocolate Hemp Crunch 1:1 Chocolate 1.7oz,renamed
26831,4.20 Minis Chocolate Milk Chocolate 1:1:1:1 CBG CBC CBD THC - 2.00oz,Evergreen Herbal 4.20 Minis Milk Chocolate 1:1:1:1 CBG CBC CBD THC 1:1,renamed
26829,4.20 Minis Chocolate Dark Chocolate Sea Salt 1:1:1:1 CBG CBC CBD THC - 2.00oz,Evergreen Herbal 4.20 Minis Dark Chocolate Sea Salt 1:1:1:1 CBG CBC CBD,renamed
26828,Boysenberry Creme Brulee [3.5g] [Luxury Line] [D.O.H. COMPLIANT],Lifted Cannabis Lifted Boysenberry Creme Brulee Flower 3.5g,renamed
26827,Boysenberry Creme Brulee [1g] [Luxury Line] [D.O.H. COMPLIANT],Lifted Cannabis Lifted Boysenberry Creme Brulee Flower 1g,renamed
26826,Lifted Flower Wedding Cake - 7g,Lifted Cannabis Lifted Wedding Cake Flower 7g,renamed
26825,Lifted Flower Wedding Cake - 1g,Lifted Cannabis Lifted Wedding Cake Flower 1g,renamed
26824,Lifted Flower Wedding Cake - 3.5g,Lifted Cannabis Lifted Wedding Cake Flower 3.5g,renamed
26820,Scented Marker SugarStix [1g],Lifted Cannabis Lifted Scented Marker Infused Pre-roll 1g,renamed
26818,Cherry Ztripez Pre-Roll [1g] [D.O.H. COMPLIANT],Lifted Cannabis Lifted Cherry Ztripez Pre-roll 1g,renamed
26817,Truffle Cake Cured Cart [1g],Lifted Cannabis Lifted Truffle Cake Cartridge 1g,renamed
26816,Cherry Ztripez Cured Cart [1g],Lifted Cannabis Lifted Cherry Ztripez Cartridge 1g,renamed
26813,Jealousy Live Resin Cart [1g] [CERAMIC] [D.O.H. COMPLIANT],Lifted Cannabis Lifted Jealousy Cartridge 1g,renamed
26812,Lifted All-in-one White Truffle Cured - 1g,Lifted Cannabis Lifted White Truffle Disposable Cartridge 1g,renamed
26810,Coffee Creamer Cured [1g] [All-In-One],Lifted Cannabis Lifted Coffee Creamer Disposable Cartridge 1g,renamed
26809,Metaverse Cured [1g] [All-In-One],Lifted Cannabis Lifted Metaverse Disposable Cartridge 1g,renamed
26808,Luxor Cured [1g] [All-In-One],Lifted Cannabis Luxor Disposable Cartridge 1g,renamed
26806,Lychee Boba Slush [1g] [All-In-One],Lifted Cannabis Lifted Lychee Disposable Cartridge 1g,renamed
26804,Strawberry Burst Slush [1g] [All-In-One],Lifted Cannabis Lifted Strawberry Disposable Cartridge 1g,renamed
26803,Blue Razz Slush [1g] [All-In-One],Lifted Cannabis Lifted Blue Raspberry Disposable Cartridge 1g,renamed
26802,Peach Ringz Slush [1g],Lifted Cannabis Lifted Peach Cartridge 1g,renamed
26801,Mango Punch Slush [1g] [All-In-One],Lifted Cannabis Lifted Mango Punch Disposable Cartridge 1g,renamed
26800,Grape Soda Slush [1g] [All-In-One] [D.O.H. COMPLIANT],Lifted Cannabis Lifted Grape Soda Disposable Cartridge 1g,renamed
26799,Creamsicle Slush [1g] [All-In-One],Lifted Cannabis Lifted Creamsicle Disposable Cartridge 1g,renamed
26798,Watermelon Wave Slush [1g] [All-In-One],Lifted Cannabis Lifted Watermelon Disposable Cartridge 1g,renamed
26797,Tigers Blood Slush [1g] [All-In-One],Lifted Cannabis Lifted Tigers Blood Disposable Cartridge 1g,renamed
26796,Raspberry Lemonade Slush [1g] [All-In-One],Lifted Cannabis Lifted Raspberry Disposable Cartridge 1g,renamed
26795,Honeydew HighChew Slush [1g] [510],Lifted Cannabis Honeydew Cartridge 1g,renamed
26794,M-MT-400BAL - Moxey Balance 3:1 Peppermints (300mg CBG/100mg THC),Botanica Seattle Mr. Moxey's Peppermint Mints 12g,renamed
26793,M-MT-300ENG - Moxey Energize 1:1:1 Peppermints (100mg CBC/100mg CBG/100mg THC),Botanica Seattle Journeyman Peppermint Mints 12g,renamed
26792,Mr. Moxey Mints Relief Ginger 1:1:1 - 0.42oz,Botanica Seattle Mr. Moxey Relief Ginger 5:1:5 1:1 Mints 0.42oz,renamed
26791,J-HR-100SBJ - Journeyman Hash Strawberry Jellies (100mg THC),Botanica Seattle Journeyman Strawberry Gummies 85g,renamed
26790,J-HR-100PJ - Journeyman Hash Pineapple Jellies (100mg THC),Botanica Seattle Journeyman Pineapple Gummies 85g,renamed
26789,J-HR-100BBLJ - Journeyman Hash Blackberry Lemonade Jellies (100mg THC),Botanica Seattle Journeyman Blackberry Lemonade Gummies 85g,renamed
26788,Journeyman Pineapple Hash Rosin Lemonade,Botanica Seattle Journeyman Pineapple Beverage 2,renamed
26787,Journeyman Peach Hash Rosin Lemonade,Botanica Seattle Journeyman Lemonade Beverage 2,renamed
26786,Journeyman Strawberry Hash Rosin Lemonade,Botanica Seattle Journeyman Strawberry Beverage 2,renamed
26785,Journeyman Beverage pineapple lemonade thc/cbg,Botanica Seattle Journeyman Pineapple Lemonade Shots 60ml,renamed
26784,Journeyman Beverage Blueberry lemonade thc/cbn,Botanica Seattle Journeyman Blueberry Lemonade Shots 60ml,renamed
26782,Live Resin Disposables - Amaretto Sour - 1g,Alpenglow Extracts Svin Amaretto Sour Disposable Cartridge 1g,renamed
26781,Frozen Oreoz - 1g - Live Resin Disposable,Klaritie Farms Inc Mama J's Frozen Oreoz Disposable Cartridge 1g,renamed
26771,Buddies Flavored Vape Cart - Raspberry Parfait - 1g,Botanical Arts Buddies Raspberry Parfait Cartridge 1g,renamed
26768,Buddies cart Apple Fritter,Botanical Arts Buddies Apple Fritter Cartridge 1g,renamed
26766,Buddies Flavored AIO - Pineapple Express - 1g,Botanical Arts Buddies Pineapple Express Disposable Cartridge 1g,renamed
26755,BFF Flavored Live Resin AIO - NO CAP - Neon Cherry Apricot - 1g - (I) - DOH,Botanical Arts Buddies Neon Cherry Apricot Disposable Cartridge 1g,renamed
26754,BFF Flavored Live Resin AIO - LOL - Lemon Orange Lychee - 1g - (S) - DOH,Botanical Arts Buddies Lemon Orange Disposable Cartridge 1g,renamed
26750,Ooowee - Live Resin - A - 1G Disposable - Key Bump - 1g,R B Group Ooowee Key Bump Disposable Cartridge 1g,renamed
26749,HiKu - DOH DIST - Strawberry Pineapple - HiKu 1oz Tincture - Strawberry Pineapple - 30g,Seattle Bubble Works Strawberry Pineapple 3:1 Tincture 1floz,renamed
26748,HiKu - DOH DIST - Passion Orange Guava - HiKu 1oz Tincture - Passion Orange Guava - 30g,Seattle Bubble Works Passion Orange Guava 4:1 Tincture 1floz,renamed
26747,HiKu - Rosin Solventless Tincture - Spiced Apple - 1oz,Seattle Bubble Works Spiced Apple Liquid Infused Edible 1floz,renamed
26746,Micro Bar Liquid Gold - Micro Bar Liquid Gold 1g - Zour Watermelon - 1g,Joint Ventures Micro Bar Zour Watermelon Disposable Cartridge 1g,renamed
26745,Micro Bar Liquid Gold - Micro Bar Liquid Gold 1g - Orange Cookies - 1g,Joint Ventures Micro Bar Orange Cookies Disposable Cartridge 1g,renamed
26743,Micro Bar Liquid Gold - Micro Bar Liquid Gold 1g - Face Off OG - 1g,Joint Ventures Micro Bar Face Off Og Disposable Cartridge 1g,renamed
26742,Micro Bar Liquid Gold - Micro Bar Liquid Gold 1g - Super Boof - 1g,Joint Ventures Micro Bar Super Boof Disposable Cartridge 1g,renamed
26738,Micro Bar The Capsule Collection Disposable Cartridge Watermelon OG - 1g,Joint Ventures Micro Bar The Capsule Collection Watermelon Og Disposable,renamed
26736,Micro Bar Disposable Cartridge Pineapple Express - 1g,Joint Ventures Micro Bar Pineapple Express Disposable Cartridge 1g,renamed
26734,Micro Bar - 1g Disposable - Micro Bar - White Razz - 1g,Joint Ventures Micro Bar White Razz Disposable Cartridge 1g,renamed
26729,Micro Bar - 1g Disposable - Micro Bar - Super Bubble - 1g,Joint Ventures Micro Bar Super Bubble Disposable Cartridge 1g,renamed
26728,Micro Bar Disposable Cartridge Pink Lychee - 1g,Joint Ventures Micro Bar Pink Lychee Disposable Cartridge 1g,renamed
26725,Micro Cart - 1g Cartridge - Micro Cart - Melon Bar - 1g,Joint Ventures Micro Bar Melon Bar Disposable Cartridge 1g,renamed
26724,Micro Cart - 1g Cartridge - Micro Cart - Mango Strawberry - 1g,Joint Ventures Micro Bar Mango Strawberry Cartridge 1g,renamed
26723,Micro Cart - 1g Cartridge - Micro Cart - Watermelon Pineapple - 1g,Joint Ventures Micro Bar Watermelon Pineapple Cartridge 1g,renamed
26718,Freddy's Finest Joint - Sub-Zero - 1g,Quality Green Trees Freddy's Fuego Sub Zero Pre-roll 1g,renamed
26717,Freddy's Finest Joint - Black Market - 1g,Quality Green Trees Freddy's Fuego Black Market Pre-roll 2,renamed
26715,Freddy's Finest Flower - Sub-Zero - 3.5g,Quality Green Trees Freddy's Fuego Sub Zero Flower 3.5g,renamed
26713,Golden Nuggets - Lyon King - 7g (Legacy),Quality Green Trees Freddy's Fuego Lyon King Flower 7g,renamed
26712,Freddy's Fuego Flower - Lyon King - 3.5g (Legacy),Quality Green Trees Freddy's Fuego Lyon King Flower 3.5g,renamed
26711,Freddy's Fuego Legacy Flower - 03.5g - Lemon Shortbread,Quality Green Trees Skord Lemon Shortbread Flower 3.5g,renamed
26710,Freddy's Fuego Live Resin Disposable - Big Baby,Quality Green Trees Freddy's Fuego Big Baby Disposable Cartridge 2,renamed
26709,Fredy's Fuego Live Resin Disposable - Lyon King - 1g,Quality Green Trees Freddy's Fuego Lyon King Disposable Cartridge 2,renamed
26708,Freddy's Fuego Live Resin Disposable - Carrot Cake,Quality Green Trees Freddy's Fuego Carrot Cake Disposable Cartridge 1g,renamed
26707,Live Resin Disposable - Black Trop Cherry - 1g,Quality Green Trees Freddy's Fuego Black Trop Cherry Disposable 1g,renamed
26706,Live Resin Disposable - Lemon Shortbread - 1g,Quality Green Trees Freddy's Fuego Lemon Shortbread Disposable Cartridge 1g,renamed
26705,Zenn Cannabis  Flower Babysita - 3.5g,Everigreene Zen Cannabis Babysita Flower 3.5g,renamed
26704,Zen Flower Fiestaz - 3.5g,Everigreene Zen Cannabis Fiestaz Flower 3.5g,renamed
26701,Zen Pre-roll Hash Burger - 4g,Everigreene Zen Cannabis Hash Burger Pre-roll 4g,renamed
26692,Zen Hash Rosin - Super Boof - 1g,Everigreene Zen Cannabis Super Boof Hash 1g,renamed
26690,Zen Hash Rosin - Grape Cream Cake - 1g,Everigreene Zen Cannabis Grape Cream Cake Hash Rosin 1g,renamed
26688,Zen Hash Rosin - Dulce De Boof - 1g,Everigreene Zen Cannabis Dulce De Boof Hash Rosin 1g,renamed
26684,Zen Pre-Rolls - Gas Face - 14g (28x0.5g),Everigreene Zen Cannabis Gas Face Pre-roll 14g,renamed
26681,Zen Flower Hash Burger - 3.5g,Everigreene Zen Cannabis Hash Burger Flower 3.5g,renamed
26678,Zen Flower GMO x OZ 3.5g,Everigreene Zen Cannabis Gmo Flower 3.5g,renamed
26677,Zen Flower BananaConda - 3.5g,Everigreene Zen Cannabis Bananaconda Flower 3.5g,renamed
26676,Zen Flower ANIMALS XJ-13 - 3.5g,Everigreene Zen Cannabis Animals Xj-13 Flower 3.5g,renamed
26675,Ceres ROLL UPS GOLD MAX DRAGON BALM - 3.4oz,Ceres Gold Max Dragon 1:1 Topical 3.4oz,renamed
26674,Ceres Topical Dragon Balm 1:1 - 3.4oz,Ceres Dragon Balm 1:1 1:1 Topical 3.4oz,renamed
26673,Ceres Dragon Balm CBD RED,Ceres Dragon Balm Topical 96.4g,renamed
26672,Ceres Roll On Dragon Balm Xtra Strength - 3.4oz,Ceres Dragon Balm Xtra Strength 1:1 Roll On 3.4oz,renamed
26671,Ceres Roll On Xtra CBD Dragon Balm - 3.4oz,Ceres Xtra Dragon CBD Roll On 3.4oz,renamed
26670,CHEW_SAT_ASSORTED_GRY_1:1:1:1_20pk,Ceres Assorted 1:1 Edible 2.2oz,renamed
26669,CHEW_IND_ASSORTED_GRY_1:1:1:1_20pk,Ceres Assorted 1:1 Edible 2,renamed
26668,Ceres Fruit Chews Citrus Indica 1:1:1,Ceres Citrus 1:1 Edible 2.2oz,renamed
26667,Ceres Fruit Chews Citrus Sativa 1:1:1 THC:CBG:CBD,Ceres Citrus 1:1 Fruit Chews 62g,renamed
26666,BITE_SAT_S'MORES_1:1_10PK,Ceres Smores 1:1 Chocolate 62g,renamed
26665,BITE_IND_S'MORES_1:1_10PK,Ceres Smores 1:1 Chocolate 2,renamed
26664,BITE_SAT_TOFFEE_CRUNCH_1:1_10PK,Ceres Toffee Crunch 1:1 Edible 62g,renamed
26663,BITE_IND_TOFFEE_CRUNCH_1:1_10PK,Ceres Toffee Crunch 1:1 Chocolate 62g,renamed
26662,BITE_SAT_HEMP&RICE_1:1_10PK,Ceres Hemp 1:1 Edible 2.2oz,renamed
26661,BITE_SAT_PEANUT_BUTTER_CHIP_1:1_10PK,Ceres Peanut Butter 1:1 Chocolate 62g,renamed
26660,BITE_IND_PEANUT_BUTTER_CHIP_1:1_10PK,Ceres Peanut Butter 1:1 Chocolate 2,renamed
26659,Ceres Edible Dragon Ball Sativa - 2oz,Ceres Dragon Ball Sativa Edible 2oz,renamed
26658,Ceres Dragon Balls Indica,Ceres Dragon Balls 62g,renamed
26657,1g GoodGood Cartridge - Pineapple Pop (S),Translucency Llc Goodgood Pineapple Pop Cartridge 1g,renamed
26656,Green Reaper Live Resin Badder - Wedding Cake - 1g,Cassidy Cannabis Llc Green Reaper Wedding Cake Badder 1g,renamed
26655,Green Reaper - Diamond Sauce - Tangie - 1g,Cassidy Cannabis Llc Greenrush Tangie Live Resin 1g,renamed
26654,Melted Diamond Badder - Super Silver Haze - 1g,Cassidy Cannabis Llc Melted Super Silver Haze Badder 1g,renamed
26653,Melted Diamond Badder - Strawberry Cough - 1g,Cassidy Cannabis Llc Melted Strawberry Cough Badder 1g,renamed
26652,Green Reaper Live Resin Badder - Strawberry Cough - 1g,Cassidy Cannabis Llc Green Reaper Strawberry Cough Badder 1g,renamed
26651,Green Reaper Live Resin Badder - Snoops Dream - 1g,Cassidy Cannabis Llc Green Reaper Snoop's Dream Badder 1g,renamed
26650,Green Reaper - Diamond Sauce - Runtz - 1g,Cassidy Cannabis Llc Greenrush Runtz Live Resin 1g,renamed
26649,Green Reaper - Diamond Sauce - Purple Cat Piss - 1g,Cassidy Cannabis Llc Purple Cat Piss Live Resin 1g,renamed
26648,Green Reaper - Diamond Sauce - Permanent Marker - 1g,Cassidy Cannabis Llc Greenrush Permanent Marker Live Resin 1g,renamed
26647,Diamond Sauce - Northern Lights - 1g,Cassidy Cannabis Llc Greenrush Notorious THC Live Resin 1g,renamed
26646,Melted Diamond Badder - Jet Fuel Gelato - 1g,Cassidy Cannabis Llc Melted Jet Fuel Gelato Badder 1g,renamed
26645,Green Reaper Live Resin Badder - Jack Herer - 1g,Cassidy Cannabis Llc Green Reaper Jack Herer Badder 1g,renamed
26644,Green Reaper - Diamond Sauce - Girl Scout Cookies - 1g,Cassidy Cannabis Llc Greenrush Gsc Live Resin 1g,renamed
26643,Green Reaper Melted Diamond Badder - Gary Poppins - 1g,Cassidy Cannabis Llc Green Reaper Gary Poppins Badder 1g,renamed
26642,Green Reaper Live Resin Badder - Cherry Pie - 1g,Cassidy Cannabis Llc Green Reaper Cherry Pie Badder 1g,renamed
26641,Melted Diamond Badder - Candy Gas - 1g,Cassidy Cannabis Llc Melted Candy Gas Badder 1g,renamed
26640,Melted Diamond Badder - Banana Clips - 1g,Cassidy Cannabis Llc Melted Banana Clips Badder 1g,renamed
26639,Green Reaper - Diamond Sauce - Bacio Gelato - 1g,Cassidy Cannabis Llc Green Reaper Bacio Gelato Diamonds 1g,renamed
26638,Green Reaper Live Resin Badder - Acapulco Gold - 1g,Cassidy Cannabis Llc Green Reaper Acapulco Gold Live Resin 1g,renamed
26637,t2Hydro - Flower - Blue Powerade - 3.5g,Evergreen Hydro Farms Torus Blue Powerade Flower 1g,renamed
26634,Torus - Flower - White Lobster - 3.5g,Evergreen Hydro Farms Torus White Lobster Flower 3.5g,renamed
26632,HashBreak - Hashbreak 2 Pack - Tutti Fruitti - 1g,Evergreen Hydro Farms Torus Tutti Frutti Infused Pre-roll 1g,renamed
26631,Torus - Rosin Cold Cure - K2 #1 - 1g,Evergreen Hydro Farms Torus K2 1 Rosin 1g,renamed
26626,HashBreak - Hashbreak 2 Pack - Red Cream Soda - 1g,Evergreen Hydro Farms Torus Red Cream Soda Infused Pre-roll 1g,renamed
26625,hashbreak - Pre Rolls (Infused) - Cherry Bomb - 1g,Evergreen Hydro Farms Torus Cherry Bomb Infused Pre-roll 1g,renamed
26622,Torus - Glass Tip Blunt - Papaya Runtz - 2g,Evergreen Hydro Farms Torus Papaya Runtz Blunt 2g,renamed
26620,Torus - Rosin Cold Cure - Chem De La Sour - 1g,Evergreen Hydro Farms Torus Chem De La Sour Rosin 1g,renamed
26619,Torus Rosin Strawberry Push Pop - 1g,Evergreen Hydro Farms Torus Strawberry Push Pop Rosin 1g,renamed
26617,hashbreak - Pre Rolls (Infused) - Lemon Drop - 1g,Evergreen Hydro Farms Torus Lemon Drop Infused Pre-roll 1g,renamed
26615,MFUSED Cartridge Swirly Temple 1g Tank,Mfused Swirly Temple Cartridge 2,renamed
26614,Honey Stixx - Infused Pre-roll - Flavored - Grape Kush.7g,Conscious Cannabis Honey Stixx Grape Infused Pre-roll 0.7g,renamed
26613,Honey Stixx - 1pk - Flavored Infused Preroll - Loud Lychee - Hybrid - 0.75g,Conscious Cannabis Honey Stixx Loud Lychee Infused Pre-roll 0.75g,renamed
26612,Honey Stixx Infused Pre-roll - Strawberry Bliss - Flavored - Sativa,Conscious Cannabis Honey Stixx Strawberry Bliss Infused Pre-roll 1g,renamed
26611,Honey Stixx - 1pk - Flavored Infused Preroll - Blueberry Muffin - Hybrid - 0.75g,Conscious Cannabis Honey Stixx Blueberry Muffin Infused Blunt 0.75g,renamed
26610,Honey Stixx Infused Pre-roll - Huckleberry OG - Flavored - Indica,Conscious Cannabis Honey Stixx Huckleberry Og Infused Pre-roll 1g,renamed
26609,Honey Stixx - 1pk - Flavored Infused Preroll - Berry Blue Dream - Sativa - 0.75g,Conscious Cannabis Honey Stixx Berry Blue Dream Infused Pre-roll 0.75g,renamed
26608,Honey Stixx - 2Pk - Crystal - God's Gifts X Permafrost,Conscious Cannabis Honey Stixx God's Gifts X Permafrost Infused Pre-roll 1g,renamed
26607,Honey Stixx - 2Pk - Crystal - Snoops Dream X ATF - Sativa,Conscious Cannabis Bodhi High Snoop's Dream Infused Pre-roll 1g,renamed
26605,Honey Stixx - 2Pk - Crystal - Peach Crescendo X Strawberry Banana,Conscious Cannabis Honey Stixx Peach Crescendo X Strawberry Banana Infused,renamed
26603,Honey Stixx - 2pk - Solventless Infused Preroll - Hash - Amnesia Haze X Sour Diesel,Conscious Cannabis Honey Stixx Amnesia Haze Infused Pre-roll 1g,renamed
26602,Honey Stixx - 2pk - Solventless Infused Preroll - Hash - Blueberry Trainwreck X Layer Cake - Sativa - 1g,Conscious Cannabis Honey Stixx Blueberry Trainwreck Infused Pre-roll 1g,renamed
26601,Honey Stixx - 2pk - Solventless Infused Preroll - Hash - Dark Rainbows X Blackberry,Conscious Cannabis Honey Stixx Dark Rainbow Cartridge 1g,renamed
26593,Original - Live Resin 510 Vape - High Potency - Presidential Kush,Conscious Cannabis Bodhi High Presidential Kush Cartridge 1g,renamed
26592,Original - Live Resin 510 Vape - High Potency - NYC Diesel - Hybrid - 1mL,Conscious Cannabis Bodhi High Nyc Diesel Cartridge 1g,renamed
26591,Pure - Live Resin 510 Vape - Liquid Diamonds - Durban Poison - Sativa - 1mL,Conscious Cannabis Bodhi High Durban Poison Cartridge 1g,renamed
26589,Pure - Live Resin 510 Vape - Liquid Diamonds - Tropic Truffle,Conscious Cannabis Bodhi High Tropic Truffle Cartridge 1g,renamed
26588,Pure Vape - Carbon Fiber,Conscious Cannabis Bodhi High Carbon Fiber Cartridge 1g,renamed
26586,Bodhi High Ultra Pure Cartridge Lavender Trainwrecks- 1g,Conscious Cannabis Bodhi High Lavender Trainwreck Cartridge 1g,renamed
26585,Ultra Pure - Live Resin 510 Vape - Liquid Diamonds - Tropical Runtz - Hybrid - 1mL,Conscious Cannabis Bodhi High Tropical Runtz Cartridge 1g,renamed
26582,Honey Tree Flavored Prana Pulse AIO Disposable - Strawberry Bliss,Conscious Cannabis Bodhi High Strawberry Bliss Disposable Cartridge 1g,renamed
26577,Honey Tree - Live Resin Prana AIO - HTE - Maui Wowie - Sativa - 1mL,Conscious Cannabis Honey Tree Maui Wowie Disposable Cartridge 1g,renamed
26567,Pure - Live Resin Prana AIO - Liquid Diamonds - Carbon Fiber,Conscious Cannabis Bodhi High Carbon Fiber Disposable Cartridge 1g,renamed
26565,Prana Pulse AIO Disposable - Tropic Truffle Live Resin,Conscious Cannabis Bodhi High Tropic Truffle Disposable Cartridge 1g,renamed
26564,Grapefruit Romulan ( I ) - Flipside Gold BHO/Ethanol Extracted Disposable 1g,Spark Industries Flipside Grapefruit Romulan Disposable Cartridge 2,renamed
26563,Legit Gold Cherry Blossom OG - 1g,Canna Processing Legit Gold Cherry Blossom Og Infused Pre-roll 1g,renamed
26562,DST CART 1g WALWILD - Green Crack DOH,Walden Cannabis Walden Green Crack Cartridge 1g,renamed
26561,two heads distillate zkz 1g,Limelight Two Heads Zkz Distillate 1g,renamed
26560,two heads distillate Tsour apricot 1g,Limelight Two Heads Tsour Apricot Distillate 1g,renamed
26559,two heads distillate maui waui 1g,Limelight Two Heads Maui Waui Distillate 1g,renamed
26558,Dab Syringe - Mango 1g,Limelight Two Heads Mango RSO 1g,renamed
26557,Dab Syringe - Jack Herer 1g,Limelight Two Heads Jack Herer RSO 1g,renamed
26556,Two Heads Dab Syringe - GG#4 1g,Limelight Two Heads Gg 4 Distillate 1g,renamed
26554,Dab Syringe - Dutch Treat 1g,Limelight Two Heads Dutch Treat Distillate 1g,renamed
26553,Dab Syringe - Raw 1g,Limelight Two Heads Raw Th Distillate 1g,renamed
26552,Two Heads Cartridge ZKZ - 1g,Limelight Two Heads Zkz Cartridge 1g,renamed
26551,two heads cartridge watermelon 1g,Limelight Two Heads Watermelon Cartridge 1g,renamed
26550,Two Heads Cartridge Tsour Apricot - 1g,Limelight Two Heads Tsour Apricot Cartridge 1g,renamed
26534,Disposable Pen New - CBD ZKZ 1g,Limelight Two Heads Zkz 1:1 Disposable Cartridge 1g,renamed
26533,Disposable Pen New - CBD Maui Waui 1g,Limelight Two Heads Maui 1:1 Disposable Cartridge 1g,renamed
26532,Disposable Pen New - Blue Raspberry 1g,Limelight Two Heads Blue Raspberry Disposable Cartridge 1g,renamed
26524,Northwest Concentrates - SELECT DABS - Trufflez - 1g [ I ],Xtracted Labs Northwest Concentrates Trufflez Bho 2,renamed
26522,Northwest Concentrates - CLASSIC DABS - Gary Payton - 1g [ H ],Xtracted Labs Northwest Concentrates Gary Payton Bho 2,renamed
26520,Refine LOUD RESIN x House of Cultivar - Papaya Crush - 1g,Xtracted Labs Refine Papaya Crush Loud Resin 1g,renamed
26518,1937 - 7g Regular Buds - Grape Mochi - 7g,1937 Farms 1937 Grape Mochi Flower 7g,renamed
26517,1937 - 3.5g Flower - Flyin Hawaiian 23 - 3.5g,1937 Farms 1937 Flyin Hawaiian Flower 3.5g,renamed
26516,1937 - 3.5g Flower - Banana Bread - 3.5g,1937 Farms 1937 Banana Bread Flower 3.5g,renamed
26515,1937 - 3.5g Flower - Blockberry - 3.5g,1937 Farms 1937 Blockberry Flower 3.5g,renamed
26514,1937 - 3.5g Flower - Aloha Love - 3.5g,1937 Farms 1937 Aloha Love Flower 3.5g,renamed
26513,1937 - 3.5g Flower - Pt Chimera Breath - 3.5g,1937 Farms 1937 Chimera Flower 3.5g,renamed
26512,1937 - 3.5g Flower - First Class Funk - 3.5g,1937 Farms 1937 First Class Funk Flower 3.5g,renamed
26511,1937 - Pre-Rolls .5 x 2 pack - Hawaiian Lion 11 - 1g,1937 Farms 1937 Hawaiian Lion Pre-roll 1g,renamed
26510,1937 - 7g Regular Buds - Triple Truffle 10 - 7g,1937 Farms 1937 Triple Truffle Flower 7g,renamed
26509,1937 - Pre-Rolls .5 x 2 pack - Kabuki Sour - 1g,1937 Farms 1937 Kabuki Sour Pre-roll 1g,renamed
26508,1937 - Pre-Rolls .5 x 2 pack - Grape Mochi - 1g,1937 Farms 1937 Grape Mochi Pre-roll 1g,renamed
26506,1937 - Disposable Cartridge - Tropicana Cherries - 1g,1937 Farms 1937 Tropicanna Cherry Disposable Cartridge 1g,renamed
26505,1937 - Disposable Cartridge - Banana Bread - 1g,1937 Farms 1937 Banana Bread Disposable Cartridge 1g,renamed
26504,Live Resin Disposables - Lemon Strawz #8 - 1g,Alpenglow Extracts Svin Lemon Straws Disposable Cartridge 2,renamed
26503,Kelso Kandy - KK CART 1g - Blood Orange - 1g,Clarity Farms Blood Orange Cartridge 2,renamed
26443,Ooowee - 1G Cartridge - Super Raspberry Boof - 1g,Ttl Holdings Llc Ooowee Super Boof Cartridge 2,renamed
26440,Ooowee - *B Buds 14G Flower - Pink Zaza - 14g,Ttl Holdings Llc Ooowee Pink Zaza Flower 14g,renamed
26428,Pre-Roll 2-Pack - Lemon Slushee - 1g,Fire Bros. Fire Bros Lemon Slushee Pre-roll 1g,renamed
26426,Fire Bros Pre-Roll 5-Pack - Grape Lobster - 2.5g,Fire Bros. Fire Bros Grape Lobster Pre-roll 2.5g,renamed
26425,Pre-Roll 5-Pack - Yuzu Sour - 2.5g,Fire Bros. Fire Bros Yuzu Sour Pre-roll 2.5g,renamed
26424,Fire Bros Pre-Roll Lemon Slushee - 2.5g,Fire Bros. Fire Bros Lemon Slushee Disposable Cartridge 2.5g,renamed
26421,Fire Bros All-In-One Cart - Mongo,Fire Bros. Fire Bros Mongo Disposable Cartridge 1g,renamed
26418,Fire Bros All-In-One Artist Series - Lobster Roll - 1g,Fire Bros. Fire Bros Lobster Roll Disposable Cartridge 1g,renamed
26417,Fire Bros All-In-One Cart - Chrome Gnome - 1g,Fire Bros. Fire Bros Chrome Gnome Disposable Cartridge 1g,renamed
26414,FIRE BROS All-In-One Cart - The Zest - 1g,Fire Bros. Fire Bros The Zest Disposable Cartridge 1g,renamed
26410,Packaged Flower - Khalifa Kush - 3.5g,Pinnacle Green Khalifa Kush Trade Sample 3.5g,renamed
26408,Packaged Flower - Purple Jealousy - 7g,Pinnacle Green Purple Passion Fruit Flower 7g,renamed
26397,".5g Isolated Pre-Rolled Cones, 2ct - Isolated Crop CircleZ Pre-Rolled Cones - 1g",Canna Pacific Trichome Crop Circlez Infused Pre-roll 1g,renamed
26394,Trichome Raw Flower - June Plum - 3.5g,Canna Pacific Trichome June Plum Flower 3.5g,renamed
26393,Premium Trichome Raw Flower - White Oreoz #2 - 3.5g,Canna Pacific Trichome White Oreoz Flower 3.5g,renamed
26392,"Trichome InTERPreter Pre-Rolls, 2ct - MAC 1+AT - 1.5g",Canna Pacific Trichome Mac 1 Infused Pre-roll 1.5g,renamed
26384,BLAZE Can - 12oz Rosin - Orange Cream 100mg THC,Evergreen Herbal Blaze Orange Cream Beverage 12floz,renamed
26380,BLAZE Gummy - Mango Passionfruit 1:1:1:1 CBG:CBC:CBD:THC 400mg,Evergreen Herbal Mango Passion Fruit 1:1 Gummies 27g,renamed
26377,Blaze Gummy - Zero Sugar - Good Night Grape 2:2:1 CBN:CBD:THC 500mg,Evergreen Herbal Good Night Grape 1:2 Edible 27g,renamed
26376,Sky High Gardens Rosin Sundae Ecstacy 1g,Sky High Gardens Sundae Ecstacy Rosin 1g,renamed
26373,Sky High Flower - Super Silver Stardawg - 3.5g,Sky High Gardens Super Silver Stardawg Flower 3.5g,renamed
26372,Sky High Flower - Super Silver Stardawg - 1g,Sky High Gardens Super Silver Stardawg Flower 1g,renamed
26370,Sky High Gardens flower pineapple chunk 3.5g,Sky High Gardens Pineapple Chunk Flower 3.5g,renamed
26369,1g Flower - Pineapple Chunk - 1g,Sky High Gardens Pineapple Chunk Flower 1g,renamed
26366,Flower - Heladosa - 3.5g,Sky High Gardens Heladosa Flower 3.5g,renamed
26365,Flower - Heladosa - 1g,Sky High Gardens Heladosa Flower 1g,renamed
26363,Flower - Double Dipped Strawberries - 3.5g,Sky High Gardens Double Dipped Strawberries Flower 3.5g,renamed
26362,Flower - Double Dipped Strawberries - 1g,Sky High Gardens Double Dipped Strawberries Flower 1g,renamed
26359,Sky High Gardens Flower Blue Dream 1g,Sky High Gardens Blue Dream Flower 1g,renamed
26358,Sky High Gardens Pre-roll Pineapple Chunk 1.2g,Sky High Gardens Pineapple Chunk Flower 1.2g,renamed
26356,Buddies Flavored Vape Cart - Grape Ape - 1g,Botanical Arts Buddies Grape Ape Cartridge 2,renamed
26355,Terp Dough - Krumblez - 1g,Alpenglow Extracts Svin Krumblez Bho 1g,renamed
26354,Terp Dough - Animal Mints BX1#3 - 1g,Alpenglow Extracts Svin Animal Mints Bho 1g,renamed
26345,Live Resin Disposables - Spooky Z - 1g,Alpenglow Extracts Svin Spooky Z Disposable Cartridge 2,renamed
26341,Select Series - Crunch Berries - 3.5g,Alpenglow Extracts Svin Crunch Berriez Flower 3.5g,renamed
26340,Packaged Flower - Puro Loco - 3.5g,Alpenglow Extracts Svin Puro Loco Flower 3.5g,renamed
26339,Select Series - Diamond Runtz #2 - 3.5g,Alpenglow Extracts Svin Diamond Runtz Flower 3.5g,renamed
26338,Svin Garden Flower - Amaretto Sour - 3.5g,Alpenglow Extracts Svin Amaretto Sour Flower 2,renamed
26337,Packaged Flower - One Piece - 3.5g,Alpenglow Extracts Svin One Piece Flower 3.5g,renamed
26335,FLOWER - COMATOAST - 1g,Downtown Cannabis Company Downtown Comatoast Flower 2,renamed
26333,Goodies flower toasted crunch 7g,Downtown Cannabis Company Downtown Toasted Crunch Flower 2,renamed
26332,GOODIES Flower Toasted Crunch - 3.5g,Downtown Cannabis Company Downtown Toasted Crunch Flower 3.5g,renamed
26331,Downtown Cannabis Pre-roll Sour Kush - 1g,Downtown Cannabis Company Downtown Cannabis Sour Kush Pre-roll 1g,renamed
26327,LIVE extract - vape cart - SPACE OG - 1g,Downtown Cannabis Company Downtown Space Og Cartridge 2,renamed
26326,LIVE extract - vape cart - TWISTED TOAST - 1g,Downtown Cannabis Company Downtown Twisted Toast Cartridge 1g,renamed
26321,Goodies Flower Hippie Milkshake - 3.5g,Downtown Cannabis Company Downtown Hippie Milkshake Flower 2,renamed
26316,Downtown Cannabis pre-roll Comatoast,Downtown Cannabis Company Downtown Cannabis Comatoast Flower 1g,renamed
26312,Downtown Cannabis Flower Swift Cheese - 1g,Downtown Cannabis Company Downtown Cannabis Swift Cheese Flower 1g,renamed
26310,LIVE extract - vape cart - SWIFT CHEESE - 1g,Downtown Cannabis Company Downtown Swift Cheese Cartridge 2,renamed
26308,LIVE extract - vape cart - MINT CONDITION - 1g,Downtown Cannabis Company Downtown Mint Condition Cartridge 2,renamed
26307,Northwest CCELL® FULL SPEC Ceramic Cart - 1g - Jet Fuel Gelato [ H ],Xtracted Labs Northwest Concentrates Jet Fuel Gelato Cartridge 1g,renamed
26303,Smokiez Edible Sour Blue Raspberry - 2.12oz,Pacific Northwest Consulting Smokiez Sour Blue Raspberry Edible 2.12oz,renamed
26302,Smokiez Blue Raspberry-Indica- Fruit Chew - 100mg,Pacific Northwest Consulting Smokiez Blue Raspberry Edible 2,renamed
26301,Smokiez Sour Blackberry Fruit Chew 100mg,Pacific Northwest Consulting Smokiez Sour Blackberry Chewees 2,renamed
26300,Smokiez Blackberry-Indica- Fruit Chew - 100mg,Pacific Northwest Consulting Smokiez Blackberry Edible 2,renamed
26299,Spinello Mango Sativa 100mg THC Rosin Fruit Chews,Pacific Northwest Consulting Smokiez Mango Fruit Chews 36g,renamed
26298,Spinello Blueberry Indica 100mg THC Rosin Fruit Chews,Pacific Northwest Consulting Smokiez Blueberry Fruit Chews 36g,renamed
26297,Smokiez Edible Sour Green Apple CBG:THC - 2.12oz,Pacific Northwest Consulting Smokiez Sour Green Apple Cbg:thc Edible 2.12oz,renamed
26296,Smokiez Edible Green Apple CBG:THC - 2.12oz,Pacific Northwest Consulting Smokiez Green Apple Cbg:thc Edible 2.12oz,renamed
26295,Smokiez Sour Sleepy Watermelon Trifecta CBN:CBD:THC 2:2:1 Fruit Chews,Pacific Northwest Consulting Smokiez Sour Watermelon 1:2 Fruit Chews 60g,renamed
26294,Smokiez Sleepy Watermelon Trifecta CBN:CBD:THC 2:2:1 Fruit Chews,Pacific Northwest Consulting Smokiez Sour Watermelon 1:2 Fruit Chews 2,renamed
26293,Smokiez Sour Midnight Prickly Pear Trifecta CBN:CBD:THC 1:1:1 Fruit Chews,Pacific Northwest Consulting Smokiez Prickly Pear 1:1 Fruit Chews 3,renamed
26292,Smokiez Midnight Prickly Pear Trifecta CBN:CBD:THC 1:1:1 Fruit Chews,Pacific Northwest Consulting Smokiez Prickly Pear 1:1 Fruit Chews 4,renamed
26291,Smokiez Sour Dreamy Blueberry Trifecta 100mg THC:CBG:CBN 1:1:1 Fruit Chews,Pacific Northwest Consulting Smokiez Blueberry Fruit Chews 2,renamed
26290,Smokiez Dreamy Blueberry Trifecta 100mg THC:CBG:CBN 1:1:1 Fruit Chews,Pacific Northwest Consulting Smokiez Blueberry Fruit Chews 3,renamed
26289,Smokiez Fruit Chews Sour Jamberry CBN - 1.94oz,Pacific Northwest Consulting Smokiez Sour Jamberry Cbn:thc Fruit 1.94oz,renamed
26288,Smokiez Jamberry 100mg CBN,Pacific Northwest Consulting Smokiez Jamberry Chewees 2,renamed
26286,BFF Besties Infused Preroll 2-Pack - NP - Nilla Pudding,Botanical Arts Buddies Nilla Pudding Infused Pre-roll 1.5g,renamed
26277,Buddies 100% Live Resin All in One Tanker - Blueberry Headband - 1g - (S/H) - DOH,Botanical Arts Buddies Blueberry Headband Disposable Cartridge 2,renamed
26274,Buddies Legacy All in One Tanker - Acapulco Gold - 1g - (S),Botanical Arts Buddies Acapulco Gold Disposable Cartridge 1g,renamed
26267,Buddies Flavored Vape Cart - Strawberry Cough - 1g,Botanical Arts Buddies Strawberry Cough Cartridge 2,renamed
26266,Buddies Flavored AIO - Melon Fizz - 1g,Botanical Arts Buddies Melon Fizz Disposable Cartridge 1g,renamed
26265,Buddies Flavored Vape Cart - Grape Ape - 1g,Botanical Arts Buddies Grape Ape Cartridge 3,renamed
26262,Buddies Flavored AIO - Melon Fizz - 1g,Botanical Arts Buddies Melon Fizz Disposable Cartridge 2,renamed
26257,BFF All In One - GOAT - Golden Appletini - 1g - (I,Botanical Arts Buddies Goat Disposable Cartridge 1g,renamed
26256,Tasty Terps - TT Diamond Badder 1g - Maui Mango - 1g,Clarity Farms Maui Mango Bho 1g,renamed
26255,Tasty Terps - TT BHO 1g - Gummy Bears - 1g,Clarity Farms Gummy Bears Bho 1g,renamed
26254,Tasty Terps - TT BHO 1g - Caprizun - 1g,Clarity Farms Caprizun Bho 1g,renamed
26253,Terpnado - TN BAR 1g - Yeti Fruit OG - 1g,Clarity Farms Yeti Fruit Og Disposable Cartridge 2,renamed
26251,Terpnado - TN BAR 1g - Golden Peach - 1g,Clarity Farms Golden Peach Disposable Cartridge 2,renamed
26250,Terpnado - TN BAR 1g - Blueberry Express - 1g,Clarity Farms Blueberry Express Disposable Cartridge 2,renamed
26249,Tasty Terps - TC CART 1g - Rocket Pop - 1g,Clarity Farms Rocket Pop Pre-roll 1g,renamed
26248,Tasty Terps - TC CART 1g - Kiwi Hi-Chewz - 1g,Clarity Farms Kiwi Hi-chewz Cartridge 2,renamed
26247,Tasty Terps - TC CART 1g - Caprizun - 1g,Clarity Farms Caprizun Cartridge 2,renamed
26245,O' Geez - OG CART 1g - Pineapple Express - 1g,Clarity Farms Pineapple Express Cartridge 2,renamed
26241,Kelso Kandy - KK TERP+INF PR .8g (Single) - Lime Sorbet - .8g,Clarity Farms Lime Sorbet Infused Pre-roll 0.8g,renamed
26240,Kelso Kandy - KK TERP+INF PR .8g (Single) - Blue Razzberry - .8g,Clarity Farms Blue Razz Infused Pre-roll 0.8g,renamed
26238,Kelso Kandy - KK TERP+INF PR .8g (Single) - Blood Orange - .8g,Clarity Farms Blood Orange Infused Pre-roll 2,renamed
26237,Kelso Kandy - KK TERP+INF PR .8g (Single) - Berry Gelato - .8g,Clarity Farms Berry Gelato Infused Pre-roll 2,renamed
26231,Jelly Gems - JG Jelly Gems 400mg Total - HYBRID - Tropical Trip (CHILL),Clarity Farms Tropical Trip Edible 25000mg,renamed
26230,Jelly Gems - JG Jelly Gems 300mg Total - SATIVA - Chuckleberry (HAPPY),Clarity Farms Chuckleberry Edible 25000mg,renamed
26229,Jelly Gems - JG Jelly Gems 300mg Total - INDICA - Peaches & Dreams (NIGHT),Clarity Farms Peaches Dreams Edible 25000mg,renamed
26228,Jelly Gems - JG Jelly Gems 300mg Total - INDICA - Key Lime Unwind (NIGHT),Clarity Farms Key Lime Edible 25000mg,renamed
26227,Jelly Gems - JG Jelly Gems 300mg Total - HYBRID - Blissberry (HAPPY),Clarity Farms Blissberry 1:1 Edible 25000mg,renamed
26226,Jelly Gems - JG Jelly Gems 200mg Total - SATIVA - Tangelo (FLOW),Clarity Farms Tangelo Edible 25000mg,renamed
26225,Incredibulk - IB BHO 1g - Panama Red - 1g,Clarity Farms Panama Red Bho 2,renamed
26222,Incredibulk - IB PHO 1g - SATIVA - Ghost Train Haze - 1g,Clarity Farms Ghost Train Haze Bho 2,renamed
26214,Gummy Bombs - GB PINK RAZZ 100mg,Clarity Farms Pink Razz Edible 28g,renamed
26213,Gummy Bombs - GB LUAU PUNCH 100mg - Luau Punch - 100mg,Clarity Farms Luau Punch Edible 28g,renamed
26212,Gummy Bombs - GB HUCKLEBERRY LEMONADE 100mg - Huckleberry - 100mg,Clarity Farms Huckleberry Edible 100mg,renamed
26211,Gummy Bombs - GB DRAGON BERRY 100mg - Dragon Berry - 100mg,Clarity Farms Dragon Berry Edible 100mg,renamed
26210,Fruit Burst - Surging Strawberry Kiwi Indica 100mg,Jms. Consultants Swell Strawberry Kiwi Fruit Chews 33g,renamed
26209,Fruit Burst - Strawberry Tsunami Indica 100mg,Jms. Consultants Swell Strawberry Tsunami Fruit Chews 33g,renamed
26208,Fruit Burst - Pom Berry Punch Sativa 100mg,Jms. Consultants Swell Pom Berry Punch Chewees 1.16oz,renamed
26207,Fruit Burst - Paradise Punch Sativa 100mg,Jms. Consultants Swell Paradise Fruit Chews 33g,renamed
26206,Fruit Burst - Mystery Monsoon Sativa 100mg,Jms. Consultants Swell Mystery Fruit Chews 33g,renamed
26205,Fruit Burst - Mystery Monsoon Indica 100mg,Jms. Consultants Swell Mystery Fruit Chews 2,renamed
26204,Fruit Burst - Chillin Cherry Lime Sativa 100mg,Jms. Consultants Swell Cherry Fruit Chews 33g,renamed
26203,Fruit Burst - Blue Razz Rush Indica 100mg,Jms. Consultants Swell Blue Raspberry Fruit Chews 33g,renamed
26202,ROSIN Fruit Burst - Paradise Punch Indica 100mg,Jms. Consultants Swell Paradise Punch Edible 3.3g,renamed
26201,ROSIN Fruit Burst - Chillin Cherry Lime Sativa 100mg,Jms. Consultants Swell Cherry Lime Fruit Chews 33g,renamed
26200,Fruit Burst Vibes - Tubular Tangerine 1:1:1 THC:CBD:CBG 300mg,Jms. Consultants Swell Tubular Tangerine 1:1 Chewees 1.16oz,renamed
26199,Fruit Burst Vibes - Orange Cream Crush 1:1:1 THC:CBD:CBN 300mg,Jms. Consultants Swell Orange Cream Crush 1:1 Chewees 1.16oz,renamed
26198,Fruit Burst Vibes - Paradise Punch 1:1 THC:CBD 200mg,Jms. Consultants Swell Paradise Punch 1:1 Chewees 1.16oz,renamed
26196,Phat Panda Platinum Flower Monkey Business - 3.5g,Grow Op Farms Phat Panda Monkey Business Flower 3.5g,renamed
26191,Phat Panda bong buddies Trophy wife - 2g,Grow Op Farms Phat Panda Trophy Wife Popcorn Bud 2g,renamed
26186,Phat Panda Bong Buddies OG Chem,Grow Op Farms Phat Panda Og Chem Flower 2g,renamed
26183,Golden Pineapple Bong Buddies 2g,Grow Op Farms Phat Panda Golden Pineapple Flower 2,renamed
26181,Phat Panda Pre-roll Trophy wife - 1g,Grow Op Farms Phat Panda Trophy Wife Pre-roll 2,renamed
26180,Phat Panda Pre-Roll Original Glue 1g,Grow Op Farms Phat Panda Original Glue Pre-roll 1g,renamed
26179,Phat Panda Pre-Rolls Chicken & Waffles 1g,Grow Op Farms Phat Panda Chicken Wafflez Pre-roll 1g,renamed
26178,Phat Panda Pre-roll Raspberry Kush,Grow Op Farms Phat Panda Raspberry Pre-roll 1g,renamed
26177,Phat Panda Pre-Roll Oreoz,Grow Op Farms Phat Panda Oreoz Pre-roll 1g,renamed
26176,Phat Panda Pre-roll OG Chem - 1g,Grow Op Farms Phat Panda Og Chem Pre-roll 2,renamed
26175,Phat Panda Pre-roll Hawk Tuah,Grow Op Farms Phat Panda Hawk Tuah Pre-roll 1g,renamed
26174,Phat Panda Pre-roll Golden Pineapple - 1g,Grow Op Farms Phat Panda Golden Pineapple Pre-roll 2,renamed
26173,Phat Panda Cartridge White Gummy,Grow Op Farms Phat Panda White Gummy Cartridge 2,renamed
26172,Phat Panda Cartridge Raspberry Lemonade,Grow Op Farms Phat Panda Raspberry Lemonade Cartridge 1g,renamed
26169,Phat Panda Cartridge Raspberry Kush 1g,Grow Op Farms Phat Panda Raspberry Cartridge 2,renamed
26166,Flower - NYC Diesel - 3.5g,Green Adventures Mz. A Nyc Diesel Flower 3.5g,renamed
26165,Flower - NYC Diesel - 1.5g,Green Adventures Mz. A Nyc Diesel Flower 1.5g,renamed
26163,Popcorn - Winter Sunrise - 28g,Green Adventures Mz. A Winter Sunrise Flower 28g,renamed
26162,Popcorn - Lemon Cherry Runtz - 28g,Green Adventures Mz. A Lemon Cherry Runtz Flower 28g,renamed
26161,Flower - Candy Gassy - 3.5g,Green Adventures Mz. A Candy Gassy Flower 3.5g,renamed
26160,Flower - Candy Gassy - 1.5g,Green Adventures Mz. A Candy Gassy Flower 1.5g,renamed
26156,Flower - Lemon Cherry Runtz - 3.5g,Green Adventures Mz. A Lemon Cherry Runtz Flower 3.5g,renamed
26155,Flower - Lemon Cherry Runtz - 1.5g,Green Adventures Mz. A Lemon Cherry Runtz Flower 1.5g,renamed
26153,Mz. A Flower Scented Marker 3.5g,Green Adventures Mz. A Scented Marker Flower 3.5g,renamed
26152,5-1 gram Pre-Roll packs - Tropicana Cherry - 5g,Green Adventures Mz. A Tropicanna Cherry Pre-roll 5g,renamed
26150,5-1 gram Pre-Roll packs - Cherry Payton - 5g,Green Adventures Mz. A Cherry Payton Pre-roll 5g,renamed
26143,2727 - Extracts - 2727 - Honey Crumble - Himalayan Kush - 1g,2727 Himalayan Kush Bho 1g,renamed
26142,2727 - Pre-Rolls - 2727 - DOH - OG Glue - 5g,2727 Og Glue Pre-roll 5g,renamed
26141,2727 - Pre-Rolls - 2727 - DOH - Purple Punch - 5g,2727 Purple Punch Pre-roll 5g,renamed
26139,2727 - Pre-Rolls - 2727 - DOH - Garlic Breath - 5g,2727 Garlic Breath Pre-roll 5g,renamed
26133,2727 - Pre-Rolls - Now & Lator - 5g,2727 Now Lator Pre-roll 5g,renamed
26132,2727 - Pre-Rolls - 2727 - DOH - Honey Banana - 5g,2727 Honey Banana Pre-roll 5g,renamed
26129,2727 - Vape Cart - 2727 - Lemon Meringue - 1g,2727 Lemon Meringue Cartridge 1g,renamed
26127,2727 - Vape Cart - 2727 - Purple Punch - 1g,2727 Purple Punch Cartridge 1g,renamed
26123,SMB - Extracts - SMB - Sugar Crumble - Blueberry Caviar - 1g,2727 Blueberry Caviar Bho 1g,renamed
26116,Sauced & Tossed - Forbidden Fruit - 1g,Canna Organix Forbidden Fruit Infused Pre-roll 1g,renamed
26115,Canna Organix Infused Pre-roll Durban Poison - 1g,Canna Organix Durban Poison Infused Pre-roll 1g,renamed
26112,Canna Organix - .5g 2-Pack Preroll Tube - Forbidden Fruit - 1g,Canna Organix Forbidden Fruit Pre-roll 1g,renamed
26111,Canna Organix - .5g 2-Pack Preroll Tube - Super Silver Haze - 1g,Canna Organix Super Silver Haze Pre-roll 1g,renamed
26110,Canna Organix - .5g 2-Pack Preroll Tube - Tokyo Snow - 1g,Canna Organix Tokyo Snow Pre-roll 1g,renamed
26109,Canna Organix - Premium Flower Zkittlez - 3.5g,Canna Organix Zkittlez Flower 3.5g,renamed
26108,Canna Organix - Custard - Forbidden Fruit - 1g,Canna Organix Forbidden Fruit Badder 1g,renamed
26107,Canna Organix - Custard - Lemon Cherry Gelato - 1g,Canna Organix Lemon Cherry Gelato Bho 1g,renamed
26105,Canna Organix - Custard - The Glue - 1g,Canna Organix The Glue Badder 1g,renamed
26104,Canna Organix - Sauced & Tossed - Offendo #21 - 1g,Canna Organix Offendo 21 Infused Pre-roll 1g,renamed
26103,Yellow Zushi - 3.5g,Pastime Brands Pastime Yellow Zushi Flower 3.5g,renamed
26101,Cartridge - Vapor Biscuit - 1g,Pastime Brands Pastime Vapor Biscuit Cartridge 1g,renamed
26100,Cartridge - Menthol OG - 1g,Pastime Brands Pastime Menthol Og Cartridge 1g,renamed
26098,Pastime Liquid Diamonds Disposable Vape - Hybrid - Super Runtz - 1g,Pastime Brands Pastime Super Runtz Disposable Cartridge 1g,renamed
26097,Pastime Liquid Diamonds Disposable Vape - Hybrid - Pineapple Beltz - 1g,Pastime Brands Pastime Pineapple Beltz Disposable Cartridge 1g,renamed
26096,Pastime Liquid Diamonds Disposable Vape - Indica - Menthol OG - 1g,Pastime Brands Pastime Menthol Og Disposable Cartridge 1g,renamed
26095,Pastime Liquid Diamonds Disposable Vape - Indica - Highlighterz - 1g,Pastime Brands Pastime Highlighterz Disposable Cartridge 1g,renamed
26094,Pastime Liquid Diamonds Disposable Vape - Sativa - Grape Taffy - 1g,Pastime Brands Pastime Grape Taffy Disposable Cartridge 1g,renamed
26093,Pastime Liquid Diamonds Disposable Vape - Hybrid - Formula One - 1g,Pastime Brands Pastime Formula One Disposable Cartridge 1g,renamed
26092,Applesauce AIO - Betty's Marker - 1g,Canna Pacific Trichome Betty's Marker Disposable Cartridge 1g,renamed
26091,A.C. Topical Drops - 1000mg THC,Agro Couture Drops 1000mg Tincture 1floz,renamed
26090,A.C. Topical Drops 4:1 - 1000mg THC 250mg CBN - 1.7 oz,Agro Couture CBN Topical 1.7oz,renamed
26087,A.C. Topical Drops - 250mg THC 1000 CBD 1:4,Agro Couture Topical Drops 1250mg 1:4 1:4 Tincture 1.7floz,renamed
26086,A.C. Topical Drops - 1000mg THC 1000mg CBD 1:1 - 1.7 oz. (100 x 20mg Droppers) Trade Sample,Agro Couture Mixed 1:1 Trade Sample 50g,renamed
26085,A.C. Topical Drops - 1000mg THC 1000mg CBD 1:1 - 1.7 oz. (100 x 20mg Droppers) Trade Sample,Agro Couture Mixed 1:1 Trade Sample 2,renamed
26081,ThunderStix BLUNT-Tilted-DOH-glass tip preroll(1.2g) / Ripped Off Runtz (H),Bellevue Cannabis Company Tilted Ripped Off Runtz Infused Blunt 1.2g,renamed
26079,ThunderStix BLUNT-Tilted-DOH-glass tip preroll(1.2g) / Gorilla Glue (IH),Bellevue Cannabis Company Tilted Gorilla Glue Infused Blunt 1.2g,renamed
26077,Thunder Stix Infused Preroll (1.2g) / Double Tap,Bellevue Cannabis Company Tilted Double Tap Infused Pre-roll 1.2g,renamed
26075,DOH-Full Flower Glass Tip Preroll (1.2g) / Ripped Off Runtz (H),Bellevue Cannabis Company Tilted Ripped Off Runtz Pre-roll 2,renamed
26068,7g - DOH Compliant / Don Mega (Indica),Bellevue Cannabis Company Tilted Don Mega Flower 7g,renamed
26064,DST CART 1g WALFREE - Trainwreck DOH,Walden Cannabis Walden Trainwreck Cartridge 1g,renamed
26063,All-In-One Cart - Strawberry Guava - 1g,Fire Bros. Firebros Strawberry Guava Disposable Cartridge 1g,renamed
26062,hashbreak - - Infused Pre Rolls - Tigers Blood - 1g,Evergreen Hydro Farms Torus Tigers Blood Infused Pre-roll 1g,renamed
26061,Kelso Kandy - KK CART 1g - Blue Razzberry - 1g,Clarity Farms Blue Rasperry Cartridge 1g,renamed
26060,O' Geez - OG CART 1g - Durban Poison - 1g,Clarity Farms Durban Poison Cartridge 1g,renamed
26059,Beetlejuice w/kief - 1g,Frosted Cannabis Beetlejuice Infused Pre-roll 1g,renamed
26058,Torpedo Cannagar - Blue Dream - 3.5g,Frosted Cannabis Blue Dream Pre-roll 3.5g,renamed
26057,Beetlejuice w/THCA - 1g,Frosted Cannabis Beetlejuice Infused Pre-roll 2,renamed
26056,Torpedo Cannagar - Wedding Cake - 3.5g,Frosted Cannabis Wedding Cake Pre-roll 3.5g,renamed
26055,Canna Cantina Gummies 10 Pack - Mandarin,Alpha Crux Llc Constellation Mandarin Edible 1.2oz,renamed
26054,Canna Cantina Gummies 10 Pack - Mango Chili,Alpha Crux Llc Constellation Mango Chili Edible 1.2oz,renamed
26053,Cantina Gummies - CBD:CBC:CBG Guava 10 Pack 400mg,Alpha Crux Llc Constellation Guava 1:1 Gummies 32g,renamed
26052,Wook Tea - Blackberry Lemonade 100mg,Alpha Crux Llc Constellation Cannabis Blackberry Lemonade Beverage 100ml,renamed
26051,Wook Gone Wild Tea Mango Lemonade - 400mg,Alpha Crux Llc Constellation Mango Lemonade 1:1 Beverage 355ml,renamed
26050,Const Rosin AIO Hype 2.0 Device GMO 1g,Alpha Crux Llc Constellation Gmo Disposable Cartridge 1g,renamed
26049,Const Rosin AIO Hype 2.0 Device Rambutan 1g,Alpha Crux Llc Constellation Rambutan Disposable Cartridge 1g,renamed
26048,Const Rosin AIO Hype 2.0 Tea Time 1g,Alpha Crux Llc Constellation Tea Time Disposable Cartridge 1g,renamed
26046,Moonshot Hash Rosin Beverage Peach Mango - 1.7oz,Alpha Crux Llc Moonshot Hash Rosin Peach Mango Beverage 2,renamed
26045,Const Moonshot Grape 100mg,Alpha Crux Llc Constellation Grape Shots 2,renamed
26039,Const HRG EFCT 1:2 Strawberry Lychee + Magnesium L-Threonate (200 CBN) 10 Pack (I),Alpha Crux Llc Constellation 1:2 Strawberry Lychee + Magnesium 1.12oz,renamed
26037,Living Soil Cold Cure 1g - Wild Thornberry,Alpha Crux Llc Constellation Wildthornberry Rosin 1g,renamed
26036,Const Cold Cure 1g - Pruno,Alpha Crux Llc Constellation Pruno Rosin 1g,renamed
26035,Const Cold Cure 1g - GMO Pie,Alpha Crux Llc Constellation Gmo Pie Rosin 1g,renamed
26034,Const Cold Cure 1g - Georgia Pie,Alpha Crux Llc Constellation Georgia Pie Rosin 1g,renamed
26033,Const Cold Cure 1g - GMO,Alpha Crux Llc Constellation Gmo Rosin 1g,renamed
26032,Freddy's Finest Joint - Sugar Rainbow Luxe - 1g,Quality Green Trees Freddy's Fuego Sugar Rainbow Luxe Pre-roll 1g,renamed
26031,Freddy's Finest Joint - Sub-Zero - 1g,Quality Green Trees Freddy's Fuego Sub Zero Pre-roll 2,renamed
26019,Freddy's Fuego Flower - Lyon King - 3.5g (Legacy),Quality Green Trees Freddy's Fuego Lyon King Flower 2,renamed
26018,Freddy's Fuego Flower - Lemon Shortbread - 3.5g (Legacy),Quality Green Trees Freddy's Fuego Lemon Shortbread Flower 3.5g,renamed
26003,Nano Tincture - Paradise 2:1:1 (200mg CBD;100mg THC;100mg CBN,Green Revolution Paradise 1:2 Tincture 28.4ml,renamed
26002,Green Revolution Tincture Journey 1:1 THC:CBG - 1oz,Green Revolution Journey 1:1 Thc:cbg Tincture 1oz,renamed
26001,Green Revolution Tincture Extra Relief 30:2:1 (300mg CBD; 20mg THC; 10mg CBC) (28.4ml),Green Revolution Extra Relief Tincture 28.4ml,renamed
26000,Green Revolution Tincture Anytime 2000 - 3.2oz,Green Revolution Anytime 2000 Tincture 3.2oz,renamed
25999,Green Revolution Beverage Raspberry MAX - 2oz,Green Revolution Raspberry Max Beverage 2floz,renamed
25994,Doozies Gummies Raspberry 60:1 CBD:THC - 2.8oz,Green Revolution Doozies Raspberry 60:1 CBD:THC Gummies 3,renamed
25993,Doozies - Pineapple THC FLY 10 Pack (80g) (100mg THC),Green Revolution Doozies Pineapple Edible 2,renamed
25991,Doozies Gummies Peach 60:1 - 2.8oz,Green Revolution Doozies Peach Gummies 2.8oz,renamed
25987,Doozies+ Gummies Rainier Cherry 2:1:1 + Ashwagandha - 2.8oz,Green Revolution Doozies Rainier Cherry 2:1 Gummies 3,renamed
25986,Doozies PLUS - Midnight Grape 1:1:1 10 Pk (80g) (100mg THC;100mg CBD;100mg CBN),Green Revolution Doozies Midnight Grape 1:1 Edible 3,renamed
25984,Doozies+ Gummies Blueberry Lemon 2:1:1 + 1000mg Lion's Mane - 2.8oz,Green Revolution Doozies Blueberry Lemon 2:1 Gummies 2.8oz,renamed
25983,Bella & Max 3X 30:1,Green Revolution Bella Max Tincture 2,renamed
25980,royal kind Flower White Gummy - 3.5g,Rgl Industries Royal Kind White Gummy Flower 2,renamed
25977,Royal Kind Flower White Truffle - 3.5g,Rgl Industries Royal Kind White Truffle Flower 2,renamed
25974,Retail Packaged  Amarena de Limón - 3.5g,Rgl Industries Royal Kind Amarena De Limón Flower 2,renamed
25971,Bob Hope Flower 3.5g,Rgl Industries Phd2 Bob Hope Flower 3.5g,renamed
25970,Craft Elixirs Edible Potcorn-Caramel 3pk,Craft Elixirs Craft Elixir Caramel Popcorn Edible 0.6oz,renamed
25969,Pioneer Squares Edible Lemon Mandarin - 3.5oz,Craft Elixirs Pioneer Squares Lemon Mandarin Edible 3.5oz,renamed
25968,Pioneer Squares Edible Watermelon Kiwi - 3.5oz,Craft Elixirs Pioneer Squares Watermelon Kiwi Edible 3.5oz,renamed
25967,Pioneer Squares Edible Sour Cherry - 3.5oz,Craft Elixirs Pioneer Squares Sour Cherry Edible 3.5oz,renamed
25966,Pioneer Squares Edible Pink Lemonade - 3.5oz,Craft Elixirs Pioneer Squares Pink Lemonade Edible 3.5oz,renamed
25965,CBG Peach Mango Fruit Nom 10-Pack 1:1 CBG:THC 200mg,Craft Elixirs Pioneer Sqaures Mango Fruit Chews 100g,renamed
25964,Pioneer Squares Edible Key Lime Pie 1:1 THC:CBG - 3.5oz,Craft Elixirs Pioneer Squares Key Lime Pie 1:1 Thc:cbg Edible 3.5oz,renamed
25963,Pioneer Squares Edible Pineapple Crush - 3.5oz,Craft Elixirs Pioneer Squares Pineapple Crush Edible 3.5oz,renamed
25962,Pioneer Squares Fruit Chews Black & Blueberry - 3.5oz,Craft Elixirs Pioneer Squares Black Blueberry Fruit Chews 3.5oz,renamed
25961,Pioneer Squares Edible Pineapple Dreams CBN - 3.5oz,Craft Elixirs Pioneer Squares Pineapple Crush CBN 2:1 Edible 3.5oz,renamed
25960,Lifted Pre-roll Metaverse - 1g,Lifted Cannabis Lifted Metaverse Pre-roll 2,renamed
25959,Lifted Flower Metaverse - 7g,Lifted Cannabis Lifted Metaverse Flower 7g,renamed
25957,Lifted Flower Metaverse - 1g,Lifted Cannabis Lifted Metaverse Flower 1g,renamed
25956,Lifted flower rizz 3.5g,Lifted Cannabis Lifted Rizz Flower 3.5g,renamed
25941,Peach Ringz Slush [1g],Lifted Cannabis Lifted Peach Cartridge 2,renamed
25932,Lifted Pre-roll Off Gas,Lifted Cannabis Lifted Off Gas Pre-roll 1g,renamed
25931,Wedding Cake Pre-Roll [1g] [D.O.H. COMPLIANT],Lifted Cannabis Lifted Wedding Cake Pre-roll 1g,renamed
25930,Wedding Cake [7g] [Signature Line] [D.O.H. COMPLIANT],Lifted Cannabis Lifted Wedding Cake Flower 2,renamed
25929,Wedding Cake [3.5g] [Signature Line] [D.O.H. COMPLIANT],Lifted Cannabis Lifted Wedding Cake Flower 3,renamed
25927,Lifted Flower Blue Lobster [3.5g],Lifted Cannabis Lifted Blue Lobster Flower 3.5g,renamed
25926,ThunderChief - Flower 3.5g TC - Florida Man - 3.5g,Alki Herbal Thunder Chief Floridaman Flower 3.5g,renamed
25925,ThunderChief - Flower 3.5g TC - Candy Man - 3.5g,Alki Herbal Thunder Chief Candy Man Flower 3.5g,renamed
25924,ThunderChief - Flower 3.5g TC - Hawaiian Rain - 3.5g,Alki Herbal Thunder Chief Hawaiian Rain Flower 3.5g,renamed
25922,ThunderChief - Flower 3.5g TC - Butter - 3.5g,Alki Herbal Thunder Chief Butter Flower 3.5g,renamed
25921,ThunderChief - Flower 3.5g TC - Black Cherry - 3.5g,Alki Herbal Thunder Chief Black Cherry Flower 3.5g,renamed
25920,ThunderChief - Flower 3.5g TC - The Milk-Man - 3.5g,Alki Herbal Thunder Chief The Milk-man Flower 3.5g,renamed
25914,ThunderChief - Smalls TC - Florida Man - 14g,Alki Herbal Thunder Chief Floridaman Flower 14g,renamed
25910,ThunderChief Primo's - TC Primo Blunt 1.5g - Butter - 1.5g,Alki Herbal Thunder Chief Butter Infused Blunt 1.5g,renamed
25907,1g GoodGood Cartridge - Strawberry Watermelon Nectar (H),Translucency Llc Goodgood Strawberry Watermelon Nectar Cartridge 1g,renamed
25904,1g GoodGood Cartridge - Cherry's (H),Translucency Llc Goodgood Cherry Cartridge 1g,renamed
25901,1g GoodGood AIO - Strawberry Hibiscus (H),Translucency Llc Goodgood Strawberry Hibiscus Disposable Cartridge 1g,renamed
25900,1g GoodGood AIO - Orange Crimson (I),Translucency Llc Goodgood Orange Crimson Disposable Cartridge 1g,renamed
25899,1g GoodGood AIO - Grape Bubbleberry (I),Translucency Llc Goodgood Grape Animals Disposable Cartridge 1g,renamed
25898,Diamond Dinger - Grand Salami (S),Translucency Llc Translucency Grand Salami Infused Pre-roll 1g,renamed
25897,Diamond Dinger - Diamond Fog (H),Translucency Llc Translucency Diamond Fog Infused Pre-roll 1g,renamed
25896,Diamond Dinger - Big Harbor Kush (H),Translucency Llc Translucency Big Harbor Kush Infused Pre-roll 1g,renamed
25895,Diamond Dinger - 9th inning Rally (I),Translucency Llc Translucency 9th Inning Rally Infused Pre-roll 1g,renamed
25893,Full Spec Cadet Cartridge Purple Punch (I),Edgemont Group Llc Full Spec Purple Punch Cartridge 1g,renamed
25890,Full Spec Cadet Cartridge Doggy Bag (HI),Edgemont Group Llc Full Spec Doggy Bagg Cartridge 1g,renamed
25886,Full Spec Elite Cartridge Green Bliss (SH),Edgemont Group Llc Full Spec Green Bliss Cartridge 2,renamed
25883,Drops 2:1 CBD Heavy Blackberry / Papaya Punch,Edgemont Group Llc Leafwerx Papaya Punch 1:2 Edible 2,renamed
25882,Drops Edible Strawberry CBD 1:4,Edgemont Group Llc Full Spec Strawberry 4:1 Edible 1.56oz,renamed
25881,Drops1:2 CBD Rosy Raspberry / Blackberry Trainwreck,Edgemont Group Llc Leafwerx Blackberry Trainwreck 2:1 Edible 3,renamed
25880,Drops1:2 CBD Rosy Raspberry / Blackberry Trainwreck,Edgemont Group Llc Leafwerx Blackberry Trainwreck 2:1 Edible 4,renamed
25879,Drops 1:1 CBD Daydreamy Cranberry/MAC #4,Edgemont Group Llc Full Spec Cranberry 1:1 Edible 2,renamed
25878,Drops Edible Cherry,Edgemont Group Llc Leafwerx Gmo Edible 2,renamed
25877,Drops Edible Orange,Edgemont Group Llc Leafwerx Sunset Shebert Edible 2,renamed
25876,Drops Edible Watermelon,Edgemont Group Llc Leafwerx Ice Cream Cake Edible 2,renamed
25875,Drops Edible Lime,Edgemont Group Llc Leafwerx Dosi Punch Edible 2,renamed
25873,Pure - Live Resin Prana AIO - Liquid Diamonds - Carbon Fiber,Conscious Cannabis Bodhi High Carbon Fiber Disposable Cartridge 2,renamed
25872,Walden Infused Pre-roll Pineapple Ice Cream 1:1 - 7g,Walden Cannabis Walden Pineapple Ice Cream 1:1 Infused Pre-roll 2,renamed
25871,Walden Infused Pre-roll Pineapple Ice Cream 1:1 - 3g,Walden Cannabis Walden Pineapple Ice Cream 1:1 Infused Pre-roll 3,renamed
25863,FL BAG 28g SUNSHINE - Fruit by the Foot,Walden Cannabis Sunshine Fruit By The Foot Flower 28g,renamed
25862,FL BAG 28g SUNSHINE - Blueberry Kush,Walden Cannabis Sunshine Blueberry Kush Flower 28g,renamed
25860,JT JAR6 28 x .5g sCrest - Dutchberry,Walden Cannabis Walden Dutchberry Pre-roll 14g,renamed
25857,JT JAR6 28 x .5g WALWILD - Lemon Jack,Walden Cannabis Walden Lemon Jack Pre-roll 2,renamed
25855,JT JAR6 28 X .5g WALBOLD - SR-71,Walden Cannabis Walden Sr-71 Pre-roll 2,renamed
25853,JT JAR6 28 x .5g SUNSHINE - Orange Creamsicle,Walden Cannabis Walden Orange Creamsicle Pre-roll 2,renamed
25852,JT JAR6 28 x .5g SUNSHINE - Northern Lights #5,Walden Cannabis Walden North Light 5 Pre-roll 2,renamed
25843,EDB GMY 100mg THCV - Blue Raspberry 1:1 10pk DOH,Walden Cannabis Walden Blue Raspberry Fruit Chews 2,renamed
25841,Zen - DOH Compliant Flower Prerolls .5gx56pk - KACKLESNATCH - 28g,Everigreene Zen Cannabis Kacklesnatch Pre-roll 28g,renamed
25840,Zen - DOH Compliant Flower Prerolls .5gx56pk - Gastro Pop - 28g,Everigreene Zen Cannabis Gastro Pop Pre-roll 28g,renamed
25838,Zen Flower Pre-Rolls - GMO x OZ - 28g (28x1g),Everigreene Zen Cannabis Gmo X Oz Pre-roll 28g,renamed
25834,DOH Compliant Flower Retail Jar - GAS FACE - 3.5g,Everigreene Zen Cannabis Gas Face Flower 3.5g,renamed
25832,Flower Pre-Rolls - Gas Face - 28g (56x0.5g),Everigreene Zen Cannabis Gas Face Pre-roll 28g,renamed
25829,Zen - DOH Compliant Flower PreRoll 1gx28pk - Fiestaz - 28g,Everigreene Zen Cannabis Eager Beaver Pre-roll 28g,renamed
25827,Zen Flower - Hash Burger - 3.5g,Everigreene Zen Cannabis Hash Burger Flower 2,renamed
25826,Zen Flower GMO x OZ 3.5g,Everigreene Zen Cannabis Gmo Flower 2,renamed
25825,Zen Flower Fiestaz - 3.5g,Everigreene Zen Cannabis Fiestaz Flower 2,renamed
25822,Balance Disposable Cartridge Sleepen - 1g,Mfused Balance Sleepen 1:1 Disposable Cartridge 1g,renamed
25819,Super Fog - Fire - Jefe Plus - 1g (1pk) - Permanent Marker - IND - Gas,Mfused Permanent Marker Disposable Cartridge 1g,renamed
25818,Super Fog - Fire - Jefe Plus - 1g (1pk) - Blueberry Space Cake - IND - Sweet,Mfused Blueberry Space Cake Disposable Cartridge 1g,renamed
25817,Super Fog - Loud - Jefe Plus - 1g (1pk) - Blackberry Pancakes - IND - Dessert,Mfused Blueberry Pancakes Disposable Cartridge 2,renamed
25814,MFUSED Cartridge Stoopid Gas 1g Tank,Mfused Stoopid Gas Cartridge 2,renamed
25813,Super Fog - Loud - Ion - 1g (1pk) - Notorious THC - IND - Dessert,Mfused Notorious THC Cartridge 2,renamed
25812,Mfused - Cartridge - Hawaiian Dutch (S) - 1g,Mfused Hawaiian Dutch Cartridge 1g,renamed
25810,Super Fog - Fire - Ion - 1g (1pk) - Super Lemon Haze - SAT - Haze,Mfused Super Lemon Haze Cartridge 2,renamed
25809,MFused - Cartridge - KO Kush (H) - 1g,Mfused Ko Kush Cartridge 2,renamed
25808,Super Fog - Fire - Ion - 1g (1pk) - Permanent Marker - IND - Gas,Mfused Permanent Marker Cartridge 2,renamed
25807,Super Fog - Fire - Ion - 1g (1pk) - Blueberry Space Cake - IND - Sweet,Mfused Blueberry Space Cake Cartridge 2,renamed
25806,MFused - Cartridge -  Blue Dream (S) - 1g,Mfused Blue Dream Cartridge 2,renamed
25805,MFused - Cartridge - Maui Pineapple (S) -1g,Mfused Maui Pineapple Cartridge 2,renamed
25804,Super Fog - Fire - Tank - 1g (1pk) - Granddaddy Purple - IND - Sweet,Mfused Grand Daddy Purple Cartridge 1g,renamed
25800,MFUSED Cartridge Swirly Temple 1g Tank,Mfused Swirly Temple Cartridge 3,renamed
25797,MFUSED Cartridge Faderade  1g Tank,Mfused Faderade Cartridge 2,renamed
25795,MFUSED Cartridge Baja Blazed 1g Tank,Mfused Baja Blazed Cartridge 2,renamed
25794,Torus - Pre Roll - Gastro Pop - 1g,Evergreen Hydro Farms Torus Gastro Pop Pre-roll 1g,renamed
25793,Torus - Pre Roll - Permanent Marker - 1g,Evergreen Hydro Farms Torus Permanent Marker Pre-roll 1g,renamed
25791,Torus - Pre Roll - Black Truffle - 1g,Evergreen Hydro Farms Torus Black Truffle Pre-roll 1g,renamed
25790,Torus - Flower - Permanent Marker - 3.5g,Evergreen Hydro Farms Torus Permanent Marker Flower 3.5g,renamed
25789,Torus - Flower - Biscotti Chunks - 3.5g,Evergreen Hydro Farms Torus Biscotti Chunk Flower 3.5g,renamed
25788,Torus - Pre Roll - Biscotti Chunks - 1g,Evergreen Hydro Farms Torus Biscotti Chunk Pre-roll 1g,renamed
25787,Torus - Flower - Strawberry Push Pop - 3.5g,Evergreen Hydro Farms Torus Strawberry Push Pop Flower 3.5g,renamed
25785,Torus - Flower - Cereal Milk #6 - 3.5g,Evergreen Hydro Farms Torus Cereal Milk 6 Flower 3.5g,renamed
25782,Skagit Organics Cartridge CBG White widow 1g,Skagit Organics White Widow Cartridge 1g,renamed
25776,Skagit Organics RSO BlackBerry Kush - 1g,Skagit Organics Blackberry Kush RSO 1g,renamed
25774,Skagit Organics RSO Purple Cadillac 1g,Skagit Organics Purple Cadillac RSO 2,renamed
25773,Value THC RSO - THC Blend - Sativa - 1g,Skagit Organics Sativa RSO 1g,renamed
25772,Value THC RSO - THC Blend - Hybrid - 1g,Skagit Organics Hybrid RSO 1g,renamed
25771,Value THC RSO - THC Blend - Indica - 1g,Skagit Organics Indica RSO 1g,renamed
25770,Skagit Organics Platinum RSO Bubba Kush - 1g,Skagit Organics Skagit Organics Platinum Bubba Kush RSO 1g,renamed
25769,RSO Platinum - ATF - Sativa - 1g,Skagit Organics Atf RSO 1g,renamed
25768,Skagit Organics Platinum Rso Pine Tsunami 1g,Skagit Organics Pine Tsunami 1:10 RSO 1g,renamed
25767,Skagit Organics Platinum Rso Harlequin 1g,Skagit Organics Harlequin 1:5 RSO 1g,renamed
25766,Skagit Organics CBD Platinum Purple Cadillac 1g,Skagit Organics Purple Cadillac 5:1 RSO 1g,renamed
25765,Skagit Organics Cartridge CBN Purple Cadillac 1g,Skagit Organics Purple Cadillac 5:1 Cartridge 1g,renamed
25764,Skagit Vape CBD Platinum - Critical Mass - Indica - 1:1 - 1g,Skagit Organics Critical Mass 1:1 Cartridge 1g,renamed
25761,Pastime Cartridge - Zourz - 1g,Pastime Brands Pastime Zourz Cartridge 1g,renamed
25760,Budz Bud White Critical Kush 7g,Budz Bud White Critical Kush Flower 7g,renamed
25759,Budz Bud Runtz 7g,Budz Bud Runtz Flower 7g,renamed
25758,Budz Bud Oregon Diesel 7g,Budz Bud Oregon Diesel Flower 7g,renamed
25757,Budz Bud White Critical Kush 3.5g,Budz Bud White Critical Kush Flower 3.5g,renamed
25756,Budz Bud Runtz 3.5g,Budz Bud Runtz Flower 3.5g,renamed
25755,Budz Bud Oregon DIesel 3.5g,Budz Bud Oregon Diesel Flower 3.5g,renamed
25754,Good Tide Grapefruit Gummies - Sativa Rosin + CBD + CBC - 100mg THC : 100mg CBD : 100mg CBC,Ncmx Llc Wyld Grapefruit 1:1 Gummies 2,renamed
25750,Wyld Gummies Sour Tangerine Hybrid - 1.4oz,Ncmx Llc Wyld Sour Tangerine Gummies 2,renamed
25747,Good Tide Fruit Chews Guava Hybrid - 1.4oz,Ncmx Llc Good Tide Guava Hybrid Fruit Chews 2,renamed
25746,Wyld Gummies Sour Cherry - 1.4oz,Ncmx Llc Wyld Sour Cherry Gummies 2,renamed
25745,Wyld Gummies Sour Apple - 1.4oz,Ncmx Llc Wyld Sour Apple Gummies 2,renamed
25743,Wyld Gummies Marionberry indica,Ncmx Llc Wyld Marionberry Gummies 2,renamed
25742,Wyld Gummies Huckleberry - 1.4oz,Ncmx Llc Wyld Huckleberry Gummies 2,renamed
25741,Wyld Gummies Elderberry 2:1 THC/CBN - 1.4oz,Ncmx Llc Wyld Elderberry Gummies 2,renamed
25740,Loconut - LO TOPICAL (500mg THC) - Sativa - 10mg,Clarity Farms Sativa Topical 10mg,renamed
25739,Loconut - LO TOPICAL (500mg THC) - Indica - 10mg,Clarity Farms Indica Topical 10mg,renamed
25738,Loconut - LO TOPICAL (500mg THC) - Hybrid - 10mg,Clarity Farms Hybrid Topical 10mg,renamed
25737,"Loconut - LO TOPICAL (1,000mg THC) - Sativa - 20mg",Clarity Farms Sativa Topical 20mg,renamed
25736,"Loconut - LO TOPICAL (1,000mg THC) - Indica - 20mg",Clarity Farms Indica Topical 20mg,renamed
25735,"Loconut - LO TOPICAL (1,000mg THC) - Hybrid - 20mg",Clarity Farms Hybrid Topical 20mg,renamed
25733,Gummy Bombs - GB LUAU PUNCH 100mg - Luau Punch - 100mg,Clarity Farms Luau Punch Edible 2,renamed
25728,Ceres ROLL UPS GOLD MAX DRAGON BALM - 3.4oz,Ceres Gold Max Dragon 1:1 Topical 2,renamed
25727,CERES JAR DRAGON BALM 1:1 RED,Ceres Dragon Balm 1:1 1:1 Topical 2oz,renamed
25726,Ceres Dragon Balm CBD RED,Ceres Dragon Balm Topical 2,renamed
25725,Ceres Roll On Dragon Balm Xtra Strength - 3.4oz,Ceres Dragon Balm Xtra Strength 1:1 Roll On 2,renamed
25724,Ceres Roll On Xtra CBD Dragon Balm - 3.4oz,Ceres Xtra Dragon CBD Roll On 2,renamed
25723,BITE_SAT_TOFFEE_CRUNCH_1:1_10PK,Ceres Toffee Crunch 1:1 Edible 2,renamed
25722,BITE_IND_TOFFEE_CRUNCH_1:1_10PK,Ceres Toffee Crunch 1:1 Chocolate 2,renamed
25721,BITE_SAT_PEANUT_BUTTER_CHIP_1:1_10PK,Ceres Peanut Butter 1:1 Chocolate 3,renamed
25720,BITE_IND_PEANUT_BUTTER_CHIP_1:1_10PK,Ceres Peanut Butter 1:1 Chocolate 4,renamed
25716,Ceres Fruit Chews Indica Tropical 1:1:1,Ceres Tropical 1:1 Chewees 2.2oz,renamed
25715,Ceres Fruit Chews Sativa Tropical 1:1:1,Ceres Tropical 1:1 Chewees 2,renamed
25713,Ceres Balls Sativa Dragon Balls - 2.00oz,Ceres Sativa Dragon Balls Balls 2oz,renamed
25712,Ceres Dragon Balls Indica,Ceres Dragon Balls 2,renamed
25711,Legit Gold Infused Pre-roll Godfather OG 1g,Canna Processing Legit Godfather Og Infused Pre-roll 1g,renamed
25710,Legit Gold Infused Pre-roll Drunken Hashplant - 1g,Canna Processing Legit Drunken Hashplant Infused Pre-roll 1g,renamed
25709,Legit Gold Cherry Blossom OG - 1g,Canna Processing Legit Gold Cherry Blossom Og Infused Pre-roll 2,renamed
25708,Legit Gold Infused Pre-roll Banana Cake - 1g,Canna Processing Legit Gold Banana Cake Infused Pre-roll 1g,renamed
25707,HTE HONEY - Raspberry Haze - Raspberry Haze - .7g,Canna Processing Legit Gold Raspberry Haze Pre-roll 0.7g,renamed
25706,HTE Honey - Peanut Butter Kush - Peanut Butter Kush - .7g,Canna Processing Legit Cannabis Co. Peanut Butter Kush Infused Pre-roll,renamed
25705,Legit Gold Mini Infused Pre-roll Old School Lemons - 0.75g,Canna Processing Legit Gold Mini Old School Lemons Infused Pre-roll 0.75g,renamed
25704,HTE HONEY - Mimosa - Mimosa - .7g,Canna Processing Legit Gold Mimosa Infused Pre-roll 0.7g,renamed
25702,HTE Honey - Face Off OG - .7g,Canna Processing Legit Mini Face Off Og Infused Pre-roll 0.7g,renamed
25701,HTE HONEY - Cherry OG - Cherry OG - .7g,Canna Processing Legit Gold Cherry Og Infused Pre-roll 0.7g,renamed
25700,HTE Honey - Blue Dream - Blue Dream - .7g,Canna Processing Legit Cannabis Co. Blue Dream Infused Pre-roll 0.7g,renamed
25699,Pastime Liquid Diamonds Disposable Vape - Indica - Highlighterz - 1g,Pastime Brands Pastime Highlighterz Disposable Cartridge 2,renamed
25698,SKORD Ceramic Cartridge - 01g - Lime Foot,Skord Lime Foot Cartridge 1g,renamed
25695,SKORD Ceramic Cartridge - 1g - TK Lime,Skord Tk Lime Cartridge 1g,renamed
25694,SKORD 5-Pack Joints - Animal Cocktail - 3.5 Grams,Skord Animal Cocktail Pre-roll 3.5g,renamed
25690,Skord Flower- Mintwoods - 03.5g,Skord Mintwoods Flower 3.5g,renamed
25689,Skord Flower  - Divine Kush Breath- 03.5g,Skord Divine Kush Breath Flower 3.5g,renamed
25688,Skord Flower - Payton's Pie - 03.5g,Skord Payton's Pie Flower 3.5g,renamed
25681,High End Farms Flower Sex Panther 3.5g,Hang Roots High End Farms Sex Panther Flower 3.5g,renamed
25678,REIMAGINE Gummy - (Slumber) Berry Pomegranate 20:10:1 CBN:CBD:THC 31mg,Evergreen Herbal Berry Pomegranate 1:10 Gummies 60g,renamed
25677,Pre-Rolls - People's Diesel - 2g (4pk),South Bay Master Growers The People's People's Diesel Pre-roll 2g,renamed
25674,BFF All In One Baby Shark - 1g,Botanical Arts Buddies Baby Shark Disposable Cartridge 1g,renamed
25648,Journeyman CBG Kiwi Strawberry Jellies,Botanica Seattle Journeyman Kiwi Strawberry 1:1 Gummies 3oz,renamed
25647,Journeyman CBN Huckleberry Jellies,Botanica Seattle Journeyman Huckleberry Gummies 3oz,renamed
25646,J-HR-100BBLJ - Journeyman Hash Blackberry Lemonade Jellies (100mg THC),Botanica Seattle Journeyman Blackberry Lemonade Gummies 2,renamed
25645,J-HR-100PJ - Journeyman Hash Pineapple Jellies (100mg THC),Botanica Seattle Journeyman Pineapple Gummies 2,renamed
25644,J-HR-100SBJ - Journeyman Hash Strawberry Jellies (100mg THC),Botanica Seattle Journeyman Strawberry Gummies 2,renamed
25643,Journeyman Edible 1:1 Sour Apple,Botanica Seattle Journeyman Sour Apple 1:1 Edible 3oz,renamed
25642,Journeyman Edible 1:1 Cherry Lemonade,Botanica Seattle Journeyman Cherry Lemonade 1:1 Edible 3oz,renamed
25641,Journeyman 50:1 POG CBD Jellies,Botanica Seattle Journeyman Pog Gummies 85g,renamed
25640,Journeyman 50:1 Sour Strawberry CBD Jellies,Botanica Seattle Journeyman Sour Strawberry Gummies 85g,renamed
25639,Journeyman 1:1 Raspberry CBD Jellies,Botanica Seattle Journeyman Raspberry 1:1 Gummies 85g,renamed
25638,Journeyman Mango Lemonade Jellies,Botanica Seattle Journeyman Mango Lemonade Gummies 85g,renamed
25637,Journeyman Sour Watermelon Jellies,Botanica Seattle Journeyman Sour Watermelon Gummies 85g,renamed
25636,Journeyman Strawberry Jellies,Botanica Seattle Journeyman Strawberry Gummies 3,renamed
25635,Journeyman 50:1 Blackberry Lemonade CBD Jellies,Botanica Seattle Journeyman Blackberry Lemonade Gummies 3,renamed
25634,Journeyman CBG Pineapple Jellies,Botanica Seattle Journeyman Pineapple Edible 2.2oz,renamed
25633,Journeyman Gummies Sour Raspberry 2:1 CBC - 3oz,Botanica Seattle Journeyman Sour Raspberry 2:1 CBC Gummies 3oz,renamed
25631,Sativa - 3pk Tropical Slushie Snickle Fritz Cart,Grow Op Farms Phat Panda Tropical Slushie Cartridge 3g,renamed
25630,3pk Train Wreck Snickle Fritz Cart,Grow Op Farms Phat Panda Trainwreck Cartridge 2,renamed
25629,3pk Slurricane Snickle Fritz Cart,Grow Op Farms Phat Panda Slurricane Cartridge 2,renamed
25628,3pk Grape Goji Snickle Fritz Cart,Grow Op Farms Phat Panda Grape Goji Cartridge 3g,renamed
25627,Hybrid - 3pk Lime Sorbet Snickle Fritz Cart,Grow Op Farms Phat Panda Lime Sorbet Cartridge 3g,renamed
25626,- 3pk Lemon Cherry Gelato Snickle Fritz Cart,Grow Op Farms Phat Panda Lemon Cherry Gelato Cartridge 2,renamed
25625,Sativa - Train Wreck Snickle Fritz AIO,Grow Op Farms Phat Panda Trainwreck Disposable Cartridge 1g,renamed
25624,Sativa - Gusherz Snickle Fritz AIO,Grow Op Farms Phat Panda Gusherz Disposable Cartridge 1g,renamed
25623,Indica - Slurricane Snickle Fritz AIO,Grow Op Farms Phat Panda Slurricane Disposable Cartridge 1g,renamed
25622,Indica - Hawaiian Zkittlez Snickle Fritz AIO,Grow Op Farms Phat Panda Hawaiian Zkittlez Disposable Cartridge 1g,renamed
25621,Hybrid - Lemon Cherry Gelato Snickle Fritz AIO,Grow Op Farms Phat Panda Lemon Cherry Gelato Disposable Cartridge 1g,renamed
25620,Sativa - Watermelon Mojito Panda Pen - 3pk,Grow Op Farms Phat Panda Watermelon Mojito Cartridge 3g,renamed
25619,Sativa - Maui Wowie Panda Pen - 3pk,Grow Op Farms Phat Panda Maui Wowie Cartridge 3g,renamed
25615,Honu - Peanut Butter Cup 10pk - SATIVA - 150g,Klaritie Farms Honu Peanut Butter Chocolate 2,renamed
25614,Honu - Chocolate Caramel 10pk - SATIVA - 130g,Klaritie Farms Honu Chocolate Caramel Sativa Chocolate 2,renamed
25613,Honu Peanut Butter Cups Indica - 5.29oz,Klaritie Farms Honu Indica Peanut Butter Cups 5.29oz,renamed
25612,Honu - Gimme Sa More! 10pk - 135g,Klaritie Farms Honu Gimme Sa More Chocolate 2,renamed
25611,Honu - Chocolate Turtle 10pk - INDICA - 110g,Klaritie Farms Honu Chocolate Turtle Indica Chocolate 2,renamed
25610,Honu - Chocolate Caramel 10pk - INDICA - 130g,Klaritie Farms Honu Chocolate Caramel Indica Chocolate 2,renamed
25609,Honu - Chocolate Turtle 10pk - SATIVA - 110g,Klaritie Farms Honu Chocolate Turtle Sativa Chocolate 2,renamed
25608,Honu - Dreamsicle 10pk - 85g,Klaritie Farms Honu Dreamsicle Chocolate 2,renamed
25607,Honu - Cookies and Cream 10pk - 85g,Klaritie Farms Honu Cookies Cream Chocolate 2,renamed
25606,Honu Dark Chocolate - 2.99oz,Klaritie Farms Honu Dark Chocolate Edible 2,renamed
25605,Honu Milk Chocolate - 2.99oz,Klaritie Farms Honu Milk Chocolate Edible 2,renamed
25604,Honu Edible Toffee Crunch - 3oz,Klaritie Farms Honu Toffee Crunch Edible 2,renamed
25603,Northwest Concentrates - SELECT DABS - Bahama Berry - 1g [ I ],Xtracted Labs Northwest Concentrates Bahama Berry Bho 1g,renamed
25602,Twinkiez Live Resin Cart [1g] [CERAMIC] [D.O.H. COMPLIANT],Lifted Cannabis Lifted Twinkies Cartridge 1g,renamed
25601,White Cherries Live Resin Cart [1g],Lifted Cannabis Lifted White Cherries Cartridge 1g,renamed
25598,Old School Lemons Cured Cart [1g],Lifted Cannabis Lifted Old School Lemons Cartridge 1g,renamed
25597,Violet Fog Cured Cart [1g] [CERAMIC] [D.O.H. COMPLIANT],Lifted Cannabis Lifted Violet Fog Disposable Cartridge 1g,renamed
25596,Oil Tanker Sugar Crystals [1g] [Lifted] [D.O.H. COMPLIANT],Lifted Cannabis Lifted Oil Tanker Bho 1g,renamed
25595,Banana Pop Rocks Sugar Crystals [1g] [Lifted] [D.O.H. COMPLIANT],Lifted Cannabis Lifted Banana Pop Rocks Bho 1g,renamed
25593,Burnout #33 Live Resin [1g] [All-In-One],Lifted Cannabis Lifted Burnout 33 Disposable Cartridge 1g,renamed
25585,Permanent Gas SugarStix [1g],Lifted Cannabis Lifted Permanent Gas Infused Pre-roll 1g,renamed
25583,Pink Lobster SugarStix 1g,Lifted Cannabis Lifted Pink Lobster Infused Pre-roll 1g,renamed
25582,Blue Lobster SugarStix [1g],Lifted Cannabis Lifted Blue Lobster Infused Pre-roll 2,renamed
25581,Luxor Pre-Roll [1g] [D.O.H. COMPLIANT],Lifted Cannabis Lifted Luxor Pre-roll 2,renamed
25580,Permanent Gas Pre-Roll,Lifted Cannabis Lifted Permanent Gas Pre-roll 1g,renamed
25579,lifted pre-roll scented marker 1g,Lifted Cannabis Lifted Scented Marker Pre-roll 1g,renamed
25578,Canna Organix - Custard - Forbidden Fruit - 1g,Canna Organix Forbidden Fruit Badder 2,renamed
25577,Canna Organix - Custard - The Glue - 1g,Canna Organix The Glue Badder 2,renamed
25576,Custard - Blue Dream - 1g,Canna Organix Blue Dream Live Resin 1g,renamed
25575,SIGNATURE Batter - Fatso - 1g,Subx Fatso Badder 1g,renamed
25574,SELECT Slush - Animal Rain - 1g,Subx Animal Rain Live Resin 1g,renamed
25573,two heads cartridge lemon drop 1g,Limelight Two Heads Lemon Drop Cartridge 1g,renamed
25572,Heavenly Buds Blueberry Banana Zkittles - 1g,Heavenly Buds Blueberry Banana Zkittles Flower 1g,renamed
25571,Heavenly Buds Blueberry Banana Zkittles - 7g,Heavenly Buds Blueberry Banana Zkittles Flower 7g,renamed
25570,Heavenly Buds Blueberry Banana Zkittles - 3.5g,Heavenly Buds Blueberry Banana Zkittles Flower 3.5g,renamed
25569,Full Flower Little Snappers - White Cherry Runtz - 2pk (2x0.5g),Heavenly Buds White Cherry Runtz Pre-roll 1g,renamed
25568,Heavenly Buds Pre-roll White Cherry Runtz - 5g,Heavenly Buds White Cherry Runtz Pre-roll 5g,renamed
25567,Full Flower Little Snappers - Strawberry Banana Zkittles - 2pk (2x0.5g),Heavenly Buds Strawberry Banana Zkittles Pre-roll 1g,renamed
25565,heavenly buds pre-roll Permanent Marker 1g,Heavenly Buds Permanent Marker Pre-roll 1g,renamed
25563,Full Flower Little Snappers - Papaya Melonz #7 - 2pk (2x0.5g),Heavenly Buds Papaya Melonz 7 Pre-roll 1g,renamed
25561,Full Flower Little Snappers - Orange Diesel - 2pk (2x0.5g),Heavenly Buds Orange Diesel Pre-roll 1g,renamed
25559,Heavenly Buds - Full Flower Little Snappers Gushers 1g,Heavenly Buds Gushers Pre-roll 1g,renamed
25554,Live Rosin - Tally Mon - 1g,Heavenly Buds Tally Mon Rosin 2,renamed
25553,Live Rosin - Super Boof - 1g,Heavenly Buds Sub X Super Boof Bho 2,renamed
25552,Live Rosin - Orange Boof - 1g,Heavenly Buds Orange Boof Rosin 1g,renamed
25551,Live Rosin - Candy Apple - 1g,Heavenly Buds Candy Apple Rosin 1g,renamed
25547,Infused Bubble Hash Little Snappers - Orange Truffle - 2pk (2x0.5g),Heavenly Buds Orange Truffle Infused Pre-roll 2,renamed
25543,Heavenly Buds - INFUSED Bubble Hash .5g Little Snappers 2 pack - Apple Jackz DOH - 1g,Heavenly Buds Apple Jackz Infused Pre-roll 1g,renamed
25542,Heavenly Buds - Flower - Tally Mon DOH - 7g,Heavenly Buds Tally Mon Flower 7g,renamed
25541,Heavenly Buds - Flower - Tally Mon DOH - 3.5g,Heavenly Buds Tally Mon Flower 3.5g,renamed
25540,Heavenly Buds - Flower - Tally Mon DOH - 1g,Heavenly Buds Tally Mon Flower 1g,renamed
25539,Heavenly Buds - Flower - Strawberry Banana Zkittles DOH - 7g,Heavenly Buds Strawberry Banana Zkittles Flower 7g,renamed
25538,Heavenly Buds - Flower - Strawberry Banana Zkittles DOH - 3.5g,Heavenly Buds Strawberry Banana Zkittles Flower 3.5g,renamed
25537,Packaged Flower - Strawberry Banana Zkittles - 1g,Heavenly Buds Strawberry Banana Zkittles Flower 1g,renamed
25536,Heavenly Buds - Flower - Orange Diesel DOH - 7g,Heavenly Buds Orange Diesel Flower 7g,renamed
25533,Packaged Flower - Lemon Beltz - 7g,Heavenly Buds Lemon Beltz Flower 7g,renamed
25532,Packaged Flower - Lemon Beltz - 3.5g,Heavenly Buds Lemon Beltz Flower 3.5g,renamed
25531,Packaged Flower - Lemon Beltz - 1g,Heavenly Buds Lemon Beltz Flower 1g,renamed
25530,Downtown Pre-roll Sour Kush - 1g,Downtown Cannabis Company Downtown Sour Kush Pre-roll 1g,renamed
25523,Downtown flower sour kush 3.5g,Downtown Cannabis Company Downtown Sour Kush Flower 3.5g,renamed
25522,FLOWER - SPACE OG - 14g,Downtown Cannabis Company Downtown Space Og Flower 14g,renamed
25516,Goodies FLOWER - CHERRY CHEESE CAKE - 3.5g,Downtown Cannabis Company Goodies Cannabis Cherry Cheesecake Flower 2,renamed
25512,Downtown Flower Hassel Hoth - 3.5g,Downtown Cannabis Company Downtown Cannabis Hassel Hoth Flower 3.5g,renamed
25507,Goodies Flower Swift Cheese 3.5g,Downtown Cannabis Company Swift Cheese Flower 3.5g,renamed
25504,Goodies Cannabis FLOWER - SUPER FUZZY - 14g,Downtown Cannabis Company Goodies Cannabis Super Fuzzy Flower 14g,renamed
25503,MAJOR Tall - 6.7oz - Orange Mango 100mg THC,Evergreen Herbal Orange Mango Beverage 6.7floz,renamed
25502,Major Beverage Blue Raspberry - 6.7oz,Evergreen Herbal Major Blue Raspberry Beverage 6.7floz,renamed
25499,Major Shot Blackberry Lemonade - 2oz,Evergreen Herbal Major Blackberry Lemonade Beverage 2floz,renamed
25487,Northwest Concentrates - CLASSIC DABS - GG4 - 1g [ I ],Xtracted Labs Northwest Concentrates Gg 4 Bho 1g,renamed
25480,Flower - Super mac - 3.5g,Green Adventures Mz. A Super Mac Flower 3.5g,renamed
25479,Flower - Super mac - 1.5g,Green Adventures Mz. A Super Mac Flower 1.5g,renamed
25478,5-1 gram Pre-Roll packs - Tropicana Cherry - 5g,Green Adventures Mz. A Tropicanna Cherry Pre-roll 2,renamed
25476,Mz. A Flower Scented Marker 3.5g,Green Adventures Mz. A Scented Marker Flower 2,renamed
25475,Flower - Scented Marker - 1.5g,Green Adventures Mz. A Scented Marker Flower 1.5g,renamed
25473,Flower - Peanut Butter Breath - 3.5g,Green Adventures Mz. A Peanut Butter Breath Flower 3.5g,renamed
25472,Flower - Peanut Butter Breath - 1.5g,Green Adventures Mz. A Peanut Butter Breath Flower 1.5g,renamed
25470,Mz. A Flower Tropicanna Cherry 3.5g,Green Adventures Mz. A Tropicanna Cherry Flower 3.5g,renamed
25469,5-1 gram Pre-Roll packs - Candy Gassy - 5g,Green Adventures Mz. A Candy Gas Pre-roll 5g,renamed
25467,HiKu - DOH DIST - Sugar-Free Coffee Vanilla Latte - 100mgTHC HiKu 1oz Tincture - Sugar-Free Coffee - 30g,Seattle Bubble Works Vanilla Latte Beverage 1floz,renamed
25464,HiKu - DOH DIST - Lavender Lemonade - HiKu 1oz Tincture - Lavender Lemonade - 30g,Seattle Bubble Works Lavender Lemonade 4:1 Tincture 1floz,renamed
25460,Freddy's Fuego Peg Legs - Dantes Inferno - 2 x 0.5g,Quality Green Trees Freddy's Fuego Dante's Inferno Pre-roll 1g,renamed
25456,Freddy's Fuego Flower - Dantes Inferno - 3.5g (Legacy),Quality Green Trees Freddy's Fuego Dante's Inferno Flower 3.5g,renamed
25455,Freddy's Fuego Flower - Lyon King - 3.5g (Legacy),Quality Green Trees Freddy's Fuego Lyon King Flower 3,renamed
25448,Live Resin Disposable - Carrot Cake - 1g,Quality Green Trees Freddy's Fuego Carrot Cake Disposable Cartridge 2,renamed
25445,Lobster Box #3 Lifted Flower 3.5g,Lifted Cannabis Lifted Losbter Flower 3.5g,renamed
25441,Lifted Strawberry Lobster 3.5g,Lifted Cannabis Lifted Strawberry Lobster Flower 3.5g,renamed
25440,Grape Lobster Flower 3.5g,Lifted Cannabis Lifted Grape Lobster Flower 3.5g,renamed
25437,Second Nature Flower Cake -  3.5g,Hesperides Second Nature Cake Flower 3.5g,renamed
25436,Flower 7g / Sub Zero,Hesperides Second Nature Sub Zero Flower 7g,renamed
25434,Second nature Flower GG#4 7g,Hesperides Second Nature Gg 4 Flower 7g,renamed
25432,Second nature Flower Blueberry Cheesecake 7g,Hesperides Second Nature Blueberry Cheesecake Flower 7g,renamed
25431,Flower 3.5g / Sub Zero,Hesperides Second Nature Sub Zero Flower 3.5g,renamed
25430,Second Nature Flower 4Rilla - 3.5g,Hesperides Second Nature 4rilla Flower 3.5g,renamed
25429,Second nature Flower GG#4 3.5g,Hesperides Second Nature Gg 4 Flower 3.5g,renamed
25428,Second Nature Flower Bottomless Mimosa - 3.5g,Hesperides Second Nature Bottomless Mimosa Flower 3.5g,renamed
25427,Second nature Flower Blueberry Cheesecake 3.5g,Hesperides Second Nature Blueberry Cheesecake Flower 3.5g,renamed
25422,Flower 3.5g / Boss Sauce,Hesperides Second Nature Boss Sauce Flower 3.5g,renamed
25421,Happy Cabbage Strawberry Serenity Fruit Chew - 100mg,Pacific Northwest Consulting Happy Cabbage Strawberry 1:1 Edible 60g,renamed
25420,Happy Cabbage Slumber Berry Fruit Chew - 100mg,Pacific Northwest Consulting Smokiez Berry Fruit Chews 60g,renamed
25419,Spinello Mango Sativa 100mg THC Rosin Fruit Chews,Pacific Northwest Consulting Smokiez Mango Fruit Chews 2,renamed
25418,Spinello Blueberry Indica 100mg THC Rosin Fruit Chews,Pacific Northwest Consulting Smokiez Blueberry Fruit Chews 4,renamed
25417,Smokiez Edible Sour Blue Raspberry - 2.12oz,Pacific Northwest Consulting Smokiez Sour Blue Raspberry Edible 2,renamed
25416,Smokiez Blue Raspberry-Indica- Fruit Chew - 100mg,Pacific Northwest Consulting Smokiez Blue Raspberry Edible 3,renamed
25415,Smokiez Sour Blackberry Fruit Chew 100mg,Pacific Northwest Consulting Smokiez Sour Blackberry Chewees 3,renamed
25414,Smokiez Blackberry-Indica- Fruit Chew - 100mg,Pacific Northwest Consulting Smokiez Blackberry Edible 3,renamed
25413,Smokiez Edible Sour Green Apple CBG:THC - 2.12oz,Pacific Northwest Consulting Smokiez Sour Green Apple Cbg:thc Edible 2,renamed
25412,Smokiez Edible Green Apple CBG:THC - 2.12oz,Pacific Northwest Consulting Smokiez Green Apple Cbg:thc Edible 2,renamed
25410,Smokiez Edible Sour Watermelon CBN 1:1 - 2.20oz,Pacific Northwest Consulting Smokiez Sour Watermelon CBN 1:1 Edible 2,renamed
25409,Smokiez Jamberry 100mg CBN,Pacific Northwest Consulting Smokiez Jamberry Chewees 3,renamed
25408,Smokiez Sour Jamberry CBN 100mg,Pacific Northwest Consulting Smokiez Sour Jamberry Cbn:thc Chewees 100mg,renamed
25407,Pastime Liquid Diamonds Disposable Vape - Zourz,Pastime Brands Pastime Zourz Flower 1g,renamed
25406,Pastime Liquid Diamonds Disposable Vape - Trickz,Pastime Brands Pastime Trickz Disposable Cartridge 1g,renamed
25404,Pastime Liquid Diamonds Disposable Vape - Lemon Lime Haze,Pastime Brands Pastime Lemon Lime Haze Disposable Cartridge 1g,renamed
25402,Gorilla Butter - 3.5g,Pastime Brands Pastime Gorilla Butter Flower 3.5g,renamed
25401,Garlic Milk - 3.5g,Pastime Brands Pastime Garlic Milk Flower 3.5g,renamed
25400,Zereal Milk - 3.5g,Pastime Brands Pastime Zereal Milk Flower 3.5g,renamed
25399,Gorilla Glue #4 - 3.5g,Pastime Brands Pastime Gg 4 Flower 3.5g,renamed
25398,Sherb Cream Pie - 3.5g,Pastime Brands Pastime Sherb Cream Pie Flower 3.5g,renamed
25392,Tasty Terps - TC CART 1g - Kiwi Hi-Chewz - 1g,Clarity Farms Kiwi Hi-chewz Cartridge 3,renamed
25385,Kelso Kandy - KK TERP+INF PR .8g (Single) - Lime Sorbet - .8g,Clarity Farms Lime Sorbet Infused Pre-roll 2,renamed
25384,Kelso Kandy - KK TERP+INF PR .8g (Single) - Blue Razzberry - .8g,Clarity Farms Blue Razz Infused Pre-roll 2,renamed
25383,Kelso Kandy - KK TERP+INF PR .8g (Single) - Blue Hawaiian - .8g,Clarity Farms Blue Hawaiian Infused Pre-roll 0.8g,renamed
25382,Kelso Kandy - KK TERP+INF PR .8g (Single) - Blood Orange - .8g,Clarity Farms Blood Orange Infused Pre-roll 3,renamed
25381,Kelso Kandy - KK TERP+INF PR .8g (Single) - Berry Gelato - .8g,Clarity Farms Berry Gelato Infused Pre-roll 3,renamed
25376,Kelso Kandy - KK CART 1g - Blood Orange - 1g,Clarity Farms Blood Orange Cartridge 3,renamed
25375,Jelly Gems - JG Jelly Gems 400mg Total - HYBRID - Tropical Trip (CHILL),Clarity Farms Tropical Trip Edible 2,renamed
25374,Jelly Gems - JG Jelly Gems 300mg Total - SATIVA - Chuckleberry (HAPPY),Clarity Farms Chuckleberry Edible 2,renamed
25373,Jelly Gems - JG Jelly Gems 300mg Total - SATIVA - Pomegranate Punch (PARTY),Clarity Farms Pomegranate Punch Edible 25000mg,renamed
25372,Jelly Gems - JG Jelly Gems 300mg Total - HYBRID - Blissberry (HAPPY),Clarity Farms Blissberry 1:1 Edible 2,renamed
25371,Jelly Gems - JG Jelly Gems 300mg Total - INDICA - Peaches & Dreams (NIGHT),Clarity Farms Peaches Dreams Edible 2,renamed
25370,Jelly Gems - JG Jelly Gems 300mg Total - INDICA - Key Lime Unwind (NIGHT),Clarity Farms Key Lime Edible 2,renamed
25369,Jelly Gems - JG Jelly Gems 200mg Total - SATIVA - Tangelo (FLOW),Clarity Farms Tangelo Edible 2,renamed
25368,Incredibulk - IB PHO 1g - Strawberry Kush - 1g,Clarity Farms Strawberry Kush Bho 1g,renamed
25364,Incredibulk - IB BHO 1g - Amnesia Haze - 1g,Clarity Farms Amnesia Haze Bho 1g,renamed
25358,Gummy Bombs - GB LUAU PUNCH 100mg - Luau Punch - 100mg,Clarity Farms Luau Punch Edible 3,renamed
25355,FDG Pre-roll Chem Trailz - 2pk,Virtual Services Fdg Chem Trailz Flower 1g,renamed
25354,FDG Flower Chem Trailz - 7g,Virtual Services Fdg Chem Trailz Flower 7g,renamed
25353,FDG Flower Chem Trailz - 3.5,Virtual Services Fdg Chem Trailz Flower 3.5g,renamed
25352,FDG Flower Chem Trailz - 14g,Virtual Services Fdg Chem Trailz Flower 14g,renamed
25351,Pre-Rolls - Lazy Llama - 2pk (0.5g x 2),Virtual Services Fdg Lazy Llama Pre-roll 1g,renamed
25349,Packaged Flower - Lazy Llama - 3.5g,Virtual Services Fdg Lazy Llama Flower 3.5g,renamed
25347,FDG Pre-Rolls - GG #4 - 2pk (0.5g x 2),Virtual Services Fdg Gg4 Pre-roll 1g,renamed
25346,Packaged Flower - GG #4 - 7g,Virtual Services Fdg Gg 4 Flower 7g,renamed
25345,Packaged Flower - GG #4 - 3.5g,Virtual Services Fdg Gg 4 Flower 3.5g,renamed
25343,Pre-Rolls - Hashplant - 2pk (0.5g x 2),Virtual Services Fdg Hashplant Pre-roll 1g,renamed
25342,Pre-Rolls - Peach Ringz - 2pk (0.5g x 2),Virtual Services Fdg Peach Ringz Pre-roll 1g,renamed
25341,FDG Pre-Rolls - Purple Diesel - 2pk (0.5g x 2),Virtual Services Fdg Purple Diesel Pre-roll 1g,renamed
25340,FDG Pre-roll Satsuma Haze- 2pk,Virtual Services Fdg Satsuma Haze Pre-roll 1g,renamed
25339,Pre-Rolls - Melonoz - 2pk (0.5g x 2),Virtual Services Fdg Melonoz Pre-roll 1g,renamed
25338,Packaged Flower - Purple Diesel - 7g,Virtual Services Fdg Purple Diesel Flower 7g,renamed
25337,Packaged Flower - Purple Diesel - 3.5g,Virtual Services Fdg Purple Diesel Flower 3.5g,renamed
25336,FDG Packaged Flower - Purple Diesel - 14g,Virtual Services Fdg Purple Diesel Flower 14g,renamed
25335,FDG Packaged Flower - Peach Ringz - 7g,Virtual Services Fdg Peach Ringz Flower 7g,renamed
25334,Packaged Flower - Peach Ringz - 3.5g,Virtual Services Fdg Peach Ringz Flower 3.5g,renamed
25332,Packaged Flower - Hashplant - 7g,Virtual Services Fdg Hashplant Flower 7g,renamed
25331,FDG Flower Hashplant - 3.5g,Virtual Services Fine Detail Greenway Hashplant Flower 3.5g,renamed
25330,Packaged Flower - Hashplant - 14g,Virtual Services Fdg Hashplant Flower 14g,renamed
25329,FDG Flower Satsuma Haze - 7g,Virtual Services Fdg Satsuma Haze Flower 7g,renamed
25328,FDG Flower Satsuma Haze - 3.5g,Virtual Services Fdg Satsuma Haze Flower 3.5g,renamed
25326,FDG Packaged Flower - Melonoz - 7g,Virtual Services Fdg Melonoz Flower 7g,renamed
25325,FDG Packaged Flower - Melonoz - 3.5g,Virtual Services Fdg Melonoz Flower 3.5g,renamed
25323,Honey Stixx - Infused Pre-roll - Flavored - Grape Kush.7g,Conscious Cannabis Honey Stixx Grape Infused Pre-roll 2,renamed
25322,Honey Stixx - 1pk - Flavored Infused Preroll - Loud Lychee - Hybrid - 0.75g,Conscious Cannabis Honey Stixx Loud Lychee Infused Pre-roll 2,renamed
25321,Honey Stixx Infused Pre-roll - Strawberry Bliss - Flavored - Sativa,Conscious Cannabis Honey Stixx Strawberry Bliss Infused Pre-roll 2,renamed
25320,Honey Stixx - 1pk - Flavored Infused Preroll - Blueberry Muffin - Hybrid - 0.75g,Conscious Cannabis Honey Stixx Blueberry Muffin Infused Blunt 2,renamed
25319,Honey Stixx Infused Pre-roll - Huckleberry OG - Flavored - Indica,Conscious Cannabis Honey Stixx Huckleberry Og Infused Pre-roll 2,renamed
25318,Honey Stixx - 1pk - Flavored Infused Preroll - Berry Blue Dream - Sativa - 0.75g,Conscious Cannabis Honey Stixx Berry Blue Dream Infused Pre-roll 2,renamed
25314,Honey Stixx - 2Pk - Crystal - Peach Crescendo X Strawberry Banana,Conscious Cannabis Honey Stixx Peach Crescendo X Strawberry Banana 1g,renamed
25273,Pure - Live Resin Prana AIO - Liquid Diamonds - Carbon Fiber,Conscious Cannabis Bodhi High Carbon Fiber Disposable Cartridge 3,renamed
25270,SPR - 2pk Joint Box (2g) - Sour Diesel,Seattles Private Reserve Seattle's Private Reserve Sour Diesel Pre-roll 2g,renamed
25267,SPR - Pure Krush - 1g,Seattles Private Reserve Spr Pure Krush Flower 1g,renamed
25266,SPR - 1g HASH ROSIN - Blue Slushie,Seattles Private Reserve Spr Blue Slushie Hash Rosin 1g,renamed
25263,SPR - 1g Hash Rosin Infused Blunt - Orangeade x Blue Slushie,Seattles Private Reserve Spr Orangeade X Blue Slushie Infused Pre-roll 1g,renamed
25258,SPR - 1g Infused Blunt - Pure Krush x Gushers,Seattles Private Reserve Spr Pure Krush Infused Blunt 1g,renamed
25251,SPR - 1g LIVE RESIN Vape Cart - Citrus Mistress,Seattles Private Reserve Spr Citrus Mistress Live Resin Cartridge 1g,renamed
25250,SPR - 1g LIVE RESIN Vape Cart - Orangeade,Seattles Private Reserve Spr Orangeade Cartridge 1g,renamed
25244,SPR - Cake Frosting - 1g,Seattles Private Reserve Spr Cake Frosting Flower 1g,renamed
25241,SPR - Charmz - 1g,Seattles Private Reserve Spr Charmz Flower 1g,renamed
25239,SPR - Stuffed Cherry Zlushiez - 3.5g,Seattles Private Reserve Spr Stuffed Cherry Zlushiez Flower 3.5g,renamed
25238,SPR - Stuffed Cherry Zlushiez - 1g,Seattles Private Reserve Spr Stuffed Cherry Zlushiez Flower 1g,renamed
25233,lil' Rays - Raspberry Lemonade - 100mg THC : 20mg CBD : 20mg CBG : 20mg CBN : 20mg CBC,Dogtown Pioneers Rays Lemonade Raspberry Liquid Infused Edible 1.75floz,renamed
25232,Cormorant - 4 oz 1:1 Mango Sorbet 100 mg - 100 mg - 100ml,Georgetown Bottling Spc Cormorant Edibles Mango 1:1 Edible 4oz,renamed
25231,"SusPENded Disposable, Raspberry Crave - 1g",Suspended Brands Suspended Raspberry Disposable Cartridge 2,renamed
25227,Fruit Burst - Chillin Cherry Lime Sativa 100mg,Jms. Consultants Swell Cherry Fruit Chews 2,renamed
25226,Fruit Burst - Surging Strawberry Kiwi Indica 100mg,Jms. Consultants Swell Strawberry Kiwi Fruit Chews 2,renamed
25225,Fruit Burst - Strawberry Tsunami Indica 100mg,Jms. Consultants Swell Strawberry Tsunami Fruit Chews 2,renamed
25223,Fruit Burst - Paradise Punch Sativa 100mg,Jms. Consultants Swell Paradise Fruit Chews 2,renamed
25222,Fruit Burst - Mystery Monsoon Sativa 100mg,Jms. Consultants Swell Mystery Fruit Chews 3,renamed
25221,Fruit Burst - Mystery Monsoon Indica 100mg,Jms. Consultants Swell Mystery Fruit Chews 4,renamed
25220,Fruit Burst - Blue Razz Rush Indica 100mg,Jms. Consultants Swell Blue Raspberry Fruit Chews 2,renamed
25219,Northwest CCELL® FULL SPEC Ceramic Cart - 1g - AK-47 [ S ],Xtracted Labs Northwest Concentrates Ak-47 Cartridge 1g,renamed
25217,Micro Cart - 1g Cartridge - Micro Cart - Melon Bar - 1g,Joint Ventures Micro Bar Melon Bar Disposable Cartridge 2,renamed
25214,Micro Cart - 1g Cartridge - Micro Cart - Peach Berry - 1g,Joint Ventures Micro Bar Peach Berry Cartridge 1g,renamed
25212,Const Moonshot Grape 100mg,Alpha Crux Llc Constellation Grape Shots 3,renamed
25208,Const INF 2pk 1g - Souped Up,Alpha Crux Llc Constellation Souped Up Infused Pre-roll 1g,renamed
25207,Const INF 2pk 1g - Gary Payton,Alpha Crux Llc Constellation Gary Payton Pre-roll 1g,renamed
25206,Const INF 2pk 1g - Medellin,Alpha Crux Llc Constellation Medellin Infused Pre-roll 1g,renamed
25205,Const INF 2pk 1g - The Soap,Alpha Crux Llc Constellation The Soap Infused Pre-roll 1g,renamed
25200,Moonshot Hash Rosin Beverage Peach Mango - 1.7oz,Alpha Crux Llc Moonshot Hash Rosin Peach Mango Beverage 3,renamed
25198,Constellation Cannabis Rosin Kosher Headband - 1g,Alpha Crux Llc Constellation Cannabis Kosher Headband Rosin 1g,renamed
25197,Cold Cure - Mint Condition 1g,Alpha Crux Llc Constellation Mint Condition Rosin 1g,renamed
25194,Canna Cantina Gummies 10 Pack - Mango Chili,Alpha Crux Llc Constellation Mango Chili Edible 2,renamed
25186,Const HRG EFCT 1:2 Strawberry Lychee + Magnesium L-Threonate (200 CBN) 10 Pack (I),Alpha Crux Llc Constellation 1:2 Strawberry Lychee + Magnesium 2,renamed
25182,hashbreak - Pre Rolls (Infused) - Cherry Bomb - 1g,Evergreen Hydro Farms Torus Cherry Bomb Infused Pre-roll 2,renamed
25181,Torus - Pre-Rolls - Lemon Heads #3 - 1g,Evergreen Hydro Farms Torus Lemon Heads Pre-roll 1g,renamed
25179,Torus - Glass Tip Blunt - Snowcaine - 2g,Evergreen Hydro Farms Torus Snowcaine Blunt 2g,renamed
25178,Torus - Glass Tip Blunt - Ice Cream Cake - 2g,Evergreen Hydro Farms Torus Ice Cream Cake Blunt 2g,renamed
25177,hashbreak - Pre Rolls (Infused) - Cookies & Cream - 1g,Evergreen Hydro Farms Torus Cookies Cream Infused Pre-roll 1g,renamed
25176,hashbreak - Pre Rolls (Infused) - Strawberry Shortcake - 1g,Evergreen Hydro Farms Torus Strawberry Shortcake Infused Pre-roll 1g,renamed
25169,SELECT Cured Classic Disposable - Orange Poison - 1g,Subx Orange Poison Disposable Cartridge 2,renamed
25165,[DOH] SIGNATURE Batter - Super Boof - 1g,Subx Sub X Super Boof Badder 1g,renamed
25164,SELECT Batter - Alley Oop - 1g,Subx Sub X Alley Oop Badder 1g,renamed
25161,SUBX SIGNATURE smalls Flower - GMO - 3.5g,Subx Gmo Flower 2,renamed
25159,[DOH] SIGNATURE Pre-Roll - Super Boof - 2pk,Subx Sub X Super Boof Pre-roll 1g,renamed
25158,[DOH] SIGNATURE Pre-Roll - Ether - 2pk,Subx Sub X Ether Pre-roll 1g,renamed
25157,[DOH] SIGNATURE Pre-Roll - Platinum Lemon Cherry Gelato - 2pk,Subx Sub X Lemon Cherry Gelato Pre-roll 1g,renamed
25154,[DOH] SIGNATURE Flower - Gravity Well - 1g,Subx Sub X Gravity Well Flower 1g,renamed
25149,[DOH] SIGNATURE Flower - Cap Junky - 1g,Subx Sub X Cap Junky Flower 1g,renamed
25148,[DOH] SUPREME Flower - Super Zulu - 3.5g,Subx Sub X Super Zulu Flower 3.5g,renamed
25147,[DOH] SUPREME Flower - Super Zulu - 1g,Subx Super Zulu Flower 1g,renamed
25143,Retail Packaged - Lemon Amarena - 3.5g,Rgl Industries Royal Kind Lemon Amarena Flower 3.5g,renamed
25142,Retail Packaged - Bob Hope - 28g,Rgl Industries Royal Kind Bob Hope Flower 28g,renamed
25134,Royal Kind Flower Candy Gas - 3.5g,Rgl Industries Royal Kind Candy Gas Flower 3.5g,renamed
25133,Rays - 7.5oz Hash Rosin Kiwi Strawberry Lemonade - 100mg THC : 20mg CBD : 20mg CBG : 20mg CBN : 20mg CBC - DOH,Dogtown Pioneers Rays Lemonade Kiwi Strawberry Liquid Infused Edible,renamed
25132,Rays - 7.5oz Hash Rosin Pineapple Lemonade - 100mg THC : 20mg CBD : 20mg CBG : 20mg CBN : 20mg CBC - DOH,Dogtown Pioneers Rays Lemonade Pineapple Liquid Infused Edible 7.5floz,renamed
25130,Rays - Hash Rosin Peach Lemonade - 100mg,Dogtown Pioneers Ray's Lemonade Peach Beverage 12floz,renamed
25129,Mary Jones Soda - Cola- 12oz,Dogtown Pioneers Mary Jones Cola Liquid Infused Edible 12floz,renamed
25128,Rays Beverage Original Lemonade - 12oz,Dogtown Pioneers Lil' Rays Original Lemonade 100mg Beverage 12floz,renamed
25127,Rays - Strawberry Lemonade - 100mg,Dogtown Pioneers Ray's Lemonade Strawberry Beverage 355ml,renamed
25126,Mary Jones - 12oz - MF Grape Soda - 100mg,Dogtown Pioneers Mary Jones Grape Soda Beverage 12floz,renamed
25124,3pk Train Wreck Snickle Fritz Cart,Grow Op Farms Phat Panda Trainwreck Cartridge 3,renamed
25123,3pk Pineapple Upside Down Cake Snickle Fritz Cart,Grow Op Farms Phat Panda Pineapple Upside Down Cake Cartridge 2,renamed
25119,- 3pk Lemon Cherry Gelato Snickle Fritz Cart,Grow Op Farms Phat Panda Lemon Cherry Gelato Cartridge 3,renamed
25113,Indica - Grape Goji Snickle Fritz AIO,Grow Op Farms Phat Panda Grape Goji Disposable Cartridge 1g,renamed
25108,Phat Panda Bong Buddies OG Chem,Grow Op Farms Phat Panda Og Chem Flower 2,renamed
25106,Candy Gas Bong Buddies,Grow Op Farms Phat Panda Candy Gas Flower 2g,renamed
25104,2727 - Pre-Rolls - 2727 - DOH - Dragon's Piss - 5g,2727 Dragon's Piss Pre-roll 5g,renamed
25103,2727 - Pre-Rolls - 2727 - DOH - UW Purple - 5g,2727 Uw Purple Pre-roll 5g,renamed
25089,2727 - Pre-Rolls - Presidential Kush - 5g,2727 Presidential Kush Pre-roll 5g,renamed
25073,2727 - Pre-roll - Snowman Cookies - 5g,2727 Snowman Cookies Pre-roll 5g,renamed
25070,Incredibulk - IB CART 1g - Amnesia Haze - 1g,Clarity Farms Amnesia Haze Cartridge 2,renamed
25069,Craft Elixirs Edible Potcorn-Caramel 3pk,Craft Elixirs Craft Elixir Caramel Popcorn Edible 2,renamed
25068,Pioneer Squares Edible Lemon Mandarin - 3.5oz,Craft Elixirs Pioneer Squares Lemon Mandarin Edible 2,renamed
25067,Pioneer Squares Edible Watermelon Kiwi - 3.5oz,Craft Elixirs Pioneer Squares Watermelon Kiwi Edible 2,renamed
25066,CBG Peach Mango Fruit Nom 10-Pack 1:1 CBG:THC 200mg,Craft Elixirs Pioneer Sqaures Mango Fruit Chews 2,renamed
25065,Pioneer Squares Edible Pineapple Crush - 3.5oz,Craft Elixirs Pioneer Squares Pineapple Crush Edible 2,renamed
25064,Craft Elixir Edible Key Lime - 3.5oz,Craft Elixirs Craft Elixir Key Lime Edible 3.5oz,renamed
25063,Pioneer Squares Edible Black and Blueberry - 3.5oz,Craft Elixirs Pioneer Squares Black And Blueberry Edible 3.5oz,renamed
25062,Pioneer Squares Edible Sour Cherry - 3.5oz,Craft Elixirs Pioneer Squares Sour Cherry Edible 2,renamed
25060,Pioneer Squares Edible Pineapple Dreams CBN - 3.5oz,Craft Elixirs Pioneer Squares Pineapple Crush CBN 2:1 Edible 2,renamed
25058,Durban Poison HTE Cart [1g],Lifted Cannabis Lifted Durban Poison Cartridge 1g,renamed
25050,Lifted Flower Ztrufflez - 3.5g,Lifted Cannabis Lifted Ztrufflezz Flower 3.5g,renamed
25047,Scented Marker SugarStix [1g],Lifted Cannabis Lifted Scented Marker Infused Pre-roll 2,renamed
25044,Lobster OG Sugarstix 1g,Lifted Cannabis Lifted Lobster Og Infused Pre-roll 1g,renamed
25041,Green Revolution Topical Solace - 3oz,Green Revolution Solace Topical 3oz,renamed
25040,Nano Tincture - Paradise 2:1:1 (200mg CBD;100mg THC;100mg CBN,Green Revolution Paradise 1:2 Tincture 2,renamed
25038,Green Revolution Tincture Journey 1:1 THC:CBG - 1oz,Green Revolution Journey 1:1 Thc:cbg Tincture 2,renamed
25037,Green Revolution Tincture Happiest Self 1:1:1:1 - 0.16oz,Green Revolution Happiest Self 1:1 Tincture 2,renamed
25036,Green Revolution Tincture Extra Relief 30:2:1 (300mg CBD; 20mg THC; 10mg CBC) (28.4ml),Green Revolution Extra Relief Tincture 2,renamed
25035,Green Revolution Tincture 1:1:1 Dream Drops THC:CBD:CBN + Melatonin - 1oz,Green Revolution Dream Drops Sleep Tincture 1:1 Tincture 1oz,renamed
25034,Nano Tincture - Beauty Sleep 4:2:1 (50mg CBD;100mg THC;25mg CBN),Green Revolution Beauty Sleep 2:1 Tincture 1floz,renamed
25032,Green Revolution: Beverage Tropical Mango 2:1 - 12oz,Green Revolution Green Revolution: Tropical Mango 2:1 Beverage 12floz,renamed
25031,Wildside Beverage Summer Peach - 12oz,Green Revolution Wildside Summer Peach 1:1 Beverage 12floz,renamed
25030,Wildside Beverage blackberry lemonade 2:1 - 12oz,Green Revolution Wildside Blackberry Lemonade 2:1 Beverage 12floz,renamed
25029,Nano Doozies - Watermelon Kiwi 3:1 FLY10 Pk (80g) (300mg CBG;100mg THC),Green Revolution Watermelon Kiwi Gummies 2,renamed
25027,Nano Doozies - Strawberry Lime 3:1 ELEVATE 10 Pk (80g) (300mg CBC;100mg THC),Green Revolution Strawberry Lime Edible 2.8g,renamed
25025,Doozies Gummies Raspberry 60:1 CBD:THC - 2.8oz,Green Revolution Doozies Raspberry 60:1 CBD:THC Gummies 4,renamed
25022,Doozies Edible Peach 60:1 CBD:THC - 2.82oz,Green Revolution Doozies Peach 60:1 CBD:THC Edible 2,renamed
25021,Doozies - Peach 1:1 ELEVATE 10 Pack (80g) (100mg CBD;100mg THC),Green Revolution Doozies Peach 1:1 Edible 2,renamed
25010,Svin Gardens Liquid Diamonds 510 Cart - Magic Pop Rocks - 1g,Alpenglow Extracts Svin Magic Pop Rocks 3 Cartridge 1g,renamed
25006,Liquid Diamond Disposables - Jacuzzi - 1g,Alpenglow Extracts Svin Jacuzzi Disposable Cartridge 1g,renamed
25005,Svin Garden Liquid Diamonds 510 Cart - Jacuzzi - 1g,Alpenglow Extracts Svin Jacuzzi Cartridge 1g,renamed
25003,Select Series - Diamond Runtz #2 - 3.5g,Alpenglow Extracts Svin Diamond Runtz Flower 2,renamed
25002,Svin Gardens Flower - Birthday Cake - 3.5g,Alpenglow Extracts Svin Birthday Cake Flower 3.5g,renamed
25001,Svin Garden Flower - Amaretto Sour - 3.5g,Alpenglow Extracts Svin Amaretto Sour Flower 3,renamed
25000,Select Series - London Marker #9 - 3.5g,Alpenglow Extracts Svin London Marker 9 Flower 3.5g,renamed
24999,Liquid Diamond Disposables - Magic Pop Rocks #3 - 1g,Alpenglow Extracts Svin Magic Pop Rocks 3 Disposable Cartridge 1g,renamed
24992,DOH Compliant Flower Retail Jar - GAS FACE - 3.5g,Everigreene Zen Cannabis Gas Face Flower 2,renamed
24990,Packaged Flower - Toad Venom - 3.5g,Everigreene Zen Cannabis Toad Venom Flower 3.5g,renamed
24989,Flower Pre-Rolls - Gas Face - 28g (56x0.5g),Everigreene Zen Cannabis Gas Face Pre-roll 2,renamed
24986,Flower Pre-Rolls - Too Much Papaya - 28g (28x1g),Everigreene Zen Cannabis Too Much Papaya Pre-roll 28g,renamed
24983,Zen Flower Pre-Rolls - Cherry Payton - 28g (28x1g),Everigreene Zen Cannabis Cherry Payton Pre-roll 28g,renamed
24978,Greenway Marijuana Pipe $5,Greenway Marijuana Pipe,renamed
24977,Dungeness Dank - Hash ROSIN 1g - PERMANENT MARKER - 1g,Prince Farms Dungeness Dank Permanent Marker Hash Rosin 1g,renamed
24976,Dungeness Dank - CRAB CLAWS 0.5g Infused Joint Packs - SALMON CANDY - 1g,Prince Farms Dungeness Dank Salmon Candy Infused Pre-roll 1g,renamed
24975,Dungeness Dank - CRAB CLAWS 0.5g Infused Joint Packs - YELLOW ZUSHI - 1g,Prince Farms Dungeness Dank Yellow Zushi Infused Pre-roll 1g,renamed
24974,Dungeness Dank - CRAB CLAWS 0.5g Infused Joint Packs - Parking Lot Kush - 1g,Prince Farms Dungeness Dank Parking Lot Kush Infused Pre-roll 1g,renamed
24973,Dungeness Dank - Hash Rosin - GG#4 - 1g,Prince Farms Dungeness Dank Gg 4 Hash Rosin 1g,renamed
24971,Dungeness Dank - Flower Pre-Rolls packs - Taco Truck - 1.5g,Prince Farms Dungeness Dank Taco Truck Pre-roll 1.5g,renamed
24969,Dungeness Dank - Flower Lot - SHERB CREAM PIE - 3.5g,Prince Farms Dungeness Dank Sherb Cream Pie Flower 3.5g,renamed
24968,Dungeness Dank - 0.75g Flower Pre Roll Packs - SHERB CREAM PIE - 1.5g,Prince Farms Dungeness Dank Sherb Cream Pie Pre-roll 1.5g,renamed
24965,Dungeness Dank - 0.75g Flower Pre Roll Packs - PICKLE RICK - 1.5g,Prince Farms Dungeness Dank Pickle Rick Pre-roll 1.5g,renamed
24962,Dungeness Dank - 0.75g Flower Pre Roll Packs - Parking Lot Kush - 1.5g,Prince Farms Dungeness Dank Parking Lot Kush Pre-roll 1.5g,renamed
24958,Dungeness Dank - Flower Lot - Du Ma OG - 3.5g,Prince Farms Dungeness Dank Du Ma Og Flower 3.5g,renamed
24956,Major Beverage Grape - 6.7oz,Evergreen Herbal Major Grape Beverage 6.7floz,renamed
24955,MAJOR Tall - 6.7oz - Atomic Apple 100mg THC,Evergreen Herbal Atomic Apple Beverage 6.7floz,renamed
24954,Major Shot Gingerade sugar free,Evergreen Herbal Major Gingerade Shots 60ml,renamed
24953,MAJOR Shot - 2oz - Mojo-Rita,Evergreen Herbal Mojo-rita Shots 2floz,renamed
24948,BLAZE Can - 12oz Rosin - Strawberry Lemonade 100mg THC,Evergreen Herbal Strawberry Lemonade Beverage 12ml,renamed
24945,Blaze Gummy - Zero Sugar - Good Night Grape 2:2:1 CBN:CBD:THC 500mg,Evergreen Herbal Good Night Grape 1:2 Edible 2,renamed
24935,Buddies Live Resin Puck - Space Lemons - 1g - (S),Botanical Arts Buddies Space Lemons Live Resin 1g,renamed
24920,Sky High Rosin SoDo GMO - 1g,Sky High Gardens Sodo Gmo Rosin 1g,renamed
24917,Sky High Gardens flower SoDo GMO 1g,Sky High Gardens Sodo Gmo Flower 1g,renamed
24916,Sky High Gardens Pre-roll SoDo GMO - 1.2g,Sky High Gardens Sodo Gmo Pre-roll 1.2g,renamed
24909,Sky High Gardens flower dutch treat 7g,Sky High Gardens Dutch Treat Flower 7g,renamed
24901,Sky High Gardens Flower Cosmic Chem - 3.5g,Sky High Gardens Cosmic Chem Flower 3.5g,renamed
24900,Sky High Gardens Flower - Cosmic Chem - 1g,Sky High Gardens Cosmic Chem Flower 1g,renamed
24898,HTE HONEY - Mimosa - Mimosa - .7g,Canna Processing Legit Gold Mimosa Infused Pre-roll 2,renamed
24897,Legit Gold Mini Infused Pre-roll Old School Lemons - 0.75g,Canna Processing Legit Gold Mini Old School Lemons Infused Pre-roll 2,renamed
24895,HTE HONEY - Raspberry Haze - Raspberry Haze - .7g,Canna Processing Legit Gold Raspberry Haze Pre-roll 2,renamed
24894,HTE Honey - Blue Dream - .7g,Canna Processing Legit Mini Blue Dream Infused Pre-roll 0.7g,renamed
24893,HTE Honey - Peanut Butter Kush - Peanut Butter Kush - .7g,Canna Processing Legit Cannabis Co. Peanut Butter Kush Infused 0.7g,renamed
24892,HTE Honey - Face Off OG - .7g,Canna Processing Legit Mini Face Off Og Infused Pre-roll 2,renamed
24891,Two Heads Cartridge Berrylicious 1g,Limelight Two Heads Berrylicious Cartridge 1g,renamed
24890,Two Heads Cartridge Strawberry Banana - 1g,Limelight Two Heads Strawberry Banana Cartridge 1g,renamed
24889,".75g Trichome InTERPreter Pre-Rolls, 6pk - Super Lemon Haze+JJ - 4.5g",Canna Pacific Trichome Super Lemon Haze Infused Pre-roll 4.5g,renamed
24886,".5g Isolated Pre-Rolled Cones, 2ct - Isolated Sweet Cherries Pre-Rolled Cones - 1g",Canna Pacific Trichome Sweet Cherries Infused Pre-roll 1g,renamed
24884,".75g Trichome InTERPreter Pre-Rolls, 2ct - Chicken & Wafflez+AT - 1.5g",Canna Pacific Trichome Chicken Wafflez Infused Pre-roll 1.5g,renamed
24882,".75g Trichome InTERPreter Pre-Rolls, 2ct - Watermelon Tourmaline+BP - 1.5g",Canna Pacific Trichome Watermelon Tourmaline Infused Pre-roll 1.5g,renamed
24871,Premium Trichome Raw Flower - Crop CircleZ - 3.5g,Canna Pacific Trichome Crop Circlez Flower 3.5g,renamed
24870,Ceres Fruit Chews Indica Tropical 1:1:1,Ceres Tropical 1:1 Chewees 3,renamed
24868,Ceres Dragon Balls Sativa,Ceres Dragon Balls 3,renamed
24867,Ceres Dragon Balls Indica,Ceres Dragon Balls 4,renamed
24866,Ceres Fruit Chews Indica Tropical 1:1:1,Ceres Tropical 1:1 Chewees 4,renamed
24865,Ceres Fruit Chews Sativa Tropical 1:1:1,Ceres Tropical 1:1 Chewees 5,renamed
24864,Ceres ROLL UPS GOLD MAX DRAGON BALM - 3.4oz,Ceres Gold Max Dragon 1:1 Topical 3,renamed
24863,CERES JAR DRAGON BALM 1:1 RED,Ceres Dragon Balm 1:1 1:1 Topical 2,renamed
24862,Ceres Dragon Balm CBD RED,Ceres Dragon Balm Topical 3,renamed
24861,Ceres Topical Dragon Balm 1:1 - 3.4oz,Ceres Dragon Balm 1:1 1:1 Topical 3,renamed
24860,Ceres Roll On Xtra CBD Dragon Balm - 3.4oz,Ceres Xtra Dragon CBD Roll On 3,renamed
24859,CHEW_SAT_ASSORTED_GRY_1:1:1:1_20pk,Ceres Assorted 1:1 Edible 3,renamed
24856,Shatter J's Infused Pre-roll Cotton Candy - 5g,Mountain Hi Shatter J's Cotton Candy Infused Pre-roll 2,renamed
24855,SMC - Infused Joint Pack - Blueberry - 5g,Mountain Hi Seattle Marijuana Co Blueberry Infused Pre-roll 5g,renamed
24853,SMC - Infused Joint 1g - Indica - Wedding Cake - 1g,Mountain Hi Seattle Marijuana Co Wedding Cake Infused Pre-roll 2,renamed
24851,SMC - Infused Joint 1g - Melon Guava - 1g,Mountain Hi Shatter J's Melon Guava Infused Pre-roll 2,renamed
24849,SMC - Infused Joint 1g - Banana Cream Pie - 1g,Mountain Hi Seattle Marijuana Company Banana Cream Pie Infused Pre-roll 1g,renamed
24843,SMC - Infused Joint 1g - Blackberry Pie - 1g,Mountain Hi Seattle Marijuana Co Blackberry Pie Infused Pre-roll 2,renamed
24842,SMC - Infused Joint 1g - Sativa - Chernobyl - 1g,Mountain Hi Seattle Marijuana Co Chernobyl Infused Pre-roll 1g,renamed
24840,Shatter j's infused pre-roll creme brulee 1g,Mountain Hi Shatter J's Creme Brulee Infused Pre-roll 1g,renamed
24832,3pk Train Wreck Snickle Fritz Cart,Grow Op Farms Phat Panda Trainwreck Cartridge 4,renamed
24827,3pk Headband Snickle Fritz Cart,Grow Op Farms Phat Panda Headband Cartridge 3g,renamed
24821,Hot Sugar Gummiez Watermelon Sativa,Grow Op Farms Hot Sugar Watermelon Gummies 65g,renamed
24819,Hot Sugar Gummiez Blue Raspberry LR Sativa,Grow Op Farms Hot Sugar Blue Raspberry Gummies 2,renamed
24817,Hot Sugar! CBD 1:1 Peach Mango Drops,Grow Op Farms Phat Panda Peach Mango 1:1 Edible 2.2oz,renamed
24815,Hot Sugar! Fruit Drops Solventless Trophy Wife Strawberry,Grow Op Farms Hot Sugar Trophy Wife 1:5 Edible 1.76oz,renamed
24814,Hot Sugar! Fruit Drops Solventless OG Chem Huckleberry,Grow Op Farms Hot Sugar Og Chem 1:1 Edible 1.76oz,renamed
24810,Hot Sugar Fruit Drops Green Apple - 1.76oz,Grow Op Farms Hot Sugar Green Apple Fruit Chews 1.76oz,renamed
24808,Hot Sugar Gummiez Huckleberry CBN,Grow Op Farms Hot Sugar Huckleberry Gummies 2,renamed
24806,Skord Ceramic Cartridge - 01g - Souped Up,Skord Souped Up Cartridge 1g,renamed
24805,SKORD - Cartridge - Dark Rainbow - 01g,Skord Dark Rainbow Cartridge 1g,renamed
24802,Flower - 07g - TK Lime Small Buds,Skord Tk Lime Flower 7g,renamed
24801,Freddy's Fuego Legacy Flower - 03.5g - Lemon Shortbread,Skord Lemon Shortbread Flower 3.5g,renamed
24794,Canna Organix Custard - Durban Poison - 1g,Canna Organix Durban Poison Live Resin 1g,renamed
24792,Canna Organix - Sauced & Tossed - Cereal Milk - 1g,Canna Organix Cereal Milk Infused Pre-roll 1g,renamed
24791,Sauced & Tossed - Blue Dream - 1g,Canna Organix Blue Dream Infused Pre-roll 1g,renamed
24788,Canna Organix - Custard - Red Dragon - 1g,Canna Organix Red Dragon Badder 1g,renamed
24786,Canna Organix - Premium Flower Zkittlez - 3.5g,Canna Organix Zkittlez Flower 2,renamed
24784,Cookies - Cannabis Terps - Cartridge - 1g - Hollywood,Edgemont Group Llc Cookies Hollywood Cartridge 1g,renamed
24779,Cookies - Bar - All-In-One - 1g - The Flo,Edgemont Group Llc Cookies The Flo Disposable Cartridge 1g,renamed
24777,Cookies - Bar - All-In-One - 1g - Fried Bananas,Edgemont Group Llc Cookies Fried Banana Disposable Cartridge 1g,renamed
24771,Drops 2:1 CBD Heavy Blackberry / Papaya Punch,Edgemont Group Llc Leafwerx Papaya Punch 1:2 Edible 3,renamed
24770,Drops 1:4 CBD Lifted Strawberry / Candy Apple,Edgemont Group Llc Leafwerx Candy Apple 4:1 Edible 3,renamed
24769,Drops1:2 CBD Rosy Raspberry / Blackberry Trainwreck,Edgemont Group Llc Leafwerx Blackberry Trainwreck 2:1 Edible 5,renamed
24767,Drops Edible Cherry,Edgemont Group Llc Leafwerx Gmo Edible 3,renamed
24765,Drops Edible Watermelon,Edgemont Group Llc Leafwerx Ice Cream Cake Edible 3,renamed
24764,Drops Edible Lime,Edgemont Group Llc Leafwerx Dosi Punch Edible 3,renamed
24754,Fire Bros Pre-Roll 2-Pack - Rah Tah Tah - 1g,Fire Bros. Fire Bros Rah Tah Tah Pre-roll 1g,renamed
24753,Fire Bros Pre-Roll 2-Pack - Purple Milk - 1g,Fire Bros. Fire Bros Purple Milk Pre-roll 1g,renamed
24748,Pre-Roll 5-Pack - Yuzu Sour - 2.5g,Fire Bros. Fire Bros Yuzu Sour Pre-roll 2,renamed
24735,1937 - Pre-Rolls .5 x 2 pack - Blueberry Muffins - 1g,1937 Farms 1937 Blueberry Muffin Pre-roll 1g,renamed
24734,1937 - Pre-Rolls .5 x 2 pack - Mimosa,1937 Farms 1937 Mimosa Pre-roll 1g,renamed
24733,1937 - Pre-Rolls .5 x 2 pack - Flyin Hawaiian 23,1937 Farms 1937 Flyin Hawaiian Pre-roll 1g,renamed
24730,1937 - 7g Regular Buds - Tricho Jordan 5 - 7g,1937 Farms 1937 Tricho Jordan Pre-roll 7g,renamed
24729,1937 - 3.5g Flower - Tricho Jordan 5 - 3.5g,1937 Farms 1937 Tricho Jordan 5 Flower 3.5g,renamed
24727,1937 - 3.5g Flower - Cobra Chi 9 - 3.5g,1937 Farms 1937 Cobra Chi 9 Flower 3.5g,renamed
24726,1937 - Pre-Rolls .5 x 2 pack - White Truffle - 1g,1937 Farms 1937 White Truffle Pre-roll 1g,renamed
24725,1937 - Pre-Rolls .5 x 2 pack - Cobra Chi 9 - 1g,1937 Farms 1937 Cobra Chi 9 Pre-roll 1g,renamed
24722,Ooowee - Live Resin - B - 1G Disposable - Truffle Oreos - 1g,Ttl Holdings Llc Ooowee Truffle Oreos Disposable Cartridge 1g,renamed
24721,Ooowee - 1g Live Resin Disposable - FaceLock - 1g,Ttl Holdings Llc Ooowee Face Lock Disposable Cartridge 1g,renamed
24720,Ooowee - Live Resin - A - 1G Disposable - Mr. Bad - 1g,Ttl Holdings Llc Ooowee Mr. Bad Disposable Cartridge 1g,renamed
24719,Ooowee - Live Resin - A - 1G Disposable - Gusherlicious - 1g,Ttl Holdings Llc Ooowee Gusherlicious Disposable Cartridge 1g,renamed
24714,Ooowee - JUICED Hydrocarbon Concentrate - Khalifa Kiwi - Late Bloomer - 1g,Ttl Holdings Llc Ooowee Late Bloomer Bho 1g,renamed
24710,Ooowee - JUICED 5/1G Infused PreRoll - Purple Rain - FaceLock - 5g,Ttl Holdings Llc Ooowee Facelock Infused Pre-roll 2,renamed
24709,Ooowee - JUICED 1G Infused PreRoll - Watermelon Gummy - Ice Cream Cake #8 - 1g,Ttl Holdings Llc Ooowee Watermelon Gummy Infused Pre-roll 1g,renamed
24708,Ooowee - JUICED 1G Infused PreRoll - Ghost Berry - Crunch Berries - 1g,Ttl Holdings Llc Ooowee Crunch Berriez Infused Pre-roll 1g,renamed
24707,Ooowee - JUICED 1G Hydrocarbon Concentrate - Blueberry Dream - Sour Gum - 1g,Ttl Holdings Llc Ooowee Blueberry Dream Bho 1g,renamed
24692,Ooowee - 5/1G Pre-Roll - Ooowee Marker - 5g,Ttl Holdings Llc Ooowee Ooowee Marker Pre-roll 2,renamed
24682,Ooowee - 1g Hydrocarbon Concentrate - Ooowee - Gusherlicious - 1g,Ttl Holdings Llc Ooowee Gusherlicious Bho 1g,renamed
24681,Ooowee - 1G Hydrocarbon Concentrate - Pink Zaza - 1g,Ttl Holdings Llc Ooowee Pink Zaza Bho 2,renamed
24680,Ooowee - 1G Hydrocarbon Concentrate - Sunset Lemonade - 1g,Ttl Holdings Llc Ooowee Sunset Lemonade Bho 1g,renamed
24678,Ooowee - 1g Hydrocarbon Concentrate - Ooowee - Seattle Strawberry Cough - 1g,Ttl Holdings Llc Ooowee Seattle Strawberry Cough Bho 1g,renamed
24677,Ooowee - 1G Hydrocarbon Concentrate - Blueberry Dream,Ttl Holdings Llc Ooowee Blueberry Dream* Bho 2,renamed
24676,Ooowee - 1G Cartridge - Cereal Milk - 1g,R B Group Ooowee Cereal Milk Cartridge 1g,renamed
24675,Fire Bros Pre-Roll Lemon Slushee - 2.5g,Fire Bros. Fire Bros Lemon Slushee Disposable Cartridge 2,renamed
24674,Good Tide Grapefruit Gummies - Sativa Rosin + CBD + CBC - 100mg THC : 100mg CBD : 100mg CBC,Ncmx Llc Wyld Grapefruit 1:1 Gummies 3,renamed
24673,Good Tide Passion Fruit Gummies - Indica Rosin + CBD + CBN - 100mg THC : 100mg CBD : 100mg CBN,Ncmx Llc Wyld Passion Fruit 1:1 Gummies 42g,renamed
24669,Wyld Gummies Sour Tangerine Hybrid - 1.4oz,Ncmx Llc Wyld Sour Tangerine Gummies 3,renamed
24664,Wyld Gummies Sour Cherry - 1.4oz,Ncmx Llc Wyld Sour Cherry Gummies 3,renamed
24658,Wyld Gummies Huckleberry Enhanced Hybrid - 1.4oz,Ncmx Llc Wyld Huckleberry Gummies 3,renamed
24648,ThunderChief - Smalls TC - Florida Man - 14g,Alki Herbal Thunder Chief Floridaman Flower 2,renamed
24645,ThunderChief - Pre-Rolls 5x0.5g TC - Gasolina - 2.5g,Alki Herbal Thunder Chief Gasolina Pre-roll 2.5g,renamed
24644,ThunderChief - Pre-Rolls 5x0.5g TC - Florida Man - 2.5g,Alki Herbal Thunder Chief Floridaman Pre-roll 2.5g,renamed
24642,ThunderChief - Pre-Rolls 2x0.5g TC - Tropic Thunder - 1g,Alki Herbal Eo Vapes Tropic Thunder 1g,renamed
24641,ThunderChief - Pre-Rolls 2x0.5g TC - The Milk-Man - 1g,Alki Herbal Thunder Chief The Milk-man Pre-roll 1g,renamed
24640,ThunderChief - Pre-Rolls 2x0.5g TC - Gasolina - 1g,Alki Herbal Thunder Chief Gasolina Pre-roll 1g,renamed
24639,ThunderChief - Pre-Rolls 2x0.5g TC - Florida Man - 1g,Alki Herbal Thunder Chief Floridaman Pre-roll 1g,renamed
24638,ThunderChief - Pre-Rolls 2x0.5g TC - Candy Apple - 1g,Alki Herbal Thunder Chief Candy Apple Panda Candies 1g,renamed
24637,ThunderChief - Pre-Rolls 2x0.5g TC - BlackBerry - 1g,Alki Herbal Thunder Chief Blackberry Pre-roll 1g,renamed
24635,ThunderChief - Flower 3.5g TC - Black Licorice - 3.5g,Alki Herbal Thunder Chief Blue Licorice Flower 3.5g,renamed
24632,ThunderChief - Flower 3.5g TC - Blue Licorice - 3.5g,Alki Herbal Thunder Chief Blue Licorice Flower 2,renamed
24628,ThunderChief - Flower 3.5g TC - Florida Man - 3.5g,Alki Herbal Thunder Chief Floridaman Flower 3,renamed
24619,Value THC RSO - THC Blend - Sativa - 1g,Skagit Organics Sativa RSO 2,renamed
24618,Value THC RSO - THC Blend - Hybrid - 1g,Skagit Organics Hybrid RSO 2,renamed
24616,Skagit Organics Platinum RSO Bubba Kush - 1g,Skagit Organics Skagit Organics Platinum Bubba Kush RSO 2,renamed
24615,RSO Platinum - ATF - Sativa - 1g,Skagit Organics Atf RSO 2,renamed
24614,Skagit Organics Platinum Rso Pine Tsunami 1g,Skagit Organics Pine Tsunami 1:10 RSO 2,renamed
24613,Skagit Organics Platinum Rso Harlequin 1g,Skagit Organics Harlequin 1:5 RSO 2,renamed
24612,Skagit Organics CBD Platinum Purple Cadillac 1g,Skagit Organics Purple Cadillac 5:1 RSO 2,renamed
24606,Honu - Chocolate Caramel 10pk - INDICA - 130g,Klaritie Farms Honu Chocolate Caramel Indica Chocolate 3,renamed
24605,Honu - Peanut Butter Cup 10pk - INDICA - 150g,Klaritie Farms Honu Peanut Butter Cup Chocolate 2,renamed
24601,Honu - Gimme Sa More! 10pk - 135g,Klaritie Farms Honu Gimme Sa More Chocolate 3,renamed
24600,Honu Edible Milk Chocolate - 2.99oz,Klaritie Farms Honu Milk Chocolate Edible 3,renamed
24599,Honu - Peanut Butter Cup 10pk - SATIVA - 150g,Klaritie Farms Honu Peanut Butter Chocolate 3,renamed
24598,Honu - Chocolate Turtle 10pk - SATIVA - 110g,Klaritie Farms Honu Chocolate Turtle Sativa Chocolate 3,renamed
24595,Honu Edible Toffee Crunch - 3oz,Klaritie Farms Honu Toffee Crunch Edible 3,renamed
24594,Dab Syringe - Raw 1g,Limelight Two Heads Raw Th Distillate 2,renamed
24592,two heads cartridge watermelon 1g,Limelight Two Heads Watermelon Cartridge 2,renamed
24587,Two Heads Cartridge Maui Waui - 1g,Limelight Two Heads Maui Waui Cartridge 1g,renamed
24586,two heads cartridge lemon drop 1g,Limelight Two Heads Lemon Drop Cartridge 2,renamed
24584,Two Heads Cartridge Jack Herer - 1g,Limelight Two Heads Jack Herer Cartridge 1g,renamed
24578,Two Heads Cartridge Berrylicious 1g,Limelight Two Heads Berrylicious Cartridge 2,renamed
24574,Disposable Pen New - CBD ZKZ 1g,Limelight Two Heads Zkz 1:1 Disposable Cartridge 2,renamed
24571,SF FIR JF - 1G - Fatso - Gas - IND - CR,Mfused Fatso Disposable Cartridge 1g,renamed
24568,Northwest Concentrates BUBBLE HASH - Tahoe OG - 1g [ I ],Xtracted Labs Refine Tahoe Og Bubble Hash 1g,renamed
24567,Northwest Concentrates BUBBLE HASH - Sour Diesel - 1g [ S ],Xtracted Labs Refine Sour D Bubble Hash 1g,renamed
24566,Northwest Concentrates BUBBLE HASH - Alien Dawg - 1g [ I ],Xtracted Labs Refine Alien Dawg Hash 1g,renamed
24563,Northwest Concentrates Cartridge Pineapple Express - 1g,Xtracted Labs Northwest Concentrates Pineapple Rose Cartridge 1g,renamed
24547,O' Geez - OG BAR 1g - Granddaddy Purple - 1g,Clarity Farms Granddaddy Purple Disposable Cartridge 1g,renamed
24529,Apple Tartz - 3.5g,Pastime Brands Pastime Apple Tartz Flower 3.5g,renamed
24528,Sherb Cream Pie - 3.5g,Pastime Brands Pastime Sherb Cream Pie Flower 2,renamed
24527,Alley Cat - 3.5g,Pastime Brands Pastime Alley Cat Flower 3.5g,renamed
24526,Tear Gas - 3.5g,Pastime Brands Pastime Tear Gas Flower 3.5g,renamed
24525,Sharpiez - 3.5g,Pastime Brands Pastime Sharpiez Flower 3.5g,renamed
24524,Stogies - Strawberry Gary - 1.5g,Greenleaf Growers Greenleaf Mj Strawberry Gary Blunt 1.5g,renamed
24523,5pk Joints - Strawberry Gary - 5g,Greenleaf Growers Greenleaf Mj Strawberry Gary Pre-roll 5g,renamed
24522,2pk Joints - Strawberry Gary - 2g,Greenleaf Growers Greenleaf Mj Strawberry Gary Pre-roll 2g,renamed
24521,Stogies - Novocain - 1.5g,Greenleaf Growers Greenleaf Mj Novocain Blunt 1.5g,renamed
24520,5pk Joints - Novocain - 5g,Greenleaf Growers Greenleaf Mj Novocain Pre-roll 5g,renamed
24519,2pk Joints - Novocain - 2g,Greenleaf Growers Greenleaf Mj Novocain Pre-roll 2g,renamed
24518,Stogies - Joker Juice - 1.5g,Greenleaf Growers Greenleaf Mj Jokerz Blunt 1.5g,renamed
24517,5pk Joints - Joker Juice - 5g,Greenleaf Growers Greenleaf Mj Jokerz Pre-roll 5g,renamed
24516,2pk Joints - Joker Juice - 2g,Greenleaf Growers Greenleaf Mj Jokerz Pre-roll 2g,renamed
24515,Stogies - Blue Hawaiian - 1.5g,Greenleaf Growers Greenleaf Mj Blue Hawaiian Blunt 1.5g,renamed
24514,5pk Joints - Blue Hawaiian - 5g,Greenleaf Growers Greenleaf Mj Blue Hawaiian Pre-roll 5g,renamed
24513,2pk Joints - Blue Hawaiian - 2g,Greenleaf Growers Greenleaf Mj Blue Hawaiian Pre-roll 2g,renamed
24512,Stogies - Blackberry Kush - 1.5g,Greenleaf Growers Greenleaf Mj Blackberry Kush Blunt 1.5g,renamed
24511,5pk Joints - Blackberry Kush - 5g,Greenleaf Growers Greenleaf Mj Blackberry Kush Pre-roll 5g,renamed
24510,2pk Joints - Blackberry Kush - 2g,Greenleaf Growers Greenleaf Mj Blackberry Kush Pre-roll 2g,renamed
24508,Hellavated Profilez 1 gram cartridge - Passion Fruit,Avitas Hellavated Passion Fruit Cartridge 1g,renamed
24507,Hellavated Profilez 1 gram cartridge - Double Mint,Avitas Hellavated Double Mint Cartridge 1g,renamed
24495,Hellavated Pre-roll Maui Sunrise - 0.75g,Avitas Hellavated Maui Sunrise Pre-roll 2,renamed
24493,Hellavated Infused Pre-roll Double Mint - 0.75g,Avitas Hellavated Double Mint Infused Pre-roll 2,renamed
24490,Dougie Blunts - Za-Glue - 1 gram,Avitas Za-glue Infused Blunt 1g,renamed
24489,Dougie Blunts - Sour Beltz - 1 gram,Avitas Sour Beltz Infused Blunt 1g,renamed
24488,Dougie Blunts - Platinum Wedding - 1 gram,Avitas Platinum Wedding Infused Blunt 1g,renamed
24487,Dougie Blunts - Huckleberry Cheesecake - 1 gram,Avitas Huckleberry Infused Blunt 1g,renamed
24485,Dougie Blunts - 12th Man - 1 gram,Avitas 12th Man Down Infused Blunt 1g,renamed
24480,Gushy Enhanced Dab - 1g / Grape Soda (H),Bellevue Cannabis Company Tilted Grape Soda Badder 1g,renamed
24479,Gushy Enhanced Dab - 1g / Cotton Candy (H),Bellevue Cannabis Company Tilted Cotton Candy Badder 1g,renamed
24478,Gushy Enhanced Dab - 1g / Watermelon Punch (H),Bellevue Cannabis Company Tilted Watermelon Punch Badder 1g,renamed
24477,Gushy Enhanced Dab - 1g / Blue Raspberry (H),Bellevue Cannabis Company Tilted Blue Raspberry Badder 1g,renamed
24476,The POTION Topical- (0.25g) Trial Size- High Times DOPE Cup Winner 2019 / TOPICAL,Bellevue Cannabis Company Tilted Potion 4:1 Topical 7g,renamed
24475,The POTION Topical- High Times DOPE Cup Winner 2019 / TOPICAL,Bellevue Cannabis Company Tilted Potion 4:1 Topical 50g,renamed
24471,Live Resin *No Distillate- Ceramic Core Disposable Cart (1g) / Ripped Off Runtz,Bellevue Cannabis Company Tilted Ripped Off Runtz Disposable Cartridge 1g,renamed
24470,Live Resin *No Distillate- Ceramic Core Disposable Cart (1g) / Gorilla Glue (IH),Bellevue Cannabis Company Tilted Gg 4 Disposable Cartridge 1g,renamed
24467,Live Resin *No Distillate Vape Cart - 1g / Ripped Off Runtz,Bellevue Cannabis Company Tilted Ripped Off Runtz Cartridge 1g,renamed
24461,Joints- 2 pack Bubble Hash Infused- DOH / Gelonade (SH),Bellevue Cannabis Company Tilted Gelonade Infused Pre-roll 1g,renamed
24448,Thunder Stix - Tilted-DOH-Glass Tip Preroll (1.2g) / Ripped Off Runtz (H),Bellevue Cannabis Company Tilted Ripped Off Runtz Infused Pre-roll 2,renamed
24446,Thunder Stix - Tilted-DOH-Glass Tip Preroll (1.2g) / GMO Mind Flayer (Indica),Bellevue Cannabis Company Tilted Oasis Pre-roll 1.2g,renamed
24440,DOH-Full Flower Glass Tip Preroll (1.2g) / Gorilla Glue (IH),Bellevue Cannabis Company Tilted Gg 4 Pre-roll 1.2g,renamed
24433,Two Heads Cartridge ZKZ CBD - 1g,Limelight Two Heads Zkz CBD 1:1 Cartridge 1g,renamed
24415,Freddy's Fuego Flower - Lyon King - 3.5g (Legacy),Quality Green Trees Freddy's Fuego Lyon King Flower 4,renamed
24414,Freddy's Fuego Peg Legs - Lemon Shortbread - 2 x 0.5g,Quality Green Trees Freddy's Fuego Lemon Shortbread Pre-roll 1g,renamed
24407,Freddy's Fuego Flower - Carrot Cake - 3.5g (Legacy),Quality Green Trees Freddy's Fuego Carrot Cake Flower 3.5g,renamed
24386,White Cherries Live Resin Cart [1g],Lifted Cannabis Lifted White Cherries Cartridge 2,renamed
24375,RIZZ Pre-Roll [1g],Lifted Cannabis Lifted Rizz Pre-roll 1g,renamed
24372,DST CART 1g WALFREE - Trainwreck DOH,Walden Cannabis Walden Trainwreck Cartridge 2,renamed
24371,Hard Hat - Hard Hat Disposable - Hybrid - GG #4 - 1g,Mountain Hi Hard Hat Gg 4 Disposable Cartridge 1g,renamed
24370,Green Reaper - Live Resin Cart - Strawberry Cough - 1g,Green Network Greenrush Strawberry Cough Cartridge 1g,renamed
24363,Cannabis Northwest - Flower - Cake Batter - 28g,Cannabis Northwest C-m Inc Cannabis Northwest Cake Batter Flower 28g,renamed
24360,Cannabis Northwest - Flower - Black Mamba - 3.5g,Cannabis Northwest C-m Inc Cannabis Northwest Black Mamba Flower 3.5g,renamed
24359,Cannabis Northwest - Flower - Black Mamba - 7g,Cannabis Northwest C-m Inc Cannabis Northwest Black Mamba Flower 7g,renamed
24358,Cannabis Northwest - Flower - Black Mamba - 28g,Cannabis Northwest C-m Inc Cannabis Northwest Black Mamba Flower 28g,renamed
24356,Cannabis Northwest - Flower - Hash Burger - 7g,Cannabis Northwest C-m Inc Cannabis Northwest Hash Burger Flower 7g,renamed
24355,Cannabis Northwest - Flower - Hash Burger - 3.5g,Cannabis Northwest C-m Inc Cannabis Northwest Hash Burger Flower 3.5g,renamed
24351,Cannabis Northwest - Infused Pre-Rolls (2 x .5g) - Grease Monkey - 1g,Cannabis Northwest C-m Inc Cannabis Northwest Grease Monkey Infused,renamed
24350,Cannabis Northwest - Infused Pre-Rolls (2 x .5g) - Blue Dream - 1g,Cannabis Northwest C-m Inc Cannabis Northwest Blue Dream Infused Pre-roll,renamed
24349,Cannabis Northwest - Shatter - Lemon Skunk - 1g,Cannabis Northwest C-m Inc Cannabis Northwest Lemon Skunk Shatter 1g,renamed
24348,brrd - Solventless Live Rosin Concentrate - Papaya Juice - 1g,Georgetown Bottling Spc Cormorant Edibles Papaya Juice Rosin 1g,renamed
24347,brrd - Solventless Live Rosin Concentrate - Supreme Papaya - 1g,Georgetown Bottling Spc Cormorant Edibles Supreme Papaya Rosin 1g,renamed
24343,brrd - All-in-One - Blue Haze - 1g,Georgetown Bottling Spc Cormorant Edibles Blue Haze Disposable Cartridge 1g,renamed
24339,RPG - 510 Cartridge - Cured Resin - Bubblegum Runtz - 1g,Georgetown Bottling Spc Cormorant Edibles Bubblegum Runtz Cartridge 1g,renamed
24338,RPG - 510 Cartridge - Cured Resin - Gushers - 1g,Georgetown Bottling Spc Cormorant Edibles Gushers Cartridge 1g,renamed
24337,Cormorant - 4 oz Raspberry Lemonade Sorbet 100 mg - 100 mg - 100ml,Georgetown Bottling Spc Cormorant Edibles Raspberry Lemonade Edible 4oz,renamed
24335,Cormorant - 4 oz Cherry Lemonade Sorbet 100 mg - 100 mg - 100ml,Georgetown Bottling Spc Cormorant Edibles Cherry Lemonade Edible 4oz,renamed
24334,Cormorant - 4 oz 1:1 Strawberry Lemonade Sorbet - 100 mg - 100ml,Georgetown Bottling Spc Cormorant Edibles Strawberry Lemonade Edible 4oz,renamed
24332,Cormorant - 4 oz 1:1 Blackberry Lemonade Sorbet - 100 mg - 100ml,Georgetown Bottling Spc Cormorant Edibles Blackberry Lemonade 1:1 Edible,renamed
24331,FDG Pre-Rolls - Blueberry Banana Butter - 4pk (0.5g x 4),Virtual Services Fdg Blueberry Buttered Banana Pre-roll 2g,renamed
24330,FDG Pre-Rolls - Chem Trailz - 4pk (0.5g x 4),Virtual Services Fdg Chem Trailz Pre-roll 2g,renamed
24329,FDG Pre-Rolls - GG #4 - 4pk (0.5g x 4),Virtual Services Fdg Gg4 Pre-roll 2g,renamed
24328,FDG Pre-Rolls - Lemonheads - 4pk (0.5g x 4),Virtual Services Fdg Lemonheads Pre-roll 2g,renamed
24326,FDG Pre-Rolls - Purple Diesel - 4pk (0.5g x 4),Virtual Services Fdg Purple Diesel Pre-roll 2g,renamed
24323,FDG Pre-Rolls - The Cats Pajamas - 4pk (0.5g x 4),Virtual Services Fdg The Cats Pajamas Pre-roll 2g,renamed
24321,Packaged Flower - Blueberry Banana Butter - 14g,Virtual Services Fdg Blueberry Buttered Banana Flower 14g,renamed
24319,FDG Packaged Flower - Blueberry Banana Butter - 3.5g,Virtual Services Fdg Blueberry Buttered Banana Flower 3.5g,renamed
24316,FDG Packaged Flower - Lemonheads - 3.5g,Virtual Services Fdg Lemonheads Flower 3.5g,renamed
24314,FDG Packaged Flower - Lime Slapz - 7g,Virtual Services Fdg Lime Slapz Flower 7g,renamed
24313,Packaged Flower - Lime Slapz - 3.5g,Virtual Services Fdg Lime Slapz Flower 3.5g,renamed
24311,FDG Pre-Rolls - Time Wreck - 7pk (0.5g x 7),Virtual Services Fdg Time Wreck Pre-roll 3.5g,renamed
24310,FDG Pre-Rolls - Time Wreck - 2pk (0.5g x 2),Virtual Services Fdg Time Wreck Pre-roll 1g,renamed
24308,FDG Pre-Rolls - The Cats Pajamas - 7pk (0.5g x 7),Virtual Services Fdg The Cats Pajamas Pre-roll 3.5g,renamed
24307,FDG Pre-Rolls - The Cats Pajamas - 2pk (0.5g x 2),Virtual Services Fdg The Cats Pajamas Pre-roll 1g,renamed
24306,FDG Pre-Rolls - Sour Kush - 14pk (0.5g x 14),Virtual Services Fdg Sour Kush Pre-roll 7g,renamed
24305,FDG Pre-Rolls - Sour Kush - 7pk (0.5g x 7),Virtual Services Fdg Sour Kush Pre-roll 3.5g,renamed
24304,Pre-Rolls - Sour Kush - 2pk (0.5g x 2),Virtual Services Fdg Sour Kush Pre-roll 1g,renamed
24302,FDG Pre-Rolls - Satsuma Haze - 7pk (0.5g x 7),Virtual Services Fdg Satsuma Haze Pre-roll 3.5g,renamed
24301,FDG Pre-Rolls - Satsuma Haze - 2pk (0.5g x 2),Virtual Services Fdg Satsuma Pre-roll 1g,renamed
24299,FDG Pre-Rolls - Purple Diesel - 7pk (0.5g x 7),Virtual Services Fdg Purple Diesel Pre-roll 3.5g,renamed
24298,FDG Pre-Rolls - Purple Diesel - 2pk (0.5g x 2),Virtual Services Fdg Purple Diesel Pre-roll 2,renamed
24296,Pre-Rolls - Lime Slapz - 7pk (0.5g x 7),Virtual Services Fdg Lime Slapz Pre-roll 3.5g,renamed
24295,FDG Pre-Rolls - Lime Slapz - 2pk (0.5g x 2),Virtual Services Fdg Lime Slapz Pre-roll 1g,renamed
24293,FDG Pre-Rolls - Lemonheads - 7pk (0.5g x 7),Virtual Services Fdg Lemonheads Pre-roll 3.5g,renamed
24292,FDG Pre-Rolls - Lemonheads - 2pk (0.5g x 2),Virtual Services Fdg Lemonheads Pre-roll 1g,renamed
24289,FDG Pre-Rolls - GG #4 - 2pk (0.5g x 2),Virtual Services Fdg Gg4 Pre-roll 2,renamed
24287,FDG Pre-Rolls - Chem Trailz - 7pk (0.5g x 7),Virtual Services Fdg Chem Trailz Pre-roll 3.5g,renamed
24286,FDG Pre-Rolls - Chem Trailz - 2pk (0.5g x 2),Virtual Services Fdg Chem Trailz Pre-roll 1g,renamed
24284,FDG Pre-Rolls - Blueberry Banana Butter - 7pk (0.5g x 7),Virtual Services Fdg Blueberry Buttered Banana Pre-roll 3.5g,renamed
24283,FDG Pre-Rolls - Blueberry Banana Butter - 2pk (0.5g x 2),Virtual Services Fdg Blueberry Buttered Banana Pre-roll 1g,renamed
24282,O' Geez - OG BAR 1g - Gods Gift - 1g,Clarity Farms God's Gift Disposable Cartridge 1g,renamed
24279,".75g Trichome InTERPreter Pre-Rolls, 2ct - Ice Cream Cake Bx1+Ré - 1.5g",Canna Pacific Trichome Ice Cream Cake Infused Pre-roll 2,renamed
24265,Downtown Flower Hassel Hoth - 3.5g,Downtown Cannabis Company Downtown Cannabis Hassel Hoth Flower 2,renamed
24258,Wildside Beverage Sour Green Apple MAX shot 1:1 THC:CBG - 1oz,Green Revolution Wildside Sour Green Apple Max Shot 1:1 Thc:cbg Beverage,renamed
24255,Doozies Edible Peach 60:1 CBD:THC - 2.82oz,Green Revolution Doozies Peach 60:1 CBD:THC Edible 3,renamed
24253,Green Revolution Nano Doozies Blue Raspberry 1:1:1 Nighttime + Melatonin,Green Revolution Blue Raspberry Nano 1:1:1 + Melatonin 1:1 Gummies 2,renamed
24248,Green Revolution Edible Doozies PLUS Blueberry Lemon 2:1:1 + Lions Mane - 2.8oz,Green Revolution Doozies Plus Blueberry Lemon 2:1:1 + Lionsmane 2:1 Edible,renamed
24246,Biscotti - 1g - Live Resin Cartridge,Klaritie Farms Inc Mama J's Biscotti Cartridge 1g,renamed
24243,Pre-Rolls - Papaya Bomb - 1g,Pinnacle Green Papaya Pre-roll 1g,renamed
24242,Pre-Rolls - Toranja - 1g,Pinnacle Green Toranja Pre-roll 1g,renamed
24240,Packaged Flower - Dj Shorts Blueberry - 3.5g,Pinnacle Green Dj Short Blueberry Flower 3.5g,renamed
24238,Packaged Flower - Kushlato - 3.5g,Pinnacle Green Kushlato Flower 3.5g,renamed
24236,Packaged Flower - Toranja - 3.5g,Pinnacle Green Toranja Flower 3.5g,renamed
24214,BLAZE Gummy - Blue Raspberriezzz 2:2:1 CBN:CBD:THC 500mg,Evergreen Herbal Blaze Blue Razz 1:2 Gummies 0.95oz,renamed
24211,Pioneer Squares Edible Lemon Mandarin - 3.5oz,Craft Elixirs Pioneer Squares Lemon Mandarin Edible 3,renamed
24209,Craft Elixir Edible Key Lime - 3.5oz,Craft Elixirs Craft Elixir Key Lime Edible 2,renamed
24208,Pioneer Squares Fruit Chews Black & Blueberry - 3.5oz,Craft Elixirs Pioneer Squares Black Blueberry Fruit Chews 2,renamed
24202,All-In-One Artist Series - Orange Julius - 1g,Fire Bros. Fire Bros Orange Julius Disposable Cartridge 1g,renamed
24196,Buddies Flavored AIO - Raspberry Parfait - 1g,Botanical Arts Buddies Raspberry Parfait Disposable Cartridge 1g,renamed
24192,Buddies Fire & Ice 1:1 - Topical Roll-On - 3 fl oz,Botanical Arts Buddies Buddies Fire Ice 1:1 1:1 Topical 3oz,renamed
24175,Mindmelt Fortified Preroll 2-Pack - ZZZ's Nuts - 2g,Botanical Arts Buddies Zzz's Nuts Infused Pre-roll 2g,renamed
24135,Spinello Blueberry Indica 100mg THC Rosin Fruit Chews,Pacific Northwest Consulting Smokiez Blueberry Fruit Chews 5,renamed
24127,Smokiez Peach CBD- Fruit Chew- 250mg,Pacific Northwest Consulting Smokiez Peach Edible 2.12oz,renamed
24126,Smokiez Blue Raspberry CBD- Fruit Chew- 250mg,Pacific Northwest Consulting Smokiez Blue Raspberry Edible 2.12oz,renamed
24124,Smokiez Edible Green Apple CBG:THC - 2.12oz,Pacific Northwest Consulting Smokiez Green Apple Cbg:thc Edible 3,renamed
24122,Smokiez Edible Sour Watermelon CBN 1:1 - 2.20oz,Pacific Northwest Consulting Smokiez Sour Watermelon CBN 1:1 Edible 3,renamed
24119,1g GoodGood AIO - Pineapple Pop (S),Translucency Llc Goodgood Pineapple Pop Disposable Cartridge 1g,renamed
24118,1g GoodGood AIO - Electric Green Apple (S),Translucency Llc Goodgood Electric Green Apple Disposable Cartridge 1g,renamed
24117,1g GoodGood AIO - Blue Raspberry Rush (I),Translucency Llc Goodgood Blue Raspberry Rush Disposable Cartridge 1g,renamed
24110,1g GoodGood Cartridge - Banana Candy (H),Translucency Llc Goodgood Banana Candy Cartridge 1g,renamed
24109,(2x0.5g) Diamond Dinger - Seventh Inn-dica Stretch (I),Translucency Llc Translucency Seventh Inn-dica Stretch Infused Pre-roll 1g,renamed
24108,(2x0.5g) Diamond Dinger - Northwest Knuckleball (I),Translucency Llc Translucency Northwest Knuckleball (i) Infused Pre-roll 1g,renamed
24107,(2x0.5g) Diamond Dinger - Motor Wife Cat 5 (S),Translucency Llc Translucency Motor Wife Cat Infused Pre-roll 1g,renamed
24106,(2x0.5g) Diamond Dinger - Bottom of the Ninth Blaze (S),Translucency Llc Translucency Bottom Of The Ninth Blaze Infused Pre-roll 1g,renamed
24105,The People's Indoor Gardens Flower The Soap - 3.5g,Hometown Herbs The People's Indoor Gardens The Soap Flower 3.5g,renamed
24104,The People's Flower GG#4 - 3.5g,Hometown Herbs The People's Gg 4 Flower 3.5g,renamed
24103,The People's Flower Wedding Cake - 3.5g,Hometown Herbs The People's Wedding Cake Flower 3.5g,renamed
24102,The People's Flower People's Diesel - 3.5g,Hometown Herbs The People's People's Diesel Flower 3.5g,renamed
24101,Two Heads Disposable Cartridge Maui Waui New 1g,Limelight Two Heads Maui Waui Disposable Cartridge 1g,renamed
24099,HiKu - DOH DIST - Pineapple Sunset - HiKu 1oz Tincture - Pineapple Sunset - 30g,Seattle Bubble Works Pineapple Sunset 4:1 Tincture 1floz,renamed
24095,Full Spec - Elite - Cartridge - 1g - (Core 4) (HS) Vitamin THC,Edgemont Group Llc Full Spec Vitamin THC Cartridge 1g,renamed
24093,SMC - Infused Joint Pack - Sativa - Orange Cookies - 5g,Mountain Hi Shatter J's Orange Cookies Infused Pre-roll 2,renamed
24089,SMC - Infused Blunt 1g - Orange Cookies - 1g,Mountain Hi Seattle Marijuana Co Orange Cookies Infused Blunt 1g,renamed
24084,Shatter J's Infused Pre-roll Blackberry Pie - 5g,Mountain Hi Shatter J's Blackberry Pie Infused Pre-roll 2,renamed
24070,Hard Hat - Hard Hat Disposable - Sativa - Jack Herer - 1g,Mountain Hi Hard Hat Jack Herer Disposable Cartridge 1g,renamed
24069,Hard Hat - Hard Hat Disposable - Hybrid - GG #4 - 1g,Mountain Hi Hard Hat Gg 4 Disposable Cartridge 2,renamed
24068,Hard Hat - Hat Hard Disposable - Sativa - Durban Poison - 1g,Mountain Hi Hard Hat Durban Poison Disposable Cartridge 1g,renamed
24066,SMC - Infused Joint Pack - Indica - Grape Animals - 5g,Mountain Hi Seattle Marijuana Co Grape Animals Infused Pre-roll 5g,renamed
24064,SMC - Infused Joint Pack - Original - Chernobyl - 5g,Mountain Hi Seattle Marijuana Co Chernobyl Infused Pre-roll 5g,renamed
24061,SMC - Infused Joint 1g - Blackberry Pie - 1g,Mountain Hi Seattle Marijuana Co Blackberry Pie Infused Pre-roll 3,renamed
24056,SMC - Infused Joint 1g - Melon Guava - 1g,Mountain Hi Shatter J's Melon Guava Infused Pre-roll 3,renamed
24039,SMC - Shatter J Dab - Grape - 1g,Mountain Hi Shatter J's Grape Badder 1g,renamed
24036,SMC - Smokeless Shatter J - Grape - 1g,Mountain Hi Shatter J's Grape Cartridge 2,renamed
24034,SMC - Shatter J LITE - Flavored Joint - Blackberry Pie - 1g,Mountain Hi Shatter J's Blackberry Pie Pre-roll 1g,renamed
24033,SMC - Shatter J LITE - Flavored Joint - Chocolate Covered Strawberry - 1g,Mountain Hi Shatter J's Chocolate Covered Strawberry Pre-roll 1g,renamed
24032,SMC - Shatter J LITE - Flavored Joint - Grape - 1g,Mountain Hi Shatter J's Grape Pre-roll 1g,renamed
24031,SMC - Shatter J LITE - Flavored Joint - Banana Cream Pie - 1g,Mountain Hi Shatter J's Banana Cream Pie Pre-roll 1g,renamed
24030,SMC - Shatter J LITE - Flavored Joint - Washington Apple - 1g,Mountain Hi Shatter J's Washington Apple Pre-roll 1g,renamed
24029,SMC - Shatter J LITE - Flavored Joint - Strawberry Daiquiri - 1g,Mountain Hi Shatter J's Strawberry Daiquiri Pre-roll 1g,renamed
24028,SMC - Shatter J LITE - Flavored Joint - Blueberry - 1g,Mountain Hi Shatter J's Blueberry Pre-roll 1g,renamed
24026,Shatter J's Disposable Cartridge Chocolate Covered Strawberries - 1g,Mountain Hi Shatter J's Chocolate Covered Strawberry Disposable Cartridge,renamed
24025,SMC - Flower - Watermelon Martini - 3.5g,Mountain Hi Seattle Marijuana Co Watermelon Martini Flower 3.5g,renamed
24024,SMC - Flower - Garlic Butter - 3.5g,Mountain Hi Seattle Marijuana Co Garlic Butter Flower 3.5g,renamed
24022,SMC - Flower - Super Boof - 3.5g,Mountain Hi Seattle Marijuana Co Super Boof Flower 3.5g,renamed
24021,Extracts - Grease Monkey - 1g,Mountain Hi Hard Hat Grease Monkey Crumble 1g,renamed
24020,Extracts - GG #4 - 1g,Mountain Hi Hard Hat Gg 4 Crumble 1g,renamed
24019,Frostco - Solventless Vape - Dosimo - .5g,Green Research Network Llc Frostco Dosimo 1 Disposable Cartridge 0.5g,renamed
24018,Frostco - Solventless Vape - Pink Papaya - .5g,Green Research Network Llc Frostco Pink Papaya Disposable Cartridge 0.5g,renamed
24017,Frostco - Solventless Vape - GMO Cocoa - .5g,Green Research Network Llc Frostco Gmo Cocoa Disposable Cartridge 0.5g,renamed
24016,Frostco - Rosin Dab - Yuck Mouth - 1g,Green Research Network Llc Frostco Yuck Mouth Rosin 1g,renamed
24015,Frostco - Rosin Dab - GMO Cocoa - 1g,Green Research Network Llc Frostco Gmo Cocoa Rosin 1g,renamed
24014,Frostco - Rosin Dab - Dosimo #1 - 1g,Green Research Network Llc Frostco Dosimo 1 Rosin 1g,renamed
24013,Frostco - Rosin Dab - Pink Papaya - 1g,Green Research Network Llc Frostco Pink Papaya Rosin 1g,renamed
24012,Frostco - Rosin Dab - Peanut Brudda - 1g,Green Research Network Llc Frostco Peanut Brudda Rosin 1g,renamed
24011,Frostco - Rosin Dab - London Wookbreath - 1g,Green Research Network Llc Frostco London Wookbreath Rosin 1g,renamed
24010,Frostco - Rosin Dab - Apples & Bananas - 1g,Green Research Network Llc Frostco Apples Bananas Rosin 1g,renamed
24008,hashbreak - Pre Rolls (Infused) - Wild Berry Punch - 1g,Evergreen Hydro Farms Torus Wild Berry Punch Infused Pre-roll 1g,renamed
24007,Torus - Flower - Zour Beltz - 3.5g,Evergreen Hydro Farms Torus Zour Belt Flower 1g,renamed
24004,hashbreak - Pre Rolls (Infused) - White Cherry Truffle - 1g,Evergreen Hydro Farms Torus White Cherry Truffle Infused Pre-roll 1g,renamed
24001,hashbreak - Pre Rolls (Infused) - Funk-A-Delic - 1g,Evergreen Hydro Farms Torus Funkadelic Infused Pre-roll 1g,renamed
23992,Fire Bros Pre-roll Crepe Ape - 1g,Fire Bros. Fire Bros Crepe Ape Flower 1g,renamed
23985,Fire Bros. Showcase - Chrome Dome - 3.5g,Fire Bros. Firebros Chrome Dome Flower 3.5g,renamed
23978,All-In-One Cart - Grimace Shake - 1g,Fire Bros. Firebros Grimace Shake Disposable Cartridge 1g,renamed
23973,Fire Bros Pre-Roll Lemon Slushee - 2.5g,Fire Bros. Fire Bros Lemon Slushee Disposable Cartridge 3,renamed
23972,All-In-One Pearl - Giggin' Grapes - 1g,Fire Bros. Fire Bros Giggin' Grapes Disposable Cartridge 1g,renamed
23970,Buddies Legacy Vape Cart - Northern Lights - 1g - (I),Botanical Arts Buddies Northern Lights Cartridge 1g,renamed
23969,Micro Bar - 1g Disposable - Micro Bar - Cherry Limeade Slush - 1g,Joint Ventures Micro Bar Cherry Limeade Slush Disposable Cartridge 1g,renamed
23966,Drops1:2 CBD Rosy Raspberry / Blackberry Trainwreck,Edgemont Group Llc Leafwerx Blackberry Trainwreck 2:1 Edible 6,renamed
23965,Drops1:1 CBD Daydreamy Cranberry / MAC #4,Edgemont Group Llc Leafwerx Cranberry 1:1 Edible 44g,renamed
23964,Drops Edible Cherry,Edgemont Group Llc Leafwerx Gmo Edible 4,renamed
23963,Drops Edible Watermelon,Edgemont Group Llc Leafwerx Ice Cream Cake Edible 4,renamed
23961,Thrills - FlavorStrains - Cartridge - 1g - (C6)(S) Sweet Island Skunk,Edgemont Group Llc Thrills Sweet Island Skunk Cartridge 1g,renamed
23959,Thrills - FlavorStrains - Cartridge - 1g - (C6)(I) Lime Sorbet,Edgemont Group Llc Thrills Lime Sorbet Cartridge 1g,renamed
23958,Thrills - FlavorStrains - Cartridge - 1g - (C5)(S) Tropicana Cookies,Edgemont Group Llc Thrills Tropicana Cookies Cartridge 1g,renamed
23957,Thrills - FlavorStrains - Cartridge - 1g - (C5)(S) NYC Diesel,Edgemont Group Llc Thrills Nyc Diesel Cartridge 1g,renamed
23948,Drops Edible Lime,Edgemont Group Llc Leafwerx Dosi Punch Edible 4,renamed
23946,Drops 1:4 CBD Lifted Strawberry / Candy Apple,Edgemont Group Llc Leafwerx Candy Apple 4:1 Edible 4,renamed
23945,Drops 1:4 CBD Lifted Strawberry / Candy Apple,Edgemont Group Llc Leafwerx Candy Apple 4:1 Edible 5,renamed
23944,Drops1:2 CBD Rosy Raspberry / Blackberry Trainwreck,Edgemont Group Llc Leafwerx Blackberry Trainwreck 2:1 Edible 7,renamed
23943,Tasty Terps - TT BHO 1g - Strawberry Cheesecake - 1g,Clarity Farms Strawberry Cheesecake Bho 1g,renamed
23942,Tasty Terps - TT BHO 1g - Gummy Bears - 1g,Clarity Farms Gummy Bears Bho 2,renamed
23941,Tasty Terps - TT BHO 1g - Cranberry Pomegranate - 1g,Clarity Farms Cranberry Pomegranate Bho 1g,renamed
23940,Tasty Terps - TT BHO 1g - Caprizun - 1g,Clarity Farms Caprizun Bho 2,renamed
23939,Tasty Terps - TT BHO 1g - Blueberry Yum Yum - 1g,Clarity Farms Blueberry Yum Yum Bho 1g,renamed
23911,Jelly Gems - JG Jelly Gems 600mg Total - INDICA - Sootheberry (CHILL),Clarity Farms Sootheberry 1:5 Edible 0.88oz,renamed
23910,Jelly Gems - JG Jelly Gems 400mg Total - INDICA - Slumberberry (NIGHT),Clarity Farms Slumberberry 1:2 Edible 25000mg,renamed
23908,Jelly Gems - JG Jelly Gems 400mg Total - HYBRID - Tropical Trip (CHILL),Clarity Farms Tropical Trip 1:1 Edible 25000mg,renamed
23907,Jelly Gems - JG Jelly Gems 300mg Total - SATIVA - Chuckleberry (HAPPY),Clarity Farms Chuckleberry Edible 3,renamed
23906,Jelly Gems - JG Jelly Gems 300mg Total - INDICA - Key Lime Unwind (NIGHT),Clarity Farms Key Lime Edible 3,renamed
23905,Jelly Gems - JG Jelly Gems 300mg Total - INDICA - Peaches & Dreams (NIGHT),Clarity Farms Peaches Dreams Edible 3,renamed
23904,Jelly Gems - JG Jelly Gems 300mg Total - SATIVA - Pomegranate Punch (PARTY),Clarity Farms Pomegranate Punch 1:1 Edible 25000mg,renamed
23903,Jelly Gems - JG Jelly Gems 300mg Total - HYBRID - Blissberry (HAPPY),Clarity Farms Blissberry 1:1 Edible 3,renamed
23902,Jelly Gems - JG Jelly Gems 200mg Total - SATIVA - Tangelo (FLOW),Clarity Farms Tangelo 1:1 Edible 25000mg,renamed
23899,Incredibulk - IB CART 1g - Amnesia Haze - 1g,Clarity Farms Amnesia Haze Cartridge 3,renamed
23887,Green Reaper - Indoor Popcorn Flower - Popscottie - 14g,Cassidy Cannabis Llc Green Reaper Popscottie Flower 14g,renamed
23885,Green Reaper - Indoor Popcorn Flower - Permanent Pounder - 14g,Cassidy Cannabis Llc Green Reaper Permanent Pounder Flower 14g,renamed
23884,Green Reaper - Indoor Popcorn Flower - Ice Cream Zoap - 28g,Cassidy Cannabis Llc Green Reaper Ice Cream Zoap Flower 28g,renamed
23883,Green Reaper - Indoor Popcorn Flower - Ice Cream Zoap - 14g,Cassidy Cannabis Llc Green Reaper Ice Cream Zoap Flower 14g,renamed
23881,Green Reaper - Indoor Popcorn Flower - Dutch Gouda Butter - 14g,Cassidy Cannabis Llc Green Reaper Dutch Gouda Butter Flower 14g,renamed
23878,Green Reaper - Indoor Popcorn Flower - Candy Gas - 28g,Cassidy Cannabis Llc Green Reaper Candy Gas Flower 28g,renamed
23877,Green Reaper - Indoor Popcorn Flower - Candy Gas - 14g,Cassidy Cannabis Llc Green Reaper Candy Gas Flower 14g,renamed
23875,Green Reaper - Indoor Popcorn Flower - Alpine Guava - 14g,Cassidy Cannabis Llc Green Reaper Alpine Guava Flower 14g,renamed
23872,.5g Isolated Pre-Rolled Cones 6pk - Isolated OBS Pre-Rolled Cones - 3g,Canna Pacific Trichome Obs Infused Pre-roll 3g,renamed
23869,.5g Isolated Pre-Rolled Cones 6pk - Isolated Blue Dream Pre-Rolled Cones - 3g,Canna Pacific Trichome Blue Dream Infused Pre-roll 3g,renamed
23862,Trichome Flower White Meat - 3.5g,Canna Pacific Trichome White Meat Flower 3.5g,renamed
23861,Applesauce AIO - Mule Fuel - 1g,Canna Pacific Trichome Mule Fuel Disposable Cartridge 1g,renamed
23850,Trichome Raw Flower - Juicee J - 3.5g,Canna Pacific Trichome Juicee J Flower 3.5g,renamed
23817,Pure - Live Resin Prana AIO - Liquid Diamonds - Carbon Fiber,Conscious Cannabis Bodhi High Carbon Fiber Disposable Cartridge 4,renamed
23805,Infused Bubble Hash Little Snappers - Tropical Thunder - 10pk (10x0.5g),Heavenly Buds Tropical Thunder Infused Pre-roll 5g,renamed
23799,Heavenly Buds - Full Flower .5g Little Snappers - White Cherry Runtz DOH - 10g,Heavenly Buds White Cherry Runtz Pre-roll 10g,renamed
23797,Full Flower Little Snappers - Tally Mon - 20pk (20x0.5g),Heavenly Buds Tally Mon Pre-roll 10g,renamed
23796,Full Flower Little Snappers - Tally Mon - 10pk (10x0.5g),Heavenly Buds Tally Mon Pre-roll 5g,renamed
23786,Green Revolution Topical Solace - 3oz,Green Revolution Solace Topical 2,renamed
23784,Green Revolution Tincture 1:1:1 Dream Drops THC:CBD:CBN + Melatonin - 1oz,Green Revolution Dream Drops Sleep Tincture 1:1 Tincture 2,renamed
23781,Green Revolution Beverage Raspberry MAX - 2oz,Green Revolution Raspberry Max Beverage 2,renamed
23780,Wildside Beverage Blueberry Acai Indica MAX Shot 2:1:1 THC:CBD:CBN - 2oz,Green Revolution Wildside Blueberry Acai 2:1:1 2:1 Beverage 2,renamed
23779,Green Revolution Beverage Sweet Watermelon - 12.00oz,Green Revolution Sweet Watermelon Beverage 12floz,renamed
23778,Wildside Beverage Summer Peach - 12oz,Green Revolution Wildside Summer Peach 1:1 Beverage 2,renamed
23777,Green Revolution Beverage Blackberry Lemonade Fizz 20:1 CBD - 12oz,Green Revolution Blackberry Lemonade Fizz 20:1 CBD Beverage 12floz,renamed
23761,Suspended THC Iceberg -Super Boof - 3.5g mix,Suspended Brands Suspended Super Boof Flower 3.5g,renamed
23760,Suspended THC ICEBERG Superboof- 1g,Suspended Brands Suspended Super Boof Moon Rocks 1g,renamed
23758,Suspended THC ICEBERG Black Koffee - 1g,Suspended Brands Suspended Black Koffee Mix Infused Flower 1g,renamed
23756,THC Iceberg - Amarelo - 1.0g,Suspended Brands Suspended Amarelo Flower 1g,renamed
23751,Suspended Flower Commando #7 - 3.5g,Suspended Brands Suspended Commando 7 Flower 3.5g,renamed
23749,Suspended Flower Commando #7 - 1g,Suspended Brands Suspended Commando 7 Flower 1g,renamed
23747,Suspended Flower Super Boof -7g,Suspended Brands Suspended Super Boof Flower 7g,renamed
23746,Suspended Flower Super Boof -1g,Suspended Brands Suspended Super Boof Flower 1g,renamed
23743,Suspended Flower Black Koffee - 1g,Suspended Brands Suspended Black Koffee Flower 1g,renamed
23740,Suspended Flower Star Pebbles- 1g,Suspended Brands Suspended Star Pebbles Flower 1g,renamed
23739,ThunderChief - Flower 3.5g TC - Frosty - 3.5g,Alki Herbal Thunder Chief Frosty Flower 3.5g,renamed
23738,ThunderChief - Flower 3.5g TC - Black Cherry - 3.5g,Alki Herbal Thunder Chief Black Cherry Flower 2,renamed
23736,ThunderChief - Flower 3.5g TC - Gasolina - 3.5g,Alki Herbal Thunder Chief Gasolina Flower 3.5g,renamed
23733,ThunderChief - Pre-Rolls 2x0.5g TC - Gasolina - 1g,Alki Herbal Thunder Chief Gasolina Pre-roll 2,renamed
23732,ThunderChief - Pre-Rolls 2x0.5g TC - Frosty - 1g,Alki Herbal Thunder Chief Frosty Pre-roll 1g,renamed
23731,ThunderChief - Pre-Rolls 2x0.5g TC - Butter - 1g,Alki Herbal Thunder Chief Butter Pre-roll 1g,renamed
23730,ThunderChief - Pre-Rolls 2x0.5g TC - Blueberry Ocean - 1g,Alki Herbal Thunder Chief Blueberry Ocean Pre-roll 1g,renamed
23729,ThunderChief - Pre-Rolls 2x0.5g TC - Big Perm - 1g,Alki Herbal Thunder Chief Big Perm Pre-roll 1g,renamed
23727,ThunderChief - Pre-Rolls 5x0.5g TC - Frosty - 2.5g,Alki Herbal Thunder Chief Frosty Pre-roll 2.5g,renamed
23722,Major Beverage Orange Mango - 6.66oz,Evergreen Herbal Major Orange Mango Beverage 6.66floz,renamed
23721,Major Beverage Atomic Apple - 6.3oz,Evergreen Herbal Major Atomic Apple Beverage 6.3floz,renamed
23714,4.20 Bar Minis Milk Chocolate - 2.00oz,Evergreen Herbal 4.20 Bar Milk Chocolate Minis 2oz,renamed
23711,4.20 Bar Minis Dark Chocolate Sea Salt - 2.00oz,Evergreen Herbal 4.20 Bar Dark Chocolate Sea Salt Minis 2oz,renamed
23708,Mfused Disposable Cartridge Genius Mode Lemon CBC:CBD 1:1:1,Mfused Genuis Mode 4:1 Disposable Cartridge 1g,renamed
23706,Burzt - Twisted - 60ml - 100mg - Lemon Loopz,Mfused Lemon Loopz Beverage 60ml,renamed
23705,MFUSED Cartridge Notorious THC 1g Tank,Mfused Notorious THC Cartridge 3,renamed
23704,Super Fog - Loud - Tank - 1g (1pk) - Blueberry Muffin - IND - Sweet,Mfused Blueberry Muffin Cartridge 1g,renamed
23701,Super Fog - Fire - Tank - 1g (1pk) - Granddaddy Purple - IND - Sweet,Mfused Grand Daddy Purple Cartridge 2,renamed
23698,Super Fog - Fire - Tank - 1g (1pk) - Blu VooDoo - HYB - Dessert,Mfused Blu Voodoo Cartridge 1g,renamed
23697,Super Fog - Fire - Tank - 1g (1pk) - Rainier Cherries - SAT - Haze,Mfused Rainier Cherry Cartridge 1g,renamed
23686,Journeyman CBN Huckleberry Jellies,Botanica Seattle Journeyman Huckleberry Gummies 2,renamed
23685,HashBurger Live Resin [1g] [All-In-One],Lifted Cannabis Hash Burger Disposable Cartridge 1g,renamed
23673,Royal Kind Flower Candy Gas - 3.5g,Rgl Industries Royal Kind Candy Gas Flower 2,renamed
23669,SPR - 1g HASH ROSIN - Blue Slushie,Seattles Private Reserve Spr Blue Slushie Hash Rosin 2,renamed
23668,SPR - 1g HASH ROSIN - Charmz,Seattles Private Reserve Spr Charmz Hash Rosin 1g,renamed
23667,SPR - 1g HASH ROSIN - Stuffed Cherry Zlushiez,Seattles Private Reserve Seattle's Private Reserve Stuffed Cherry Zlushiez,renamed
23666,SPR - 1g HASH ROSIN - Cake Frosting,Seattles Private Reserve Spr Cake Frosting Rosin 1g,renamed
23656,SPR - 2pk Joint Box (2g) - Orangeade,Seattles Private Reserve Spr Orangeade Pre-roll 2g,renamed
23655,SPR - 2pk Joint Box (2g) - The Glue,Seattles Private Reserve Spr The Glue Pre-roll 2g,renamed
23654,SPR - 2pk Joint Box (2g) - Gushers,Seattles Private Reserve Spr Gushers Pre-roll 2g,renamed
23653,SPR - 2pk Joint Box (2g) - Dutch Treat,Seattles Private Reserve Spr Dutch Treat Pre-roll 2g,renamed
23652,SPR - 2pk Joint Box (2g) - Gas Face,Seattles Private Reserve Spr Gas Face Pre-roll 2g,renamed
23651,SPR - 2pk Joint Box (2g) - Pure Krush,Seattles Private Reserve Spr Pure Krush Pre-roll 1g,renamed
23650,SPR - 2pk Joint Box (2g) - Sour Diesel,Seattles Private Reserve Seattle's Private Reserve Sour Diesel Pre-roll 2,renamed
23649,SPR - 2pk Joint Box (2g) - Stuffed Cherry Zlushiez,Seattles Private Reserve Spr Stuffed Cherry Zlushiez Pre-roll 2g,renamed
23644,SPR - Moon Beams - 3.5g,Seattles Private Reserve Spr Moon Beams Flower 3.5g,renamed
23605,The Capsule Collection - 1g Disposable - The Capsule Collection - White Gummiez - 1g,Joint Ventures Micro Bar White Gummy Disposable Cartridge 1g,renamed
23595,Flower - Tropicana Cherry - 1g - Trade Sample,Green Adventures Mz. A Tropicanna Cherry Flower 1g,renamed
23593,Flower - Black Runtz - 3.5g,Green Adventures Mz. A Black Runtz Flower 3.5g,renamed
23578,VICE - Hash Rosin Peach Tea - 100mg THC : 100mg CBG - DOH,Dogtown Pioneers Ray's Peach Beverage 355ml,renamed
23576,Lil Rays Hash Rosin Strawberry Lemonade - 1.75oz,Dogtown Pioneers Lil Rays Hash Rosin Strawberry Lemonade Beverage 1.75floz,renamed
23572,Rays Lemonade Hash Rosin Cranberry Tangerine Lemonade - 100mg THC : 100mg CBG,Dogtown Pioneers Rays Lemonade Cranberry Liquid Infused Edible 12floz,renamed
23569,Lil Rays Beverage Tiger's Blood Lemonade - 100mg - DOH,Dogtown Pioneers Lil Rays Tigers Blood Liquid Infused Edible 1.75floz,renamed
23568,Lil Rays Raspberry Lemonade - 2oz,Dogtown Pioneers Ray's Lil Rays Raspberry Lemonade Beverage 2floz,renamed
23562,Mary Jones Soda Berry Lemonade - 12oz,Dogtown Pioneers Mary Jones Berry Lemonade Soda 12floz,renamed
23561,Mary Jones Soda Orange & Cream - 12oz,Dogtown Pioneers Mary Jones Orange Cream Soda 12floz,renamed
23558,Lil' Rays Beverage Dragon Fruit Lemonade - 1.75oz,Dogtown Pioneers Lil' Rays Dragon Fruit Lemonade Beverage 1.75floz,renamed
23557,Rays Lemonade Beverage Dragon Fruit - 12oz,Dogtown Pioneers Rays Lemonade Dragon Fruit Beverage 12floz,renamed
23556,VICE - Blackberry Cream - 100mg THC : 100mg CBD : 5mg CBN,Dogtown Pioneers Vice Blackberry Cream Liquid Infused Edible 12floz,renamed
23554,VICE - Uglifruit - 100mg THC : 100mg CBD - DOH,Dogtown Pioneers Vice Uglifruit Liquid Infused Edible 12floz,renamed
23552,lil' Rays - Huckleberry Lemonade - 100mg THC : 100mg CBD : 10mg CBN,Dogtown Pioneers Lil Rays Huckleberry Beverage 2floz,renamed
23545,Freddy's Fuego Peg Legs - Ice Cream Mintz - Legacy -2 x 0.5g,Quality Green Trees Freddy's Fuego Ice Cream Mintz Pre-roll 2,renamed
23544,Freddy's Fuego Peg Legs - Dantes Inferno - Legacy - 2 x 0.5g,Quality Green Trees Freddy's Fuego Dante's Inferno Pre-roll 2,renamed
23542,Freddy's Fuego Flower - Dirty Sugah - 3.5g (Flagship),Quality Green Trees Freddy's Fuego Dirty Sugah Flower 3.5g,renamed
23541,Freddy's Fuego Flower - Baby Yo-Duh - 3.5g (Flagship),Quality Green Trees Freddy's Fuego Baby Yo Duh Flower 3.5g,renamed
23538,Freddy's Fuego Flower - Lemon Shortbread - 3.5g (Legacy),Quality Green Trees Freddy's Fuego Lemon Shortbread Flower 2,renamed
23532,Live Resin Disposable - Black Trop Cherry - 1g,Quality Green Trees Freddy's Fuego Black Trop Cherry Disposable 2,renamed
23531,Live Resin Disposable - Lemon Shortbread - 1g,Quality Green Trees Freddy's Fuego Lemon Shortbread Disposable 2,renamed
23530,The Capsule Collection - 1g Disposable - The Capsule Collection - The Dew - 1g,Joint Ventures Micro Bar The Dew Disposable Cartridge 1g,renamed
23529,Ooowee - Live Resin - B - 1G Disposable - FaceLock - 1g,R B Group Ooowee Facelock Disposable Cartridge 1g,renamed
23528,Ooowee - Live Resin - B - 1G Disposable - Late Bloomer - 1g,R B Group Ooowee Late Bloomer Disposable Cartridge 1g,renamed
23527,Ooowee - Live Resin - A - 1G Disposable - Mr. Bad - 1g,R B Group Ooowee Mr. Bad Disposable Cartridge 1g,renamed
23526,Ooowee - Live Resin - A - 1G Disposable - Gusherlicious - 1g,R B Group Ooowee Gusherlicious Disposable Cartridge 1g,renamed
23525,Ooowee - JUICED 5/1G Infused PreRoll - Ghost Berry - Crunch Berries - 5g,R B Group Ooowee Crunch Berriez Infused Pre-roll 5g,renamed
23521,Ooowee - JUICED 1G Infused PreRoll - Ghost Berry - Crunch Berries - 1g,R B Group Ooowee Crunch Berriez Infused Pre-roll 1g,renamed
23520,Ooowee - JUICED 1G Infused PreRoll - Peach Passion - Truffle Oreos - 1g,R B Group Ooowee Truffle Oreos Infused Pre-roll 1g,renamed
23503,Ooowee - 5/1G Pre-Roll - White Peach - 5g,R B Group Ooowee White Peach Pre-roll 5g,renamed
23492,Ooowee - 1G Hydrocarbon Concentrate - Sunset Lemonade - 1g,R B Group Ooowee Sunset Lemonade Bho 1g,renamed
23488,Ooowee - 1G Hydrocarbon Concentrate - FaceLock - 1g,R B Group Ooowee Facelock Bho 1g,renamed
23483,Torpedo Cannagar Hotbox - Purple Punch - 14g (4x3.5g),Frosted Cannabis Purple Punch Pre-roll 14g,renamed
23482,Torpedo Cannagar Hotbox - Blue Dream - 14g (4x3.5g),Frosted Cannabis Blue Dream Pre-roll 14g,renamed
23478,Frosted Cannabis infused pre-roll Limoncello,Frosted Cannabis Lemoncello Infused Pre-roll 1g,renamed
23477,Candy Cane w/THCA - 1g,Frosted Cannabis Candy Cane Infused Pre-roll 1g,renamed
23457,Ztrufflez SugarStix [1g],Lifted Cannabis Lifted Ztrufflez Infused Pre-roll 2,renamed
23456,Lifted SugarStix Wedding Cake - 1g,Lifted Cannabis Lifted Wedding Cake Infused Pre-roll 2,renamed
23451,Blue Lobster SugarStix [1g],Lifted Cannabis Lifted Blue Lobster Infused Pre-roll 3,renamed
23443,Moroccan Peaches Live Resin [1g] [All-In-One],Lifted Cannabis Lifted Moroccan Peaches Disposable Cartridge 1g,renamed
23441,Burnout #33 Live Resin [1g] [All-In-One],Lifted Cannabis Lifted Burnout 33 Disposable Cartridge 2,renamed
23433,Blue Lobster Cured [1g] [All-In-One],Lifted Cannabis Lifted Blue Lobster Disposable Cartridge 1g,renamed
23428,Const Cold Cure 1g - Pie Hoe,Alpha Crux Llc Constellation Pie Hoe Rosin 1g,renamed
23423,Const HRG EFCT 1:2 Strawberry Lychee + Magnesium L-Threonate (200 CBN) 10 Pack (I),Alpha Crux Llc Constellation 1:2 Strawberry Lychee + Magnesium 3,renamed
23419,Const INF 14pk 7g - Coffee Creamer,Alpha Crux Llc Constellation Coffee Creamer Infused Pre-roll 7g,renamed
23416,Const INF 2pk 1g - Georgia Pie,Alpha Crux Llc Constellation Georgia Pie Pre-roll 1g,renamed
23413,Const INF 2pk 1g - Coffee Creamer,Alpha Crux Llc Constellation Coffee Creamer Pre-roll 1g,renamed
23410,Green Reaper - Live Resin Disposable - Cherry Pie - 1g,Cassidy Cannabis Llc Greenrush Cherry Pie Disposable Cartridge 1g,renamed
23409,Green Reaper - Live Resin Disposable - Bacio Gelato - 1g,Cassidy Cannabis Llc Green Reaper Bacio Gelato Disposable Cartridge 1g,renamed
23408,Green Reaper - Live Resin Cart - Strawberry Cough - 1g,Cassidy Cannabis Llc Greenrush Strawberry Cough Cartridge 1g,renamed
23407,Green Reaper - Live Resin Disposable - Runtz - 1g,Cassidy Cannabis Llc Greenrush Runtz Disposable Cartridge 1g,renamed
23405,Green Reaper - Live Resin Cart - Permanent Marker - 1g,Cassidy Cannabis Llc Greenrush Permanent Marker Cartridge 1g,renamed
23404,Live Resin Cart - Jack Herer - 1g,Cassidy Cannabis Llc Greenrush Jack Herer Cartridge 1g,renamed
23403,Live Resin Cart - Girl Scout Cookies - 1g,Cassidy Cannabis Llc Greenrush Gsc Cartridge 1g,renamed
23402,Green Reaper - Live Resin Disposable - Jack Herer - 1g,Cassidy Cannabis Llc Greenrush Jack Herer Disposable Cartridge 1g,renamed
23401,Green Reaper - Live Resin Disposable - Runtz - 1g,Cassidy Cannabis Llc Greenrush Runtz Disposable Cartridge 2,renamed
23400,Green Reaper - Live Resin Disposable - Strawberry Cough - 1g,Cassidy Cannabis Llc Greenrush Strawberry Cough Disposable Cartridge 1g,renamed
23399,Green Reaper - Live Resin Cart - Bacio Gelato - 1g,Cassidy Cannabis Llc Greenrush Bacio Gelato Cartridge 1g,renamed
23383,Stingers - 5pk .5g Pre-Rolls - Strawberry Kush - 2.5g,Wamsterdam Farms Stingers Strawberry Kush Infused Pre-roll 3,renamed
23382,Stingers - 2pk .5g Pre-Rolls - Master Kush - 1g,Wamsterdam Farms Stingers Master Kush Infused Pre-roll 2,renamed
23379,Stinger Sweets Razzberry Blaze .5g 2pk - Razzberry Blaze - 1g,Wamsterdam Farms Stingers Razzmatazz Infused Pre-roll 1g,renamed
23378,Stingers - 2pk .5g Pre-Rolls - Grape soda - 1g,Wamsterdam Farms Stingers Grape Soda Infused Pre-roll 1g,renamed
23371,Stingers - Stinger Sweets Guava Lava .5g 2pk - Guava Lava - 1g,Wamsterdam Farms Stingers Guava Infused Pre-roll 1g,renamed
23367,Stinger Sweets Pineapple Juice .5g 2pk - Pineapple Juice - 1g,Wamsterdam Farms Stingers Pineapple Infused Pre-roll 1g,renamed
23366,Stingers Sweets Melted Melon .5g 2pk - Melted Melon - 1g,Wamsterdam Farms Stingers Melon Gum Infused Pre-roll 1g,renamed
23364,Stinger 1g Blunt - MJ Mix Infused - Georgia Peach - 1g,Wamsterdam Farms Stinger Georgia Frost 10:1 Infused Blunt 1g,renamed
23362,Stinger Blunt Animal Cookies - 1g,Wamsterdam Farms Stingers Animal Cookies Infused Blunt 1g,renamed
23359,Journeyman CBG Pineapple Lemonade (100mg THC/100mg CBG),Botanica Seattle Journeyman Pineapple Lemonade Gummies 2oz,renamed
23358,Mr. Moxey Mints Relax Cinnamon 1:1 - 0.42oz,Botanica Seattle Mr. Moxey Relax Cinnamon 1:2 Mints 0.42oz,renamed
23356,Journeyman Beverage pineapple lemonade thc/cbg,Botanica Seattle Journeyman Pineapple Lemonade Shots 2,renamed
23355,Journeyman CBC Watermelon Lemonade (100mg THC/50mg CBC),Botanica Seattle Journeyman Watermelon Lemonade Beverage 2,renamed
23354,Journeyman CBN Blueberry Lemonade (100mg THC/50mg CBN),Botanica Seattle Journeyman Blueberry Lemonade Beverage 2floz,renamed
23352,Journeyman Beverage Peach Lemonade - 2oz,Botanica Seattle Journeyman Peach Lemonade Beverage 2floz,renamed
23350,Journeyman Beverage Tropical Lemonade - 2oz,Botanica Seattle Journeyman Tropical Lemonade Beverage 2,renamed
23343,Journeyman Edible 1:1 Sour Apple,Botanica Seattle Journeyman Sour Apple 1:1 Edible 2,renamed
23330,SUPREME Live Diamond Disposable - Super Boof - 1g,Subx Super Boof Disposable Cartridge 1g,renamed
23326,SELECT Cured Classic Cartridge - Romulan - 1g,Subx Sub X Romulan Cartridge 1g,renamed
23322,SIGNATURE Pre-Roll - Swampwater Fumez - 2pk,Subx Swampwater Fumez Pre-roll 2,renamed
23319,SIGNATURE Pre-Roll - Power - 2pk,Subx Power Pre-roll 1g,renamed
23318,SIGNATURE Smalls - Gelly Rain - 3.5g,Subx Gelly Rain Flower 3.5g,renamed
23317,SIGNATURE Smalls - Island Octane - 3.5g,Subx Island Octane Flower 3.5g,renamed
23313,SIGNATURE Flower - Gelly Rain - 7g,Subx Gelly Rain Flower 7g,renamed
23312,SIGNATURE Flower - Gelly Rain - 3.5g,Subx Gelly Rain Flower 2,renamed
23311,SIGNATURE Flower - Gelly Rain - 1g,Subx Gelly Rain Flower 1g,renamed
23310,SUBX  SIGNATURE Flower - I-95 Cookies - 7g,Subx I-95 Cookies Flower 7g,renamed
23309,SUBX SIGNATURE Flower - I-95 Cookies - 3.5g,Subx I-95 Cookies Flower 3.5g,renamed
23308,SUBX SIGNATURE Flower - I-95 Cookies - 1g,Subx I-95 Cookies Flower 1g,renamed
23307,SUBX SIGNATURE Flower - GMO - 7g,Subx Sub X Gmo Flower 7g,renamed
23306,SUBX SIGNATURE smalls Flower - GMO - 3.5g,Subx Gmo Flower 3,renamed
23305,SUBX SIGNATURE Flower - GMO - 1g,Subx Gmo Flower 1g,renamed
23297,ThunderStix BLUNT-Tilted-DOH-glass tip preroll(1.2g) / Barf Breath,Bellevue Cannabis Company Tilted Barf Breath Infused Blunt 1.2g,renamed
23294,Thunder Stix-Tilted-DOH-Glass Tip PreRoll 3-Pack (3.6g) / Hash Burger (IH),Bellevue Cannabis Company Tilted Hash Burger Infused Pre-roll 3.6g,renamed
23269,Northwest CCELL® FULL SPEC Ceramic Cart - 1g - Super Boof [ H ],Xtracted Labs Northwest Concentrates Super Boof Cartridge 1g,renamed
23260,Northwest Concentrates - CLASSIC DABS - White Widow - 1g [ S ],Xtracted Labs Northwest Concentrates White Widow Bho 1g,renamed
23252,REIMAGINE Gummy - (Slumber) Berry Pomegranate 20:10:1 CBN:CBD:THC 31mg,Evergreen Herbal Berry Pomegranate 1:10 Gummies 2,renamed
23251,Major Beverage Sacred Grape - 6.7oz,Evergreen Herbal Major Sacred Grape Beverage 6.7floz,renamed
23247,BLAZE Gummy Rosin - Baja Blaze 1:1:1:1 CBC:CBG:CBD:THC 400mg,Evergreen Herbal Sinner Saints Baja Blaze 1:1 Gummies 27g,renamed
23244,Flower Pre-Rolls - Babysita - 28g (56x0.5g),Everigreene Zen Cannabis Babysita Pre-roll 28g,renamed
23242,Flower Pre-Rolls - Too Much Papaya - 28g (28x1g),Everigreene Zen Cannabis Too Much Papaya Pre-roll 2,renamed
23241,Zen - DOH Compliant Flower PreRoll 1gx28pk - Too Much Lime - 28g,Everigreene Zen Cannabis Too Much Lime Pre-roll 4g,renamed
23239,Zen Flower Pre-Rolls - Kacklesnatch - 28g (28x1g),Everigreene Zen Cannabis Kacklesnatch Pre-roll 2,renamed
23224,Phat Panda Flower OG Chem 3.5g,Grow Op Farms Phat Panda Og Chem Flower 3,renamed
23222,Phat Panda Flower Golden Pineapple - 3.5g,Grow Op Farms Phat Panda Golden Pineapple Flower 3,renamed
23216,Phat Panda Bong Buddies OG Chem,Grow Op Farms Phat Panda Og Chem Flower 4,renamed
23210,Phat panda Pre-roll White Gummie Bears 1g,Grow Op Farms Phat Panda White Gummie Bears Pre-roll 1g,renamed
23209,Phat Panda Pre-roll OG Chem - 1g,Grow Op Farms Phat Panda Og Chem Pre-roll 3,renamed
23191,JT JAR6 28 X .5g WALBOLD - SR-71,Walden Cannabis Walden Sr-71 Pre-roll 3,renamed
23189,JT JAR6 28 x .5g SUNSHINE - Orange Creamsicle,Walden Cannabis Walden Orange Creamsicle Pre-roll 3,renamed
23188,JT JAR6 28 x .5g SUNSHINE - Northern Lights #5,Walden Cannabis Walden North Light 5 Pre-roll 3,renamed
23186,TRM JAR8 28g WALFREE - Honey Runtz,Walden Cannabis Walden Honey Runtz Flower 28g,renamed
23182,RYO JAR6 14g WALWILD - Lemon Jack,Walden Cannabis Walden Lemon Jack Flower 14g,renamed
23181,RYO JAR6 14g WALCALM - Key Lime Tart,Walden Cannabis Walden Key Lime Tart Flower 14g,renamed
23180,RYO JAR6 14g WALBOLD - Jack 47,Walden Cannabis Walden Jack 47 Flower 14g,renamed
23171,EDB GMY 100mg THCV - Blue Raspberry 1:1 10pk DOH,Walden Cannabis Walden Blue Raspberry Fruit Chews 3,renamed
23169,FL JAR4 3.5g RESWILD - Apple Slapz DOH,Walden Cannabis Walden Apple Slapz Flower 3.5g,renamed
23166,FL JAR4 3.5g RESBOLD - Super Boof,Walden Cannabis Walden Super Boof Flower 3.5g,renamed
23165,The Capsule Collection - 1g Disposable - The Capsule Collection - Mixed Berriez - 1g,Joint Ventures Micro Bar Mixed Berry Disposable Cartridge 1g,renamed
23164,LIVE extract - HASSEL HOTH - 1g,Downtown Cannabis Company Downtown Hassel Hoth Disposable Cartridge 1g,renamed
23163,Svin Gardens Rosin 510 Cart - Puro Loco - 1g,Alpenglow Extracts Svin Puro Loco Cartridge 1g,renamed
23160,Collections - Full Spectrum - Hash Rosin - Sunset Sherbet - (DOH) - 1g,Blue Roots Sunset Shebert Hash Rosin 1g,renamed
23159,Collections - Full Spectrum - Hash Rosin - Icy Sundae - (DOH) - 1g,Blue Roots Icy Sundae Hash Rosin 1g,renamed
23157,Collections - T2 - Hash Rosin - Baby Diesel - (DOH) - 1g,Blue Roots Baby Diesel Hash Rosin 1g,renamed
23156,Collections - T2 - Hash Rosin - Maple Drip #6 - (DOH) - 1g,Blue Roots Maple Drip Hash Rosin 1g,renamed
23155,Collections - T2 - Hash Rosin - Sour Mintz - (DOH) - 1g,Blue Roots Sour Mintz Hash Rosin 1g,renamed
23154,Collections - T2 - Hash Rosin - Mani - (DOH) - 1g,Blue Roots Mani Hash Rosin 1g,renamed
23153,Fugu - T1 - Hash Rosin - Pineapple Express - (DOH) - 1g,Blue Roots Fugu Farms Pineapple Express Hash Rosin 1g,renamed
23152,Fugu - T1 - Hash Rosin - Xeno Punch - (DOH) - 1g,Blue Roots Fugu Farms Xeno Punch Hash Rosin 1g,renamed
23151,Fugu - T1 - Hash Rosin - Cookie Krisp - (DOH) - 1g,Blue Roots Fugu Farms Cookie Krisp Hash Rosin 1g,renamed
23150,Fugu - T1 - Hash Rosin - Sunset Sherbet - (DOH) - 1g,Blue Roots Fugu Farms Sunset Shebert Hash Rosin 1g,renamed
23149,WALDEN - SWEETHEART SIX PACK FAN 6 X .5g,Walden Cannabis Walden Mixed Pre-roll 3g,renamed
23146,mfused battery-purple,Mfused Accessories,renamed
23145,MFUSED Battery  - Orange,Mfused Orangasm Accessories 1g,renamed
23144,mfused battery-pink,Mfused 2,renamed
23129,Downtown Cannabis Flower Hassel Hoth 7g,Downtown Cannabis Company Downtown Cannabis Hassel Hoth Flower 7g,renamed
23125,Downtown Cannabis Flower Swift Cheese 3.5g,Downtown Cannabis Company Downtown Cannabis Swift Cheese Flower 3.5g,renamed
23119,Downtown flower sour kush 3.5g,Downtown Cannabis Company Downtown Sour Kush 5:1 Flower 3.5g,renamed
23115,Downtown Pre-roll Super Fuzzy - 1g,Downtown Cannabis Company Goodies Cannabis Super Fuzzy Pre-roll 1g,renamed
23114,Torus - Flower - Pink Runtz - 3.5g,Evergreen Hydro Farms Torus Pink Runtz Flower 3.5g,renamed
23113,Torus - Flower - Blue Zoap - 3.5g,Evergreen Hydro Farms Torus Blue Zoap Flower 3.5g,renamed
23112,Torus - - Pre Rolls (Flower) - Mint Milkshake - 1g,Evergreen Hydro Farms Torus Mint Milkshake Pre-roll 1g,renamed
23111,hashbreak - Pre Rolls (Infused) - Cookies & Cream - 1g,Evergreen Hydro Farms Torus Cookies Cream Infused Pre-roll 2,renamed
23110,hashbreak - Pre Rolls (Infused) - Lemon Drop - 1g,Evergreen Hydro Farms Torus Lemon Drop Infused Pre-roll 2,renamed
23106,hashbreak - Pre Rolls (Infused) - Lemon Drop - 3.5g,Evergreen Hydro Farms Torus Lemon Drop Infused Pre-roll 3.5g,renamed
23104,HashBreak - Hashbreak 2 Pack - Tutti Fruitti - 1g,Evergreen Hydro Farms Torus Tutti Frutti Infused Pre-roll 2,renamed
23100,hashbreak - Pre Rolls (Infused) - Lemon Cherry Punch - 1g,Evergreen Hydro Farms Torus Lemon Cherry Punch Infused Pre-roll 1g,renamed
23097,Two Heads Distillate Raw - 1g,Limelight Two Heads Raw Th Distillate 3,renamed
23081,Two Heads Cartridge Maui CBD - 1g,Limelight Two Heads Maui 1:1 Cartridge 1g,renamed
23075,Skagit Organics Platinum RSO Tahoe OG - 1g,Skagit Organics Skagit Organics Platinum Tahoe Og RSO 1g,renamed
23073,RSO Platinum - Blue Dream - Sativa - 1g,Skagit Organics Blue Dream RSO 1g,renamed
23070,CBG Original - Stem Cell CBG - 1g,Skagit Organics Stem Cell 1:1 RSO 2,renamed
23063,Skagit Organics RSO 9# Hammer - 1g,Skagit Organics 9 Hammer RSO 2,renamed
23059,Capsules RSO Original - Purple Cadillac - CBN - DOH+,Skagit Organics Purple Cadillac 1:5 Capsule 4.5g,renamed
23013,Mindmelt Fortified Preroll 2-Pack - The Juice - 2g,Botanical Arts Buddies The Juice Infused Pre-roll 2,renamed
23009,Honey Stixx Infused Pre-roll - Strawberry Bliss - Flavored - Sativa,Conscious Cannabis Honey Stixx Strawberry Bliss Infused Pre-roll 3,renamed
23008,Honey Stixx - 1pk - Flavored Infused Preroll - Twisted Peach - Hybrid - 0.75g,Conscious Cannabis Honey Stixx Twisted Peach Infused Pre-roll 0.75g,renamed
22992,Bodhi Original Vape - NYC Diesel,Conscious Cannabis Bodhi High Nyc Diesel Cartridge 2,renamed
22991,Bodhi Original Vape - Blueberry Haze 1g,Conscious Cannabis Bodhi High Blueberry Haze Cartridge 1g,renamed
22954,Drops Edible Cherry,Edgemont Group Llc Leafwerx Gmo Edible 5,renamed
22944,Full Spec - Elite - Cartridge - 1g - (Core 4) (H) Purple Churro,Edgemont Group Llc Full Spec Purple Churro Cartridge 1g,renamed
22938,Wyld Gummies Huckleberry - 1.4oz,Ncmx Llc Wyld Huckleberry Gummies 4,renamed
22932,Good Tide Passion Fruit Gummies - Indica Rosin + CBD + CBN - 100mg THC : 100mg CBD : 100mg CBN,Ncmx Llc Wyld Passion Fruit 1:1 Gummies 2,renamed
22931,Good Tide Kiwi Strawberry Gummies - Hybrid Rosin + CBD + CBG - 100mg THC : 100mg CBD : 100mg CBG,Ncmx Llc Wyld Kiwi Strawberry 1:1 Gummies 42g,renamed
22925,REIMAGINE Gummy - (Slumber) Berry Pomegranate 20:10:1 CBN:CBD:THC 31mg,Evergreen Herbal Berry Pomegranate 1:10 Gummies 3,renamed
22924,Major Beverage Pink Lemonade - 6.7oz,Evergreen Herbal Major Pink Lemonade Beverage 6.7floz,renamed
22916,Svin Gardens Flower - London Lobster - 14g,Alpenglow Extracts Svin London Lobster Flower 14g,renamed
22910,Svin Garden Flower - London Lobster - 3.5g,Alpenglow Extracts Svin London Lobster Flower 3.5g,renamed
22909,Svin Garden Flower - Diamond Runtz - 3.5g,Alpenglow Extracts Svin Diamond Runtz Flower 3,renamed
22908,Svin Garden Flower - Amaretto Sour - 3.5g,Alpenglow Extracts Svin Amaretto Sour Flower 4,renamed
22907,Svin Garden Flower - Birthday Cake - 14g,Alpenglow Extracts Svin Birthday Cake Flower 14g,renamed
22901,Packaged Flower - Puro Loco - 3.5g,Alpenglow Extracts Svin Puro Loco Flower 2,renamed
22899,Flower - Cosmic Gelato - 3.5g,Alpenglow Extracts Svin Cosmic Gelato Flower 3.5g,renamed
22898,Svin Gardens Flower - Birthday Cake - 3.5g,Alpenglow Extracts Svin Birthday Cake Flower 2,renamed
22897,Svin Gardens Packaged Flower - Animal Mints - 3.5g,Alpenglow Extracts Svin Animal Mints Flower 3.5g,renamed
22894,Svin Garden Pre-Rolls - Amaretto Sour - 2x.5g,Alpenglow Extracts Svin Amaretto Sour Pre-roll 1g,renamed
22885,Svin Garden Liquid Diamonds 510 Cart - Jacuzzi - 1g,Alpenglow Extracts Svin Jacuzzi Cartridge 2,renamed
22883,Svin Gardens Liquid Diamonds 510 Cart - Puro Loco - 1g,Alpenglow Extracts Svin Puro Loco Cartridge 2,renamed
22881,Svin Gardens Liquid Diamonds 510 Cart - Golden Lemons - 1g,Alpenglow Extracts Svin Golden Lemons Cartridge 1g,renamed
22880,The Capsule Collection - Pink Guava Sherbet - 1g,Joint Ventures Micro Bar Pink Guava Sherbert Disposable Cartridge 1g,renamed
22879,SKORD Cartridge - Souped Up - 01g,Skord Souped Up Cartridge 2,renamed
22878,Tester Ceramic Cartridge - 01g - Sugar Cane,Skord Sugar Cane Cartridge 1g,renamed
22876,SKORD - Ceramic Cartridge - 01g - Cake Donut,Skord Cake Donut Cartridge 1g,renamed
22875,SKORD - Cartridge - Dark Rainbow - 01g,Skord Dark Rainbow Cartridge 2,renamed
22860,Lucid Topical Infusions Sativa 500,Farmwest 2 Lucid Infusions Sativa Topical 0.08oz,renamed
22859,Lucid Topical Infusion Indica 500,Farmwest 2 Lucid Infusion Indica Topical 0.07oz,renamed
22858,Lucid Topical Infusions Sativa 1000,Farmwest 2 Lucid Infusions Sativa Topical 0.16oz,renamed
22857,Lucid Topical Infusion Indica 1000,Farmwest 2 Lucid Infusion Indica Topical 1.5oz,renamed
22856,2727 - Pre-Rolls - 2727 - Red Delicious - 5g,2727 Red Delicious Pre-roll 5g,renamed
22855,Kelso Kandy - KK CART 1g - Watermelon - 1g,Clarity Farms Watermelon Cartridge 1g,renamed
22854,Fruit Burst - Watermelon Wipeout Indica 100mg,Jms. Consultants Swell Watermelon Wipeout Chewees 1.16oz,renamed
22853,Flower - Planet Sherb - 4g Double Dub,Top Shelf Planet Sherb Flower 4g,renamed
22845,Top shelf Pre-roll Cake N Bake - 4g,Top Shelf Cake N Bake Pre-roll 4g,renamed
22844,Top Shelf Joints - Berry Blender - .5g x 8 Pack,Top Shelf Berry Blender Pre-roll 4g,renamed
22814,Gas Face Cured [1g] [All-In-One],Lifted Cannabis Lifted Gas Face Disposable Cartridge 1g,renamed
22804,O' Geez - OG BAR 1g - Jack Herer - 1g,Clarity Farms Jack Herer Disposable Cartridge 1g,renamed
22803,O' Geez - OG BAR 1g - Alaskan Thunder Fuck - 1g,Clarity Farms Alaskan Thunder Fuck Disposable Cartridge 1g,renamed
22794,Const INF 14pk 7g - Coffee Creamer,Alpha Crux Llc Constellation Coffee Creamer Infused Pre-roll 2,renamed
22792,Const INF 2pk 1g - Georgia Pie,Alpha Crux Llc Constellation Georgia Pie Pre-roll 2,renamed
22790,Const INF 2pk 1g - Super Boof,Alpha Crux Llc Constellation Super Boof Pre-roll 1g,renamed
22789,Const INF 2pk 1g - Coffee Creamer,Alpha Crux Llc Constellation Coffee Creamer Pre-roll 2,renamed
22787,Constellation Cartridge Orange Peel - 0.5g,Alpha Crux Llc Constellation Orange Peel Cartridge 0.5g,renamed
22781,Canna Cantina Shot - Dankchata - 100mg,Alpha Crux Llc Constellation Dankchata Shots 1floz,renamed
22773,Const Flower Jar 3.5g - Gelato Cookies,Alpha Crux Llc Constellation Gelato Cookies Flower 3.5g,renamed
22770,constellation rosin Georgia Pie,Alpha Crux Llc Constellation Georgia Pie Rosin 2,renamed
22769,Wook Gone Wild Tea Mango Lemonade - 400mg,Alpha Crux Llc Constellation Mango Lemonade 1:1 Beverage 2,renamed
22742,Legit Gold Cherry Blossom OG - 1g,Canna Processing Legit Gold Cherry Blossom Og Infused Pre-roll 3,renamed
22718,Second Nature Flower 3.5g / Sub Zero,Hesperides Second Nature Sub Zero Flower 2,renamed
22716,Second Nature Flower Cake -  3.5g,Hesperides Second Nature Cake Flower 2,renamed
22715,Second Nature Flower Bottomless Mimosa - 3.5g,Hesperides Second Nature Bottomless Mimosa Flower 2,renamed
22714,Second nature Flower Blueberry Cheesecake 3.5g,Hesperides Second Nature Blueberry Cheesecake Flower 2,renamed
22711,Second Nature Flower Blueberry Cheesecake 28g,Hesperides Second Nature Blueberry Cheesecake Flower 28g,renamed
22706,Thunder Stix - Tilted-DOH-Glass Tip Preroll (1.2g) / Spritzer (H),Bellevue Cannabis Company Tilted Spritzer Infused Pre-roll 1.2g,renamed
22705,Thunder Stix - Tilted-DOH-Glass Tip Preroll (1.2g) / Sour Lemon Drop,Bellevue Cannabis Company Tilted Sour Lemon Drop Infused Pre-roll 1.2g,renamed
22680,Tilted Flower GMO Mind Flayer (Indica) - 3.5g,Bellevue Cannabis Company Tilted Gmo Mindflayer Flower 2,renamed
22677,Freddy's Fuego Peg Legs - Lyon King - Legacy - 2 x 0.5g,Quality Green Trees Freddy's Fuego Lyon King Pre-roll 1g,renamed
22662,Kelly's Sweet Hash Edibles - Kellys - 1pk Cookie Dough - 10mg THC - Snickerdoodle,Big City Sasquatch Llc Captain Yeti Snickerdoodle Edible 14g,renamed
22661,Burzt - Twisted - 60ml - 100mg - Wild Watermelon,Mfused Wild Watermelon Liquid Infused Edible 60ml,renamed
22660,Burzt - Twisted - 60ml - 100mg - Swirly Temple,Mfused Swirly Temple Beverage 60ml,renamed
22656,Fire Bros Flower Yuzu Sour - 3.5g,Fire Bros. Fire Bros Yuzu Sour Flower 3.5g,renamed
22653,Fire Bros Pre-Roll 2-Pack - Rah Tah Tah - 1g,Fire Bros. Fire Bros Rah Tah Tah Pre-roll 2,renamed
22641,Fire Bros Disposable Squeezy,Fire Bros. Fire Bros Squeezy Disposable Cartridge 1g,renamed
22634,Northwest CCELL® FULL SPEC Ceramic Cart - 1g - Jet Fuel Gelato [ H ],Xtracted Labs Northwest Concentrates Jet Fuel Gelato Cartridge 2,renamed
22617,Green Revolution: Beverage Tropical Mango 2:1 - 12oz,Green Revolution Green Revolution: Tropical Mango 2:1 Beverage 2,renamed
22616,Green Revolution Beverage Blackberry Lemonade Fizz 20:1 CBD - 12oz,Green Revolution Blackberry Lemonade Fizz 20:1 CBD Beverage 2,renamed
22615,Green Revolution: Beverage Wildside Blackberry Lemonade 2:1 CBD - 12oz,Green Revolution Green Revolution: Blackberry Lemonade Beverage 12floz,renamed
22607,Doozies Gummies Marionberry Indica 2:1 THC/CBN - 2.8oz,Green Revolution Doozies Marionberry Indica 2:1 THC CBN Gummies 2.8oz,renamed
22606,Green Revolution Mini Doozies Blue Raspberry 1:1:1 Nighttime + Melatonin,Green Revolution Doozies Blue Raspberry 1:1 Edible 60g,renamed
22596,Ooowee - JUICED Hydrocarbon Concentrate - Raspberry Mimosa - Key Bump - 1g,R B Group Ooowee Key Bump Bho 1g,renamed
22595,Ooowee - JUICED 1G Hydrocarbon Concentrate - Orange Sunrise - Mr. Bad - 1g,R B Group Ooowee Orange Sunrise Bho 1g,renamed
22573,Ooowee - 5/1G Infused PreRoll - Mango Haze - 5g,R B Group Ooowee Mango Haze Infused Pre-roll 5g,renamed
22544,Fruit Burst Vibes - Strawberry Tsunami 50:1 CBD:THC 510mg,Jms. Consultants Swell Strawberry Tsunami Chewees 1.16g,renamed
22532,Lifted Flower wedding cake 28g,Lifted Cannabis Lifted Wedding Cake Flower 28g,renamed
22520,Blue Lobster SugarStix [1g],Lifted Cannabis Lifted Blue Lobster Infused Pre-roll 4,renamed
22515,Lifted Pre-roll Permanent Marker - 1g,Lifted Cannabis Lifted Permanent Marker Pre-roll 1g,renamed
22514,Lifted Pre-roll Metaverse - 1g,Lifted Cannabis Lifted Metaverse Pre-roll 3,renamed
22512,Walden Cartridge Hurkle CBD 3:1 - 1g,Walden Cannabis Walden Hurkle 1:3 Cartridge 1g,renamed
22511,Kelso Kandy - KK CART 1g - Strawberry - 1g,Clarity Farms Strawberry Cartridge 1g,renamed
22510,Honey Stixx - 2Pk - Crystal - God's Gifts X Permafrost,Conscious Cannabis Honey Stixx God's Gifts X Permafrost Infused 2,renamed
22509,Suspended Brands Iceberg GMO - 1g,Suspended Brands Gmo Moon Rocks 1g,renamed
22499,Suspended THC ICEBERG Superboof- 1g,Suspended Brands Suspended Super Boof Moon Rocks 2,renamed
22497,Suspended THC ICEBERG Lost OG - 1g,Suspended Brands Suspended Lost Og Mix Infused Flower 1g,renamed
22493,BLAZE Can - 12oz Rosin - Strawberry Lemonade 100mg THC,Evergreen Herbal Strawberry Lemonade Beverage 2,renamed
22490,BLAZE Can - 12oz Rosin - Blue Raspberry 100mg THC,Evergreen Herbal Blaze Blue Raspberry Beverage 12floz,renamed
22487,MAJOR Shot - 2oz - SF Gingerade,Evergreen Herbal Major Gingerade Shots 2floz,renamed
22485,Major Shot Fruit Punch - 2oz,Evergreen Herbal Major Fruit Punch Beverage 2floz,renamed
22481,BLAZE Gummy - Pomegranate Acai 2:2:1 CBN:CBD:THC 500mg,Evergreen Herbal Sinner Saints Pomegranate Acai 1:2 Edible 0.95oz,renamed
22459,High End Farms Flower Jelly Bean - 3.5g,Hang Roots High End Farms Jelly Bean Flower 3.5g,renamed
22455,High End Farms Flower Jelly Bean 1g,Hang Roots High End Farms Jelly Bean Flower 1g,renamed
22454,Legacy Truffles - Golden Truffle - Candy Crush - 3.5g,Legacy Organics Candy Crush Moon Rocks 3.5g,renamed
22453,Legacy Truffles - Golden Truffle - Candy Crush - 1g,Legacy Organics Candy Crush Moon Rocks 1g,renamed
22451,Legacy Truffles - DOH Compliant - Triple Truffle Blunts - .5g Pack - Grape Velvet - 1g,Legacy Organics Grape Velvet Infused Pre-roll 1g,renamed
22450,Legacy Truffles - DOH Compliant - Triple Truffle - Mochi Cake - 3.5g,Legacy Organics Mochi Cake Moon Rocks 3.5g,renamed
22448,Legacy Reserve - DOH COMPLIANT - Flower - Glass Jar - SMALL BATCH - Bubblegum - 3.5g,Legacy Organics Bubblegum Flower 3.5g,renamed
22447,Legacy Reserve - DOH COMPLIANT - Flower - Glass Jar - SMALL BATCH - White Runtz - 3.5g,Legacy Organics White Runtz Flower 3.5g,renamed
22446,Legacy Reserve - DOH COMPLIANT - Flower - Glass Jar - Mikado - 3.5g,Legacy Organics Mikado Flower 3.5g,renamed
22445,Legacy Reserve - DOH COMPLIANT - Flower - Glass Jar - Funfetti - 3.5g,Legacy Organics Funfetti Flower 2,renamed
22444,Legacy Reserve - DOH COMPLIANT - Flower - Glass Jar - Isodope - 3.5g,Legacy Organics Isodope Flower 3.5g,renamed
22443,Legacy Truffles - DOH Compliant - Double Truffle Jays - .5g Pack - Isodope - 1g,Legacy Organics Isodope Infused Pre-roll 2,renamed
22442,Legacy Truffles - DOH Compliant - Double Truffle Jays - .5g Pack - Larry Bird Kush - 1g,Legacy Organics Larry Bird Kush Infused Pre-roll 2,renamed
22439,Legacy Truffles - DOH Compliant - Double Truffle - Larry Bird Kush - 3.5g,Legacy Organics Larry Bird Kush Moon Rocks 3.5g,renamed
22438,Legacy Truffles - DOH Compliant - Double Truffle - Larry Bird Kush - 1g,Legacy Organics Larry Bird Kush Moon Rocks 1g,renamed
22429,Ceres Edible FREEZE_IND_CHERRY_10pk,Ceres Cherry Edible 1.5oz,renamed
22426,Ceres Roll On Xtra CBD Dragon Balm - 3.4oz,Ceres Xtra Dragon CBD Roll On 4,renamed
22414,Ceres Edible Malt Balls Sativa - 2oz,Ceres Malt Balls Sativa Edible 2oz,renamed
22411,SF TWI FY - 2.5G - Baja Blazed - Key Lime - HYB - CR,Mfused Twisted Baja Blazed Infused Pre-roll 2.5g,renamed
22410,HashBreak - HB Multi - Sour Cherries - 3.5g,Evergreen Hydro Farms Torus Sour Cherries Infused Pre-roll 3.5g,renamed
22409,Const Flower Jar 3.5g - Permanent Marker,Alpha Crux Llc Constellation Permanent Marker Flower 3.5g,renamed
22399,Wook Gone Wild Tea Mango Lemonade - 400mg,Alpha Crux Llc Constellation Mango Lemonade 1:1 Beverage 3,renamed
22398,Wook Tea - Raspberry Hibiscus 100mg,Alpha Crux Llc Constellation Raspberry Beverage 355ml,renamed
22397,Wook Tea - Peach 100mg,Alpha Crux Llc Constellation Peach Beverage 355ml,renamed
22395,Const Cold Cure 1g - Tea Time,Alpha Crux Llc Constellation Tea Time Rosin 1g,renamed
22394,Constellation Cold Cure - Puro Loco 1g,Alpha Crux Llc Constellation Puro Loco Rosin 1g,renamed
22391,Torus - Flower - White Lobster - 3.5g,Evergreen Hydro Farms Torus White Lobster Flower 2,renamed
22387,hashbreak - Pre Rolls (Infused) - Suga Berry - 1g,Evergreen Hydro Farms Torus Suga Berry Infused Pre-roll 1g,renamed
22382,HashBreak - Hashbreak 2 Pack - Sour Cherries - 1g,Evergreen Hydro Farms Torus Sour Cherries Infused Pre-roll 1g,renamed
22379,hashbreak - Pre Rolls (Infused) - Suga Berry - 3.5g,Evergreen Hydro Farms Torus Suga Berry Pre-roll 3.5g,renamed
22377,hashbreak - Pre Rolls (Infused) - Berry Streusel - 1g,Evergreen Hydro Farms Torus Berry Streusel Pre-roll 1g,renamed
22373,Get Bent Flower / Rick James -3.5g,Hometown Herbs Get Bent Rick James Flower 3.5g,renamed
22368,Get Bent Flower / Black Mamba - 7g,Hometown Herbs Get Bent Black Mamba Flower 7g,renamed
22367,Get Bent Flower / Black Mamba - 3.5g,Hometown Herbs Get Bent Black Mamba Flower 3.5g,renamed
22366,Get Bent Flower / Blue Dream - 3.5g,Hometown Herbs Get Bent Blue Dream Flower 3.5g,renamed
22363,Shatter J's Infused Pre-roll Cotton Candy - 5g,Mountain Hi Shatter J's Cotton Candy Infused Pre-roll 3,renamed
22356,Shatter J's Infused Pre-roll Blackberry Pie - 5g,Mountain Hi Shatter J's Blackberry Pie Infused Pre-roll 3,renamed
22352,SMC - Infused Joint 1g - Sativa - Orange Cookies - 1g,Mountain Hi Shatter J's Orange Cookies Infused Pre-roll 3,renamed
22338,Shatter J's Disposable Cartridge Pina Colada - 1g,Mountain Hi Shatter J's Pina Colada Disposable Cartridge 2,renamed
22337,Shatter J's Disposable Cartridge Blackberry Pie - 1g,Mountain Hi Shatter J's Blackberry Pie Disposable Cartridge 2,renamed
22335,Shatter J's Infused Pre-roll Grape - 1g,Mountain Hi Shatter J's Grape Infused Pre-roll 2,renamed
22333,Shatter J's Infused Pre-roll Pina Colada - 1g,Mountain Hi Shatter J's Pina Colada Infused Pre-roll 2,renamed
22332,Shatter J's Cartridge Pina Colada - 1g,Mountain Hi Shatter J's Pina Colada Cartridge 2,renamed
22330,Raging Goat - RG Flower 3.5g - Strawberry Cough - 3.5g,Big City Sasquatch Llc Captain Yeti Strawberry Cough Flower 3.5g,renamed
22328,Raging Goat - RG Flower 3.5g - Northern Lights - 3.5g,Big City Sasquatch Llc Captain Yeti Northern Lights Flower 3.5g,renamed
22325,Raging Goat - RG Flower 28g - Northern Lights - 28g,Big City Sasquatch Llc Captain Yeti Northern Lights Flower 28g,renamed
22324,Raging Goat - RG - Hash Rosin - Solventless Badder - Maui Wowie - 1g,Big City Sasquatch Llc Captain Yeti Maui Wowie Hash Rosin 1g,renamed
22323,Raging Goat - RG - Hash Rosin - Solventless Badder - Bubba Kush - 1g,Big City Sasquatch Llc Captain Yeti Bubba Kush Hash Rosin 1g,renamed
22315,Kelly's Sweet Hash Edibles - Kellys - 10pk Cookie Dough - 100mg THC,Big City Sasquatch Llc Captain Yeti Cookie Dough Edible 140g,renamed
22314,Kelly's Sweet Hash Edibles - Kellys - 10pk Cookie Dough - 100mg THC - Triple Malted Chocolate,Big City Sasquatch Llc Captain Yeti Triple Malted Chocolate Edible 140g,renamed
22313,Kelly's Sweet Hash Edibles - Kellys - 10pk Cookie Dough - 100mg THC - Peanut Butter,Big City Sasquatch Llc Captain Yeti Peanut Butter Edible 140g,renamed
22312,Kelly's Sweet Hash Edibles - Kellys - 10pk Cookie Dough - 100mg THC - Snickerdoodle,Big City Sasquatch Llc Captain Yeti Snickerdoodle Edible 140g,renamed
22309,Raging Goat - 20 Half Gram Flower Joints - Northern Lights - 10g,Big City Sasquatch Llc Captain Yeti Northern Lights Pre-roll 10g,renamed
22306,Live Rosin - Tally Mon - 1g,Heavenly Buds Tally Mon Rosin 3,renamed
22305,Live Rosin - Super Boof - 1g,Heavenly Buds Sub X Super Boof Bho 3,renamed
22304,Live Rosin - Strawberry Banana Zkittles - 1g,Heavenly Buds Strawberry Banana Zkittles Rosin 2,renamed
22302,Live Rosin - Orange Boof - 1g,Heavenly Buds Orange Boof Rosin 2,renamed
22286,Heavenly Buds Pre-roll Cake Bomb - 5g,Heavenly Buds Cake Bomb Pre-roll 5g,renamed
22271,FLOWER - SPRINKLES - 3.5g,Downtown Cannabis Company Downtown Sprinkles Flower 3.5g,renamed
22264,Pre-Rolls - 2727 - DOH - Rainbow Belt - 5g,2727 Rainbow Belts Pre-roll 1.5g,renamed
22254,Thunder Stix - Tilted-DOH-Glass Tip Preroll (1.2g) / Why U Jelly (IH),Bellevue Cannabis Company Tilted Why U Jelly Infused Pre-roll 1.2g,renamed
22253,Ooowee - 1G Pre-Roll - Mr. Bad - 1g,R B Group Ooowee Mr. Bad Pre-roll 1g,renamed
22252,DOH-Full Flower Glass Tip Preroll (1.2g) / Spritzer (H),Bellevue Cannabis Company Tilted Spritzer Pre-roll 1.2g,renamed
22251,Pastime Cartridge - Jelly Beanz - 1g,Pastime Brands Pastime Jelly Bean Cartridge 2,renamed
22240,Rays - Hash Rosin Peach Lemonade - 100mg,Dogtown Pioneers Ray's Lemonade Peach Beverage 2,renamed
22238,VICE - Cherry - 100mg THC : 100mg CBG - DOH,Dogtown Pioneers Vice Cherry Liquid Infused Edible 12floz,renamed
22234,Rays Hash Rosin Huckleberry Lemonade - 12oz,Dogtown Pioneers Ray's Huckleberry Liquid Infused Edible 12floz,renamed
22233,VICE - Grapefruit - 100mg THC : 100mg CBG - DOH,Dogtown Pioneers Vice Grape Fruit Liquid Infused Edible 12floz,renamed
22232,VICE - Honeydew Melon - 100mg - DOH,Dogtown Pioneers Vice Honeydew Liquid Infused Edible 12ml,renamed
22231,VICE - Uglifruit - 100mg THC : 100mg CBD - DOH,Dogtown Pioneers Vice Uglifruit Liquid Infused Edible 2,renamed
22230,O' Geez - OG PR 5g (10pk) (I) - INDICA - God's Gift - 5g,Clarity Farms God's Gift Pre-roll 5g,renamed
22229,O' Geez - OG PR 5g (10pk) (I) - INDICA - Northern Lights - 5g,Clarity Farms Northern Lights Pre-roll 5g,renamed
22228,1g GoodGood Cartridge - Peaches & Creme (H),Translucency Llc Goodgood Peaches And Cream Cartridge 1g,renamed
22227,1g GoodGood Cartridge - Grape Galaxy (I),Translucency Llc Goodgood Grape Galaxy Cartridge 1g,renamed
22221,Green Revolution Shot Sour Watermelon MAX Fly (100mg THC;5mg CBG),Green Revolution Sour Watermelon Beverage 57ml,renamed
22219,Green Revolution Beverage Raspberry MAX - 2oz,Green Revolution Raspberry Max Beverage 3,renamed
22218,Nano Dopio - Caramel Fly (100mg THC;100mg CBG)(56.8g),Green Revolution Caramel Fly Shots 2floz,renamed
22183,Smokiez Edible Watermelon CBN 1:1 - 2.12oz,Pacific Northwest Consulting Smokiez Watermelon CBD Edible 2.12oz,renamed
22182,Honey Tree Terp Crystal - Purple Tangie,Conscious Cannabis Honey Tree Purple Tangie Live Resin 1g,renamed
22143,Original Prana Pulse AIO Disposable - Birthday Cake Live Resin,Conscious Cannabis Bodhi High Birthday Cake Disposable Cartridge 2,renamed
22140,Prana Pulse AIO Disposable - Tropic Truffle Live Resin,Conscious Cannabis Bodhi High Tropic Truffle Disposable Cartridge 2,renamed
22135,Spinello Peach Hybrid 100mg THC Rosin Fruit Chews,Pacific Northwest Consulting Smokiez Peach Fruit Chews 36g,renamed
22133,Smokiez Edible Sour Tropical CBD 1:1 - 2.12oz,Pacific Northwest Consulting Smokiez Sour Tropical 1:1 Edible 2.12oz,renamed
22115,Premium Flower - Gorilla Glue #4 - 1g,Budz Bud Gorilla Glue Flower 1g,renamed
22114,Premium Flower - Banana Punch - 7g,Budz Bud Banana Punch Flower 7g,renamed
22111,Premium Flower - Godfather OG - 7g,Budz Bud Godfather Og Flower 7g,renamed
22107,Phat Panda Candies Blue Raspberry - 3.5g,Grow Op Farms Phat Panda Blue Raspberry 10mg Edible 3.5g,renamed
22106,SF TWI JF - 1G - Swirly Temple - Cherry Lime - HYB - CR,Mfused Cherry Lime Disposable Cartridge 1g,renamed
22100,Full Spec - Cadet - Cartridge - 1g - (I) Slurricane,Edgemont Group Llc Full Spec Slurricane Cartridge 2,renamed
22098,Full Spec - Elite - Cartridge - 1g - (S) Slippery Pear,Edgemont Group Llc Full Spec Slippery Pear Cartridge 1g,renamed
22097,Full Spec - Elite - Cartridge - 1g - (I) Twilight Twinkle,Edgemont Group Llc Full Spec Twilight Twinkle Cartridge 1g,renamed
22088,DOH-Full Flower Glass Tip Preroll (1.2g) / Don Mega (Indica),Bellevue Cannabis Company Tilted Don Mega Pre-roll 1.2g,renamed
22087,Pastime Liquid Diamonds Disposable Vape - Sativa - Z Pie - 1g,Pastime Brands Pastime Z Pie Disposable Cartridge 1g,renamed
22085,Pastime Liquid Diamonds Disposable Vape - Jackfruit,Pastime Brands Pastime Jackfruit Disposable Cartridge 1g,renamed
22084,Pastime Liquid Diamonds Disposable Vape - Zourz,Pastime Brands Pastime Zourz Flower 2,renamed
22074,"4.20 Tincture Day 500mg THC, 500mg CBD, 500mg CBG",Evergreen Herbal Day Tincture 1floz,renamed
22056,BFF All In One Baby Shark - 1g,Botanical Arts Buddies Baby Shark Disposable Cartridge 2,renamed
22034,Micro Bar - 1g Disposable - Micro Bar - Cherry Limeade Slush - 1g,Joint Ventures Micro Bar Cherry Limeade Slush Disposable Cartridge 2,renamed
22018,Micro Bar The Capsule Collection Disposable Cartridge Watermelon OG - 1g,Joint Ventures Micro Bar The Capsule Collection Watermelon Og 1g,renamed
22015,Micro Bar Disposable Cartridge Pink Lemonade - 1g,Joint Ventures Micro Bar Pink Lemonade Disposable Cartridge 1g,renamed
22010,The Capsule Collection - Peach Mac - 1g,Joint Ventures Micro Bar Peach Mac Disposable Cartridge 1g,renamed
22006,hashbreak - Pre Rolls (Infused) - Cherry Bomb - 3.5g,Evergreen Hydro Farms Torus Cherry Bomb Infused Pre-roll 3.5g,renamed
22004,hashbreak - Pre Rolls (Infused) - Peppermint Patty - 3.5g,Evergreen Hydro Farms Torus Peppermint Patty Infused Pre-roll 3.5g,renamed
22002,Stingers - 2pk .5g Pre-Rolls - Animal Cookies - 1g,Wamsterdam Farms Soulshine Animal Cookies Infused Pre-roll 1g,renamed
22001,Stingers - 2pk .5g Pre-Rolls - Master Kush - 1g,Wamsterdam Farms Stingers Master Kush Infused Pre-roll 3,renamed
22000,Seattle Bubble Works Joint - Hash-Infused Joint - Rainbow Magic (H) - 1g,Seattle Bubble Works Rainbow Magic Infused Pre-roll 1g,renamed
21999,Northwest CCELL® Classic Cart - 1g - Super Lemon Haze,Xtracted Labs Northwest Concentrates Super Lemon Haze Cartridge 2,renamed
21998,1g GoodGood Cartridge - Marshmallow Puff (I),Translucency Llc Goodgood Marshmallow Puff Cartridge 1g,renamed
21995,GUSHY- Vape Cart (1g) / OG Chem (s),Bellevue Cannabis Company Tilted Og Chem Cartridge 1g,renamed
21993,Gushy Enhanced Dab - 1g / Fruit Cereal (I),Bellevue Cannabis Company Tilted Fruit Cereal Badder 1g,renamed
21991,Gushy Enhanced Dab - 1g / Baja Blast (I-Dom),Bellevue Cannabis Company Tilted Baja Blast Badder 1g,renamed
21984,Thunder Stix-Tilted-DOH-Glass Tip PreRoll 3-Pack (3.6g) / Gorilla Glue (IH),Bellevue Cannabis Company Tilted Gg 4 Infused Pre-roll 3.6g,renamed
21973,DOH-Full Flower Glass Tip Preroll (1.2g) / Gorilla Glue (IH),Bellevue Cannabis Company Tilted Gg 4 Pre-roll 2,renamed
21961,3.5g - DOH / Spritzer (H),Bellevue Cannabis Company Tilted Spritzer Flower 3.5g,renamed
21960,3.5g - DOH / Gorilla Glue (IH),Bellevue Cannabis Company Tilted Gg4 Flower 3.5g,renamed
21959,3.5g - DOH / Ripped Off Runtz (H),Bellevue Cannabis Company Tilted Ripped Off Runtz Flower 2,renamed
21957,Tasty Terps - TT BHO 1g - Strawberry Kiwi Dum Dum - 1g,Clarity Farms Strawberry Kiwi Dum Dum Bho 1g,renamed
21956,Tasty Terps - TT BHO 1g - Laffy Taffy - 1g,Clarity Farms Laffy Taffy Bho 1g,renamed
21945,Tasty Terps - TC CART 1g - Laffy Taffy - 1g,Clarity Farms Laffy Taffy Cartridge 1g,renamed
21917,Kelso Kandy - KK CART 1g - Grape Slushie - 1g,Clarity Farms Grape Slushie Cartridge 3,renamed
21901,Eagle - EA PR 5g (10pk) (I) - INDICA - Grape Runtz - 5g,Clarity Farms Grape Runtz Pre-roll 5g,renamed
21897,Green Revolution Beverage Sweet Watermelon Fizz 2:1 - 12oz,Green Revolution Sweet Watermelon Fizz 2:1 Beverage 12floz,renamed
21887,Refine CCELL® FULL SPEC Ceramic Cart - 1g - Strawberry Pancakes [ I ],Xtracted Labs Refine Strawberry Pancakes Cartridge 1g,renamed
21871,Red Label 2pk 0.5g (S) - Skatalite,Fireline Cannabis Fireline Skatalite Infused Pre-roll 1g,renamed
21869,Red Label 2pk 0.5g (S) - Green Crack,Fireline Cannabis Fireline Green Crack Infused Pre-roll 1g,renamed
21868,Red Label 2pk 0.5g (S) - Electric Lemonade,Fireline Cannabis Fireline Electric Lemonade Infused Pre-roll 1g,renamed
21867,Red Label 2pk 0.5g (S) - Animal Face,Fireline Cannabis Fireline Animal Face Infused Pre-roll 1g,renamed
21866,Red Label 10 Pk 0.5g - (S) - Skatalite,Fireline Cannabis Fireline Skatalite Infused Pre-roll 5g,renamed
21860,Red Label Infused 2pk 0.5g (S) Pure Buttafingas,Fireline Cannabis Fireline Pure Buttafingaz Infused Pre-roll 1g,renamed
21823,Platinum Flower (Trophy Wife - Platinum Line/7g),Grow Op Farms Phat Panda Trophy Wife Flower 2,renamed
21822,Phat Panda Platinum Flower Magic Marker - 3.5g,Grow Op Farms Phat Panda Magic Marker Flower 3.5g,renamed
21821,Panda Granddaddy Purple Infused Preroll,Grow Op Farms Phat Panda Granddaddy Purple Pre-roll 1g,renamed
21807,Hot Shotz - Watermelon 1:1 100mg THC/CBD,Grow Op Farms Phat Panda Watermelon 1:1 1:1 Shots 2floz,renamed
21784,Stardawg Inferno Sugar Crystals [1g],Lifted Cannabis Stardawg Inferno Live Resin 1g,renamed
21780,Boysenberry Creme Brulee [3.5g] [Luxury Line] [D.O.H. COMPLIANT],Lifted Cannabis Lifted Boysenberry Creme Brulee Flower 2,renamed
21773,Scented Cherries Sugar Crystals [1g],Lifted Cannabis Scented Cherries Live Resin 1g,renamed
21767,25 Eyes [1g] Pre-Roll,Lifted Cannabis Lifted 25 Eyes Pre-roll 1g,renamed
21744,Rosin Infused Joint Box - The Menage X Puro Loco - 1g,Alpenglow Extracts Svin Puro Loco Infused Pre-roll 1g,renamed
21742,Rosin Infused Joint Box - Jacuzzi x LC Dosi,Alpenglow Extracts Svin Jacuzzi Infused Pre-roll 1g,renamed
21741,Svin Pre-Rolls - Unit B - 2x.5g,Alpenglow Extracts Svin Unit B Pre-roll 1g,renamed
21740,Pre-Rolls - Rainbow Zoap - 2x.5g,Alpenglow Extracts Svin Rainbow Zoap Pre-roll 1g,renamed
21739,Pre-Rolls - Cat Nip - 2x.5g,Alpenglow Extracts Svin Cat Nip Pre-roll 1g,renamed
21738,Pre-Rolls -One Piece - 2x.5g,Alpenglow Extracts Svin One Piece Pre-roll 1g,renamed
21737,Pre-Rolls - Krumblez - 2x.5g,Alpenglow Extracts Svin Krumblez Pre-roll 1g,renamed
21736,Pre-Rolls - Jacuzzi - 2x.5g,Alpenglow Extracts Svin Jacuzzi Pre-roll 1g,renamed
21730,Packaged Flower - Jacuzzi - 3.5g,Alpenglow Extracts Svin Jacuzzi Flower 3.5g,renamed
21728,Packaged Flower - Fluff Fumez #1 - 3.5g,Alpenglow Extracts Svin Fluff Fumez 1 Flower 3.5g,renamed
21727,Northwest CCELL® Classic Cart - 1g - Wedding Cake,Xtracted Labs Northwest Concentrates Wedding Cake Cartridge 2,renamed
21726,Lifted Scented Marker Cured [1g] [All-In-One],Lifted Cannabis Scented Marker Disposable Cartridge 1g,renamed
21725,Two Heads Distillate Raw - 1g,Limelight Two Heads Raw Th Distillate 4,renamed
21717,Two Heads Cartridge Tsour Apricot - 1g,Limelight Two Heads Tsour Apricot Cartridge 2,renamed
21709,Two Heads Disposable Cartridge Blackberry - 1g,Limelight Two Heads Blackberry Disposable Cartridge 1g,renamed
21705,B-Brand Cartridge Cherry Pie - 1g,Botanical Arts B-brand Cherry Pie Cartridge 1g,renamed
21704,Dabstar Triple Infused Pre-Roll .5g x 10 Pack - Donkey Butter (I),Agro Couture Donkey Butter Infused Pre-roll 5g,renamed
21703,Ooowee - 5/1G Pre-Roll - White Peach - 5g,R B Group Ooowee White Peach Pre-roll 2,renamed
21702,Freddy's Fuego Peg Legs - Carrot Cake - Legacy - 2 x 0.5g,Quality Green Trees Freddy's Fuego Carrot Cake Pre-roll 1g,renamed
21696,Ooowee - JUICED Hydrocarbon Concentrate - Orange Sunrise - Mr. Bad - 1g,R B Group Ooowee Mr. Bad Bho 1g,renamed
21690,Ooowee - 5/1G Pre-Roll - Cheat Code - 5g,R B Group Ooowee Cheat Code Pre-roll 5g,renamed
21680,Ooowee - *B Buds 14G Flower - Pink Zaza - 14g,R B Group Ooowee Pink Zaza Flower 14g,renamed
21671,Fire Bros. - Rah Tah Tah - 1g,Fire Bros. Fire Bros Rah Tah Tah Flower 1g,renamed
21652,Balance Disposable Cartridge Sleepen - 1g,Mfused Balance Sleepen Disposable Cartridge 1g,renamed
21649,MFUSED Cartridge Notorious THC 1g Tank,Mfused Notorious THC Cartridge 4,renamed
21638,Twisted disposable cartridge lemon loopz,Mfused Twisted Lemon Loopz Disposable Cartridge 2,renamed
21629,Firecrackers infused pre-roll Blue dream 1g,Grow Op Farms Phat Panda Blue Dream Infused Pre-roll 1g,renamed
21623,Phat Panda Pre-roll OG Chem - 1g,Grow Op Farms Phat Panda Og Chem Pre-roll 4,renamed
21622,Phat Panda Pre-Roll Jack & Coke 1g,Grow Op Farms Phat Panda Jack And Coke Pre-roll 1g,renamed
21619,12th Man Down 1g Preroll,Grow Op Farms Phat Panda 12th Man Down Pre-roll 1g,renamed
21611,Hazy Daze Bud-Ease Biscuits - 1.79oz,Hazy Daze Mixed Strain Edible 1.79oz,renamed
21610,Hazy Daze Topical Wonder Rub - 1.50oz,Hazy Daze Wonder Rub 1:1 Topical 1.5oz,renamed
21606,Green Revolution Tincture Journey 1:1 THC:CBG - 1oz,Green Revolution Journey 1:1 Thc:cbg Tincture 3,renamed
21604,Green Revolution Beverage Sour Green Apple 1:1 CBG - 2.04oz,Green Revolution Sour Green Apple 1:1 Beverage 2floz,renamed
21598,Doozies+ Gummies Blueberry Lemon 2:1:1 + 1000mg Lion's Mane - 2.8oz,Green Revolution Doozies Blueberry Lemon 2:1 Gummies 2,renamed
21592,Lil' Ray's Hash Rosin Lemonade Beverage Citrus Kush - 1.75oz,Dogtown Pioneers Lil' Ray's Lemonade Citrus Kush Beverage 1.75floz,renamed
21591,Rays Lemonade Hash Rosin Cranberry Tangerine Lemonade - 100mg THC : 100mg CBG,Dogtown Pioneers Rays Lemonade Cranberry Liquid Infused Edible 2,renamed
21587,Mary Jones Beverage Berry Lemonade Soda - 12oz,Dogtown Pioneers Mary Jones Berry Lemonade Soda Beverage 12floz,renamed
21581,VICE - Hash Rosin Peach Tea - 100mg THC : 100mg CBG - DOH,Dogtown Pioneers Ray's Peach Beverage 2,renamed
21579,lil' Rays - Hash Rosin Raspberry Lemonade - 100mg - DOH,Dogtown Pioneers Ray's Raspberry Shots 50ml,renamed
21569,Royal Kind Flower White Truffle - 3.5g,Rgl Industries Royal Kind White Truffle Flower 3,renamed
21566,Downtown Flower Twisted Toast - 3.5g,Downtown Cannabis Company Downtown Twisted Toast Flower 2,renamed
21549,Downtown Flower Hassel Hoth - 3.5g,Downtown Cannabis Company Downtown Cannabis Hassel Hoth Flower 3,renamed
21537,Top Shelf Joints - Kimbo Kush 1g x 28 Pack,Top Shelf Kimbo Kush Pre-roll 28g,renamed
21535,Top Shelf Joints - Trop Sourz - .5g x 8 Pack,Top Shelf Trop Sourz Pre-roll 4g,renamed
21534,Top Shelf Joints - Planet Sherb .5g x 8 Pack,Top Shelf Planet Sherb Pre-roll 4g,renamed
21518,Top Shelf Double Dub™ Flower - Pineapple Treat - 4g,Top Shelf Pineapple Treat Flower 4g,renamed
21500,Fire Bros Pre-roll Crepe Ape - 1g,Fire Bros. Fire Bros Crepe Ape Flower 2,renamed
21491,Silver Tier - Brew Ha Ha - 1g,Fire Bros. Fire Bros Brew Ha Ha Live Resin 1g,renamed
21489,CBDabs - Umami Bomb - 1g,Fire Bros. Fire Bros Umami Bomb 1:1 Live Resin 1g,renamed
21487,CBDabs - Yuzu Sour - 1g,Fire Bros. Fire Bros Yuzu Sour 1:1 Live Resin 1g,renamed
21486,CBDabs - Sour Bomb - 1g,Fire Bros. Fire Bros Sour Bomb 1:1 Live Resin 1g,renamed
21472,(2x0.5g) Diamond Dinger - Raskal Mac (H),Translucency Llc Translucency Raskal Mac Infused Pre-roll 1g,renamed
21468,1g GoodGood Cartridge - Strawberry Banana (I),Translucency Llc Translucency Strawberry Banana Cartridge 1g,renamed
21464,1g GoodGood Cartridge - Marshmallow Puff (I),Translucency Llc Goodgood Marshmallow Puff Cartridge 2,renamed
21454,Torus - Pre Roll - Gas Face - 1g,Evergreen Hydro Farms Torus Gas Face Pre-roll 1g,renamed
21452,Torus - Pre-Rolls - Mclaren - 1g,Evergreen Hydro Farms Torus Mclaren Pre-roll 1g,renamed
21451,Torus - Pre-Rolls - Mint Milkshake - 1g,Evergreen Hydro Farms Torus Mint Milkshake Pre-roll 2,renamed
21445,HashBreak - Hashbreak 2 Pack - Root Beer Float - 1g,Evergreen Hydro Farms Torus Root Beer Float Infused Pre-roll 1g,renamed
21442,hashbreak - Pre Rolls (Infused) - Sweet Potato Pie - 1g,Evergreen Hydro Farms Torus Sweet Potato Chips Infused Pre-roll 1g,renamed
21441,0.5g Live Resin Inf. 2 Pack Joints - Family Jewels - 1g,Green Network Greenrush Milf Infused Pre-roll 1g,renamed
21440,0.5g Live Resin Inf. 2 Pack Joints - Candy Gas - 1g,Green Network Greenrush Candi Gas Infused Pre-roll 1g,renamed
21439,0.5g Live Resin Inf. 2 Pack Joints - Arjan Haze - 1g,Green Network Greenrush Arjan Haze Infused Pre-roll 1g,renamed
21438,0.5g Live Resin Inf. 2 Pack Joints - Dutch Gouda Butter - 1g,Green Network Greenrush Dutch Gouda Berry Infused Pre-roll 1g,renamed
21437,0.5g Live Resin Inf. 2 Pack Joints - Jack Herer - 1g,Green Network Greenrush Jack Herer Infused Pre-roll 1g,renamed
21433,Green Reaper - Diamond Sauce - Tangie - 1g,Green Network Greenrush Tangie Live Resin 1g,renamed
21432,Green Reaper - Live Resin Cart - Bacio Gelato - 1g,Green Network Greenrush Bacio Gelato Cartridge 1g,renamed
21431,Green Reaper - Live Resin Cart - Cherry Pie - 1g,Green Network Greenrush Cherry Pie Cartridge 1g,renamed
21430,Live Resin Cart - Girl Scout Cookies - 1g,Green Network Greenrush Gsc Cartridge 1g,renamed
21429,Live Resin Cart - Jack Herer - 1g,Green Network Greenrush Jack Herer Cartridge 1g,renamed
21428,Green Reaper - Live Resin Cart - Runtz - 1g,Green Network Greenrush Runtz Cartridge 1g,renamed
21427,Green Reaper - Live Resin Cart - Strawberry Cough - 1g,Green Network Greenrush Strawberry Cough Cartridge 2,renamed
21419,Green Reaper - Reaper Diamonds (THCA) - Purple Cat Piss - 1g,Green Network Greenrush Purple Panties THCA 1g,renamed
21417,Green Reaper - Reaper Diamonds (THCA) - Super Silver Haze - 1g,Green Network Greenrush Super Silver Haze THCA 1g,renamed
21416,Reaper Diamonds (THCA) - Bruce Banner - 1g,Green Network Greenrush Bruce Banner THCA 1g,renamed
21414,Seattle Bubble Works Joint - Trainwreck (S) - 5g,Seattle Bubble Works Sitka Trainwreck Pre-roll 5g,renamed
21413,Seattle Bubble Works Joint - Hash-Infused Joint - Rainbow Magic (H) - 1g,Seattle Bubble Works Rainbow Magic Infused Pre-roll 2,renamed
21409,Seattle Bubble Works Joint - DOH Medical: Hash Pre-Rolls - Wedding Cake (I),Seattle Bubble Works Wedding Cake Infused Pre-roll 3.75g,renamed
21408,Seattle Bubble Works Joint - DOH Medical: Hash Blunts - Super Lemon Haze (S) - .75g,Seattle Bubble Works Super Lemon Haze Infused Blunt 0.75g,renamed
21405,Seattle Bubble Works Hash-Infused Joint - Blue Dream (S) - .75g,Seattle Bubble Works Blue Dream Infused Pre-roll 0.75g,renamed
21404,Seattle Bubble Works Flower Blunt - Cereal Milk (H) - .75g,Seattle Bubble Works Cereal Milk Blunt 0.75g,renamed
21403,Seattle Bubble Works Flower Blunt - Blue Dream (H) - 0.75g,Seattle Bubble Works Blue Dream Blunt 0.75g,renamed
21402,Seattle Bubble Works Flower Blunt - Permanent Marker (I) - 0.75g,Seattle Bubble Works Permanent Marker Blunt 0.75g,renamed
21401,Seattle Bubble Works Flower Blunt - Permanent Marker (I) - 3g,Seattle Bubble Works Permanent Marker Blunt 3g,renamed
21400,Seattle Bubble Works Flower Blunt - Cereal Milk (H) - 3g,Seattle Bubble Works Cereal Milk Blunt 3g,renamed
21399,Seattle Bubble Works Flower Blunt - Blue Dream (S) - 3g,Seattle Bubble Works Blue Dream Blunt 3g,renamed
21398,Seattle Bubble Works Hash Blunt - Super Boof (H) - 0.75g,Seattle Bubble Works Superboof Blunt 0.75g,renamed
21397,Seattle Bubble Works Hash Blunt - Trainwreck (S) - 3g,Seattle Bubble Works Trainwreck Infused Blunt 3g,renamed
21396,Seattle Bubble Works Hash Blunt - Wedding Cake (I) - 3g,Seattle Bubble Works Wedding Cake Infused Blunt 3g,renamed
21395,Seattle Bubble Works Hash Blunt - Permanent Marker (I) - 3g,Seattle Bubble Works Permanent Marker Infused Blunt 3g,renamed
21394,Seattle Bubble Works Hash Blunt - Super Boof (H) - 3g,Seattle Bubble Works Super Boof Infused Blunt 3g,renamed
21389,Seattle Bubble Works-Flower Joint - Super Boof (H) - 5g,Seattle Bubble Works Superboof Pre-roll 5g,renamed
21388,Seattle Bubble Works-Flower Joint - Super Boof (H) - 0.5g,Seattle Bubble Works Super Boof Infused Pre-roll 0.5g,renamed
21386,Seattle Bubble Works-Flower Joint - Super Boof (H) - 1g,Seattle Bubble Works Super Boof Infused Pre-roll 1g,renamed
21382,Seattle Bubble Works- Hash-Infused Joint - Super Lemon Haze (S) - .75g,Seattle Bubble Works Super Lemon Haze Infused Pre-roll 0.75g,renamed
21381,HiKu - Rosin Solventless Tincture - Spiced Apple - 1oz,Seattle Bubble Works Spiced Apple Liquid Infused Edible 2,renamed
21379,Seattle Bubble Works- Hash Pre-Rolls - Super Lemon Haze (S) - 3.75g,Seattle Bubble Works Super Lemon Haze Infused Pre-roll 3.75g,renamed
21378,Seattle Bubble Works- Hash Pre-Rolls - Mystery Machine (S) - 3.75g,Seattle Bubble Works Mystery Infused Pre-roll 3.75g,renamed
21376,Seattle Bubble Works- Hash Cannon - Funky Fresh (I) - 2g,Seattle Bubble Works Funky Fresh Infused Pre-roll 2g,renamed
21375,Seattle Bubble Works- Blunt Bomb -Thotz (H) - 4g,Seattle Bubble Works Thotz Infused Blunt 4g,renamed
21374,Seattle Bubble Works- Flower Joint -Tropicana Cherries (S) - 5g,Seattle Bubble Works Trop Cookies Pre-roll 5g,renamed
21373,Seattle Bubble Works- Hash Infused Joint- Trainwreck (S) - 0.75g,Seattle Bubble Works Trainwreck Infused Pre-roll 0.75g,renamed
21372,Seattle Bubble Works- Hash Cannon -  Blue Dream (S) - 2g,Seattle Bubble Works Blue Dream Infused Pre-roll 2g,renamed
21371,Seattle Bubble Works- Blunt Bomb - GMO (I) - 4g,Seattle Bubble Works Gmo Infused Blunt 4g,renamed
21368,Seattle Bubble Works-Flower Joint - Girl Scout Cookies (H) - 5g,Seattle Bubble Works Girl Scout Cookies Pre-roll 5g,renamed
21367,Seattle Bubble Works-Flower Joint - Wedding (I) - 1g,Seattle Bubble Works Wedding Cake Pre-roll 1g,renamed
21366,Seattle Bubble Works-Flower Joint - Wedding Cake (I) - 0.5g,Seattle Bubble Works Wedding Cake Pre-roll 0.5g,renamed
21365,SMOKING SAFETY PIN,Sitka Accessories,renamed
21364,HASH PIPE,Sitka 2,renamed
21363,WALNUT ROLLING TRAY,Sitka 3,renamed
21362,Sitka® Hash Dome,Sitka 4,renamed
21361,SITKA HOT KNIVES,Sitka 5,renamed
21338,Platinum Flower (Spray Tan - Platinum Line/14g),Grow Op Farms Phat Panda Spray Tan Flower 14g,renamed
21337,Platinum Flower (Raspberry Truffle - Platinum Line/14g),Grow Op Farms Phat Panda Raspberry Truffle Flower 14g,renamed
21336,Platinum Flower (Kush Mintz - Platinum Line/14g),Grow Op Farms Phat Panda Kush Mintz Flower 14g,renamed
21331,Sativa - OG Chem Bubble Hash Banger 1g,Grow Op Farms Phat Panda Og Chem Infused Pre-roll 1g,renamed
21330,Indica - Papaya Cake Bubble Hash Banger 1g,Grow Op Farms Phat Panda Papaya Cake Infused Pre-roll 1g,renamed
21329,Hybrid - Ice Cream Cake Bubble Hash Banger 1g,Grow Op Farms Phat Panda Ice Cream Cake Infused Pre-roll 1g,renamed
21328,Hybrid - Gary Payton Bubble Hash Banger 1g,Grow Op Farms Phat Panda Gary Payton Infused Pre-roll 1g,renamed
21327,Dank Draaank 1g Preroll,Grow Op Farms Phat Panda Dank Draaank Pre-roll 1g,renamed
21326,Colorado Chem 1g Preroll,Grow Op Farms Phat Panda Colorado Chem Pre-roll 1g,renamed
21325,Phat Panda Bone Collector 1g Preroll,Grow Op Farms Phat Panda Bone Collector Pre-roll 1g,renamed
21324,GMO x Forbidden Fruit LR Sticky Frog Sugar,Grow Op Farms Phat Panda Gmo X Forbidden Live Resin 1g,renamed
21323,Forbidden Fruit LR Sticky Frog High Terpene Sugar,Grow Op Farms Phat Panda Forbidden Fruit Live Resin 1g,renamed
21298,REIMAGINE Gummy - (Relief) Green Apple 10:10:1 CBC:CBD:THC 21mg,Evergreen Herbal Green Apple 1:10 Gummies 60g,renamed
21294,MAJOR Shot - 2oz - Mojo-Rita,Evergreen Herbal Mojo-rita Shots 2,renamed
21273,Rosin Vape Cart 0.5g - Smackles,Alpha Crux Llc Constellation Smackles Cartridge 0.5g,renamed
21270,Blush Velvet cold cure rosin Gelato Mintz 1g,Alpha Crux Llc Blush Velvet Gelato Mintz Rosin 1g,renamed
21269,Cold Cure -Super Boof 1g,Alpha Crux Llc Constellation Super Boof Rosin 1g,renamed
21268,Cold Cure - Purple Milk 1g,Alpha Crux Llc Constellation Purple Milk Rosin 1g,renamed
21266,Wook Tea - Peach 100mg,Alpha Crux Llc Constellation Peach Beverage 2,renamed
21265,Wook Tea - Larry Palmer 100mg,Alpha Crux Llc Constellation Lemonade Beverage 355ml,renamed
21262,Moonshot Hash Rosin Beverage Grape - 1.7oz,Alpha Crux Llc Moonshot Hash Rosin Grape Beverage 1.7floz,renamed
21259,Canna Cantina Shot - Dankchata - 100mg,Alpha Crux Llc Constellation Dankchata Shots 2,renamed
21257,Canna Cantina Shot - Lime - 100mg - DOH,Alpha Crux Llc Constellation Lime Shots 1floz,renamed
21250,2 Pack Infused - Coffee Creamer,Alpha Crux Llc Constellation Coffee Creamer Infused Pre-roll 1g,renamed
21238,Stingers Sweets Melted Melon .5g 2pk - Melted Melon - 1g,Wamsterdam Farms Stingers Melon Gum Infused Pre-roll 2,renamed
21237,Stingers - Stinger Sweets Guava Lava .5g 2pk - Guava Lava - 1g,Wamsterdam Farms Stingers Guava 10:1 Infused Pre-roll 1g,renamed
21236,Stinger Sweets Pineapple Juice .5g 2pk - Pineapple Juice - 1g,Wamsterdam Farms Stingers Pineapple 10:1 Infused Pre-roll 1g,renamed
21235,Stinger Cartridge Pina Colada - 1g,Wamsterdam Farms Stingers Pina Colada Cartridge 1g,renamed
21231,Stingers - Stinger Sweets Vape - Guava Lava - 1g,Wamsterdam Farms Stingers Guava Lava Cartridge 1g,renamed
21230,Stingers - Stinger Sweets Vape - Melted Melon - 1g,Wamsterdam Farms Stingers Melted Melon Cartridge 1g,renamed
21220,Stingers -pre roll Blue Frost - 1g,Wamsterdam Farms Stingers Blue Frost Cartridge 1g,renamed
21216,Stinger Sweets Grape Soda .5g 2pk - Grape soda - 1g,Wamsterdam Farms Stinger Grape Soda Infused Pre-roll 1g,renamed
21215,Stinger Sweets Razzberry Blaze .5g 2pk - Razzberry Blaze - 1g,Wamsterdam Farms Stingers Razzmatazz Infused Pre-roll 2,renamed
21214,Super Lemon Haze 7G,Cannaseurs Choice Soulshine Super Lemon Haze Flower 7g,renamed
21212,Super Lemon Haze 3.5G,Cannaseurs Choice Soulshine Super Lemon Haze Flower 3.5g,renamed
21210,Super Lemon Haze 1G,Cannaseurs Choice Soulshine Super Lemon Haze Flower 1g,renamed
21203,Big Chew Mango 10pk Hash Rosin Gummies,Cannaseurs Choice Soulshine Mango Edible 1oz,renamed
21194,Narnia (Smalls) 3.5G,Cannaseurs Choice Soulshine Narnia Flower 3.5g,renamed
21185,Super Lemon Haze (S) .5G Preroll 2 pk,Cannaseurs Choice Soulshine Super Lemon Haze Pre-roll 1g,renamed
21183,Lodi Dodi .5G Preroll 2 pk,Cannaseurs Choice Soulshine Lodi Dodi Pre-roll 1g,renamed
21152,Ooowee - 5/1G Pre-Roll - Cheat Code - 5g,R B Group Ooowee Cheat Code Pre-roll 2,renamed
21149,Ooowee - 5/1g Pre-Roll - Ooowee - Pink Zaza - 5g,R B Group Ooowee Pink Zaza Pre-roll 5g,renamed
21128,Ooowee BHO Trophy Runtz 1g,R B Group Ooowee Trophy Runtz Bho 1g,renamed
21125,Ooowee - 1G Hydrocarbon Concentrate - Sour Gum - 1g,R B Group Ooowee Sour Gum Bho 1g,renamed
21122,Ooowee - 1G Cartridge - Cereal Milk - 1g,R B Group Ooowee Cereal Milk Cartridge 2,renamed
21119,Mr. Moxey's Mints Lavender Dream 1:1:1,Botanica Seattle Mr. Moxey's Lavender Dream 1:1 Mints 12g,renamed
21109,Journeyman 50:1 Blackberry Lemonade CBD Jellies,Botanica Seattle Journeyman Blackberry Lemonade Gummies 4,renamed
21100,SPR - 2pk Joint Box (2g) - Sour Diesel,Seattles Private Reserve Seattle's Private Reserve Sour Diesel Pre-roll 3,renamed
21099,SPR - 1g HASH ROSIN - Cake Frosting,Seattles Private Reserve Spr Cake Frosting Rosin 2,renamed
21083,Lychee Boba Slush [1g] [All-In-One],Lifted Cannabis Lifted Lychee Disposable Cartridge 2,renamed
21071,Oil Tanker Live Resin [1g] [All-In-One],Lifted Cannabis Lifted Oil Tanker Disposable Cartridge 1g,renamed
21058,Lifted SugarStix Wedding Cake - 1g,Lifted Cannabis Lifted Wedding Cake Infused Pre-roll 3,renamed
21056,Permanent Push Pop SugarStix [1g],Lifted Cannabis Lifted Permanent Push Pop Infused Pre-roll 1g,renamed
21055,Lifted SugarStix Grape Thorn Rose,Lifted Cannabis Grape Thron Rose Infused Pre-roll 1g,renamed
21052,Lifted Pre-roll Permanent Marker - 1g,Lifted Cannabis Lifted Permanent Marker Pre-roll 2,renamed
21028,Freddy's Fuego Flower - Ethos Apex - 3.5g (Flagship,Quality Green Trees Freddy's Fuego Ethos Apex Flower 3.5g,renamed
21019,Sauced HTE Disposable - Big Baby - 1g,Quality Green Trees Freddy's Fuego Big Baby Disposable Cartridge 3,renamed
21017,Freddy's Fuego Peg Legs - Blue Slushie - 2 x 0.5g,Quality Green Trees Freddy's Fuego Blue Slushie Pre-roll 1g,renamed
21011,Fruit Loop Haze - 1g - Live Resin Disposable,Klaritie Farms Inc Mama J's Fruit Loops Haze Disposable Cartridge 1g,renamed
21010,Frozen Oreoz - 1g - Live Resin Disposable,Klaritie Farms Inc Mama J's Frozen Oreoz Disposable Cartridge 2,renamed
21008,Gelato Cake - 1g - Live Resin Cartridge,Klaritie Farms Inc Mama J's Gelato Cake Cartridge 1g,renamed
21007,Biscotti - 1g - Live Resin Cartridge,Klaritie Farms Inc Mama J's Biscotti Cartridge 2,renamed
21006,Amarelo - 1g - Live Resin Cartridge,Klaritie Farms Inc Mama J's Amarelo Cartridge 1g,renamed
21004,mama J's - Flower Preroll Pack - Tropicana Banana - 0.5gx2,Klaritie Farms Inc Mama J's Tropicana Banana Pre-roll 1g,renamed
21002,mama J's - Flower Preroll Pack - Sour Apple - 0.5gx2,Klaritie Farms Inc Mama J's Sour Apple Pre-roll 1g,renamed
20993,Hustler's Ambition Cartridge - Tropicana Cookies - 1g,Klaritie Farms Inc Hustler's Ambition Tropicanna Cookies Cartridge 1g,renamed
20992,Hustler's Ambition - Cartridge Golden Pineapple - 1g,Klaritie Farms Inc Hustler's Ambition Golden Pineapple Cartridge 1g,renamed
20991,Hustler's Ambition - Cartridge - Gelato #41 - 1g,Klaritie Farms Inc Local Farmers Gelato 41 Cartridge 1g,renamed
20990,Hustler's Ambition Cartridge Bubble Gum Gelato - 1g,Klaritie Farms Inc Hustler's Ambition Bubble Gum Gelato Cartridge 1g,renamed
20989,Hustler's Ambition Cartridge Black Cherry Fizz - 1g,Klaritie Farms Inc Hustler's Ambition Black Cherry Fizz Cartridge 1g,renamed
20980,HTE HONEY - Cherry OG - Cherry OG - .7g,Canna Processing Legit Gold Cherry Og Infused Pre-roll 2,renamed
20978,HTE HONEY - Mimosa - Mimosa - .7g,Canna Processing Legit Gold Mimosa Infused Pre-roll 3,renamed
20972,HTE HONEY - Raspberry Haze - Raspberry Haze - .7g,Canna Processing Legit Gold Raspberry Haze Pre-roll 3,renamed
20967,HTE Honey - Peanut Butter Kush - Peanut Butter Kush - .7g,Canna Processing Legit Cannabis Co. Peanut Butter Kush Infused 2,renamed
20957,Suspended Flower Star Pebbles- 1g,Suspended Brands Suspended Star Pebbles Flower 2,renamed
20944,Suspended THC Iceberg - Commando #7 - 1g,Suspended Brands Suspended Commando 7 Flower 2,renamed
20934,Suspended Flower Super Boof -1g,Suspended Brands Suspended Super Boof Flower 2,renamed
20930,Suspended Brands Flower - Amarelo - 01.0 Gram,Suspended Brands Suspended Amarelo Flower 2,renamed
20926,Suspended Brands Flower - Melted Strawberry - 01.0 Gram,Suspended Brands Suspended Melted Strawberries Flower 1g,renamed
20925,Honey Stixx Infused Pre-roll - Mango Sunrise - Flavored - Sativa,Conscious Cannabis Honey Stixx Mango Sunrise Infused Pre-roll 1g,renamed
20924,Honey Stixx - Flavored - Huckleberry OG,Conscious Cannabis Honey Stixx Huckleberry Og Infused Pre-roll 3,renamed
20880,Pure Prana Pulse AIO Disposable Vape - Lemon Tree Live Resin,Conscious Cannabis Bodhi High Lemon Tree Disposable Cartridge 1g,renamed
20872,.5g Isolated Pre-Rolled Cones  - Isolated Crop CircleZ Pre-Rolled Cones -1,Canna Pacific Trichome Crop Circlez Infused Pre-roll 2,renamed
20871,.5g Isolated Pre-Rolled Cones 6pk - Isolated Ice Cream Cake Bx1 Pre-Rolled Cones - 3g,Canna Pacific Trichome Ice Cream Cake Infused Pre-roll 3g,renamed
20866,Diamond Dusted Pre-Roll - Donut Resin DDP - 1g,Canna Pacific Trichome Donut Resin Infused Pre-roll 2,renamed
20859,".75g Trichome InTERPreter Pre-Rolls, 2ct - Scented Marker#1+BC - 1.5g",Canna Pacific Trichome Scented Marker Infused Pre-roll 1.5g,renamed
20858,Diamond Dusted Pre-Roll - Los Muertos DDP - 1g,Canna Pacific Trichome Los Muertos Infused Pre-roll 1g,renamed
20846,SELECT Cured Classic Cartridge - Romulan - 1g,Subx Sub X Romulan Cartridge 2,renamed
20845,Sub X SELECT Cured Classic Cartridge - Guava Oreoz - 1g,Subx Sub X Guava Oreoz Cartridge 1g,renamed
20844,Sub X Smalls - Swampwater Fumez - 3.5g,Subx Sub X Swampwater Fumez Flower 3.5g,renamed
20843,Sub X Smalls - Sapphire Desire - 3.5g,Subx Sub X Sapphire Desire Flower 3.5g,renamed
20842,Sub X Smalls - Apples & Bananas - 3.5g,Subx Sub X Apples Bananas Flower 3.5g,renamed
20839,Sub X Pre-Roll - Swampwater Fumez - 2pk,Subx Sub X Swampwater Fumez Pre-roll 1g,renamed
20838,Sub X Pre-Roll - Citrus Rain - 2pk,Subx Sub X Citrus Rain Pre-roll 1g,renamed
20828,Sub X SUPREME Bang Stick - GMO - 2pk,Subx Sub X Gmo Infused Pre-roll 1g,renamed
20826,Sub X Flower - Island Octane - 3.5g,Subx Sub X Island Octane Flower 3.5g,renamed
20824,Sub X Flower - Lemon Cherry Gelato - 3.5g,Subx Sub X Lemon Cherry Gelato Flower 3.5g,renamed
20823,Sub X Flower - Lemon Cherry Gelato - 1g,Subx Sub X Lemon Cherry Gelato Flower 1g,renamed
20813,Wook Tea - Larry Palmer 100mg,Alpha Crux Llc Constellation Lemonade Beverage 2,renamed
20811,Cold Cure - Cali Swiss 1g - DOH,Alpha Crux Llc Constellation Cali Swiss Rosin 1g,renamed
20810,Cold Cure - Rambutan - 1g DOH,Alpha Crux Llc Constellation Rambutan Rosin 1g,renamed
20807,Live Rosin Blunt - Cherry Biscotti - 2g,Fire Bros. Fire Bros Cherry Biscotti Infused Blunt 2g,renamed
20779,Refine LOUD RESIN x High Country Horticulture - MAC Herer - 1g [ H ],Xtracted Labs Refine Mac Herer Live Resin 1g,renamed
20769,Doozies Gummies Watermelon 1:1 - 2.8oz,Green Revolution Doozies Watermelon 1:1 Gummies 2,renamed
20706,Full Flower Little Snappers - Pineapple Guava - 2pk (2x0.5g),Heavenly Buds Pineapple Guava Pre-roll 1g,renamed
20703,heavenly buds pre-roll Permanent Marker 1g,Heavenly Buds Permanent Marker Pre-roll 2,renamed
20681,Full Spec - Elite - Cartridge - 1g - (Holidaze) (I) Sleigh Ride,Edgemont Group Llc Full Spec Sleigh Ride Cartridge 1g,renamed
20660,Just The Tip,Wyn Distribution Accessories,renamed
20648,Cone Filler,Wyn Distribution 2,renamed
20646,Tasty Terps - TC ICE CART 1g - Strawberry Ice - 1g,Clarity Farms Strawberry Ice Cartridge 1g,renamed
20643,Tasty Terps - TT BHO 1g - Rocket Pop - 1g,Clarity Farms Rocket Pop Bho 1g,renamed
20642,Tasty Terps - TT BHO 1g - Red Zkittlez - 1g,Clarity Farms Red Zkittlez Bho 1g,renamed
20628,"Loconut - LO TOPICAL (1,000mg THC) - Hybrid - 20mg",Clarity Farms Hybrid Topical 2,renamed
20618,Gummy Bombs - GB MOUNTAIN PEACH 100mg - Mountain Peach - 100mg,Clarity Farms Mountain Peach Edible 100mg,renamed
20612,Shatter J's Disposable Cartridge Pina Colada - 1g,Mountain Hi Shatter J's Pina Colada Disposable Cartridge 3,renamed
20610,SMC - Fabulous 5 Mixed Pack - 5g,Mountain Hi Seattle Marijuana Co Fabulous 5 Mixed Pack Infused Pre-roll 2,renamed
20608,Shatter J's Infused Pre-roll Blackberry Pie - 5g,Mountain Hi Shatter J's Blackberry Pie Infused Pre-roll 4,renamed
20606,Shatter J's Disposabel Cartridge Blackberry Pie - 1g HYBRID,Mountain Hi Shatter J's Blackberry Pie Disposable Cartridge 3,renamed
20600,SMC - Infused Joint 1g - Melon Guava - 1g,Mountain Hi Shatter J's Melon Guava Infused Pre-roll 4,renamed
20589,Shatter J's Infused Pre-roll Cotton Candy - 5g,Mountain Hi Shatter J's Cotton Candy Infused Pre-roll 4,renamed
20564,Ooowee - 5/1g Pre-Roll - Ooowee - Saint Lauruntz - 5g,R B Group Ooowee Saint Lauruntz Infused Pre-roll 5g,renamed
20541,Ooowee - 1G Hydrocarbon Concentrate - Sunset Lemonade - 1g,R B Group Ooowee Sunset Lemonade Bho 2,renamed
20535,Ooowee - 1G Hydrocarbon Concentrate - Sour Gum - 1g,R B Group Ooowee Sour Gum Bho 2,renamed
20500,BFF All In One Tanker - JK - Jackfruit Kiwi - 1g - (H),Botanical Arts Buddies Jackfruit Kiwi Disposable Cartridge 1g,renamed
20496,Headies Live Rosin All In One - Super Boof - .5g,Botanical Arts Buddies Super Boof Disposable Cartridge 0.5g,renamed
20493,Second Nature Flower 28g / Orangasm,Hesperides Second Nature Orangasm Flower 28g,renamed
20483,A.C. Flower - Gelato Cake - 14g (I),Agro Couture Gelato Cake Flower 14g,renamed
20482,Slab Hash Rosin - Acai Berry Gelato - 1g (S),Agro Couture Acai Berry Gelato Rosin 1g,renamed
20481,Slab Hash Rosin - GG4 - 1g (H),Agro Couture Gg4 Rosin 1g,renamed
20480,Slab Hash Rosin - Royal Girl Scout Cookies - 1g (I),Agro Couture Royal Girl Scout Cookies Rosin 1g,renamed
20478,A.C. Flower - Gelato Cake - 3.5g (I),Agro Couture Gelato Cake Flower 3.5g,renamed
20476,Dabstar Dab Stix Pre-Roll 1g - Strawberry Lemonade (S),Agro Couture Strawberry Lemonade Infused Pre-roll 1g,renamed
20475,Dabstar Dab Stix Pre-Roll 1g - Sticky S'mores (H),Agro Couture Sticky S'mores Infused Pre-roll 1g,renamed
20473,AC Disposable - Key Lime Pie - 1g,Agro Couture Key Lime Pie Disposable Cartridge 1g,renamed
20470,GE - Hawaiian Punch - 1g (S),Agro Couture Hawaiian Punch Bho 1g,renamed
20468,GE - Green Crack - 1g (S),Agro Couture Green Crack Bho 1g,renamed
20467,GE Dab - Grape Stomper - 1g (S),Agro Couture Grape Stomper Bho 1g,renamed
20465,GE Dab - 9# Hammer - 1g (I),Agro Couture 9 Hammer Bho 1g,renamed
20458,GE - Sherbet - 1g Indica Vape Cartridge,Agro Couture Sherbet Cartridge 1g,renamed
20457,GE - Green Zkittlez - 1g Sativa Vape Cartridge,Agro Couture Green Zkittlez Cartridge 1g,renamed
20456,GE - Grape Stomper - 1g Sativa Vape Cartridge,Agro Couture Grape Stomper Cartridge 1g,renamed
20450,SPR - Moon Pie - 1g,Seattles Private Reserve Seattle's Private Reserve Moon Pie Flower 1g,renamed
20447,SPR - 2pk Joint Box (2g) - Bahama Mama,Seattles Private Reserve Seattle Private Reserve Bahama Mama Flower 2g,renamed
20446,SPR - 2pk Joint Box (2g) - Hollywood OG,Seattles Private Reserve Spr Hollywood Pre-roll 2g,renamed
20442,Seattle's Private Reserve Pre-roll Gas Face - 2g,Seattles Private Reserve Seattle's Private Reserve Gas Face Pre-roll 2g,renamed
20441,SPR - 2pk Joint Box (2g) - Lemonder Fuel,Seattles Private Reserve Spr Lemonder Fuel Pre-roll 2g,renamed
20439,SPR - 1g HASH ROSIN - Stuffed Cherry Zlushiez,Seattles Private Reserve Seattle's Private Reserve Stuffed Cherry 1g,renamed
20438,SPR - 1g HASH ROSIN - Afghan Diesel,Seattles Private Reserve Seattle's Private Reserve Afghan Diesel Hash,renamed
20436,SPR - 1g Infused Blunt - Gas Face x Sour Runtz,Seattles Private Reserve Seattle's Private Reserve Gas Face X Sour Runtz,renamed
20433,SPR - 1g Infused Joint - Gas Face x Gushers,Seattles Private Reserve Seattle's Private Reserve Gas Face X Gushers,renamed
20428,SPR - Butter Mintz - 1g,Seattles Private Reserve Seattle's Private Reserve Butter Mintz Flower 1g,renamed
20424,SPR - Sour Diesel - 3.5g,Seattles Private Reserve Seattle's Private Reserve Sour Diesel Flower 3.5g,renamed
20416,Snickle Fritz Cartridge Lime Sorbet,Grow Op Farms Snickle Fritz Lime Sorbet Cartridge 2,renamed
20413,Redneck Wedding 2pk 0.5g Prerolls,Grow Op Farms Phat Panda Redneck Wedding Pre-roll 1g,renamed
20412,OG Chem 2pk 0.5g Prerolls,Grow Op Farms Phat Panda Og Chem Pre-roll 5,renamed
20411,Golden Pineapple 2pk 0.5g Prerolls,Grow Op Farms Phat Panda Golden Pineapple Pre-roll 3,renamed
20410,12th Man Down 1g Preroll,Grow Op Farms Phat Panda 12th Man Down Pre-roll 2,renamed
20405,Panda Pen GDP 1g,Grow Op Farms Phat Panda Gdp Cartridge 1g,renamed
20384,Phat Panda Pre-roll OG Chem - 1g,Grow Op Farms Phat Panda Og Chem Pre-roll 6,renamed
20376,Skord 20-Pack Joints - Animal Cocktail - 14g,Skord Animal Cocktail Pre-roll 14g,renamed
20372,Skord Ceramic Cartridge - 01g - Animal Cocktail,Skord Animal Cocktail Cartridge 1g,renamed
20371,Skord 20-Pack Joints - Lemon Shortbread - 14g,Skord Lemon Shortbread Pre-roll 14g,renamed
20366,Balance Disposable Cartridge Sleepen - 1g,Mfused Balance Sleepen Disposable Cartridge 2,renamed
20360,Twisted Disposable Cartridge Tropical Trippin - 1g,Mfused Twisted Tropical Trippin Disposable Cartridge 1g,renamed
20327,4.20 Minis Chocolate Dark Chocolate Sea Salt 1:1:1:1 CBG CBC CBD THC - 2.00oz,Evergreen Herbal 4.20 Minis Dark Chocolate Sea Salt 1:1:1:1 CBG CBC 2oz,renamed
20325,Blaze Soda Orange Cream Pie 6oz,Evergreen Herbal Orange Cream Edible 6floz,renamed
20311,Sauced & Tossed - Blue Dream - 1g,Canna Organix Blue Dream Infused Pre-roll 2,renamed
20305,High End Farms Flower Welch's Grape -14g,Hang Roots High End Farms Welch's Grape Flower 14g,renamed
20293,hashbreak - Pre Rolls (Infused) - Sour Blue Mintz - 1g,Evergreen Hydro Farms Torus Sour Blue Mintz Infused Pre-roll 1g,renamed
20289,hashbreak - Pre Rolls (Infused) - Sticky Buns - 1g,Evergreen Hydro Farms Torus Sticky Buns Infused Pre-roll 1g,renamed
20288,HashBreak - Hashbreak 2 Pack - Root Beer Float - 1g,Evergreen Hydro Farms Torus Root Beer Float Infused Pre-roll 2,renamed
20287,Torus Flower Cherry Amaretto 3.5g,Evergreen Hydro Farms Torus Cherry Amaretto Flower 3.5g,renamed
20285,Torus - Flower - Snowcaine - 3.5g,Evergreen Hydro Farms Torus Snowcaine Flower 3.5g,renamed
20282,HashBreak - HB Multi - Sour Cherries - 3.5g,Evergreen Hydro Farms Torus Sour Cherries Infused Pre-roll 2,renamed
20278,hashbreak - Pre Rolls (Infused) - Sweet Potato Pie - 1g,Evergreen Hydro Farms Torus Sweet Potato Chips Infused Pre-roll 2,renamed
20271,RSO Original - AC/DC - 9:1 - Sativa - 1g,Skagit Organics Ac Dc 1:10 RSO 2,renamed
20246,Lil' Rays Beverage Huckleberry Lemonade - 1.75oz,Dogtown Pioneers Lil' Rays Huckleberry Lemonade Beverage 1.75floz,renamed
20236,Lil Rays Raspberry Lemonade - 2oz,Dogtown Pioneers Ray's Lil Rays Raspberry Lemonade Beverage 2,renamed
20234,Lil Rays Hash Rosin Original Lemonade - 1.75oz,Dogtown Pioneers Rays Lemonade Lemonade Liquid Infused Edible 1.75floz,renamed
20203,Scented Marker SugarStix [1g],Lifted Cannabis Lifted Scented Marker Infused Pre-roll 3,renamed
20202,25 Eyes SugarStix [1g],Lifted Cannabis Lifted 25 Eyes Infused Pre-roll 1g,renamed
20177,Lifted Flower Permanent Marker - 3.5g,Lifted Cannabis Lifted Permanent Marker Flower 3.5g,renamed
20152,Freddy's Fuego Flower - Sherb Crasher - 3.5g (Legacy),Quality Green Trees Freddy's Fuego Sherb Crasher Flower 3.5g,renamed
20144,Freddy's Fuego Peg Legs - Blue Slushie - 2 x 0.5g,Quality Green Trees Freddy's Fuego Blue Slushie Pre-roll 2,renamed
20140,The Hunt Joint - Sugar Rainbow Luxe - 1g,Quality Green Trees Freddy's Fuego Sugar Rainbow Luxe Flower 1g,renamed
20139,The Hunt Joint - Sub Zero - 1g,Quality Green Trees Freddy's Fuego Sub Zero Flower 2,renamed
20137,The Hunt - Sugar Rainbow Luxe - 3.5g,Quality Green Trees Freddy's Fuego Sugar Rainbow Luxe Flower 3.5g,renamed
20135,The Hunt - Pineapple Bang - 3.5g,Quality Green Trees Freddy's Fuego Pineapple Bang Flower 2,renamed
20111,Burzt - Twisted shot Fruit Punch,Mfused Fruit Punch Shots 60ml,renamed
20109,Burzt - Twisted shot Lemon Loopz,Mfused Lemon Loopz Shots 60ml,renamed
20108,Burzt - Twisted shot Galactic Grape,Mfused Grape Shots 60ml,renamed
20102,Panda Pen AIO Watermelon Mojito - 1g,Grow Op Farms Phat Panda Watermelon Mojito Disposable Cartridge 1g,renamed
20101,Sativa - Orange Soda Panda Pen AIO,Grow Op Farms Phat Panda Orange Soda Disposable Cartridge 1g,renamed
20098,Phat Panda Maui Wowie Infused Preroll,Grow Op Farms Phat Panda Maui Wowie Infused Pre-roll 1g,renamed
20085,Kauai - Platinum Preroll,Grow Op Farms Phat Panda Kauai Pre-roll 1g,renamed
20082,Phat Panda Pre-roll OG Chem - 1g,Grow Op Farms Phat Panda Og Chem Pre-roll 7,renamed
20080,12th Man Down 1g Preroll,Grow Op Farms Phat Panda 12th Man Down Pre-roll 3,renamed
20072,Swifts Edibles - Gummies LIVE Resin-Peach Fuego-MAX-Hybrid-500mg - Peach - Regular - MAX THC:CBD:CBN:CBG - Hybrid - 60g,Green Labs Swifts Peach 1:3 Gummies 60g,renamed
20054,Dragon Balm Lotion CBD BLACK,Ceres Dragon Balm Topical 96.47g,renamed
20052,CHEW_SAT_ASSORTED_GRY_1:1:1:1_20pk,Ceres Assorted 1:1 Edible 4,renamed
20044,Ceres Bites Assorted Chocolates - 2.20oz,Ceres Assorted Chocolates Bites 2.2oz,renamed
20042,Ceres SQUEEZE_TUBE_GOLD_MAX_DRAGON_3.4oz,Ceres Gold Max Dragon 1:1 Topical 4,renamed
20041,Ceres Roll On Dragon Balm Xtra Strength - 3.4oz,Ceres Dragon Balm Xtra Strength 1:1 Roll On 3,renamed
20040,Ceres SQUEEZE TUBE XTRA DRAGON 1:1 - 3.4oz,Ceres Dragon 1:1 Topical 3.4oz,renamed
20037,Ceres Dragon Balm Lotion CBD RED,Ceres Dragon Balm Topical 4,renamed
20036,Ceres Dragon Balm Jar CBD RED,Ceres Dragon Balm Topical 56.7g,renamed
20035,Ceres Topical Dragon Balm 1:1 - 3.4oz,Ceres Dragon Balm 1:1 1:1 Topical 4,renamed
20034,Ceres Lotion Dragon Balm 1:1 RED,Ceres Dragon Balm 1:1 1:1 Topical 96.4g,renamed
20033,CERES JAR DRAGON BALM 1:1 RED,Ceres Dragon Balm 1:1 1:1 Topical 5,renamed
20028,Ceres Disposable Cartridge Lime Drop 1g,Ceres Lime Drop Disposable Cartridge 1g,renamed
20018,Ooowee - JUICED 5/1G Infused PreRoll - Raspberry Mimosa - Key Bump - 5g,R B Group Ooowee Key Bump Infused Pre-roll 5g,renamed
20011,Ooowee - 5/1G Pre-Roll - Wedding Cake - 5g,R B Group Ooowee Wedding Cake Pre-roll 5g,renamed
20010,Ooowee - 5/1G Pre-Roll - Lemon Cherry Gelato - 5g,R B Group Ooowee Lemon Cherry Gelato Pre-roll 5g,renamed
20003,Ooowee - 5/1g Pre-Roll - Ooowee - Gelato X - 5g,R B Group Ooowee Gelato X Pre-roll 5g,renamed
20002,Ooowee - 5/1g Pre-Roll - Ooowee - Saint Lauruntz - 5g,R B Group Ooowee Saint Lauruntz Infused Pre-roll 2,renamed
19999,Ooowee - 5/1G Infused PreRoll - Wedding Cake - 5g,R B Group Ooowee Wedding Cake Infused Pre-roll 5g,renamed
19996,Ooowee - 5/1G Infused PreRoll - Mango Haze - 5g,R B Group Ooowee Mango Haze Infused Pre-roll 2,renamed
19982,Ooowee - 1G Pre-Roll - Ice Cream Cake #8 - 1g,R B Group Ooowee Ice Cream Cake Pre-roll 1g,renamed
19976,Ooowee - 1G Infused Pre-Roll - Mango Haze - 1g,R B Group Ooowee Mango Haze Infused Pre-roll 1g,renamed
19967,Ooowee - 1G Hydrocarbon Concentrate - Sour Gum - 1g,R B Group Ooowee Sour Gum Bho 3,renamed
19963,420 Mini - Dark Chocolate - Sea Salt 2:2:1 CBN:CBD:THC 500mg,Evergreen Herbal Sinner Saints Dark Chocolate 1:2 Chocolate 50g,renamed
19960,Honey Stixx - 2Pk - Crystal - Peach Crescendo X Strawberry Banana,Conscious Cannabis Honey Stixx Peach Crescendo X Strawberry Banana 2,renamed
19931,Svin Pre-Rolls - Unit B - 1x1g,Alpenglow Extracts Svin Unit B Pre-roll 2,renamed
19930,Svin Pre-Rolls -One Piece - 1x1g,Alpenglow Extracts Svin One Piece Pre-roll 2,renamed
19929,Rosin Infused Joint Box - The Menage X Puro Loco - 1g,Alpenglow Extracts Svin Puro Loco Infused Pre-roll 2,renamed
19928,Svin Pre-Rolls - Unit B - 2x.5g,Alpenglow Extracts Svin Unit B Pre-roll 3,renamed
19927,Pre-Rolls - Tangerine Borealis - 2x.5g,Alpenglow Extracts Svin Tangerine Borealis 1 Pre-roll 2,renamed
19925,Svin Diamond Drip Infused Joints - Menage x Golden Lemons,Alpenglow Extracts Svin Menage X Golden Lemons Infused Pre-roll 1g,renamed
19924,Svin Rosin - Lemon Cherry Dosi - 1g,Alpenglow Extracts Svin Lemon Cherry Dosi 7 Flower 1g,renamed
19923,Svin Terp Dough - Tangerine Borealis #1 - 1g,Alpenglow Extracts Svin Tangerine Borealis 1 Badder 1g,renamed
19910,Packaged Flower - Lemon Cherry Garlic - 3.5g,Alpenglow Extracts Svin Lemon Cherry Garlic Flower 3.5g,renamed
19905,Spinello Peach Hybrid 100mg THC Rosin Fruit Chews,Pacific Northwest Consulting Smokiez Peach Fruit Chews 2,renamed
19898,Royal Kind Flower White Truffle - 3.5g,Rgl Industries Royal Kind White Truffle Flower 4,renamed
19895,Royal Kind Flower Oreo - 1g,Rgl Industries Royal Kind Oreo Flower 1g,renamed
19892,Royal Kind Flower Oreo - 7g,Rgl Industries Royal Kind Oreo Flower 7g,renamed
19890,Royal Kind Flower Miracle Cookies - 1g,Rgl Industries Royal Kind Miracle Cookies Flower 1g,renamed
19885,royal kind Flower Super boof - 1g,Rgl Industries Royal Kind Superboof Flower 1g,renamed
19878,Fireline Cannabis Infused 2pk 0.5g (S) Platinum Blue Dream,Fireline Cannabis Blue Dream Infused Pre-roll 1g,renamed
19876,Fireline Cannabis 2pk 0.5g (H) - Skunk GMO,Fireline Cannabis Skunk Gmo Pre-roll 1g,renamed
19858,Fireline Cannabis 10 pk 0.5g - (S) - Platinum Blue Dream,Fireline Cannabis Blue Dream Pre-roll 5g,renamed
19857,Fireline Cannabis 10 pk 0.5g - (H) - Papaya,Fireline Cannabis Papaya Pre-roll 5g,renamed
19855,Fireline Cannabis 10 pk 0.5g - Dubble Dragon,Fireline Cannabis Fireline Dubble Dragon Pre-roll 5g,renamed
19830,FLOWER - McFLY - 3.5g,Downtown Cannabis Company Downtown Mcfly Flower 3.5g,renamed
19796,Green Revolution Shot Sour Watermelon MAX Fly (100mg THC;5mg CBG),Green Revolution Sour Watermelon Beverage 2,renamed
19795,Sour Grape MAX Chill (100mg THC;5mg CBN),Green Revolution Sour Grape Beverage 2,renamed
19792,Nano Dopio - Vanilla Fly (100mg THC;100mg CBG)(56.8g),Green Revolution Vanilla Fly Shots 2floz,renamed
19791,Nano Dopio - Mocha Fly (100mg THC;100mg CBG),Green Revolution Mocha Fly Shots 2floz,renamed
19790,Nano Dopio - Caramel Fly (100mg THC;100mg CBG)(56.8g),Green Revolution Caramel Fly Shots 2,renamed
19787,Torus - Pre-Rolls - Mint Milkshake - 1g,Evergreen Hydro Farms Torus Mint Milkshake Pre-roll 3,renamed
19785,Torus - Pre Roll - Hyphy - 1g,Evergreen Hydro Farms Torus Hyphy Pre-roll 1g,renamed
19784,Torus - ROSIN COLD CURE - Permanent Marker - 1g,Evergreen Hydro Farms Torus Permanent Marker Rosin 1g,renamed
19779,hashbreak - Pre Rolls (Infused) - Monster Mash - 1g,Evergreen Hydro Farms Torus Monster Mash Infused Pre-roll 1g,renamed
19776,hashbreak - Pre Rolls (Infused) - Candy Corn - 1g,Evergreen Hydro Farms Torus Candy Corn Infused Pre-roll 1g,renamed
19775,Torus - ROSIN COLD CURE - Cereal Milk #6 - 1g,Evergreen Hydro Farms Torus Cereal Milk Rosin 1g,renamed
19774,Torus - ROSIN COLD CURE - da FUNK 7 - 1g,Evergreen Hydro Farms Torus Da Funk 7 Rosin 1g,renamed
19773,hashbreak - Pre Rolls (Infused) - Candy Apple- 1g,Evergreen Hydro Farms Torus Candy Apple Infused Pre-roll 1g,renamed
19742,Metaverse [3.5g] [Luxury Line] [D.O.H. COMPLIANT],Lifted Cannabis Lifted Metaverse Flower 3.5g,renamed
19740,Boysenberry Creme Brulee [1g] [Luxury Line] [D.O.H. COMPLIANT],Lifted Cannabis Lifted Boysenberry Creme Brulee Flower 3,renamed
19720,Hellavated cartridge Blueberry Dream - 1g,Avitas Hellavated Blueberry Dream Cartridge 1g,renamed
19717,Hellavated Juicy Stickz Pre-Roll 5 Pack - Mango Kush - 3.75 grams,Avitas Hellavated Mango Kush Infused Pre-roll 2,renamed
19712,Hellavated Infused Pre-roll Strawberry Haze - 0.75g,Avitas Hellavated Strawberry Haze Infused Pre-roll 2,renamed
19696,Sky High Rosin SoDo GMO - 1g,Sky High Gardens Sodo Gmo Rosin 2,renamed
19694,Sky High Rosin OG Kush x Headband - 1g,Sky High Gardens Og Kush X Headband Rosin 1g,renamed
19693,Sky High Gardens Cloud Bar - Blue Dream - 1g,Sky High Gardens Blue Dream Disposable Cartridge 1g,renamed
19691,Sky High Flower - Scented Marker - 3.5g,Sky High Gardens Scented Marker Flower 3.5g,renamed
19688,Sky High 2 Pack Joints - Sherb Cocktail - 1.2g,Sky High Gardens Sherb Cocktail Pre-roll 1.2g,renamed
19686,Sky High Flower - Sherb Cocktail - 3.5g,Sky High Gardens Sherb Cocktail Flower 3.5g,renamed
19671,Wook Tea - Raspberry Hibiscus 100mg,Alpha Crux Llc Constellation Raspberry Beverage 2,renamed
19670,Wook Tea - Peach 100mg,Alpha Crux Llc Constellation Peach Beverage 3,renamed
19669,Wook Tea - Larry Palmer 100mg,Alpha Crux Llc Constellation Lemonade Beverage 3,renamed
19667,Constellation Cannabis Cartridge - Moroccan Peaches .5g,Alpha Crux Llc Constellation Cannabis Moroccan Peaches Cartridge 0.5g,renamed
19662,Cold Cure - Mint Condition 1g,Alpha Crux Llc Constellation Mint Condition Rosin 2,renamed
19661,Cold Cure - Medellin 1g,Alpha Crux Llc Constellation Medellin Rosin 2,renamed
19645,Lifted Pre-roll Permanent Marker - 1g,Lifted Cannabis Lifted Permanent Marker Pre-roll 3,renamed
19621,Burzt - Twisted - 60ml - 100mg - Wild Watermelon,Mfused Wild Watermelon Liquid Infused Edible 2,renamed
19596,Phat Panda Disposable Cartridge Raspberry Skywalker - 1g,Grow Op Farms Phat Panda Raspberry Skywalker Disposable Cartridge 1g,renamed
19592,Trophy Wife 14g Bong Buddies,Grow Op Farms Phat Panda Trophy Wife Flower 14g,renamed
19529,The People's Indoor Gardens Flower People's Diesel - 7g,South Bay Master Growers The People's Indoor Gardens People's Diesel,renamed
19525,The People's Indoor Gardens Flower The Soap - 3.5g,South Bay Master Growers The People's Indoor Gardens The Soap Flower 3.5g,renamed
19524,The People's Indoor Gardens Pre-Rolls - Blue Dream - 2g (4pk),South Bay Master Growers The People's Indoor Gardens Blue Dream Pre-roll 2g,renamed
19522,The People's Flower People's Diesel - 3.5g,South Bay Master Growers The People's People's Diesel Flower 3.5g,renamed
19508,Pinnacle Green Flower Toranja - 3.5g,Pinnacle Green Toranja Flower 2,renamed
19494,Pinnacle Green Flower Dutch Treat - 7g,Pinnacle Green Dutch Treat Flower 7g,renamed
19483,Green Revolution Beverage Raspberry MAX - 2oz,Green Revolution Raspberry Max Beverage 4,renamed
19462,Cookies - Cannabis Terps - Cartridge - 1g - London Pound Cake #75,Edgemont Group Llc Full Spec London Pound Cake Cartridge 1g,renamed
19437,Rosin Infused Joint Box - The Menage X Puro Loco - 1g,Alpenglow Extracts Svin Puro Loco Infused Pre-roll 3,renamed
19436,Rosin Infused Joint Box - The Menage #5 x One Piece - 1g,Alpenglow Extracts Svin The Menage Infused Pre-roll 1g,renamed
19435,Rosin Infused Joint Box - Jacuzzi x One Piece - 1g,Alpenglow Extracts Svin One Piece Infused Pre-roll 1g,renamed
19434,Rosin Infused Joint Box - Jacuzzi x LC Dosi,Alpenglow Extracts Svin Jacuzzi Infused Pre-roll 2,renamed
19423,Mama J's Flower (Sunset MAC/7g),Klaritie Farms Inc Mama J's Sunset Mac Flower 7g,renamed
19422,Mama J's Flower (Sunset MAC/3.5g),Klaritie Farms Inc Mama J's Sunset Mac Flower 3.5g,renamed
19420,Mama J's Flower (Runtz/7g - Hybrid),Klaritie Farms Inc Mama J's Runtz Flower 7g,renamed
19419,Mama J's Flower (Runtz/3.5g - Hybrid),Klaritie Farms Inc Mama J's Runtz Flower 3.5g,renamed
19416,mama J's Flower (Dutchberry 3.5g),Klaritie Farms Inc Mama J's Dutchberry Flower 3.5g,renamed
19414,mama J's - Flower Preroll Pack - GMO - 0.5gx2,Klaritie Farms Inc Mama J's Gmo Pre-roll 1g,renamed
19407,Hustler's Ambition Flower (Tropic Truffle/3.5g - Sativa),Klaritie Farms Inc Hustler's Ambition Tropic Truffle Flower 3.5g,renamed
19404,Hustler's Ambition Flower (Black Cherry Gelato 3.5g),Klaritie Farms Inc Mama J's Black Cherry Gelato Flower 3.5g,renamed
19399,Tropicana Cookies - 1g - Cartridge - Hustler's Ambition,Klaritie Farms Inc Hustler's Ambition Tropicanna Cookies Cartridge 2,renamed
19383,Fire Bros Pre-roll Variety Pack 2.5g,Fire Bros. Fire Bros Variety Pack 1 Pre-roll 2.5g,renamed
19375,Cured Resin Blunt - Tamalez - 2g,Fire Bros. Fire Bros Tamalez Infused Blunt 2g,renamed
19363,Royal Kind Flower Miracle Cookies - 3.5g,Rgl Industries Royal Kind Miracle Cookies Flower 3.5g,renamed
19358,Royal Kind Flower Gas Runtz - 14g,Rgl Industries Royal Kind Gas Runtz Flower 14g,renamed
19339,Shatter J's Disposable Cartridge Cotton Candy - 1g,Mountain Hi Shatter J's Cotton Candy Disposable Cartridge 2,renamed
19335,SMC - Disposable Smokeless - Pina Colada - 1g,Mountain Hi Seattle Marijuana Co Pina Colada Cartridge 1g,renamed
19302,Legit Gold Infused Pre-roll Strawberry Push Pop - 1g,Canna Processing Legit Gold Strawberry Push Pop Infused Pre-roll 1g,renamed
19301,Legit Gold Rainier Cherry - 1g,Canna Processing Legit Gold Rainier Cherry Infused Pre-roll 1g,renamed
19300,Legit Gold Infused Pre-roll High Octane Haze - 1g,Canna Processing Legit Gold High Octane Haze Infused Pre-roll 1g,renamed
19193,hashbreak - Pre Rolls (Infused) - Candy Apple- 1g,Evergreen Hydro Farms Torus Candy Apple Infused Pre-roll 2,renamed
19190,Torus - Ceramic Tip (Infused) - Key Lime Cookies x Boston Cream Pie - 1g,Evergreen Hydro Farms Torus Key Lime Pie Infused Pre-roll 1g,renamed
19186,T2 - Flower - Lava Cake - 3.5g,Evergreen Hydro Farms Torus Lava Cake Flower 3.5g,renamed
19185,hashbreak - Pre Rolls (Infused) - Sweet Potato Pie - 1g,Evergreen Hydro Farms Torus Sweet Potato Chips Infused Pre-roll 3,renamed
19182,Torus - Pre-Rolls - Purple Octane - 1g,Evergreen Hydro Farms Torus Purple Octane Pre-roll 1g,renamed
19181,Torus - Pre Roll - Snowcaine #2 - 1g,Evergreen Hydro Farms Torus Snow Cone Pre-roll 1g,renamed
19174,hashbreak - Pre Rolls (Infused) - Pillow Talk - 1g,Evergreen Hydro Farms Torus Pillow Talk Infused Pre-roll 1g,renamed
19171,hashbreak - Pre Rolls (Infused) - Peanut Butter Fudge - 1g,Evergreen Hydro Farms Torus Peanut Butter Infused Pre-roll 1g,renamed
19170,hashbreak - Pre Rolls (Infused) - PB&J - 1g,Evergreen Hydro Farms Torus Pb J Pre-roll 1g,renamed
19166,hashbreak - - Rosin Vape - GMO - 1g,Evergreen Hydro Farms Torus Gmo Rosin 1g,renamed
19160,Journeyman CBG Kiwi Strawberry Jellies,Botanica Seattle Journeyman Kiwi Strawberry Gummies 3oz,renamed
19140,Greenway Marijuana Bong $40,Greenway Marijuana Bong,renamed
19136,Greenway Pipe $8,Greenway Marijuana Accessories,renamed
19135,Greenway Marijuana Pipe $5,Greenway Marijuana 2,renamed
19104,Flower 7g / Gorilla Glue #4,Coastal Growers Gg4 Flower 7g,renamed
19103,Flower 3.5g / Gorilla Glue #4,Coastal Growers Gg4 Flower 3.5g,renamed
19101,Flower 7g / Blumosa,Coastal Growers Blumosa Flower 7g,renamed
19100,Flower 3.5g / Blumosa,Coastal Growers Blumosa Flower 3.5g,renamed
19099,Flower 1g / Blumosa,Coastal Growers Blumosa Flower 1g,renamed
19090,Ooowee - 1g Live Resin Disposable - FaceLock - 1g,R B Group Ooowee Face Lock Disposable Cartridge 1g,renamed
19048,Ooowee BHO Trophy Runtz 1g,R B Group Ooowee Trophy Runtz Bho 2,renamed
19038,Ooowee - 1G Cartridge - Cereal Milk - 1g,R B Group Ooowee Cereal Milk Cartridge 3,renamed
19016,Micro Cart - 1g Cartridge - Micro Cart - Strawberry Mochi - 1g,Joint Ventures Micro Bar Strawberry Mochi Cartridge 1g,renamed
18998,SUPREME Bang Stick - Animal Rain - 2pk,Subx Sub X Animal Rain Infused Pre-roll 1g,renamed
18997,SUPREME Bang Stick - Orange Poison - 2pk,Subx Sub X Orange Poison Infused Pre-roll 1g,renamed
18992,SIGNATURE Live Classic Cartridge - White Burgundy - 1g,Subx Sub X White Burgundy Cartridge 1g,renamed
18955,Trichome Flower White Meat - 3.5g,Canna Pacific Trichome White Meat Flower 2,renamed
18950,Applesauce AIO - Deep Fried Oreoz - 1g,Canna Pacific Trichome Deep Fried Oreoz Disposable Cartridge 1g,renamed
18944,Trichome Raw Flower - Bubble Bath - 3.5g,Canna Pacific Trichome Bubble Bath 1 Flower 3.5g,renamed
18939,VICE - Raspberry Tea - 100mg THC - DOH,Dogtown Pioneers Ray's Raspberry Beverage 355ml,renamed
18938,VICE - Hash Rosin Lemon Tea - 100mg THC - DOH,Dogtown Pioneers Ray's Lemon Beverage 355ml,renamed
18931,Mary Jones - 12oz - Zero Sugar Berry Lemonade Soda,Dogtown Pioneers Mary Jones Berry Lemonade Beverage 12floz,renamed
18886,Heavenly Buds Flower Gushers - 3.5g,Heavenly Buds Gushers Flower 3.5g,renamed
18875,Cold Cure - Grape Lyfe 1g - DOH,Alpha Crux Llc Constellation Grape Lyfe Rosin 1g,renamed
18874,Cold Cure - Moroccan Peaches 1g - DOH,Alpha Crux Llc Constellation Moroccan Peaches Rosin 1g,renamed
18872,Moonshot Hash Rosin Beverage Green Apple - 1.7oz,Alpha Crux Llc Moonshot Hash Rosin Green Apple Beverage 1.7floz,renamed
18869,Rosin Vape Cart 0.5g - Amarelo- DOH,Alpha Crux Llc Constellation Amarelo Cartridge 0.5g,renamed
18851,Moonshot Hash Rosin Beverage Grape - 1.7oz,Alpha Crux Llc Moonshot Hash Rosin Grape Beverage 2,renamed
18844,Tart - Tangerine Sativa 100mg,Jms. Consultants Swell Tangerine Mints 14g,renamed
18842,Tart - Cherry Lime Sativa 100mg,Jms. Consultants Swell Cherry Lime Mints 14g,renamed
18839,Mint - Spearmint Indica 100mg,Jms. Consultants Swell Spearmint Mints 14g,renamed
18838,Mint - Peppermint Sativa 100mg,Jms. Consultants Swell Peppermint Mints 14g,renamed
18837,Mint - Peppermint Indica 100mg,Jms. Consultants Swell Peppermint Mints 2,renamed
18836,Mint - Cinnamon Sativa 100mg,Jms. Consultants Swell Cinnamon Mints 14g,renamed
18835,Mint - Cinnamon Indica 100mg,Jms. Consultants Swell Cinnamon Mints 2,renamed
18816,Hightide: Live Rosin (73-159µm) - Twin Peaks,Northwest Harvesting Co High Tide Twin Peaks Rosin 1g,renamed
18813,Hightide: Live Rosin Alley Oop,Northwest Harvesting Co High Tide Alley Oop Rosin 1g,renamed
18812,CloutKing: Live Rosin - Tussin,Northwest Harvesting Co Clout King Tussin Rosin 1g,renamed
18811,Clout King: Live Rosin - Mom's Spaghetti,Northwest Harvesting Co Clout King Mom's Spaghetti Rosin 1g,renamed
18810,Clout King: Wagyu - 1.0g Infused,Northwest Harvesting Co Clout King Wagyu Infused Pre-roll 1g,renamed
18809,Clout King: Cream Pie - 1.0g Infused,Northwest Harvesting Co Clout King Cream Pie Infused Pre-roll 1g,renamed
18808,Clout King: Tussin Headz - PR 2pk - 1g,Northwest Harvesting Co Clout King Tussin Headz Pre-roll 1g,renamed
18807,Clout King: Street Treat - PR 2pk - 1g,Northwest Harvesting Co Clout King Street Treat Pre-roll 1g,renamed
18806,Clout King: Milk Steak - PR 2pk - 1g,Northwest Harvesting Co Clout King Milk Steak Pre-roll 1g,renamed
18805,Clout King: Bubble Gum Wagyu - PR 2pk - 1g,Northwest Harvesting Co Clout King Bubble Gum Wagyu Pre-roll 1g,renamed
18804,Clout King: Tussin Headz - 3.5g,Northwest Harvesting Co Clout King Tussin Headz Flower 3.5g,renamed
18801,K-Savage: GMO - Pr 2pk - 1,Northwest Harvesting Co K Savage Gmo Pre-roll 1g,renamed
18793,Wildside Beverage Agave Lime 2:1:1 THC:CBG:CBC - 2oz,Green Revolution Wildside Agave Lime 2:1:1 Thc:cbg:cbc Beverage 2floz,renamed
18776,Honey Stixx - Flavored - Twisted Peach - Hybrid,Conscious Cannabis Bodhi High Peach Infused Pre-roll 1g,renamed
18775,Honey Stixx Infused Pre-roll - Strawberry Bliss - Flavored - Sativa,Conscious Cannabis Honey Stixx Strawberry Bliss Infused Pre-roll 4,renamed
18720,Lish Organics - Rosin Dabs - DOH - Tested - Papaya - 1g,Cannasol Farms Cannasol Papaya Rosin 1g,renamed
18719,CannaSol - Pre Rolls - DOH Tested - Shiva's Nectar - 1.5g,Cannasol Farms Cannasol Shiva's Nectar 1:5 Pre-roll 1.5g,renamed
18717,CannaSol - Pre Rolls - DOH Tested - Cosmic Charlie - 1.5g,Cannasol Farms Cannasol Cosmic Charlie 1:1 Pre-roll 1.5g,renamed
18716,CannaSol - Pre Rolls - DOH Tested - Charlotte's Tsu - 1.5g,Cannasol Farms Cannasol Charlotte's Tsu 1:10 Flower 1.5g,renamed
18715,CannaSol - Pre Rolls - DOH Tested - Aliens on Moonshine - 1.5g,Cannasol Farms Cannasol Aliens On Moonshine 1:3 Pre-roll 1.5g,renamed
18714,Lish Organics - Full Melt Bubble Hash - DOH Tested - Purple Trainwreck - 1g,Cannasol Farms Cannasol Purple Trainwreck Hash 1g,renamed
18709,Lish Organics - Full Melt Bubble Hash - DOH Tested - GMO - 1g,Cannasol Farms Cannasol Gmo Bubble Hash 1g,renamed
18705,Lish Organics - Rosin Dabs - Amnesia Cookies - 1g,Cannasol Farms Cannasol Amnesia Cookies Rosin 1g,renamed
18701,CannaSol - Glass Jar - DOH Tested - Sour Diesel - 7g,Cannasol Farms Cannasol Sour Diesel Flower 7g,renamed
18700,CannaSol - Flower - DOH Tested - Sour Diesel - 3.5g,Cannasol Farms Cannasol Sour Diesel Flower 3.5g,renamed
18699,CannaSol - Pre Rolls - DOH Tested - Sour Diesel - 1.5g,Cannasol Farms Cannasol Sour Diesel Pre-roll 1.5g,renamed
18697,CannaSol - Flower - DOH Tested - 4Rilla Glue - 3.5g,Cannasol Farms Cannasol 4rilla Flower 3.5g,renamed
18696,CannaSol - Pre Rolls - DOH Tested - 4Rilla Glue - 1.5g,Cannasol Farms Cannasol 4rilla Flower 1.5g,renamed
18695,Lish Organics - Rosin Dabs - DOH - Tested - GMO - 1g,Cannasol Farms Cannasol Gmo Rosin 1g,renamed
18694,Mojo Infused Pre-roll Zoo Dawg 1g,Cannasol Farms Mojo Zoo Dawg Infused Pre-roll 1g,renamed
18679,Suspended Flower Super Boof -1g,Suspended Brands Suspended Super Boof Flower 3,renamed
18675,Suspended Flower Black Koffee - 1g,Suspended Brands Suspended Black Koffee Flower 2,renamed
18667,Suspended Flower Commando #7 - 1g,Suspended Brands Suspended Commando 7 Flower 3,renamed
18650,Viking Cannabis - Old School Lemons - Popcorn - 10g,Free Rain Farms Inc. Viking Cannabis Old School Lemons Flower 10g,renamed
18644,Viking Cannabis - Candy MAC - 2x0.5g Bubble Hash Joint Tube,Free Rain Farms Inc. Viking Cannabis Candy Mac Infused Pre-roll 1g,renamed
18638,Live Rosin - Gas Face - 1g - FSCC - A,Free Rain Farms Inc. Viking Cannabis Gas Face Rosin 1g,renamed
18629,Torus - Pre-Rolls - Purple Octane - 1g,Evergreen Hydro Farms Torus Purple Octane Pre-roll 2,renamed
18627,T2 - Flower - Ginger Tea - 3.5g,Evergreen Hydro Farms Torus Ginger Tea Flower 3.5g,renamed
18626,T2 - Flower - Grape GMO - 3.5g,Evergreen Hydro Farms Torus Grape Gmo Flower 3.5g,renamed
18623,T2 Flower Breakfast Toast - 3.5g,Evergreen Hydro Farms Torus Breakfast Toast Flower 3.5g,renamed
18619,Torus - Pre Roll - Pinalada - 1g,Evergreen Hydro Farms Torus Pinalada Pre-roll 1g,renamed
18618,hashbreak - Pre Rolls (Infused) - Berry Banana - 1g,Evergreen Hydro Farms Torus Berry Infused Pre-roll 1g,renamed
18617,T2 Flower Kool Whip 3.5g,Evergreen Hydro Farms Torus Kool Whip Flower 3.5g,renamed
18614,Torus - Flower - Cereal Milk #6 - 3.5g,Evergreen Hydro Farms Torus Cereal Milk 6 Flower 2,renamed
18612,hashbreak - Pre Rolls (Infused) - PB&J - 1g,Evergreen Hydro Farms Torus Pb J Pre-roll 2,renamed
18610,hashbreak - Pre Rolls (Infused) - Lemon Cherry Punch - 1g,Evergreen Hydro Farms Torus Lemon Cherry Punch Infused Pre-roll 2,renamed
18608,hashbreak - Pre Rolls (Infused) - PB&J - 3.5g,Evergreen Hydro Farms Torus Pb J Infused Pre-roll 3.5g,renamed
18539,Fugu - T1 - Hash Rosin - Red Velvet - 1g,Blue Roots Fugu Farms Red Velvet Rosin 1g,renamed
18538,Fugu - T1 - Hash Rosin - Rainbow Xushi - 1g,Blue Roots Fugu Farms Rainbow Xushi Rosin 1g,renamed
18536,Fugu - T1 - Hash Rosin - Mani - 1g,Blue Roots Fugu Farms Mani Rosin 1g,renamed
18535,Fugu - T1 - Hash Rosin - Blue Glue #4 - 1g,Blue Roots Fugu Farms Blue 16 Rosin 1g,renamed
18534,Collections - T2 - Hash Rosin - Xeno - 1g,Blue Roots Fugu Farms Xeno Rosin 1g,renamed
18533,Collections - T2 - Hash Rosin - Dulce De Uva - 1g,Blue Roots Fugu Farms Dulce De Uva Rosin 1g,renamed
18531,Collections - T2 - Hash Rosin - Cherry Bang Bang - 1g,Blue Roots Fugu Farms Cherry Bang Bang Rosin 1g,renamed
18530,Collections - T2 - Hash Rosin - Alpine Guava - 1g,Blue Roots Fugu Farms Alpine Guava Rosin 1g,renamed
18529,Collections - Full Spectrum - Hash Rosin - Gary Payton x Memory Loss - 1g,Blue Roots Fugu Farms Gary Payton X Memory Loss Rosin 1g,renamed
18528,Collections - Full Spectrum - Hash Rosin - Gary Payton - 1g,Blue Roots Fugu Farms Gary Payton Rosin 1g,renamed
18527,Collections - Full Spectrum - Hash Rosin - Alpine Guava - 1g,Blue Roots Fugu Farms Alpine Guava Rosin 2,renamed
18522,Custard - Blue Dream - 1g,Canna Organix Blue Dream Live Resin 2,renamed
18521,Headshots - Berry Pie - 1g,Canna Organix Berry Bliss Infused Pre-roll 1g,renamed
18520,Headshots - Zkittlez Pie - 1g,Canna Organix Zkittlez Pie Infused Pre-roll 1g,renamed
18519,Headshots - Forbidden Fruit - 1g,Canna Organix Forbidden Fruit Infused Pre-roll 2,renamed
18518,Sauced & Tossed - Plu-Dough - 1g,Canna Organix Plu-dough Infused Pre-roll 1g,renamed
18517,Sauced & Tossed - Headbanger #2 - 1g,Canna Organix Headbanger Infused Pre-roll 1g,renamed
18516,Sauced & Tossed - Gluelato - 1g,Canna Organix Gluelato Infused Pre-roll 1g,renamed
18515,Canna Organix Custard - Durban Poison - 1g,Canna Organix Durban Poison Live Resin 2,renamed
18511,Pre-Rolls - Rainbow Zoap - 2x.5g,Alpenglow Extracts Svin Rainbow Zoap Pre-roll 2,renamed
18510,Pre-Rolls -Puro Loco - 2x.5g,Alpenglow Extracts Svin Puro Loco Pre-roll 1g,renamed
18508,Rosin - Puro Loco - 1g,Alpenglow Extracts Svin Puro Loco Badder 2,renamed
18507,Rosin- One Piece - 1g,Alpenglow Extracts Svin One Piece Rosin 1g,renamed
18496,Packaged Flower - Unit B - 3.5g,Alpenglow Extracts Svin Unit B Flower 3.5g,renamed
18480,Packaged Flower - Lemon Cherry Dosi #7 - 3.5g,Alpenglow Extracts Svin Lemon Cherry Dosi 7 Flower 3.5g,renamed
18476,Firebros Lanyard,Hermanos Del Fuego Accessories,renamed
18475,Fire Bros AIO Phone Case,Hermanos Del Fuego 2,renamed
18463,Fire Bros. - Pavé - 14g,Fire Bros. Fire Bros Pave Disposable Cartridge 1g,renamed
18444,Lifted Luxury  Flower Electric Peanut Butter Cookies - 3.5g,Lifted Cannabis Lifted Luxury Electric Peanut Butter Cookies Flower 3.5g,renamed
18443,Burnout #33 [3.5g],Lifted Cannabis Lifted Burnout Og 33 Flower 3.5g,renamed
18423,Lifted Pre-Roll Malibu Marker - 1g,Lifted Cannabis Lifted Malibu Marker Pre-roll 1g,renamed
18422,Lifted SugarStix Malibu Marker - 1g,Lifted Cannabis Lifted Mandarin Butter Infused Pre-roll 1g,renamed
18394,2727 - Extracts - 2727 - Sugar Wax - Citrus Sunrise - 1g,2727 Citrus Sunrise Bho 1g,renamed
18387,Legacy Truffles - Golden Truffle - Legacy Loco - 3.5g,Legacy Organics Legacy Loco Mix Infused Flower 3.5g,renamed
18386,Legacy Truffles - Golden Truffle - Legacy Loco - 1g,Legacy Organics Legacy Loco Mix Infused Flower 1g,renamed
18385,Legacy Truffles - DOH Compliant - Triple Truffle Jays - .5g Pack - Lemon Drop - 1g,Legacy Organics Lemon Drop Infused Blunt 1g,renamed
18381,Legacy Reserve - DOH COMPLIANT - Flower - Glass Jar - SMALL BATCH - Apple Mochi - 3.5g,Legacy Organics Apple Mochi Flower 3.5g,renamed
18380,Legacy Reserve - DOH COMPLIANT - Flower - Glass Jar - SMALL BATCH - Larry Bird Kush - 3.5g,Legacy Organics Larry Bird Kush Flower 3.5g,renamed
18378,Legacy Reserve - DOH COMPLIANT - Flower - Glass Jar - SMALL BATCH - White Runtz - 3.5g,Legacy Organics White Runtz Flower 2,renamed
18366,Legacy - - DOH COMPLIANT - Premium Flower - Legacy Jays - .5g Pack - Isodope - 1g,Legacy Organics Isodope Pre-roll 1g,renamed
18365,Legacy - - DOH COMPLIANT - Premium Flower - Legacy Jays - .5g Pack - Sand Man - 1g,Legacy Organics Sand Man Pre-roll 1g,renamed
18362,Stinger Cartridge - 1g Cartridge - Georgia Peach - 1g,Wamsterdam Farms Stingers Georgia Peach Cartridge 2,renamed
18351,Stinger Cartridge - 1g Cartridge - Permanent Marker - 1g,Wamsterdam Farms Stingers Permanent Marker Cartridge 1g,renamed
18344,Stinger Sweets Razzberry Blaze .5g 2pk - Razzberry Blaze - 1g,Wamsterdam Farms Stingers Razzmatazz Infused Pre-roll 3,renamed
18343,Stinger Sweets Grape Soda .5g 2pk - Grape soda - 1g,Wamsterdam Farms Stinger Grape Soda Infused Pre-roll 2,renamed
18342,Stinger Sweets Pineapple Juice .5g 2pk - Pineapple Juice - 1g,Wamsterdam Farms Stingers Pineapple Infused Pre-roll 2,renamed
18341,Stingers Sweets Melted Melon .5g 2pk - Melted Melon - 1g,Wamsterdam Farms Stingers Melon Gum Infused Pre-roll 3,renamed
18340,Stingers - Stinger Sweets Guava Lava .5g 2pk - Guava Lava - 1g,Wamsterdam Farms Stingers Guava Infused Pre-roll 2,renamed
18301,Solr Bear - Live Rosin XL - Cartridge - 1g - (S) Strawberry Fritter,Edgemont Group Llc Solr Bear Strawberry Fritter Cartridge 1g,renamed
18300,Solr Bear - Live Rosin XL - Cartridge - 01g - (S) Red Haze,Edgemont Group Llc Solr Bear Red Haze Cartridge 1g,renamed
18299,Solr Bear - Live Rosin XL - Cartridge - 1g - (S) Citrus Cloud,Edgemont Group Llc Solr Bear Citrus Cloud Cartridge 1g,renamed
18298,Solr Bear - Live Rosin XL - Cartridge - 01g - (S) Apple Sundae,Edgemont Group Llc Solr Bear Apple Sundae Cartridge 1g,renamed
18295,Solr Bear - Live Rosin XL - Cartridge - 1g - (H) Vampire Sunset,Edgemont Group Llc Full Spec Vampire Sunset Cartridge 1g,renamed
18248,Freddy's Fuego Peg Legs - Blue Slushie - Flagship - 2 x 0.5g,Quality Green Trees Freddy's Fuego Blue Slushie Pre-roll 3,renamed
18243,Freddy's Fuego Flower - Goldust - 3.5g (Flagship),Quality Green Trees Freddy's Fuego Goldust Flower 3.5g,renamed
18242,Freddy's Fuego Flower - Lemon Oreo Gelato - 3.5g (Flagship),Quality Green Trees Freddy's Fuego Lemon Oreo Gelato Flower 3.5g,renamed
18241,Freddy's Fuego Flower - Dirty Sugah - 3.5g (Flagship),Quality Green Trees Freddy's Fuego Dirty Sugah Flower 2,renamed
18226,Tyson 2.0 Cartridge Tangie Hook 1g,Klaritie Farms Inc Tyson 2.0 Tangie Hook Cartridge 1g,renamed
18224,Tyson 2.0 Full Flower Prerolls (Pound for Pound Cake 1gx1),Klaritie Farms Inc Tyson 2.0 Pound For Pound Cake Pre-roll 1g,renamed
18223,Tyson 2.0 Full Flower PreRolls (Intergalactic Toad 1g),Klaritie Farms Inc Tyson 2.0 Intergalactic Toad Pre-roll 1g,renamed
18222,Tyson 2.0 - Flower PreRoll - 1g - Dynamite Cookies,Klaritie Farms Inc Tyson 2.0 Dynamite Cookies Pre-roll 1g,renamed
18220,Mama J's Flower Lemon Cherry Gelato - 7g,Klaritie Farms Inc Mama J's Lemon Cherry Gelato Flower 7g,renamed
18219,Mama J's Flower Lemon Cherry Gelato - 3.5g,Klaritie Farms Inc Mama J's Lemon Cherry Gelato Flower 3.5g,renamed
18218,Mama J's Flower (Katsu Bubba/14g),Klaritie Farms Inc Mama J's Katsu Bubba Flower 14g,renamed
18217,Mama J's Flower (Katsu Bubba/7g),Klaritie Farms Inc Mama J's Katsu Bubba Flower 7g,renamed
18216,Mama J's Flower (Katsu Bubba/3.5g),Klaritie Farms Inc Mama J's Katsu Bubba Flower 3.5g,renamed
18214,Blyn Buds Flower (Afghan Diesel/7g),Klaritie Farms Inc Mama J's Afghan Diesel Flower 7g,renamed
18213,Mama J's Flower (Afghan Diesel 3.5g),Klaritie Farms Inc Mama J's Afghan Diesel Flower 3.5g,renamed
18201,Hustler's Ambition - Preroll Spritzer 1g,Klaritie Farms Inc Hustler's Ambition Spritzer Pre-roll 1g,renamed
18199,Hustler's Ambition - Preroll Packs - (Godfather OG 1gx1),Klaritie Farms Inc Hustler's Ambition Godfather Og Pre-roll 1g,renamed
18198,Hustler's Ambition - Preroll Packs - (Fugi Fruit 1gx1),Klaritie Farms Inc Hustler's Ambition Fugi Fruit Pre-roll 1g,renamed
18196,Hustler's Ambition Flower (Royal Mystery/3.5g),Klaritie Farms Inc Hustler's Ambition Royal Mystery Flower 3.5g,renamed
18195,Hustler's Ambition Flower (Cheesecake/3.5g),Klaritie Farms Inc Local Farmers Cheesecake Flower 3.5g,renamed
18193,Hustler's Ambition Flower (Black Cherry Gelato 3.5g),Klaritie Farms Inc Mama J's Black Cherry Gelato Flower 2,renamed
18191,Hustler's Ambition Flower (Banana OG 3.5g),Klaritie Farms Inc Hustler's Ambition Banana Og Flower 3.5g,renamed
18186,Hustler's Ambition - Cartridge - Watermelon Sangria - 1g,Klaritie Farms Inc Local Farmers Watermelon Sangria Cartridge 1g,renamed
18185,Hustler's Ambition - Cartridge - Tangie Cake - 1g,Klaritie Farms Inc Local Farmers Tangie Cake Cartridge 1g,renamed
18184,Hustler's Ambition - Cartridge - Orange Zee - 1g,Klaritie Farms Inc Hustler's Ambition Orange Zee Cartridge 1g,renamed
18183,Hustler's Ambition - Cartridge - Gelato #41 - 1g,Klaritie Farms Inc Local Farmers Gelato 41 Cartridge 2,renamed
18181,Torus - - Pre Rolls (Flower) - Mint Milkshake - 1g,Evergreen Hydro Farms Torus Mint Milkshake Pre-roll 4,renamed
18180,hashbreak - Pre Rolls (Infused) - Lemon Cherry Punch - 1g,Evergreen Hydro Farms Torus Lemon Cherry Punch Infused Pre-roll 3,renamed
18179,hashbreak - Pre Rolls (Infused) - PB&J - 1g,Evergreen Hydro Farms Torus Pb J Pre-roll 3,renamed
18174,HashBreak - HB Multi - Grape Lemonade - 3.5g,Evergreen Hydro Farms Torus Grape Lemonade Infused Pre-roll 3.5g,renamed
18173,Torus - Pre-Rolls - Lemon Heads #3 - 1g,Evergreen Hydro Farms Torus Lemon Heads Pre-roll 2,renamed
18169,hashbreak - Pre Rolls (Infused) - Marshmallow Fluff - 1g,Evergreen Hydro Farms Torus Marshmallow Fluff Infused Pre-roll 1g,renamed
18168,Torus - Pre-Rolls - Watermelon Martini - 1g,Evergreen Hydro Farms Torus Watermelon Martini Pre-roll 1g,renamed
18167,hashbreak - Pre Rolls (Infused) - PB&J - 3.5g,Evergreen Hydro Farms Torus Pb J Infused Pre-roll 2,renamed
18166,hashbreak - Pre Rolls (Infused) - Candy Apple- 1g,Evergreen Hydro Farms Torus Candy Apple Infused Pre-roll 3,renamed
18164,HashBreak 2 Pack Peanut Butter Fudge 1g,Evergreen Hydro Farms Torus Peanut Butter Pre-roll 1g,renamed
18119,Mfused Disposable Cartridge Hawaiian Dutch - 1g,Mfused Hawaiian Dutch Disposable Cartridge 1g,renamed
18110,Super fog Disposable Cartridge ATF 1g,Mfused Atf Disposable Cartridge 1g,renamed
18098,Refine CCELL® FULL SPEC Disposable Bar - 1g - Kush Mintz [ I ],Xtracted Labs Refine Kush Mintz Disposable Cartridge 1g,renamed
18090,Northwest CCELL® Classic Cart - 1g - Northern Lights [ I ],Xtracted Labs Northwest Concentrates Northern Lights Cartridge 1g,renamed
18053,ISO BOX 1g RESFREE - THCa Isolate DOH,Walden Cannabis Walden THCA THCA 1g,renamed
18051,BWX BOX 1g WALFREE - Mimosa Runtz Sugar Wax,Walden Cannabis Walden Mimosa Bho 1g,renamed
18050,BWX BOX 1g WALBOLD - Pink Lemonade Sugar Wax,Walden Cannabis Walden Pink Lemonade Bho 1g,renamed
18049,HSR BOX 1g RESCOZY - OG Kush,Walden Cannabis Walden Og Kush Rosin 1g,renamed
18048,HSR BOX 1g RESFREE - Orange Cream Pie,Walden Cannabis Walden Orange Cream Pie Rosin 1g,renamed
18018,JAR_XTRA_DRAGON_BALM_CBD_2oz,Ceres Xtra Dragon CBD Topical 2oz,renamed
18014,Ceres ROLL UPS GOLD MAX DRAGON BALM - 3.4oz,Ceres Gold Max Dragon 1:1 Topical 5,renamed
18011,Ceres Tincture Lifted Sativa,Ceres Lifted Tincture 15ml,renamed
18003,Ceres Chocolate Indica Milk Chocolate - 2.20oz,Ceres Indica Milk Chocolate Chocolate 2.2oz,renamed
17987,ROLL_ON_ TUBE_BODY_BLISS_3.4oz,Ceres Body Bliss 1:2 Topical 96.4g,renamed
17982,Wyld Gummies Pear 1:1 THC/CBG - 1.4oz,Ncmx Llc Wyld Pear 1:1 Gummies 2,renamed
17978,Wyld Gummies Raspberry Enhanced Sativa - 1.4oz,Ncmx Llc Wyld Raspberry Gummies 2,renamed
17944,Ooowee - *B Buds 14G Flower - Gusherlicious - 14g,R B Group Ooowee Gusherlicious Flower 14g,renamed
17942,Ooowee - 5/1G Pre-Roll - Lemon Cherry Gelato - 5g,R B Group Ooowee Lemon Cherry Gelato Pre-roll 2,renamed
17907,Mary Jones - 12oz - Zero Sugar Berry Lemonade Soda,Dogtown Pioneers Mary Jones Berry Lemonade Beverage 2,renamed
17904,Royal Kind Flower Miracle Cookies - 3.5g,Rgl Industries Royal Kind Miracle Cookies Flower 2,renamed
17889,Flower / Pre-Roll - 2 x 0.5g / Sex Panther,Hang Roots High End Farms Sex Panther Pre-roll 1g,renamed
17888,Flower / Pre-Roll - 2 x 0.5g / Ohio Rizz,Hang Roots High End Farms Ohio Rizz Pre-roll 1g,renamed
17887,Flower / Pre-Roll - 2 x 0.5g / Blueberry Pie,Hang Roots High End Farms Blueberry Pie Pre-roll 1g,renamed
17842,Grapefruit Romulan ( I ) - Flipside Gold BHO/Ethanol Extracted Disposable 1g,Spark Industries Flipside Grapefruit Romulan Disposable Cartridge 3,renamed
17838,Power ( I/H ) Plaid Jacket BHO THCA Infused Blunt - 1g,Spark Industries Plaid Jacket Power Infused Blunt 1g,renamed
17821,SKUARED - Caramel Espresso 10pk - 5:1 CBD:THC - 80g,Klaritie Farms Honu Caramel Espresso 5:1 Chocolate 80g,renamed
17814,SKUARED - Caramel Apple 10pk - 5:1 CBD:THC - 80g,Klaritie Farms Honu Caramel Apple Chocolate 85g,renamed
17809,SKUARED - Rocky Road 10pk - 5:1 CBD:THC - 50g,Klaritie Farms Honu Rocky Road 5:1 Chocolate 50g,renamed
17808,Honu - Bath Bomb - Oatmeal Mint - 85g,Klaritie Farms Honu Oatmeal Mint Bath Salts 85g,renamed
17770,Lifted Infused Pre-roll ZTRUFFLEZ - 1g,Lifted Cannabis Lifted Ztrufflez Infused Pre-roll 3,renamed
17767,Lifted SugarStix Wedding Cake - 1g,Lifted Cannabis Lifted Wedding Cake Infused Pre-roll 4,renamed
17723,Heavenly Buds - Flower - Orange Diesel DOH - 1g,Heavenly Buds Orange Diesel Flower 1g,renamed
17717,Green Revolution Shot Sour Watermelon MAX Fly (100mg THC;5mg CBG),Green Revolution Sour Watermelon Beverage 3,renamed
17713,Green Revolution Beverage Agave Lime 2:1:1 THC:CBG:CBC - 2.00oz,Green Revolution Agave Lime 2:1:1 Thc:cbg:cbc Beverage 2floz,renamed
17665,hashbreak - - Infused Pre Rolls - Tigers Blood - 1g,Evergreen Hydro Farms Torus Tigers Blood Infused Pre-roll 2,renamed
17663,Torus - Pre-Rolls - Lemon Heads #3 - 1g,Evergreen Hydro Farms Torus Lemon Heads Pre-roll 3,renamed
17662,hashbreak - - Infused Pre Rolls - Candy Apple - 3.5g,Evergreen Hydro Farms Torus Candy Apple Infused Pre-roll 3.5g,renamed
17660,Torus - Pre-Rolls - Mint Milkshake - 1g,Evergreen Hydro Farms Torus Mint Milkshake Pre-roll 5,renamed
17658,Torus - Infused Glass Tip - Raspberry Smoothie x Ginger Pop - 1g,Evergreen Hydro Farms Torus Raspberry Smoothie X Ginger Pop Infused,renamed
17651,Torus - Flower - Lemon Cherry Pastry #1 - 3.5g,Evergreen Hydro Farms Torus Lemon Cherry Pastry Flower 3.5g,renamed
17647,HashBreak - HB Vape - Funk-A-Delic - 1g,Evergreen Hydro Farms Torus Funkadelic Disposable Cartridge 1g,renamed
17646,HashBreak - HB Vape - Grape Icee - 1g,Evergreen Hydro Farms Torus Grape Ice Disposable Cartridge 1g,renamed
17630,SMC - Infused Blunt 1g - MAC - 1g,Mountain Hi Seattle Marijuana Co Mac Infused Blunt 1g,renamed
17624,SMC - Infused Joint 1g - MAC - 1g,Mountain Hi Seattle Marijuana Co Mac Infused Pre-roll 1g,renamed
17616,SMC - Infused Blunt 1g - Jungle Punch - 1g,Mountain Hi Seattle Marijuana Co Jungle Punch Infused Blunt 1g,renamed
17601,Lifted Pre-roll Rainbow Marker [1g],Lifted Cannabis Lifted Rainbow Marker Pre-roll 1g,renamed
17597,Cured Resin Blunt - Jack Black - 2g,Fire Bros. Fire Bros Jack Black Blunt 2g,renamed
17559,Lil Rays Hash Rosin Original Lemonade - 1.75oz,Dogtown Pioneers Rays Lemonade Lemonade Liquid Infused Edible 2,renamed
17555,VICE - Starfruit - 100mg,Dogtown Pioneers Vice Starfruit Beverage 12floz,renamed
17506,Micro Cart - 1g Cartridge - Micro Cart - Tropic Thunder - 1g,Joint Ventures Micro Bar Tropic Thunder Cartridge 1g,renamed
17503,Micro Cart - 1g Cartridge - Micro Cart - Guava Diesel - 1g,Joint Ventures Micro Bar Guava Diesel Cartridge 1g,renamed
17484,Journeyman Beverage Strawberry Lemonade - 2oz,Botanica Seattle Journeyman Strawberry Lemonade Beverage 2,renamed
17391,".75g Trichome InTERPreter Pre-Rolls, 2ct - 92 Octane+AT - 1.5g",Canna Pacific Trichome 92 Octane Infused Pre-roll 1.5g,renamed
17384,".5g Isolated Pre-Rolled Cones, 2ct - Isolated Juicee J Pre-Rolled Cones - 1g",Canna Pacific Trichome Juicee J Infused Pre-roll 1g,renamed
17369,RSO - LA Kush Cake - 1g,Canna Pacific Trichome Kush Cake RSO 1g,renamed
17368,Diamonds N' Sauce - Bubble Bath - 1g,Canna Pacific Trichome Bubble Bath 1 Live Resin 1g,renamed
17366,Trichome Raw Flower - Bubble Bath - 3.5g,Canna Pacific Trichome Bubble Bath 1 Flower 2,renamed
17365,RSO - Midnight Meat - 1g,Canna Pacific Trichome Midnight Meat RSO 1g,renamed
17364,RSO - Sunset Runtz - 1g,Canna Pacific Trichome Sunset Runtz RSO 1g,renamed
17319,Honey Stixx - Flavored - Grape Krush,Conscious Cannabis Honey Stixx Grape Krush Infused Pre-roll 0.75g,renamed
17315,Honey Stixx - 2Pk - HTE Batter - Bubba Kush X Northern Lights - Indica,Conscious Cannabis Bodhi High Bubba Kush Infused Pre-roll 1g,renamed
17221,Legit Gold Infused Pre-roll Strawberry Push Pop - 1g,Canna Processing Legit Gold Strawberry Push Pop Infused Pre-roll 2,renamed
17208,HashBreak - HB Vape - Funk-A-Delic - 1g,Evergreen Hydro Farms Torus Funkadelic Disposable Cartridge 2,renamed
17206,HashBreak - Hashbreak 2 Pack - Pink Lemonade Candy - 1g,Evergreen Hydro Farms Torus Pink Lemonade Infused Pre-roll 1g,renamed
17203,Torus - Pre-Rolls - Watermelon Martini - 1g,Evergreen Hydro Farms Torus Watermelon Martini Pre-roll 2,renamed
17200,HashBreak - HB Vape - Tokyo Soda - 1g,Evergreen Hydro Farms Torus Tokyo Soda Disposable Cartridge 1g,renamed
17199,HashBreak - HB Vape - Grape Icee - 1g,Evergreen Hydro Farms Torus Grape Ice Disposable Cartridge 2,renamed
17185,Freddy's Fuego Peg Legs - Dantes Inferno - Legacy - 2 x 0.5g,Quality Green Trees Freddy's Fuego Dante's Inferno Pre-roll 3,renamed
17115,Suspended Flower Super Boof -1g,Suspended Brands Suspended Super Boof Flower 4,renamed
17111,Suspended Flower Lost OG - 1g,Suspended Brands Suspended Lost Og Flower 1g,renamed
17107,Suspended Flower Star Pebbles- 1g,Suspended Brands Suspended Star Pebbles Flower 3,renamed
17103,Suspended Infused Pre-roll Commando #7 -2.5g,Suspended Brands Suspended Commando 7 Infused Pre-roll 2.5g,renamed
17087,Refine LOUD ROSIN - Yuck Mouth,Xtracted Labs Refine Yuck Mouth Rosin 1g,renamed
17083,Refine Infused LOUD Joint - Wedding Cake x Super Boof,Xtracted Labs Refine Wedding Cake X Super Boof Infused Pre-roll 1g,renamed
17082,Refine Infused HASH Joint - Quickz x Permanent Marker,Xtracted Labs Refine Quickz X Permanent Marker Infused Pre-roll 1g,renamed
17081,Refine Infused HASH Joint - Baby Yo-Duh x Galactic Runtz,Xtracted Labs Refine Baby Yo-duh X Galactic Runtz Infused Pre-roll 1g,renamed
17069,Rosin - SOUR FRUIT - 1g,Prismatic Sour Fruit Rosin 1g,renamed
17068,Rosin - PINEAPPLE FUNK - 1g,Prismatic Pineapple Funk Rosin 1g,renamed
17067,Rosin - GARLIC COCKTAIL - 1g,Prismatic Garlic Cocktail Rosin 1g,renamed
17066,Infused Pre-Rolls - WHITE WIDOW - 1.0g (2x0.5g),Prismatic White Widow Infused Pre-roll 1g,renamed
17065,Infused Pre-Rolls - PURPLE MANGO - 1.0g (2x0.5g),Prismatic Purple Mango Infused Pre-roll 1g,renamed
17064,Sativa Pre-Rolls - LODI DODI - 1.5g (3x0.5g),Prismatic Lodi Dodi Pre-roll 1.5g,renamed
17063,Sativa Pre-Rolls - ACID DOUGH - 1.5g (3x0.5g),Prismatic Acid Dough Pre-roll 1.5g,renamed
17062,Indica Pre-Rolls - PINK LEMONADE - 1.5g (3x0.5g),Prismatic Pink Lemonade Pre-roll 1.5g,renamed
17061,Indica Pre-Rolls - HASH BURGER - 1.5g (3x0.5g),Prismatic Hash Burger Pre-roll 1.5g,renamed
17060,Hybrid Pre-Rolls - GLITTER BLAST - 1.5g (3x0.5g),Prismatic Glitter Blast Pre-roll 1.5g,renamed
17059,Hybrid Pre-Rolls - GARY PAYTON - 1.5g (3x0.5g),Prismatic Gary Payton Pre-roll 1.5g,renamed
17040,Cold Cure - The Soap,Alpha Crux Llc Constellation The Soap Rosin 1g,renamed
17035,Lifted Luxor SugarStix [1g] [D.O.H. COMPLIANT],Lifted Cannabis Lifted Luxor Infused Pre-roll 1g,renamed
17033,Lifted Cannabis Pre-roll Wedding Cake - 1g,Lifted Cannabis Wedding Cake Pre-roll 1g,renamed
17027,Tyson 2.0 Full Flower PreRolls (Intergalactic Toad 1gx5),Klaritie Farms Inc Tyson 2.0 Intergalactic Toad Pre-roll 5g,renamed
17026,Tyson 2.0 Full Flower PreRolls (Intergalactic Toad 1g),Klaritie Farms Inc Tyson 2.0 Intergalactic Toad Pre-roll 2,renamed
17025,Tyson 2.0 Full Flower PreRolls (Gelato #44 1gx5),Klaritie Farms Inc Tyson 2.0 Gelato 44 Pre-roll 5g,renamed
17024,Tyson 2.0 Full Flower PreRolls (Gelato #44 1gx1),Klaritie Farms Inc Tyson 2.0 Gelato 44 Pre-roll 1g,renamed
17021,Collective Rosin (Platinum Slurri 1g),Klaritie Farms Inc Mama J's Platinum Slurr Rosin 1g,renamed
17020,Collective Rosin (Cherry Paloma 1g),Klaritie Farms Inc Mama J's Cherry Paloma Rosin 1g,renamed
17019,Mama J's - Rosin - 1g - Dan's Diesel (H),Klaritie Farms Inc Mama J's Dan's Diesel Rosin 1g,renamed
17018,Mama J's - Rosin - 1g - Blumosa (H),Klaritie Farms Inc Mama J's Blumosa Rosin 1g,renamed
17015,Mama J's Flower Super Boof 3.5g,Klaritie Farms Inc Mama J's Super Boof Flower 3.5g,renamed
17013,Mama J's Flower (Sherb Cream Pie/7g Hybrid),Klaritie Farms Inc Mama J's Sherb Cream Pie Flower 7g,renamed
17012,Mama J's Flower (Sherb Cream Pie/3.5g - Hybrid),Klaritie Farms Inc Mama J's Sherb Cream Pie Flower 3.5g,renamed
17007,Mama J's Flower (Bad Santa 1g),Klaritie Farms Inc Mama J's Bad Santa Flower 1g,renamed
17001,mama J's - Flower Preroll Pack - Sour Apple - 0.5gx2,Klaritie Farms Inc Mama J's Sour Apple Pre-roll 2,renamed
16997,Mama J's - Flower Preroll Pack - Peachy Pete - 0.5gx2,Klaritie Farms Inc Mama J's Peachy Pete Pre-roll 3.5g,renamed
16995,mama J's - Flower Preroll Pack - Blumosa - 0.5gx7,Klaritie Farms Inc Mama J's Blumosa Pre-roll 3.5g,renamed
16992,mama J's - Bubble Hash Preroll Packs - Sherbacio - 0.5gx2,Klaritie Farms Inc Mama J's Sherbacio Infused Pre-roll 1g,renamed
16990,Mama J's - Bubble Hash Preroll Packs - RS11 - 0.5gx2,Klaritie Farms Inc Mama J's Rs11 Infused Pre-roll 1g,renamed
16986,Hustler's Ambition - Preroll Packs - (Tropic Truffle 1gx1),Klaritie Farms Inc Hustler's Ambition Tropic Truffle Pre-roll 1g,renamed
16984,Hustler's Ambition - Preroll Packs - (Shortbread 1gx1),Klaritie Farms Inc Hustler's Ambition Shortbread Pre-roll 1g,renamed
16982,Hustler's Ambition - Preroll Packs - (Pineapple Express 1gx1),Klaritie Farms Inc Hustler's Ambition Pineapple Express Pre-roll 1g,renamed
16980,Hustler's Ambition - Pre-roll Packs - (Orange Cream 1gx1),Klaritie Farms Inc Hustler's Ambition Orange Cream Pre-roll 1g,renamed
16978,Hustler's Ambition - Preroll Packs - (Butter Face 1gx1),Klaritie Farms Inc Hustler's Ambition Butter Face Pre-roll 1g,renamed
16976,Hustler's Ambition Flower (Sour Face 3.5g),Klaritie Farms Inc Hustler's Ambition Sour Face Flower 3.5g,renamed
16974,Hustler's Ambition Flower (Royal Mystery/3.5g),Klaritie Farms Inc Hustler's Ambition Royal Mystery Flower 2,renamed
16973,Hustler's Ambition Flower (Royal Mystery/3.5g),Klaritie Farms Inc Hustler's Ambition Royal Mystery Flower 3,renamed
16971,Hustler's Ambition Flower (Green Goblin/3.5g),Klaritie Farms Inc Hustler's Ambition Green Goblin Flower 3.5g,renamed
16969,Hustler's Ambition Flower Don Mega - 3.5g,Klaritie Farms Inc Hustler's Ambition Don Mega Flower 3.5g,renamed
16961,Hustler's Ambition - Cartridge - Snow Cone - 1g,Klaritie Farms Inc Hustler's Ambition Snow Cone Cartridge 1g,renamed
16960,Hustler's Ambition - Cartridge - Pineapple Surprise - 1g,Klaritie Farms Inc Hustler's Ambition Pineapple Surprise Cartridge 1g,renamed
16959,Hustler's Ambition - Cartridge - Orange Zee - 1g,Klaritie Farms Inc Hustler's Ambition Orange Zee Cartridge 2,renamed
16958,Hustler's Ambition - Cartridge - Gelato #41 - 1g,Klaritie Farms Inc Local Farmers Gelato 41 Cartridge 3,renamed
16925,Biscotti SugarStix [1g],Lifted Cannabis Lifted Biscotti Infused Pre-roll 1g,renamed
16896,"Mellow Prerolls, 2 x .5g, Full Flower Rosin Infused - OG Kush, Hybrid",Evergreen Herbal Og Kush Infused Pre-roll 1g,renamed
16895,"Mellow Prerolls, 2 x .5g, Full Flower Rosin Infused - GMO Cookies",Evergreen Herbal Gmo Cookies Infused Pre-roll 1g,renamed
16894,"Mellow Pre-rolls 2 x .5g, Full Flower Rosin Infused - Caffeine, Sativa",Evergreen Herbal Caffeine Infused Pre-roll 1g,renamed
16883,420 Mini - Milk Chocolate 2:1 CBN:THC,Evergreen Herbal 4.20 Minis Milk Chocolate 4:1 Chocolate 2oz,renamed
16836,Live Rosin 90u - Sugar Cone - 1g,Kohl Processing Enterprises American Hash Makers Sugar Cone Rosin 1g,renamed
16835,Live Rosin 90u - Strawberry Guava - 1g,Kohl Processing Enterprises American Hash Makers Strawberry Guava Rosin 1g,renamed
16742,Sauced & Tossed - Banana Runtz - 1g,Canna Organix Banana Runtz Infused Pre-roll 1g,renamed
16740,Headshots - Forbidden Fruit - 1g,Canna Organix Forbidden Fruit Infused Pre-roll 3,renamed
16738,Sixers - Lemon Burger - 3.6g,Canna Organix Lemon Burger Infused Pre-roll 3.6g,renamed
16733,Sauced & Tossed - Pink Certz - 1g,Canna Organix Pink Certz Infused Pre-roll 1g,renamed
16731,Sauced & Tossed - The Glue - 1g,Canna Organix The Glue Infused Pre-roll 1g,renamed
16729,Headshots - Sunset Zkittlez - 1g,Canna Organix Sunset Zkittlez Infused Pre-roll 1g,renamed
16726,Canna Organix Flower Forbidden Fruit - 3.5g,Canna Organix Forbidden Fruit Flower 1g,renamed
16698,Hellavated infused pre-roll clementine .75g,Avitas Hellavated Clementine Infused Pre-roll 2,renamed
16695,Hellavated infused pre-roll Blueberry Dream,Avitas Hellavated Blueberry Dream Infused Pre-roll 0.75g,renamed
16690,Hellavated Gummies water yer melon - 2.50oz,Avitas Hellavated Water Yer Melon Gummies 2.5oz,renamed
16670,Two Heads Cartridge Tsour Apricot - 1g,Limelight Two Heads Tsour Apricot Cartridge 3,renamed
16650,Mama J's Flower (Sherb Cream Pie/3.5g - Hybrid),Klaritie Farms Inc Mama J's Sherb Cream Pie Flower 2,renamed
16648,Mama J's Flower Lemon Cherry Gelato - 7g,Klaritie Farms Inc Mama J's Lemon Cherry Gelato Flower 2,renamed
16647,Mama J's Flower Lemon Cherry Gelato - 3.5g,Klaritie Farms Inc Mama J's Lemon Cherry Gelato Flower 3,renamed
16644,Mama J's Flower Bubblegum Gelato 14g,Klaritie Farms Inc Mama J's Bubblegum Gelato Flower 14g,renamed
16640,Mama J's - Flower Preroll Pack - Peachy Pete - 0.5gx2,Klaritie Farms Inc Mama J's Peachy Pete Pre-roll 2,renamed
16629,Hustler's Ambition - Cartridge - Watermelon Sangria - 1g,Klaritie Farms Inc Local Farmers Watermelon Sangria Cartridge 2,renamed
16612,Cured Resin Blunt - Umami Bomb - 2g,Fire Bros. Fire Bros Umami Bomb Infused Blunt 2g,renamed
16611,Cured Resin Blunt - Jack Black - 2g,Fire Bros. Fire Bros Jack Black Blunt 2,renamed
16610,Cured Resin Blunt - Lemon Slushee - 2g,Fire Bros. Fire Bros Lemon Slushee Blunt 2g,renamed
16603,Fire Bros Flower Yuzu Sour - 3.5g,Fire Bros. Fire Bros Yuzu Sour Flower 2,renamed
16514,Glass Tip,Accessories,renamed
16513,Royal Blunt Wraps Grape,Royal Blunts Blunt Wrap,renamed
16512,Royal Bunt Wrap Sweets,Royal Blunts Blunt 2,renamed
16511,Royal Blunts Blunt Wraps Vanilla,Royal Blunts,renamed
16510,Royal Blunt Wraps OGK,Royal Blunts Blunt 3,renamed
16509,Royal Blunt Wraps Naked,Royal Blunts Blunt 4,renamed
16508,Royal Blunt Wraps Cali Fire,Royal Blunts Blunt 5,renamed
16466,Heavenly Buds - Frosin - Peach Beltz,Heavenly Buds Peach Beltz Rosin 1g,renamed
16464,Heavenly Buds - Frosin - Papaya Melonz #7 DOH - 1g,Heavenly Buds Papaya Melonz 7 Rosin 1g,renamed
16462,Heavenly Buds - PHO - Berry Bubbles DOH - 1g,Heavenly Buds Berry Bubbles Bho 1g,renamed
16461,Heavenly Buds - Frosin - Apple Guava- 1g,Heavenly Buds Apple Guava Rosin 1g,renamed
16446,Heavenly Buds - Flower - Strawberry Candy DOH - 1g,Heavenly Buds Strawberry Candy Flower 1g,renamed
16438,Heavenly Buds Flower Pineapple Guava - 3.5g,Heavenly Buds Pineapple Guava Flower 3.5g,renamed
16437,Heavenly Buds - Flower - Pineapple Guava DOH - 2g,Heavenly Buds Pineapple Guava Flower 2g,renamed
16436,Heavenly Buds - Flower - Pineapple Guava - 1g,Heavenly Buds Pineapple Guava Flower 1g,renamed
16435,Heavenly Buds pre-roll Papaya Melonz #7 DOH - 1g,Heavenly Buds Papaya Melonz 7 Pre-roll 2,renamed
16430,SF TWI FY - 2.5G - Baja Blazed - Key Lime - HYB - CR,Mfused Twisted Baja Blazed Infused Pre-roll 2,renamed
16369,Ooowee - 1G Pre-Roll - Lemon Cherry Gelato - 1g,R B Group Ooowee Lemon Cherry Gelato Pre-roll 1g,renamed
16329,Mindmelt Live Resin All In One - Marcel Clementine - 1g,Botanical Arts Buddies Marcel Clementine Disposable Cartridge 1g,renamed
16315,BFF Besties Infused Preroll 2-Pack - WTF - Watermelon Freeze - 1.5g,Botanical Arts Buddies Watermelon Infused Pre-roll 1.5g,renamed
16266,Torus - Pre-Rolls - GMO Pie - 1g,Evergreen Hydro Farms Torus Gmo Pie Pre-roll 1g,renamed
16265,Torus - Pre-Rolls - Guava Peach - 1g,Evergreen Hydro Farms Torus Guava Peach Pre-roll 1g,renamed
16249,Pastime Liquid Diamonds Disposable Vape - Indica - Menthol OG - 1g,My Weed Bunny Pastime Menthol Og Disposable Cartridge 1g,renamed
16229,COLLAB Mini 5 pack - 2.5g - Triple Stuffed Oreo #4 (fog/ABS Buds) & Wild Ape (Method) (I),Washington Packaging And Processing Picc Method Pre-roll 2.5g,renamed
16228,COLLAB Mini 5 pack - 2.5g - Sundae Driver (Pot of Gold) (H) & Grape Ape (Hannah) (HI),Washington Packaging And Processing Picc Hannah Pre-roll 2.5g,renamed
16225,M1000 - Blue Dream (White Star) & Rainbow Guava #5 (Ice Queen) (+) (S),Washington Packaging And Processing Picc Blue Dream Infused Pre-roll 1g,renamed
16218,Yellow Jackets (2 mini 1/2g per tube)- Rainier Sour Diesel (White Star) X Rainbow Zkittlez (PHDC2) (+) (H),Washington Packaging And Processing Picc Sour Diesel Infused Pre-roll 1g,renamed
16216,Yellow Jackets (2 mini 1/2g per tube) - Hazy Daze (White Star ) & Blue Dream (Freedom Farms) (S),Washington Packaging And Processing Picc Hazy Train Infused Pre-roll 1g,renamed
16214,HEF Hash Blunt Blue Lime Pie - 1g,Hang Roots High End Farms Blue Lime Pie Infused Blunt 1g,renamed
16212,High End Farms Infused pre-roll Black Soap - 1g,Hang Roots High End Farms Black Soap Infused Pre-roll 1g,renamed
16211,High End Farms Infused pre-roll Blue Lime Pie - 1g,Hang Roots High End Farms Blue Lime Pie Infused Pre-roll 1g,renamed
16210,High End Farms Infused pre-roll Cloud Berry - 1g,Hang Roots High End Farms Cloud Berry Infused Pre-roll 1g,renamed
16204,High End Farms Pre-Roll Purple Pineapple -1g,Hang Roots High End Farms Purple Pineapple Pre-roll 1g,renamed
16203,High End Farms Pre-roll Ohio Rizz 1g,Hang Roots High End Farms Ohio Rizz Pre-roll 2,renamed
16202,High End Farms Pre-roll Blue Lime Pie -1g,Hang Roots High End Farms Blue Lime Pie Pre-roll 1g,renamed
16201,High End Farms Pre-roll Sour Tangie - 1g,Hang Roots High End Farms Sour Tangie Pre-roll 1g,renamed
16200,High End Farms Pre-roll  Jelly Bean,Hang Roots High End Farms Jelly Bean Pre-roll 1g,renamed
16131,Skagit RSO Value CBG1g,Skagit Organics CBG Blend RSO 1g,renamed
16103,SMC - Mix and Match Disposable - Cotton Candy - 1g,Mountain Hi Seattle Marijuana Co Cotton Candy Disposable Cartridge 1g,renamed
16091,Shatter J's Disposabel Cartridge Blackberry Pie - 1g HYBRID,Mountain Hi Shatter J's Blackberry Pie Disposable Cartridge 4,renamed
16061,Fireline Pre-roll Lemon Fire - 4g,Fireline Cannabis Fireline Lemon Fire Pre-roll 4g,renamed
16036,Lifted Cannabis Flower Malibu Marker 3.5g,Lifted Cannabis Lifted Malibu Marker Flower 3.5g,renamed
16018,Lifted Pre-roll Malibu Marker,Lifted Cannabis Malibu Marker Pre-roll 1g,renamed
16014,Designer Runtz SugarStix [1g],Lifted Cannabis Lifted Designer Runtz Infused Pre-roll 1g,renamed
15979,".75g Trichome InTERPreter Pre-Rolls, 2ct - MAC 1+DZ - 1.5g",Canna Pacific Trichome Mac Infused Pre-roll 1.5g,renamed
15974,Applesauce AIO - BlackScotti - 1g,Canna Pacific Trichome Blackscotti Disposable Cartridge 1g,renamed
15970,Applesauce Cart - Black Runtz - 1g,Canna Pacific Trichome Black Runtz Cartridge 1g,renamed
15950,Ray's Lemonade Beverage Tiger's Blood 100mg - 12oz,Dogtown Pioneers Lil Rays Tigers Blood Edible 12floz,renamed
15939,Northwest Concentrates ROSIN - Slurlato - 1g,Xtracted Labs Northwest Concentrates Slurlato Rosin 1g,renamed
15849,PHD2 Flower Black Cherry Gelato 3.5g,Phdc2 Phd2 Black Cherry Gelato Flower 3.5g,renamed
15847,PHD2 Flower Kushadelic 3.5g,Phdc2 Phd2 Kushadelic Flower 3.5g,renamed
15842,Bob Hope Flower 3.5g,Phdc2 Phd2 Bob Hope Flower 3.5g,renamed
15839,PHD2 Flower Mad Fruit 3.5g,Phdc2 Phd2 Mad Fruit Flower 3.5g,renamed
15837,PHD2 Flower Blue Dream 7g,Phdc2 Phd2 Blue Dream Flower 7g,renamed
15836,PHD2 Flower Blue Dream 3.5g,Phdc2 Phd2 Blue Dream Flower 3.5g,renamed
15813,Suspended Flower Lost OG - 1g,Suspended Brands Suspended Lost Og Flower 2,renamed
15809,Suspended Flower Commando #7 - 1g,Suspended Brands Suspended Commando 7 Flower 4,renamed
15804,Sky High Gardens Disposable Cartridge Pineapple Chunk 1g,Sky High Gardens Pineapple Chunk Disposable Cartridge 1g,renamed
15803,Sky High Gardens rosin mintmosa 1g,Sky High Gardens Mintmosa Rosin 1g,renamed
15802,Sky High Gardens Rosin Wedding Cake 1g,Sky High Gardens Wedding Cake Rosin 1g,renamed
15800,Sky High Gardens Pre-roll Trop Cherry 1.2g,Sky High Gardens Trop Cherry Pre-roll 1.2g,renamed
15792,Sky High Gardens flower Sin Soda 3.5g,Sky High Gardens Sin Soda Flower 3.5g,renamed
15790,Sky High Gardens Pre-roll Sin Soda 1.2g,Sky High Gardens Sin Soda Pre-roll 1.2g,renamed
15777,Thrills Cartridge Sweet Island Skunk,Edgemont Group Llc Thrills Sweet Island Skunk Cartridge 2,renamed
15765,Solr Bear - Live Rosin XL - Cartridge - 1g - (HI) Papaya Punch,Edgemont Group Llc Solr Bear Papaya Punch Cartridge 1g,renamed
15653,Sungaze Beverage - Lemon Ginger - 12oz - 6 x 2.5mg - 15mg,Agro Couture Lemon Ginger 1:2 Beverage 1000ml,renamed
15635,Buddies Infused Pre-roll - Sour Diesel - 1g - (S),Botanical Arts Buddies Sour Diesel Pre-roll 1g,renamed
15576,A.C. Flower - Super Lemon Haze - 7g (S),Agro Couture Super Lemon Haze Flower 7g,renamed
15558,A.C. Sugar-Free Root Beer Float Beverage,Agro Couture Root Beer Beverage 1.7floz,renamed
15540,The People's Indoor Gardens Flower The Soap - 1g,South Bay Master Growers The People's Indoor Gardens The Soap Flower 1g,renamed
15539,The People's Flower People's Diesel - 3.5g,South Bay Master Growers The People's People's Diesel Flower 2,renamed
15538,The People's Flower People's Diesel - 1g,South Bay Master Growers The People's People's Diesel Flower 1g,renamed
15536,The People's Flower - MSG - 1g,South Bay Master Growers The People's Msg Flower 1g,renamed
15535,The People's Flower GG#4 - 3.5g,South Bay Master Growers The People's Gg 4 Flower 3.5g,renamed
15534,The People's Flower GG # 4 - 1g,South Bay Master Growers The People's Gg 4 Flower 1g,renamed
15533,Freddy's Pirate Crystals - Lyon King - 1g,Quality Green Trees Freddy's Fuego Lyon King Terp Crystals 1g,renamed
15532,Freddy's Pirate Crystals - Big Baby - 1g,Quality Green Trees Freddy's Fuego Big Baby Terp Crystals 1g,renamed
15513,Freddy's Fuego Flower - Goldust - 3.5g (Flagship),Quality Green Trees Freddy's Fuego Goldust Flower 2,renamed
15512,Freddy's Fuego Flower - Blue Slushie - 3.5g (Flagship),Quality Green Trees Freddy's Fuego Blue Slushie Flower 3.5g,renamed
15460,Torus - Infused Ceramic - Chai Latte x Paradise Pop - 1g,Evergreen Hydro Farms Torus Chai Latte X Paradise Pop Infused Pre-roll 1g,renamed
15459,HashBreak - Hashbreak 2 Pack - Halo Kitty - 1g,Evergreen Hydro Farms Torus Halo Kitty Infused Pre-roll 1g,renamed
15457,Torus - Pre-Rolls - 91 Octane - 1g,Evergreen Hydro Farms Torus 91 Octane Pre-roll 1g,renamed
15456,Torus Pre-roll Peanut Sundae - 1g,Evergreen Hydro Farms Torus Peanut Sundae Pre-roll 1g,renamed
15453,Torus - Pre-Rolls - K2 #1 - 1g,Evergreen Hydro Farms Torus K2 1 Pre-roll 1g,renamed
15440,WALBOLD - Pink Lemonade Sugar Wax,Walden Pink Lemonade Bho 1g,renamed
15411,tyson 2.0 flower tiger's milk 3.5g,Klaritie Farms Inc Tyson 2.0 Tiger's Milk Flower 3.5g,renamed
15403,Tyson 2.0 Full Flower PreRolls (Tiger Mintz 1g),Klaritie Farms Inc Tyson 2.0 Tiger Mintz Pre-roll 1g,renamed
15402,Tyson 2.0 Full Flower PreRolls (Intergalactic Toad 1gx5),Klaritie Farms Inc Tyson 2.0 Intergalactic Toad Pre-roll 3,renamed
15401,Tyson 2.0 Full Flower PreRolls (Intergalactic Toad 1g),Klaritie Farms Inc Tyson 2.0 Intergalactic Toad Pre-roll 4,renamed
15397,Collective Rosin (Black Garlic/1g - Hybrid),Klaritie Farms Inc Collections Cannabis Black Garlic Rosin 1g,renamed
15392,Mama J's Flower (Super Boof/7g - Hybrid),Klaritie Farms Inc Mama J's Super Boof Flower 7g,renamed
15391,Mama J's Flower (Super Boof/3.5g - Hybrid),Klaritie Farms Inc Mama J's Super Boof Flower 2,renamed
15390,Mama J's Flower (Super Boof/1g - Hybrid),Klaritie Farms Inc Mama J's Super Boof Flower 1g,renamed
15387,Mama J's Flower (Runtz/3.5g - Hybrid),Klaritie Farms Inc Mama J's Runtz Flower 2,renamed
15383,Mama J's Flower (Jack and Coke/7g),Klaritie Farms Inc Mama J's Jack And Coke Flower 7g,renamed
15382,Mama J's Flower (Jack and Coke/3.5g),Klaritie Farms Inc Mama J's Jack And Coke Flower 3.5g,renamed
15377,Mama J's Flower (GMO/3.5g),Klaritie Farms Inc Mama J's Gmo Flower 3.5g,renamed
15371,Mama J's - Flower Preroll Pack - Peachy Pete - 0.5gx2,Klaritie Farms Inc Mama J's Peachy Pete Pre-roll 3,renamed
15349,Hustler's Ambition - Preroll Packs - (Green Goblin 1gx1),Klaritie Farms Inc Local Farmers Green Goblin Pre-roll 1g,renamed
15347,Hustler's Ambition - Preroll Packs - (DojaBerry 1gx1),Klaritie Farms Inc Local Farmers Dojaberry Pre-roll 1g,renamed
15345,Hustler's Ambition - Preroll Packs - (Cheesecake 1gx1),Klaritie Farms Inc Local Farmers Cheesecake Pre-roll 1g,renamed
15344,Hustler's Ambition Flower (Peach Juice 3.5g),Klaritie Farms Inc Local Farmers Peach Juice Flower 3.5g,renamed
15343,Hustler's Ambition Flower (Grape Ape 3.5g),Klaritie Farms Inc Local Farmers Grape Ape Flower 3.5g,renamed
15342,Hustler's Ambition Flower (Gelato #33 / 3.5g),Klaritie Farms Inc Local Farmers Gelato 33 Flower 3.5g,renamed
15341,Hustler's Ambition Flower (Garlic Mintz/3.5g - Indica),Klaritie Farms Inc Local Farmers Garlic Mintz Flower 3.5g,renamed
15340,Hustler's Ambition Flower (Cheesecake/3.5g),Klaritie Farms Inc Local Farmers Cheesecake Flower 2,renamed
15330,Hustler's Ambition - Preroll Packs - Green Goblin - (0.5gx7),Klaritie Farms Inc Local Farmers Green Goblin Pre-roll 3.5g,renamed
15328,Hustler's Ambition - Preroll Packs - DojaBerry - (0.5gx7),Klaritie Farms Inc Local Farmers Dojaberry Pre-roll 3.5g,renamed
15326,Hustler's Ambition - Preroll Packs - Cheesecake - (0.5gx7),Klaritie Farms Inc Local Farmers Cheesecake Pre-roll 3.5g,renamed
15314,Skord Flower - Divine Kush Breath Small Buds- 07g,Skord Divine Kush Breath Flower 7g,renamed
15312,Skord Flower  - Divine Kush Breath- 03.5g,Skord Divine Kush Breath Flower 2,renamed
15299,Trichome Raw Flower - Bubble Bath - 3.5g,Canna Pacific Trichome Bubble Bath 1 Flower 3,renamed
15293,Artizen Flower Dutchberry - 1g,Cannabis Northwest C-m Inc Artizen Dutchberry Flower 1g,renamed
15290,Artizen - Pre Roll - Cotton Candy Runtz - 3.5g,Cannabis Northwest C-m Inc Artizen Cotton Candy Flower 3.5g,renamed
15289,Artizen - .5g Joint 2-Pack - Cotton Candy Runtz - 1g,Cannabis Northwest C-m Inc Artizen Cotton Candy Pre-roll 1g,renamed
15281,Artizen - .5g Joint 2-Pack - Cotton Candy Runtz - 1g,Cannabis Northwest C-m Inc Artizen Cotton Candy Pre-roll 2,renamed
15240,Constellation Cold Cure - Mint Condition 1g,Alpha Crux Llc Constellation Mint Condition Rosin 3,renamed
15239,Constellation Cold Cure Rosin Medellin 1g,Alpha Crux Llc Constellation Medellin Rosin 3,renamed
15236,royal blunt wrap horchata,Royal Blunts Accessories,renamed
15235,"Raw Connoisseur 1 1/4"" papers",Raw,renamed
15232,Juicy Jay Mello Mango Papers,Raw Accessories,renamed
15231,Juicy Jay Watermelon Papers,Raw 2,renamed
15230,Bob Marley Papers King,Raw 3,renamed
15229,"Bob Marley Papers 1 1/4""",Raw 4,renamed
15225,Lookah Load,Lookah Accessories,renamed
15224,Blunts N Roses Rose Petal wraps,Royal Blunts 2,renamed
15223,Blunts N Roses Glass Tip Cones Sweet Berry,Royal Blunts Blunt 6,renamed
15222,Blunts N Roses Glass Tip Cones Royal Rose,Royal Blunts Blunt 7,renamed
15221,Blunts N Roses Glass Tip Cones Bussin' Berry,Royal Blunts Blunt 8,renamed
15220,Raw Connoisseur king slim papers,Raw 5,renamed
15219,"Raw 1 1/4"" Papers Black",Raw 6,renamed
15216,Royal Blunt Wraps Strawberry,Royal Blunts Blunt 9,renamed
15213,Royal Blunt Wraps Mango,Royal Blunts Blunt 10,renamed
15210,Royal Blunt Wraps Bubblegum,Royal Blunts Blunt 11,renamed
15209,Royal Blunt Wraps Blueberry,Royal Blunts Blunt 12,renamed
15208,Royal Blunt Wraps Berries,Royal Blunts Blunt 13,renamed
15207,Royal Blunts Blunt Wrap,Royal Blunts Blunt 14,renamed
15174,Honu - Bath Bomb - Oatmeal Mint - 85g,Klaritie Farms Honu Oatmeal Mint Bath Salts 2,renamed
15154,Permanent Punch SugarStix [1g],Lifted Cannabis Lifted Permanent Punch Infused Pre-roll 1g,renamed
15153,Blue Lobster Sugar Crystals [1g] [Lifted] [D.O.H. COMPLIANT],Lifted Cannabis Lifted Blue Lobster Live Resin 1g,renamed
15147,Green Revolution Shot Strawberry Lime MAX Elevate (100mg THC;5mg CBD),Green Revolution Strawberry Lime Beverage 57ml,renamed
15143,Sour Grape MAX Chill (100mg THC;5mg CBN),Green Revolution Sour Grape Beverage 3,renamed
15141,Wildside Beverage Pineapple Orange Guava MAX 2:1 - 2oz,Green Revolution Wildside Pineapple Orange Guava Max 2:1 Beverage 2floz,renamed
15140,Green Revolution Beverage Wildside Shot Orange Cream MAX 1:1 CBC - 2oz,Green Revolution Wildside Shot Orange Cream Max 1:1 CBC Beverage 2,renamed
15139,Wildside Beverage Shot Mixed Berry MAX Elevate - 2oz,Green Revolution Wildside Shot Mixed Berry Max Elevate Beverage 2floz,renamed
15138,Green Revolution Beverage Lemonade MAX Chill,Green Revolution Lemonade Liquid Infused Edible 2,renamed
15137,Nano Shot - Blueberry Lemonade MAX Elevate (100mg THC),Green Revolution Blueberry Lemon Shots 3,renamed
15136,Wildside Beverage Blueberry Acai Indica MAX Shot 2:1:1 THC:CBD:CBN - 2oz,Green Revolution Wildside Blueberry Acai 2:1:1 2:1 Beverage 3,renamed
15135,Green Revolution Beverage Blue Raspberry Max Chill - 2oz,Green Revolution Blue Raspberry Max Chill Beverage 2,renamed
15134,Green Revolution Beverage Agave Lime 2:1:1 THC:CBG:CBC - 2.00oz,Green Revolution Agave Lime 2:1:1 Thc:cbg:cbc Beverage 2,renamed
15064,Rays Lemonade Beverage Diet Raspberry Lemonade - 12oz,Dogtown Pioneers Rays Lemonade Diet Raspberry Lemonade Beverage 12floz,renamed
14945,Heavenly Buds - INFUSED Bubble Hash .5g 2 pack Lemon Burst 1g,Heavenly Buds Lemon Burst Pre-roll 1g,renamed
14935,Heavenly Buds - Bubble Hash - Strawberry Bubbles DOH - 1g,Heavenly Buds Strawberry Bubbles Bubble Hash 1g,renamed
14926,Heavenly Buds - Bubble Hash - Apple Fritter DOH - 1g,Heavenly Buds Apple Fritter Bubble Hash 1g,renamed
14920,Heavenly Buds Flower White Cherry Runtz - 3.5g,Heavenly Buds White Cherry Runtz Flower 3.5g,renamed
14919,Heavenly Buds - Full Flower .5g Little Snappers - White Cherry Runtz DOH - 1g,Heavenly Buds White Cherry Runtz Pre-roll 2,renamed
14905,Heavenly Buds - Flower - Strawberry Banana Zkittles DOH - 3.5g,Heavenly Buds Strawberry Banana Zkittles Flower 2,renamed
14901,Heavenly Buds - Full Flower .5g Little Snappers - Papaya Melonz #7 DOH - 10g,Heavenly Buds Papaya Melonz 7 Flower 10g,renamed
14894,Heavenly Buds Flower Grapple Pie - 3.5g,Heavenly Buds Grapple Pie Flower 3.5g,renamed
14890,Sinners & Saints Gummies Pink Lemonade 2:2:1 CBN:CBD:THC,Evergreen Herbal Sinner Saints Pink Lemonade 1:2 Gummies 60g,renamed
14878,SF TWI FY - 2.5G - Swirly Temple - Cherry Lime - HYB - CR,Mfused Twisted Swirly Temple Infused Pre-roll 2.5g,renamed
14877,Twisted Infused Pre-roll Lemon Loopz 2.5g,Mfused Lemon Loopz Infused Pre-roll 2.5g,renamed
14858,Mfused Disposable Cartridge Maui Pineapple - 1g,Mfused Maui Pineapple Disposable Cartridge 1g,renamed
14854,SF LOU JF - 1G - Stoopid Gas - Gas - HYB - CR,Mfused Stoopid Gas Disposable Cartridge 1g,renamed
14852,SF FIR TK - 1G - Blu Voodoo - Dessert - HYB - CR,Mfused Blu Voodoo Cartridge 2,renamed
14850,SF FIR TK - 1G - Rainier Cherries - Haze - SAT - CR,Mfused Rainier Cherry Cartridge 2,renamed
14849,SF FIR JF - 1G - Rainier Cherries - Haze - SAT - CR,Mfused Rainier Cherry Disposable Cartridge 1g,renamed
14841,Torus - Flower - Guava Tart - 3.5g,Evergreen Hydro Farms Torus Guava Tart Flower 3.5g,renamed
14835,HashBreak Infused pre-roll - Frosted Cookies - 1g,Evergreen Hydro Farms Torus Frosted Cookies Infused Pre-roll 1g,renamed
14831,Ceres Roll On Dragon Balm Xtra Strength - 3.4oz,Ceres Dragon Balm Xtra Strength 1:1 Roll On 4,renamed
14827,Ceres fruit chew mixed berry 500CBD:100THC,Ceres Mixed Berry 1:5 Fruit Chews 62g,renamed
14821,Ceres Fruit Chew Sativa Assorted 1:1,Ceres Assorted 1:1 Fruit Chews 62g,renamed
14810,Ceres Chocolate Indica Mint,Ceres Mint Chocolate 62g,renamed
14809,Ceres Bites Milk Chocolate Indica 1:1,Ceres Milk Chocolate 1:1 Edible 2oz,renamed
14807,Ceres Edible Assorted Indica Chews 100mg - 2.20oz,Ceres Assorted Indica Chews 100mg Edible 2.2oz,renamed
14712,Refine LOUD ROSIN - Gorilla Cake - 1g,Xtracted Labs Refine Gorilla Cake Rosin 1g,renamed
14694,High Tide: Kimber Slice - 3.5g Snappers,Northwest Harvesting Co High Tide Kimber Slice Flower 3.5g,renamed
14692,High Tide: Zeaweed - 3.5g Snappers,Northwest Harvesting Co High Tide Zeaweed Flower 3.5g,renamed
14691,High Tide: Zeaweed - 3.5g,Northwest Harvesting Co High Tide Zeaweed Flower 2,renamed
14678,Hightide: Live Rosin Zeaweed,Northwest Harvesting Co Hightide Zeaweed Rosin 1g,renamed
14676,Hightide: Live Rosin Alley Oop,Northwest Harvesting Co High Tide Alley Oop Rosin 2,renamed
14675,Clout King: Live Rosin - Thicc Peaches,Northwest Harvesting Co Clout King Thicc Peaches Rosin 1g,renamed
14672,Clout King: Cream Pie - 1.0g Infused,Northwest Harvesting Co Clout King Cream Pie Infused Pre-roll 2,renamed
14671,Clout King: Bubble Butt - 1.0g Infused,Northwest Harvesting Co Clout King Bubble Butt Infused Pre-roll 1g,renamed
14668,Clout King: Watermelon Fresca - PR 2pk - 1g,Northwest Harvesting Co Clout King Watermelon Fresca Pre-roll 1g,renamed
14666,Clout King Pre-roll Slushee - 1g,Northwest Harvesting Co Clout King Slushee Pre-roll 1g,renamed
14665,Clout King Pre-roll Mom's Spaghetti - 1g,Northwest Harvesting Co Clout King Mom's Spaghetti Pre-roll 1g,renamed
14663,Clout King: Hood Snacks - PR 2pk - 1g,Northwest Harvesting Co Clout King Hood Snacks Pre-roll 1g,renamed
14662,Clout King: Guava Headz - PR 2pk - 1g,Northwest Harvesting Co Clout King Guava Heads Pre-roll 1g,renamed
14661,Clout King: Guava Fresca - PR 2pk - 1g,Northwest Harvesting Co Clout King Guava Fresca Pre-roll 1g,renamed
14660,Clout King Pre-roll Cream Pie 2pk - 1g,Northwest Harvesting Co Clout King Cream Pie Pre-roll 1g,renamed
14658,Clout King: Clout Candy - PR 2pk - 1g,Northwest Harvesting Co Clout King Clout Candy Pre-roll 1g,renamed
14657,Clout King: Clout Berries - PR 2pk - 1g,Northwest Harvesting Co Clout King Clout Berries Pre-roll 1g,renamed
14656,Clout King: Bubble Butt - PR 2pk - 1g,Northwest Harvesting Co Clout King Bubble Butt Pre-roll 1g,renamed
14648,K-Savage Diamond Doobie - Blue Note - 1g,Northwest Harvesting Co K Savage Blue Note Infused Pre-roll 1g,renamed
14645,K-Savage Pre-Roll Rumble Strip - PR 2pk - 1g,Northwest Harvesting Co K Savage Rumble Strip Pre-roll 1g,renamed
14641,K-Savage Pre-roll Blue Note,Northwest Harvesting Co K Savage Blue Note Pre-roll 1g,renamed
14599,LVR BOX 1g RESWILD - Mimosa Live Res,Walden Cannabis Walden Mimosa Live Resin 1g,renamed
14526,Lifted Wedding Cake Sugar Crystals [1g],Lifted Cannabis Lifted Wedding Cake Sugar 1g,renamed
14511,Lifted Flower Ztrufflez - 3.5g,Lifted Cannabis Lifted Ztrufflezz Flower 2,renamed
14493,Lifted Pre-roll Metaverse - 1g,Lifted Cannabis Lifted Metaverse Pre-roll 4,renamed
14492,Lifted Infused Pre-roll ZTRUFFLEZ - 1g,Lifted Cannabis Lifted Ztrufflez Infused Pre-roll 4,renamed
14466,Freddy's Fuego Flower - Big Baby - 3.5g (Legacy),Quality Green Trees Freddy's Fuego Big Baby Flower 2,renamed
14428,Fireline Pre Roll - Krazy Pizz (H) - 0.5g x 2,Fireline Cannabis Fireline Krazy Pizz Pre-roll 1g,renamed
14425,Fireline Pre-roll Skatalite - 1g,Fireline Cannabis Fireline Skatalite Pre-roll 1g,renamed
14422,Torus - Pre-Rolls - Chai Latte - 1g,Evergreen Hydro Farms Torus Chai Latte Flower 1g,renamed
14418,HashBreak - Hashbreak 2 Pack - Lava Pie - 1g,Evergreen Hydro Farms Torus Lava Pie Infused Pre-roll 1g,renamed
14416,Torus - Pre-Rolls - Train Wreck - 1g,Evergreen Hydro Farms Torus Trainwreck Pre-roll 1g,renamed
14414,HashBreak - Hashbreak 2 Pack - Suga Berry - 1g,Evergreen Hydro Farms Torus Suga Berry Infused Pre-roll 2,renamed
14412,Torus Pre-roll GMO BX - 1g,Evergreen Hydro Farms Torus Gmo Bx Pre-roll 1g,renamed
14410,Torus - Pre-Rolls - Guava Peach - 1g,Evergreen Hydro Farms Torus Guava Peach Pre-roll 2,renamed
14409,Torus - Flower - Guava Peach - 3.5g,Evergreen Hydro Farms Torus Guava Peach Flower 3.5g,renamed
14408,Torus - Flower - Watermelon Martini - 3.5g,Evergreen Hydro Farms Torus Watermelon Martini Flower 3.5g,renamed
14407,Torus - Flower - Trop Cherry Strawberry - 7g,Evergreen Hydro Farms Torus Trop Cherry Strawberry Flower 7g,renamed
14359,The Blunt - Grape Cake - 1g,Canna Processing Legit Grape Cake Infused Blunt 1g,renamed
14347,Legit Platinum Infused Pre-roll The Forbidden - 1g,Canna Processing Legit Platinum The Forbidden Infused Pre-roll 1g,renamed
14304,Green420 - ECONOMY OUTDOOR FLOWER - FLWR ALASKAN THUNDERFUCK - 1g,Ev Enterprises Trap House Connectons Atf Flower 1g,renamed
14302,Green420 - ECONOMY OUTDOOR FLOWER - FLWR QUANTUM KUSH - 3.5g,Ev Enterprises Trap House Connectons Quantum Kush Flower 3.5g,renamed
14301,Green420 - ECONOMY OUTDOOR FLOWER - FLWR QUANTUM KUSH - 1g,Ev Enterprises Trap House Connectons Quantum Kush Flower 1g,renamed
14298,Green420 - ECONOMY OUTDOOR FLOWER - FLWR MASTER KUSH - 1g,Ev Enterprises Trap House Connectons Master Kush Flower 1g,renamed
14252,Just Cannabis Company - BHO/KIEF/FLAVOR INFUSED PREROLL - PRE-R PINEAPPLE PUNCH - 1g,Ev Enterprises Trap House Connectons Pineapple Infused Pre-roll 1g,renamed
14221,BFF Besties Infused Preroll 2-Pack - WTF - Watermelon Freeze - 1.5g,Botanical Arts Buddies Watermelon Infused Pre-roll 2,renamed
14220,BFF Besties Infused Preroll 2-Pack - OMG - Orange Melon Gum - 1.5g,Botanical Arts Buddies Orange Melon Gum Infused Pre-roll 1.5g,renamed
14218,BFF Besties Infused Preroll 2-Pack - BS - Baby Shark - 1.5g,Botanical Arts Buddies Baby Shark Infused Pre-roll 1.5g,renamed
14171,Buddies Live Resin Vape Cart - Zazul - 1g,Botanical Arts Buddies Zazul Cartridge 1g,renamed
14143,ooowee infused pre-roll pink zaza 1g,R B Group Ooowee Pink Zaza Infused Pre-roll 1g,renamed
14140,Ooowee - 5/1g Pre-Roll - Ooowee - Pink Zaza - 5g,R B Group Ooowee Pink Zaza Pre-roll 2,renamed
14133,Ooowee - JUICED 1G Hydrocarbon Concentrate - Peach Passion - Truffle Oreos - 1g,R B Group Ooowee Truffle Oreos Bho 1g,renamed
14121,Ooowee - 5/1g Pre-Roll - Ooowee - Trophy Runtz - 5g,R B Group Ooowee Trophy Runtz Pre-roll 5g,renamed
14111,Ooowee bho Juiced Orange Sunrise - Mr.Bad,R B Group Mr. Bad 1g,renamed
14081,Ooowee - JUICED 1G Infused PreRoll - Grape-A-Licious - Sunset Lemonade - 1g,R B Group Ooowee Sunset Lemonade Infused Pre-roll 1g,renamed
14080,Ooowee - JUICED 1G Infused PreRoll - Blueberry Dream - Sour Gum - 1g,R B Group Ooowee Blueberry Dream Infused Pre-roll 1g,renamed
14079,Ooowee - JUICED 1G Infused PreRoll - Super Lemon Haze - Pink Zaza - 1g,R B Group Ooowee Pink Zaza Infused Pre-roll 2,renamed
14073,Ooowee - JUICED 1G Infused PreRoll - Baby Yoda - Ooowee Marker - 1g,R B Group Ooowee Ooowee Marker Infused Pre-roll 1g,renamed
14057,High End Farms Pre-roll Black Soap 1g,Hang Roots High End Farms Black Soap Pre-roll 1g,renamed
14055,High End Farms Pre-roll lemon skunk 1g,Hang Roots High End Farms Lemon Skunk Pre-roll 1g,renamed
14054,High End Farms Pre-roll Cat Piss Cookies - 1g,Hang Roots High End Farms Cat Piss Cookies Pre-roll 1g,renamed
13891,Green Revolution Shot Strawberry Lime MAX Elevate (100mg THC;5mg CBD),Green Revolution Strawberry Lime Beverage 2,renamed
13887,Sour Grape MAX Chill (100mg THC;5mg CBN),Green Revolution Sour Grape Beverage 4,renamed
13885,Wildside Beverage Pineapple Orange Guava MAX 2:1 - 2oz,Green Revolution Wildside Pineapple Orange Guava Max 2:1 Beverage 2,renamed
13883,Wildside Beverage Shot Mixed Berry MAX Elevate - 2oz,Green Revolution Wildside Shot Mixed Berry Max Elevate Beverage 2,renamed
13865,Zoots - Gummies - SOAR - THC - Strawberry,Dynamic Processors Zoots Strawberry Gummies 40g,renamed
13863,Zoots - Gummies - SOAR - THC - Green Apple,Dynamic Processors Zoots Green Apple Gummies 40g,renamed
13860,Zoots - Gummies - Ease - CBD 20:1 - Hibiscus Guava Honey,Dynamic Processors Zoots Hibiscus Gummies 40g,renamed
13859,Zoots - Gummies - REST - CBN 2:1 - Passion Fruit Orange Guava,Dynamic Processors Zoots Pog Gummies 40g,renamed
13858,Zoots - Gummies - Ease - CBD 20:1 - Passion Fruit Orange Guava,Dynamic Processors Zoots Pog Gummies 2,renamed
13857,Zoots - Gummies - REST - CBN 2:1 - Hibiscus Guava Honey,Dynamic Processors Zoots Hibiscus Gummies 2,renamed
13849,Thrills Cartridge sugar Cookies,Edgemont Group Llc Thrills Sugar Cookies Cartridge 1g,renamed
13784,Lifted Flower Burnout #33 [7g],Lifted Cannabis Lifted Burnout Og 33 Flower 7g,renamed
13769,Lifted SugarStix Wedding Cake - 1g,Lifted Cannabis Lifted Wedding Cake Infused Pre-roll 5,renamed
13741,Mfused Disposable Cartridge Planet of the Grapes - 1g,Mfused Planet Of The Grapes Disposable Cartridge 1g,renamed
13739,Mfused Disposable Cartridge Hawaiian Dutch - 1g,Mfused Hawaiian Dutch Disposable Cartridge 2,renamed
13735,mfused disposable Cartridge Tropical Sapphire Kush,Mfused Tropical Sapphire Disposable Cartridge 1g,renamed
13734,Mfused Disposable Cartridge Maui Pineapple - 1g,Mfused Maui Pineapple Disposable Cartridge 2,renamed
13733,MFused - Cartridge - Lemon Cherry Gelato (I) - 1g,Mfused Lemon Cherry Gelato Disposable Cartridge 1g,renamed
13732,mfused disposable Cartridge I-95 cookies,Mfused I-95 Disposable Cartridge 1g,renamed
13729,SF FIR JF - 1G - Chocolope - Haze - SAT - CR,Mfused Chocolope Disposable Cartridge 1g,renamed
13722,SF LOU JF - 1G - Purple Reign - Haze - SAT - CR,Mfused Purple Reign Cartridge 1g,renamed
13718,SF FIR JF - 1G - Blu Voodoo - Dessert - HYB - CR,Mfused Blu Voodoo Disposable Cartridge 1g,renamed
13717,SF FIR JF - 1G - Fatso - Gas - IND - CR,Mfused Fatso Disposable Cartridge 2,renamed
13716,SF FIR JF - 1G - Rainier Cherries - Haze - SAT - CR,Mfused Rainier Cherry Disposable Cartridge 2,renamed
13704,Stinger Cartridge - 1g Cartridge - Georgia Peach - 1g,Wamsterdam Farms Stingers Georgia Peach Cartridge 3,renamed
13675,Collective Straight Prerolls (White Cherry Gelato 1g),Klaritie Farms Inc Mama J's White Cherry Gelato Pre-roll 1g,renamed
13673,Collective Straight Prerolls (Pink Runtz 1g),Klaritie Farms Inc Mama J's Pink Runtz Pre-roll 1g,renamed
13671,Collective Straight Prerolls (Lemon Pepper 1g),Klaritie Farms Inc Mama J's Lemon Pepper Pre-roll 1g,renamed
13669,Collective Straight Prerolls (Dosi Punch 1g),Klaritie Farms Inc Mama J's Dosi Punch Pre-roll 1g,renamed
13661,Mama J's Flower (Katsu Bubba/3.5g),Klaritie Farms Inc Mama J's Katsu Bubba Flower 2,renamed
13658,Mama J's Flower (Baklava 3.5g),Klaritie Farms Inc Mama J's Baklava Flower 3.5g,renamed
13639,lil' Rays - Raspberry Lemonade - 100mg THC : 20mg CBD : 20mg CBG : 20mg CBN : 20mg CBC,Dogtown Pioneers Rays Lemonade Raspberry Liquid Infused Edible 2,renamed
13634,Lil Rays Hash Rosin Mango Lemonade - 1.75oz,Dogtown Pioneers Lil Rays Mango Lemonade Beverage 1.75floz,renamed
13618,Stars & Rosin - Kiwi Sherbert x Banana Cream Rosin - .5g,Kohl Processing Enterprises American Hash Makers Kiwi Infused Blunt 0.5g,renamed
13617,Stars & Rosin - Kiwi Sherbert x Purple Push Pop Rosin - .5g,Kohl Processing Enterprises American Hash Makers Kiwi Infused Pre-roll 0.5g,renamed
13616,Stars & Rosin - Rainbow Belts x Banana Cream Rosin - .5g,Kohl Processing Enterprises American Hash Makers Rainbow Belts Infused,renamed
13615,Stars & Rosin - Rainbow Belts x Purple Push Pop Rosin - .5g,Kohl Processing Enterprises American Hash Makers Rainbow Belts 0.5g,renamed
13614,Stars & Rosin - Ambrosia x Banana Cream Rosin - .5g,Kohl Processing Enterprises American Hash Makers Ambrosia Infused Pre-roll,renamed
13613,Stars & Rosin - Ambrosia x Purple Push Pop Rosin - .5g,Kohl Processing Enterprises American Hash Makers Ambrosia X La Kush Cake,renamed
13612,Stars & Rosin - 99 Sunsets x Banana Cream rosin - .5g,Kohl Processing Enterprises American Hash Makers 99 Sunsets Infused,renamed
13611,Stars & Rosin - 99 Sunsets x Purple Push Pop rosin - .5g,Kohl Processing Enterprises American Hash Makers 99 Sunsets 0.5g,renamed
13593,Northwest concentrates live resin candy fumez 1g,Xtracted Labs Northwest Concentrates Candy Fumez Live Resin 1g,renamed
13581,Mad Mark Flower Mad Banana Runtz 3.5g,Mas Farms Mad Mark Mad Banana Runtz Flower 3.5g,renamed
13575,Mad Mark flower mad pie goddess - 3.5g,Mas Farms Mad Mark Mad Pie Goddess Flower 3.5g,renamed
13574,Mad Mark disposable vape - mad pie goddess,Mas Farms Mad Mark Mad Pie Goddess Disposable Cartridge 1g,renamed
13572,Mad Mark disposable vape - mad gelato 1g,Mas Farms Mad Mark Mad Gelato Disposable Cartridge 1g,renamed
13571,Mad Mark pho mad pie goddess,Mas Farms Mad Mark Mad Pie Goddess Bho 1g,renamed
13570,Mad Mark pho mad gelato,Mas Farms Mad Mark Mad Gelato Bho 1g,renamed
13569,Mad Mark pho Amnesia Haze 1g,Mas Farms Mad Mark Amnesia Haze Bho 1g,renamed
13568,Mad Mark blunt Banana Runtz 1.5g,Mas Farms Mad Mark Banana Runtz Blunt 1.5g,renamed
13555,Heavenly Buds - PHO - Strawberry Candy - 1g,Heavenly Buds Strawberry Candy Bho 1g,renamed
13518,Heavenly Buds Pre-roll Papaya Melonz #7 - 5g,Heavenly Buds Papaya Melonz 7 Pre-roll 5g,renamed
13516,Torus - Flower - Cereal Milk #6 - 28g,Evergreen Hydro Farms Torus Cereal Milk Flower 28g,renamed
13515,Torus - Pre-Rolls - Watermelon Martini - 1g,Evergreen Hydro Farms Torus Watermelon Martini Pre-roll 3,renamed
13511,Torus - Pre-Rolls - Mclaren - 1g,Evergreen Hydro Farms Torus Mclaren Pre-roll 2,renamed
13505,Torus - Flower - Permanent Marker - 3.5g,Evergreen Hydro Farms Torus Permanent Marker Flower 2,renamed
13503,Torus - Pre-Rolls - Pinnacle - 1g,Evergreen Hydro Farms Torus Pinnacle Pre-roll 1g,renamed
13497,Pre-Rolls - Wedding Cake - 2g (4pk),South Bay Master Growers The People's Wedding Cake Pre-roll 2g,renamed
13495,The People's Flower Wedding Cake - 1g,South Bay Master Growers The People's Wedding Cake Flower 1g,renamed
13494,Pre-Rolls - The Soap - 2g (4pk),South Bay Master Growers The People's The Soap Pre-roll 2g,renamed
13492,The People's Indoor Gardens Flower The Soap - 1g,South Bay Master Growers The People's Indoor Gardens The Soap Flower 2,renamed
13491,Pre-Rolls - Pistachio - 2g (4pk),South Bay Master Growers The People's Pistachio Pre-roll 2g,renamed
13488,Pre-Rolls - People's Diesel - 2g (4pk),South Bay Master Growers The People's People's Diesel Pre-roll 2,renamed
13486,The People's Indoor Gardens Flower People's Diesel - 1g,South Bay Master Growers The People's Indoor Gardens People's 1g,renamed
13482,Pre-Rolls - Blue Dream - 2g (4pk),South Bay Master Growers The People's Indoor Gardens Blue Dream 2,renamed
13459,Journeyman Sour Watermelon Jellies,Botanica Seattle Journeyman Sour Watermelon Gummies 2,renamed
13440,PHD Flower Gelatino 14g,Phdc2 Phd2 Gelatino Flower 14g,renamed
13397,Fire Bros Pre-roll Tropical Fusion - 1g,Fire Bros. Fire Bros Tropical Fusion Pre-roll 1g,renamed
13396,Gold Tier - Puft Party - 1g,Fire Bros. Fire Bros Puft Party Live Resin 1g,renamed
13395,CBDabs - Jack Black - 1g,Fire Bros. Fire Bros Jack Black 1:1 Live Resin 1g,renamed
13394,CBDabs - Viva Piñata - 1g,Fire Bros. Fire Bros Viva Piñata 1:1 Live Resin 1g,renamed
13393,CBDabs - Peanut Butter Crunch - 1g,Fire Bros. Fire Bros Peanut Butter Crunch 1:1 Live Resin 1g,renamed
13387,Silver Tier - Lemon Slushee - 1g,Fire Bros. Fire Bros Lemon Slushee Live Resin 1g,renamed
13356,Fire Bros Pre-roll Variety Pack 2.5g,Fire Bros. Fire Bros Variety Pack 1 Pre-roll 2,renamed
13319,Walden Infused Pre-roll Acapulco Ape - 1g,Walden Cannabis Walden Acapulco Ape Infused Pre-roll 1g,renamed
13294,SHOTSKI - Strawberry Lemonade,Walden Cannabis Walden Strawberrry Lemonade Edible 1.7floz,renamed
13293,SHOTSKI - Peach Mango,Walden Cannabis Walden Peach Mango Edible 1.7floz,renamed
13291,SHOTSKI - Dragon Fruit,Walden Cannabis Walden Dragon Fruit Edible 1.7floz,renamed
13269,Sinners & Saints Gummies Pink Lemonade 2:2:1 CBN:CBD:THC,Evergreen Herbal Sinner Saints Pink Lemonade 1:2 Gummies 2,renamed
13262,Blaze Live Resin Blue Raspberry - 12oz,Evergreen Herbal Blue Raspberry Edible 12floz,renamed
13261,Blaze Live Resin Baja - 12oz,Evergreen Herbal Baja Blaze Edible 12floz,renamed
13140,Loconut - LO TOPICAL (500mg THC) - Sativa - 10mg,Clarity Farms Sativa 4:1 Topical 10mg,renamed
13138,Loconut - LO TOPICAL (500mg THC) - Hybrid - 10mg,Clarity Farms Hybrid 4:1 Topical 10mg,renamed
13039,Lychee Sugar Crystals [1g],Lifted Cannabis Lifted Lychee Live Resin 1g,renamed
13020,25 Eyes [1g] Pre-Roll,Lifted Cannabis Lifted 25 Eyes Pre-roll 2,renamed
12953,Stone City Infused Pre-Roll 2 Pack - Lemon Cherry Gelato - 1g,Cannabis Northwest C-m Inc Stone City Lemon Cherry Gelato Infused Pre-roll,renamed
12951,Stone City Infused Pre-Roll 2 Pack - Gelato - 1g,Cannabis Northwest C-m Inc Stone City Gelato Infused Pre-roll 1g,renamed
12937,LIVE extract - MINT CONDITION - 1g,Downtown Cannabis Company Downtown Mint Condition Live Resin 1g,renamed
12931,LIVE extract - COMATOAST - 1g,Downtown Cannabis Company Downtown Comatoast Live Resin 1g,renamed
12929,WAX - TOASTED CRUNCH - 1g,Downtown Cannabis Company Downtown Toasted Crunch Live Resin 1g,renamed
12927,WAX - COMATOAST - 1g,Downtown Cannabis Company Downtown Comatoast Live Resin 2,renamed
12925,LIVE extract - TWISTED TOAST - 1g,Downtown Cannabis Company Downtown Twisted Toast Live Resin 1g,renamed
12856,GE - Blackberry Cobbler - 1g Indica Vape Cartridge,Agro Couture Black Blueberry Cartridge 1g,renamed
12855,Gummy - POG 1:1 CBG - 10 x 20mg - 200mg THC/CBG,Agro Couture Pog Gummies 28.35g,renamed
12854,Gummy - Rainbow (Variety) - 10 x 10mg - 100mg THC,Agro Couture Rainbow Gummies 28.35g,renamed
12852,A.C. Diamond Stix Joint - Super Boof - 1g (H),Agro Couture Super Boof Infused Pre-roll 1g,renamed
12850,A.C. Diamond Stix Joint - Gary Payton - 1g (H),Agro Couture Gary Payton Infused Pre-roll 1g,renamed
12814,Swifts Edibles - Mints-Indica-Green Tea-100mg,Green Labs Swifts Green Tea Mints 13g,renamed
12795,Shatter J's Infused Blunt Pineapple Express - 1g,Mountain Hi Shatter J's Pineapple Express Infused Blunt 1g,renamed
12673,SPR - 2pk Joint Box (2g) - The Glue,Seattles Private Reserve Spr The Glue Pre-roll 2,renamed
12659,Freddy's Fuego Liquid Gold Cartridge - Tiger's Blood- 1g,Quality Green Trees Freddy's Fuego Tigers Blood Cartridge 1g,renamed
12649,Freddy's Fuego Pirate Crystals - Lemon Shortbread - 1g,Quality Green Trees Freddy's Fuego Lemon Shortbread Sugar 1g,renamed
12647,Freddy's Fuego Flower - Permanent Marker - 3.5g (Flagship),Quality Green Trees Freddy's Fuego Permanent Marker Flower 3.5g,renamed
12630,Torus ROSIN Do-Si-G - 1g,Evergreen Hydro Farms Torus Do Si Do Rosin 1g,renamed
12627,Torus Infused Pre-roll Hashbreak Pancake Syrup 1g,Evergreen Hydro Farms Torus Pancake Syrup Infused Pre-roll 1g,renamed
12622,Torus ROSIN Strawberry Fritter F2 #4 - 1g,Evergreen Hydro Farms Torus Strawberry Fritter Rosin 1g,renamed
12621,T2 Flower True Purple Berry 1- 3.5g,Evergreen Hydro Farms Torus True Purple Berry 1 Flower 3.5g,renamed
12618,Torus Pre-Rolls Hyphy - 1g,Evergreen Hydro Farms Torus Hyphy Pre-roll 2,renamed
12617,HashBreak 2 Pack - A la Mode - 1g,Evergreen Hydro Farms Torus A La Mode Pre-roll 1g,renamed
12614,Torus Pre-Rolls K2 #1-1g,Evergreen Hydro Farms Torus K2 1 Pre-roll 2,renamed
12613,Torus Rosin Strawberry Push Pop - 1g,Evergreen Hydro Farms Torus Strawberry Push Pop Rosin 2,renamed
12612,Torus  Pre-Rolls Cherry Amaretto 1g,Evergreen Hydro Farms Torus Cherry Amaretto Flower 1g,renamed
12611,T2 Flower Breakfast Toast - 3.5g,Evergreen Hydro Farms Torus Breakfast Toast Flower 2,renamed
12605,Green Revolution Shot Strawberry Lime MAX Elevate (100mg THC;5mg CBD),Green Revolution Strawberry Lime Beverage 3,renamed
12588,Suspended [VENDOR SAMPLE] Star Pebbles 1g,Suspended Brands Suspended Star Pebbles Flower 4,renamed
12578,Suspended Flower Star Pebbles- 1g,Suspended Brands Suspended Star Pebbles Flower 5,renamed
12566,Suspended Flower Triple Burger- 1g,Suspended Brands Suspended Triple Burger Flower 2,renamed
12426,Headies Cold Cure Live Rosin - Strawberry Guava - 1g,Botanical Arts Buddies Strawberry Guava Rosin 1g,renamed
12351,".5g Isolated Pre-Rolled Cones, 2ct - Isolated Donut Resin Pre-Rolled Cones - 1g",Canna Pacific Trichome Donut Resin Infused Pre-roll 3,renamed
12233,fire bros silver Live Resin Lemon Slushee - 1g,Fire Bros. Fire Bros Silver Lemon Slushee Live Resin 1g,renamed
12218,Sky High Garden Rosin Truffle N Flow #6 - 1g,Sky High Gardens Truffle N Flow Rosin 1g,renamed
12216,Sky High Gardens Pre-roll White Inferno 1.2g,Sky High Gardens White Inferno Pre-roll 1.2g,renamed
12207,Sky High Gardens Flower Tokyo Snow 7g,Sky High Gardens Tokyo Snow Flower 7g,renamed
12206,Sky High Gardens Flower Tokyo Snow 3.5g,Sky High Gardens Tokyo Snow Flower 3.5g,renamed
12204,Sky High Gardens Pre-roll Scented Marker 1.2g,Sky High Gardens Scented Marker Pre-roll 1.2g,renamed
12200,Sky High Gardens Pre-roll Cosmic Chem 1.2g,Sky High Gardens Cosmic Chem Pre-roll 1.2g,renamed
12198,Sky High Gardens Pre-roll Sundae Ecstacy 1.2g,Sky High Gardens Sundae Ecstacy Pre-roll 1.2g,renamed
12175,Pirate Crystals - Big Baby - 1g,Quality Green Trees Freddy's Fuego Big Baby Live Resin 1g,renamed
12171,Pirate Crystals - Lemon Shortbread - 1g,Quality Green Trees Freddy's Fuego Lemon Shortbread Live Resin 1g,renamed
12157,Refine LOUD ROSIN x Constellation - GMO x Jet Fuel Gelato,Xtracted Labs Refine Gmo Rosin 1g,renamed
12115,Walden Reserve Infused Pre-roll Sour ZkittleZ - 1g,Walden Cannabis Walden Reserve Sour Zkittlez Infused Pre-roll 1g,renamed
12005,420 Mini - Dark Chocolate Sea Salt CBD 1:1,Evergreen Herbal 4.20 Dark Chocolate 1:1 Chocolate 50g,renamed
11999,Reserve PHö - 01g - Blue Lime Pie Badder,Skord Blue Lime Pie Live Resin 1g,renamed
11983,DBG Mini 5 pack - 2.5g - Kush Breath (Darkstar/Onyx) & Black Apple (Grow Bros) (H) DOH,Washington Packaging And Processing Picc Kush Breath Infused Pre-roll 2.5g,renamed
11977,Trees Co & High Tide Hash Hole 1g - Grape Gas & Maple Barz (H) DOH,Washington Packaging And Processing Picc Grape Gas Infused Pre-roll 1g,renamed
11975,Pot of Gold - Hash Hole 1g Dole Whip (P.O.G) (S) & Jet Blue (Ice Queen) (S),Washington Packaging And Processing Picc Dole Whip Infused Pre-roll 1g,renamed
11974,Sky High & High Tide Hash Hole 1g - Apple Rain (Sky High) & whistle tip (High tide ) (H) DOH,Washington Packaging And Processing Picc Apple Rain Infused Pre-roll 1g,renamed
11967,DBG Mini 5 pack - 2.5g - Ice Cream Mintz (Pinnacle) & Sundae Driver (Grow Bros) (I) DOH,Washington Packaging And Processing Picc Ice Cream Cake Infused Pre-roll,renamed
11966,DBG Mini 5 pack-2.5g - Mandarin Cookies (Prince Farms) & Golden Pineapple (Grow Bros) (S) DOH,Washington Packaging And Processing Picc Mandarin Cookies Infused Pre-roll,renamed
11940,Backpack Boyz Pre-roll Zuper Bubble,Forbidden Farms Backpack Boyz Zuper Bubble Pre-roll 1g,renamed
11938,BackPack Boyz Pre-roll Lemon Cherry Gelato 1g,Forbidden Farms Backpack Boyz Lemon Cherry Gelato Pre-roll 1g,renamed
11927,Second Nature Flower Caution Tape- 3.5g,Hesperides Second Nature 4rilla Flower 2,renamed
11874,ooowee bho sunset lemonade 1g,R B Group Ooowee Sunset Lemonade Bho 3,renamed
11771,Live Hash Rosin - Pure Buttafingaz (S) - 01g,Fireline Cannabis Fireline Pure Buttafingaz Rosin 1g,renamed
11728,Cere SQUEEZE TUBE MOON CYCLE - 3.4oz,Ceres Moon Cycle 1:1 Topical 3.4g,renamed
11715,Ceres Edible Assorted 1:1 Indica Drops - 2.20oz,Ceres Assorted 1:1 Indica Drops 1:1 Edible 2.2oz,renamed
11713,Ceres Fruit Drops Sativa Assorted 1:1,Ceres Assorted 1:1 Hard Candy 62g,renamed
11675,Heavenly Buds - PHO - Candy Gushers - 1g,Heavenly Buds Candy Gushers Sugar 1g,renamed
11651,Heavenly Buds - Flower - Strawberry Bubbles DOH - .5g - Educational Sample,Heavenly Buds Strawberry Bubbles Flower 0.5g,renamed
11609,SF LOU JF - 1G - Purple Reign - Haze - SAT - CR,Mfused Purple Reign Cartridge 2,renamed
11492,Wildside Beverage Pineapple Orange Guava MAX 2:1 - 2oz,Green Revolution Wildside Pineapple Orange Guava Max 2:1 Beverage 3,renamed
11349,Northwest Concentrates - ROSIN - Bad Apple - 1g,Xtracted Labs Northwest Concentrates Bad Apple Rosin 1g,renamed
11323,T2 - Flower - Ginger Tea - 3.5g,Evergreen Hydro Farms Torus Ginger Tea Flower 2,renamed
11317,Torus - Pre-Rolls - Zour Beltz - 1g,Evergreen Hydro Farms Torus Zour Beltz Pre-roll 1g,renamed
11314,Torus - Pre-Rolls - Key Lime Cookies - 1g,Evergreen Hydro Farms Torus Key Lime Cookies Pre-roll 1g,renamed
11281,BFF All In One Tanker - NP - Nilla Pudding - 1g - (H),Botanical Arts Buddies Nilla Pudding Disposable Cartridge 1g,renamed
11232,CannaSol Flower Double Durban 4g,Cannasol Farms Cannasol Double Durban Flower 4g,renamed
11231,CannaSol Flower Double Durban 1g,Cannasol Farms Cannasol Double Durban Flower 1g,renamed
11229,CannaSol RSO Aliens on Moonshine 1g,Cannasol Farms Cannasol Aliens On Moonshine 1:2 RSO 1g,renamed
11212,CannaSol RSO Cosmic Charlie 1:1 1g,Cannasol Farms Cannasol Cosmic Charlie 1:1 RSO 1g,renamed
11211,CannaSol RSO 1:1:1 CBD:CBG:THC 1g,Cannasol Farms Cannasol Mixed 1:1 RSO 1g,renamed
11204,Lil' Mother Pucker Shot Prickly Pear,Cannasol Farms Mojo Prickly Pear Shots 100ml,renamed
11203,Mojo Shot Mango Passionfruit,Cannasol Farms Mojo Passion Fruit Shots 100ml,renamed
11201,Lil' Mother Pucker Shot Raspberry Lemonade - 1.7oz,Cannasol Farms Lil' Mother Pucker Raspberry Lemonade Beverage 1.7floz,renamed
11200,Mojo Shot Blue Raspberry 1:1,Cannasol Farms Mojo Blue Raspberry 1:1 Shots 100ml,renamed
11199,Mojo Mini Shot Strawberry Guava - 1.7oz,Cannasol Farms Mojo Mini Shot Strawberry Guava Beverage 1.7floz,renamed
11190,Ray's Vapes - 510 Mango Lemonade Cart - 1g,Dogtown Pioneers Ray's Lemonade Mango Lemonade Cartridge 1g,renamed
11179,Canna Organix Infused Pre-roll Headshots - Snow Break - 1g,Canna Organix Snow Break Infused Pre-roll 1g,renamed
11177,Canna Organix Infused Pre-roll Headshots - Donny Tsunami - 1g,Canna Organix Donny Tsunami Infused Pre-roll 1g,renamed
11176,Canna Organix Infused Pre-roll Sauced & Tossed - Starkiller - 1g,Canna Organix Starkiller Infused Pre-roll 1g,renamed
11175,Canna Organix Infused Pre-roll Sauced & Tossed - Jealousy - 1g,Canna Organix Jealousy Infused Pre-roll 1g,renamed
11032,Mike Bites (100mg/Mango),Klaritie Farms Inc Mama J's Mango Gummies 42g,renamed
11031,Mike Bites (100mg/Green Apple),Klaritie Farms Inc Mama J's Green Apple Gummies 42g,renamed
10914,CBDabs - Lemon Crepe - 1g,Fire Bros. Fire Bros Lemon Crepe 1:1 Live Resin 1g,renamed
10912,CBDabs - Texas Toazt - 1g,Fire Bros. Fire Bros Texas Toazt 1:1 Live Resin 1g,renamed
10884,Fire Bros. - Jack Black - .5g - Educational Sample,Fire Bros. Fire Bros Jack Black Flower 0.5g,renamed
10832,Downtown Cured resin Toasted Crunch 1g,Downtown Cannabis Company Downtown Toasted Crunch Live Resin 2,renamed
10830,Downtown cured resin comatoast 1g,Downtown Cannabis Company Downtown Comatoast Live Resin 3,renamed
10786,Freddy's Fuego Pirate Crystals - Kawazaki - 1g,Quality Green Trees Freddy's Fuego Kawazaki Sugar 1g,renamed
10633,Royal Kind Flower White Truffle - 14g,Rgl Industries Royal Kind White Truffle Flower 14g,renamed
10570,Heavenly Buds - Flower - Strawberry Bubbles DOH - .5g - Educational Sample,Heavenly Buds Strawberry Bubbles Flower 2,renamed
10489,420 Mini Day/Night Live Rosin Gummies (Mango Passion & Berry Pom),Evergreen Herbal 420 Bar Mixed Gummies 50g,renamed
10484,420 Mini Day and Night Live Rosin Chocolates (Milk CBN & Dark Choc Sea Salt CBG),Evergreen Herbal 420 Bar Mixed Chocolate 50g,renamed
10466,Skagit Organics Platinum Rso Harlequin 1g,Skagit Organics Harlequin 1:5 RSO 3,renamed
10419,Mfused Disposable Cartridge Planet of the Grapes - 1g,Mfused Planet Of The Grapes Disposable Cartridge 2,renamed
10416,mfused disposable Cartridge Blueberry Muffin,Mfused Blueberry Muffin Disposable Cartridge 1g,renamed
10414,mfused disposable Cartridge Acapulco Gold,Mfused Acapulco Gold Disposable Cartridge 1g,renamed
10413,mfused disposable Cartridge Tropical Sapphire Kush,Mfused Tropical Sapphire Disposable Cartridge 2,renamed
10411,Mfused Disposable Cartridge Lemon Cherry Gelato - 1g,Mfused Lemon Cherry Gelato Disposable Cartridge 2,renamed
10371,Swifts Edibles - Choc Cov-Sand Cookie-100mg - Hybrid - 60g,Green Labs Swifts Hybrid Chocolate 60g,renamed
10344,Trichome HTE Infused Pre-roll Truffle Icing + BJ - 1.5g,Canna Pacific Trichome Truffle Icing Infused Pre-roll 1.5g,renamed
10335,T2 - Flower - Waffles - 3.5g,Evergreen Hydro Farms Torus Waffles Flower 3.5g,renamed
10333,T2 - Flower - Cherry Cookie Cake - 3.5g,Evergreen Hydro Farms Torus Cherry Cookie Cake Flower 3.5g,renamed
10318,Buddies Infused pre-roll Gelato,Botanical Arts Buddies Gelato Infused Pre-roll 1g,renamed
10251,Fireline Live Hash Rosin - Pearl Scout Cookies (H) - 01g,Fireline Cannabis Fireline Pearl Scout Cookies Rosin 1g,renamed
10250,Fireline Live Hash Rosin - Mars OG (I) - 01g,Fireline Cannabis Fireline Mars Og Rosin 1g,renamed
10249,Fireline Live Hash Rosin - Gush Mints (I) - 01g,Fireline Cannabis Fireline Gush Mints Rosin 1g,renamed
10248,Fireline Live Hash Rosin - Galactic Glue (H) - 01g,Fireline Cannabis Fireline Galactic Glue Rosin 1g,renamed
10247,Fireline Live Hash Rosin - After Chem (S) - 01g,Fireline Cannabis Fireline After Chem Rosin 1g,renamed
10214,Walden infused flower Alien Tangie 1g,Walden Cannabis Walden Alien Tangie 10:1 Moon Rocks 1g,renamed
10212,Walden infused flower super boof 1g,Walden Cannabis Walden Super Boof 5:1 Moon Rocks 1g,renamed
10195,Refine Hollywood  (Edu Sample),Xtracted Labs Refine Hollywood Live Resin 1g,renamed
10003,Lifted Infused Pre-roll Coffee Creamer,Lifted Cannabis Lifted Coffee Creamer Infused Pre-roll 1g,renamed
10000,Lifted Cannabis Pre-roll Wedding Cake - 1g,Lifted Cannabis Wedding Cake Pre-roll 2,renamed
9997,Hellavated Juicy Stickz Pre-Roll 5 Pack - Mango Kush - 3.75 grams,Avitas Hellavated Mango Kush Infused Pre-roll 3,renamed
9916,Lifted sugar crystal candy mac 1g,Lifted Cannabis Lifted Candy Mac Sugar 1g,renamed
9909,Lifted infused pre-roll white truffle cheese 1g,Lifted Cannabis Lifted White Truffle Cheese Infused Pre-roll 1g,renamed
9885,K-Savage Flower Carbon Fiber - 3.5g,Northwest Harvesting Co K Savage Carbon Fiber Flower 3.5g,renamed
9876,K-Savage Pre-roll GMO 2pk - 1g,Northwest Harvesting Co K-savage Gmo 2pk Pre-roll 1g,renamed
9870,High Tide: Whistle Tip - PR 2pk - 1g,Northwest Harvesting Co High Tide Whistle Tip Pre-roll 1g,renamed
9868,High Tide Flower Whistle Tip - 3.5g,Northwest Harvesting Co High Tide Whistle Tip Flower 3.5g,renamed
9867,High Tide Flower Whistle Tip - 1g,Northwest Harvesting Co High Tide Whistle Tip Flower 1g,renamed
9863,High Tide Flower Twin Peaks - 1g,Northwest Harvesting Co High Tide Twin Peaks Flower 1g,renamed
9861,High Tide Flower Lemon Cherry Rocket - 1g,Northwest Harvesting Co Hightide Lemon Cherry Rocket Flower 1g,renamed
9856,Clout King: Live Rosin - Flat Rate Gas,Northwest Harvesting Co Clout King Flat Rate Gas Rosin 1g,renamed
9851,Clout King Pre-Roll Bubble Butt 2pk - 1g,Northwest Harvesting Co Clout King Bubble Butt Pre-roll 2,renamed
9847,Headies Cold Cure Live Rosin - Strawberry Guava - 1g,Botanical Arts Buddies Strawberry Guava Rosin 2,renamed
9781,Ooowee - JUICED 1G Infused PreRoll - Sticky Melon - Gusherlicious - 1g,R B Group Ooowee Gusherlicious Infused Pre-roll 1g,renamed
9777,Ooowee - JUICED 1G Infused PreRoll - Super Lemon Haze - Pink Zaza - 1g,R B Group Ooowee Pink Zaza Infused Pre-roll 3,renamed
9775,Ooowee - JUICED 1G Infused PreRoll - Khalifa Kiwi - Late Bloomer - 1g,R B Group Ooowee Khalifa Kiwi Infused Pre-roll 1g,renamed
9774,Ooowee - JUICED 1G Infused PreRoll - Watermelon Gummy - Ice Cream Cake #8 - 1g,R B Group Ooowee Watermelon Gummy Infused Pre-roll 1g,renamed
9772,Legit Gold Mini Infused Pre-roll Pheonix Fire - 0.75g,Canna Processing Legit Mini Pheonix Fire Pre-roll 0.75g,renamed
9770,Legit Gold Mini Infused Pre-roll Old School Lemons - 0.75g,Canna Processing Legit Gold Mini Old School Lemons Infused Pre-roll 3,renamed
9769,Legit Mini Infused Pre-roll Jokerz - 0.75g,Canna Processing Legit Mini Jokerz Pre-roll 0.75g,renamed
9723,The People's Indoor Gardens Flower Pistachio - 1g,South Bay Master Growers The People's Indoor Gardens Pistachio Flower 1g,renamed
9720,The People's Flower People's Diesel - 1g,South Bay Master Growers The People's People's Diesel Flower 3,renamed
9630,Greenway Accessory $2,Greenway Marijuana 3,renamed
9628,Greenway accessory $10,Greenway Marijuana 4,renamed
9627,greenway pipe $20,Greenway Marijuana 5,renamed
9597,Downtown live resin Comatoast 1g,Downtown Cannabis Company Downtown Comatoast Live Resin 4,renamed
9595,Downtown live resin Twisted Toast,Downtown Cannabis Company Downtown Twisted Toast Live Resin 2,renamed
9556,Zen Pre-Roll Lemon Cherry Gelato - 14g,Everigreene Zen Cannabis Lemon Cherry Gelato Pre-roll 14g,renamed
9488,Flipside Disposable Cartridge Rocket Popz -1g,Spark Industries Flipside Rocket Popz Disposable Cartridge 1g,renamed
9467,SPR - 1g Infused Blunt - Buttamilk Biscuits x Hippie Soap,Seattles Private Reserve Spr Buttamilk Biscuits Infused Blunt 1g,renamed
9455,SPR - 2pk Joint Box (2g) - Afghan Diesel,Seattles Private Reserve Spr Afghan Diesel Pre-roll 2g,renamed
9423,COLLAB 1g - Birthday Cake (Spencer's Mountain) & Grape Ape (Hannah) (I),Washington Packaging And Processing Picc Birthday Cake Infused Pre-roll 1g,renamed
9422,COLLAB 1g -Tahiti Lime (Spencers Mountain) & Tropicana Cookies (Method) (H) DOH,Washington Packaging And Processing Picc Tahiti Lime Infused Pre-roll 1g,renamed
9421,COLLAB 1g - Green OtterPop (Honeydew) & Black Maple #22 (High Tide) (H),Washington Packaging And Processing Picc Green Otter Pop Infused Pre-roll,renamed
9420,COLLAB 1g - MAC1 (FOG/ABS) (H) & Papaya Cake (AHM/Khol) (H),Washington Packaging And Processing Picc Mac Infused Pre-roll 1g,renamed
9418,M80 Dynalite 1/2g Tropicana Punch (Spencers Mountain) (H) & Jet Blue (Buddy Boy) (S) DOH,Washington Packaging And Processing Picc Tropicanna Punch Infused Pre-roll,renamed
9417,m80 dynalite infused pre-roll sunset runtz .5g,Washington Packaging And Processing Picc Sunset Runtz Infused Pre-roll 0.5g,renamed
9416,M80 Dynalite 1/2g Rozay (Empyreal) & GG#4 (Buddy Boy) (I) DOH,Washington Packaging And Processing Picc Gg 4 Infused Pre-roll 1g,renamed
9415,DBG PICC pre- 3g - Sundae Driver & Sundae Driver (H),Washington Packaging And Processing Picc Sundae Driver Infused Pre-roll 3g,renamed
9414,DBG PICC pre-roll 3g - Crumpets  & Golden Pineapple (H),Washington Packaging And Processing Picc Crumpets X Golden Pineapple,renamed
9406,LAFF GAS Pre-roll .5g - Ice Yeti & Afghani Nights  (I),Washington Packaging And Processing Picc Ice Yeti X Afghani Nights Infused,renamed
9404,Yellow Jackets Pre-roll - Cookies & OG Kush (H),Washington Packaging And Processing Picc Cookies X Og Kush Pre-roll 1g,renamed
9403,Yellow Jackets pre-roll -Sweet Cream & Super Silver Haze (H),Washington Packaging And Processing Picc Sweet Cream X Super Silver Haze,renamed
9399,Yellow Jackets pre-roll Runtz & Gary Payton (H),Washington Packaging And Processing Picc Runtz X Gary Payton Pre-roll 1g,renamed
9398,Ichi-Roll pre-roll 1g-Tropic Truffle (Purple Raven Farms) (S),Washington Packaging And Processing Picc Tropic Truffle Pre-roll 1g,renamed
9397,Ichi-Roll pre-roll 1g-Shaman (Topp Valley) (S),Washington Packaging And Processing Picc Shaman Pre-roll 1g,renamed
9396,Ichi-Roll pre-roll 1g - Breath Mints (Purple Raven Farms) (I),Washington Packaging And Processing Picc Breath Mints Pre-roll 1g,renamed
9395,Ichi-Roll pre-roll GG#4 1g,Washington Packaging And Processing Picc Gg 4 Pre-roll 1g,renamed
9394,Ichi-Roll pre-roll 1g-Bigfoot (Funky Farms) (H),Washington Packaging And Processing Picc Bigfoot Pre-roll 1g,renamed
9366,Twisted Infused Pre-roll Tropical Trippin 2.5g,Mfused Tropical Trippin Infused Pre-roll 2.5g,renamed
9316,Hellavated Cartridge Grape Stomper - 1g,Avitas Hellavated Grape Stomper Cartridge 1g,renamed
9237,Torus - Pre-Rolls - Frodeaux - 1g,Evergreen Hydro Farms Torus Frodeaux Pre-roll 1g,renamed
9236,Torus - Pre-Rolls - Moroccan Peaches - 1g,Evergreen Hydro Farms Torus Moroccan Peaches Pre-roll 1g,renamed
9235,Torus - Pre-Rolls - Lemon Heads #3 - 1g,Evergreen Hydro Farms Torus Lemon Heads Pre-roll 4,renamed
9232,Torus - Pre-Rolls - Gastro Pop S1 #1 - 1g,Evergreen Hydro Farms Torus Gastro Pop Pre-roll 2,renamed
9226,Torus - Pre-Rolls - Windu 1 - 1g,Evergreen Hydro Farms Torus Windu Pre-roll 1g,renamed
9218,The Collective - Rosin - 1g - Paid Vacation (H),Alphapheno Local Farmers Paid Vacation Rosin 1g,renamed
9202,The Collective - PreRoll - 1g - White Cherry Gelato,Alphapheno Local Farmers White Cherry Gelato Pre-roll 1g,renamed
9201,The Collective - PreRoll - 1g - Ghost Ship,Alphapheno Local Farmers Ghost Ship Pre-roll 1g,renamed
9200,The Collective - PreRoll - 1g - Blue Fuego,Alphapheno Local Farmers Blue Fuego Pre-roll 1g,renamed
9199,The Collective - PreRoll - 1g - Bear Hug,Alphapheno Local Farmers Bear Hug Pre-roll 1g,renamed
9177,Buddies Infused Pre-roll - Runtz - 1g - (I),Botanical Arts Buddies Runtz Infused Pre-roll 2,renamed
9085,Walden infused flower Alien Tangie 1g,Walden Cannabis Walden Alien Tangie 10:1 Moon Rocks 2,renamed
8982,Gold Tier - Pucker-Up - 1g,Firebros Fire Bros Pucker Up Bho 1g,renamed
8980,Cured Resin Blunt - Lemon Slushee - 2g,Firebros Fire Bros Lemon Slushee Blunt 2g,renamed
8977,Fire Bros Live Resin CBD Mexican Flan - 1g,Firebros Fire Bros CBD Mexican Flan 1:1 Live Resin 1g,renamed
8854,Doozies Gummies Raspberry 60:1 CBD:THC - 2.8oz,Green Revolution Doozies Raspberry 60:1 CBD:THC Gummies 5,renamed
8797,lifted vendor sample truffle icing 1g,Lifted Cannabis Lifted Truffle Icing Pre-roll 1g,renamed
8795,lifted vendor sample boysenberry truffle 1g,Lifted Cannabis Lifted Boysenberry Truffles Flower 1g,renamed
8733,Mfused Disposable Cartridge Planet of the Grapes - 1g,Mfused Planet Of The Grapes Disposable Cartridge 3,renamed
8732,Mfused Terp Sauce Cured Disposable All In One Notorious THC - 1g,Mfused Notorious THC Disposable Cartridge 1g,renamed
8729,mfused disposable Cartridge Blue Zushi,Mfused Blue Zushi Disposable Cartridge 1g,renamed
8721,mfused disposable Cartridge Chocolope,Mfused Chocolope Disposable Cartridge 2,renamed
8652,Sky High Gardens rosin cherry scented marker 1g,Sky High Gardens Cherry Scented Marker Rosin 1g,renamed
8616,Sky High Gardens Pre-roll Grape Runtz 1.2g,Sky High Gardens Grape Runtz Pre-roll 1.2g,renamed
8612,Sky High Gardens Pre-roll Apple Rain 1.2g,Sky High Gardens Apple Rain Pre-roll 1.2g,renamed
8427,Pre-Roll 5-Pack - Crepe Ape - 2.5g,Firebros Fire Bros Crepe Ape Pre-roll 2.5g,renamed
8426,Pre-Roll 2-Pack - Lemon Slushee - 1g,Firebros Fire Bros Lemon Slushee Pre-roll 1g,renamed
8425,Pre-Roll 5-Pack - Danny DeWeedo - 2.5,Firebros Fire Bros Danny Deweedo Pre-roll 1g,renamed
8423,Fire Bros Pre-roll Peanut Butter Crunch - 1g,Firebros Fire Bros Peanut Butter Crunch Pre-roll 1g,renamed
8394,Seattle's Private Reserve Pre-roll Cookies OG - 1.5g,Seattles Private Reserve Seattle's Private Reserve Cookies Og Pre-roll 1.5g,renamed
8365,Ooowee - 5/1g Pre-Roll - Ooowee - Trophy Runtz - 5g,R B Group Ooowee Trophy Runtz Pre-roll 2,renamed
8363,ooowee bho sunset lemonade 1g,R B Group Ooowee Sunset Lemonade Bho 4,renamed
8360,Ooowee - 5/1g Pre-Roll - Ooowee - Sunset Lemonade - 5g,R B Group Ooowee Sunset Lemonade Pre-roll 5g,renamed
8353,Ooowee - JUICED 1G Infused PreRoll - G-Code(guava) - Jokerz - 1g,R B Group Ooowee Jokerz Infused Pre-roll 1g,renamed
8328,Downtown Educational Sample G6,Downtown Cannabis Company Downtown G6 Flower 0.5g,renamed
8324,Downtown Educational Sample Comatoast,Downtown Cannabis Company Downtown Comatoast Flower 0.5g,renamed
8288,Clout King: Live Rosin - Flat Rate Gas,Northwest Harvesting Co Clout King Flat Rate Gas Rosin 2,renamed
8287,Clout King: Live Rosin -Slushee,Northwest Harvesting Co Clout King Slushee Rosin 1g,renamed
8274,Clout King: Bubble Butt - PR 2pk - 1g,Northwest Harvesting Co Clout King Bubble Butt Pre-roll 3,renamed
8272,K-Savage: Solventless Rosin - Rumble Strip - 1g,Northwest Harvesting Co K-savage Rumble Strip Rosin 1g,renamed
8271,K-Savage: Solventless Rosin - Lilac Wine - 1g,Northwest Harvesting Co K-savage Lilac Wine Rosin 1g,renamed
8269,Clout King: Guava Headz - PR 2pk - 1g,Northwest Harvesting Co Clout King Guava Heads Pre-roll 2,renamed
8167,Agro Couture Shot sugar free blue raspberry,Agro Couture Blue Raspberry Shots 50ml,renamed
8166,Agro Couture Shot wild berry 1:1 cbn,Agro Couture Wild Berry Shots 50ml,renamed
8131,Koko Gemz Peanut Butter,Northwest Cannabis Solutions Nwcs Peanut Butter Edible 1.31oz,renamed
8130,Koko Gemz Mint Dark Chocolate,Northwest Cannabis Solutions Nwcs Mint Chocolate Chip Edible 1.31oz,renamed
8129,Chewees Sea Salt Caramel Indica,Northwest Cannabis Solutions Ceres Sea Salt Caramel Indica Edible 1.47oz,renamed
8128,Chewees Caramel Sativa,Northwest Cannabis Solutions Ceres Caramel Edible 1.47oz,renamed
8127,Chewees Caramel Indica,Northwest Cannabis Solutions Ceres Caramel Edible 2,renamed
8126,EZ Joint Trainwreck Sativa,Northwest Cannabis Solutions Eo Vapes Trainwreck Pre-roll 1g,renamed
8125,EZ Joint Blue Dream Sativa,Northwest Cannabis Solutions Eo Vapes Blue Dream Pre-roll 1g,renamed
8124,EZ Joint Zkittlez Indica,Northwest Cannabis Solutions Eo Vapes Zkittles Pre-roll 1g,renamed
8123,EZ Joint FLV White Grape,Northwest Cannabis Solutions Eo Vapes White Grape Pre-roll 1g,renamed
8122,EZ Joint FLV - Blueberry,Northwest Cannabis Solutions Eo Vapes Blueberry Pre-roll 1g,renamed
8021,Walden Infused Pre-roll Acapulco Ape - 1g,Walden Cannabis Walden Acapulco Ape Infused Pre-roll 2,renamed
8014,Sunshine Co-op Pre-roll  Pink Bubba 14g,Walden Cannabis Sunshine Co-op Pink Bubba Pre-roll 14g,renamed
8009,Walden Reserve Infused Pre-roll Sour ZkittleZ - 1g,Walden Cannabis Walden Reserve Sour Zkittlez Infused Pre-roll 2,renamed
8006,Walden Reserve Infused Pre-roll French Cookies - 1g,Walden Cannabis Walden Reserve French Cookies Infused Pre-roll 1g,renamed
7956,Atticus Capsule Indica,Virtual Services Fdg Indica Capsule 5g,renamed
7955,Atticus Capsule CBD Sour Tsunami,Virtual Services Fdg Sour Tsunami 1:10 Capsule 5g,renamed
7878,Greenway Marijuana Pipe $5,Greenway Marijuana 6,renamed
7876,Greenway Marijuana Non Cannabis Accessories $1,Greenway Marijuana Non Cannabis Accessories,renamed
7875,Ario Vapes Simple Squared,Ario Vapes Devices,renamed
7871,Greenway Marijuana Accessory $3,Greenway Marijuana Other Non Cannabis,renamed
7843,SPR - 1g Hash Rosin Infused Joint - Lemonder Fuel x Angel's Wedding Cake,Seattles Private Reserve Spr Lemonder Fuel Infused Pre-roll 1g,renamed
7842,SPR - 1g Hash Rosin Infused Joint - Apple Tartz x Angel's Wedding Cake,Seattles Private Reserve Spr Apple Tarts Infused Pre-roll 1g,renamed
7835,SPR - Variety Pack - 5pk BLUNT Tin (5g) #2,Seattles Private Reserve Spr Variety Pack 1 Pre-roll 5g,renamed
7815,Honey Stixx Infused Pre-roll - Huckleberry OG - Flavored - Indica,Conscious Cannabis Honey Stixx Huckleberry Og Infused Pre-roll 4,renamed
7781,Buddies Infused Pre-roll - Mendo Purp - 1g - (I),Botanical Arts Buddies Mendo Purp Infused Pre-roll 1g,renamed
7732,Ooowee - 5/1g Pre-Roll - Ooowee - Uh-huh - 5g,R B Group Ooowee Uh-huh Pre-roll 5g,renamed
7681,Solr Bear Infused Pre-roll Vamoose,Edgemont Group Llc Solr Bear Vamoose Infused Pre-roll 1g,renamed
7654,Knots Hash Rosin Infused Pre-Rolls - Trop Cherries x GMO Rosin- 1g,Green Beard Co Knots Tropicana Cookies Infused Pre-roll 1g,renamed
7649,Knots Infused Pre-roll Lemon Peel x Trop-Aid - 1g,Green Beard Co Knots Lemon Peel X Trop-aid Infused Pre-roll 1g,renamed
7645,Knots Hash Rosin - GMO - 1g,Green Beard Co Knots Gmo Hash Rosin 1g,renamed
7639,Doozies - Pineapple THC FLY 10 Pack (80g) (100mg THC),Green Revolution Doozies Pineapple Edible 3,renamed
7618,Mfused Disposable Cartridge Planet of the Grapes - 1g,Mfused Planet Of The Grapes Disposable Cartridge 4,renamed
7606,mfused disposable Cartridge Chocolope,Mfused Chocolope Disposable Cartridge 3,renamed
7581,Stone city infused pre-roll gg#4 1g,Cannabis Northwest C-m Inc Stone City Gg 4 Infused Pre-roll 1g,renamed
7577,Stone City Shatter - Strawberry Sugar - 1g,Cannabis Northwest C-m Inc Stone City Strawberry Sugar Shatter 1g,renamed
7552,Blush Velvet cold cure rosin Alien OZ 1g,Alpha Crux Llc Blush Velvet Alien Oz Rosin 1g,renamed
7539,Hellavated infused pre-roll Cherry Pie .75g,Avitas Hellavated Cherry Pie Infused Pre-roll 2,renamed
7495,Shatter J's Infused Pre-roll Grape - 1g,Mountain Hi Shatter J's Grape Infused Pre-roll 3,renamed
7430,Sub X Rosin Fatso,Subx Sub X Fatso Rosin 1g,renamed
7411,Royal Tree Rosin Push Pop 1g,Royal Tree Gardens Royal Tree Push Pop Rosin 1g,renamed
7409,Royal Tree Rosin Super Silver Haze 1g,Royal Tree Gardens Royal Tree Super Silver Haze Rosin 1g,renamed
7408,Roayl Tree Rosin Dante's Inferno 1g,Royal Tree Gardens Royal Tree Dante's Inferno Rosin 1g,renamed
7373,Ooowee - 5/1g Pre-Roll - Ooowee - Ooowee Marker - 5g,R B Group Ooowee Ooowee Marker Pre-roll 5g,renamed
7329,Ooowee - 1g Hydrocarbon Concentrate - Ooowee - Late Bloomer - 1g,R B Group Ooowee Late Bloomer Bho 1g,renamed
7314,lifted vendor sample pre-roll truffle icing,Lifted Cannabis Lifted Truffle Icing Pre-roll 0.5g,renamed
7232,Picc Pre-roll Project Pound Cake 1g,Washington Packaging And Processing Picc Project Pound Cake Pre-roll 1g,renamed
7231,Picc Pre-roll Tree Co Biker Gelato 1g,Washington Packaging And Processing Picc Co Biker Gelato Pre-roll 1g,renamed
7230,Picc Pre-roll Crumpets 1g,Washington Packaging And Processing Picc Crumpets Pre-roll 1g,renamed
7229,Picc Pre-roll Carrot Cake Rainier 1g,Washington Packaging And Processing Picc Carrot Cake Pre-roll 1g,renamed
7228,Ichi-Roll pre-roll Jet Fuel 1g,Washington Packaging And Processing Picc Jet Fuel Pre-roll 1g,renamed
7227,Ichi-Roll pre-roll Fernando's Hideaway 1g,Washington Packaging And Processing Picc Fernando's Hideaway Pre-roll 1g,renamed
7226,Ichi-Roll pre-roll Jealousy 1g,Washington Packaging And Processing Picc Jealousy Pre-roll 1g,renamed
7220,Picc Collab infused pre-roll sundae driver 1g,Washington Packaging And Processing Picc Sundae Driver Infused Pre-roll 1g,renamed
7216,m80 dynalite infused pre-roll electric watermelon .5g,Washington Packaging And Processing Picc Electric Watermelon Infused,renamed
7215,m80 dynalite infused pre-roll double kush cake .5g,Washington Packaging And Processing Picc Double Kush Cake Infused Pre-roll,renamed
7210,Diamond Back Gorilla infused pre-roll Glitter bomb 1g,Washington Packaging And Processing Picc Glitter Bomb Hash Burger Infused,renamed
7127,Sky High Gardens Rosin Sin Soda 1g,Sky High Gardens Sin Soda Rosin 1g,renamed
7126,Sky High Gardens Rosin Sundae Ecstacy 1g,Sky High Gardens Sundae Ecstacy Rosin 2,renamed
7114,Sky High Gardens Pre-roll Truffle N Flow 1.2g,Sky High Gardens Truffle N Flow Pre-roll 1.2g,renamed
7109,Sky High Gardens Pre-roll Sundae Ecstacy 1.2g,Sky High Gardens Sundae Ecstacy Pre-roll 2,renamed
7012,High End Farms Flower Tropical Banana 1g,Hang Roots High End Farms Tropical Banana Pre-roll 1g,renamed
6953,Deaux Flower Crowned Woodnymph 3.5g,Olympus Horticulture Llc Deaux Crowned Woodnymph Flower 3.5g,renamed
6947,Deaux Pre-roll Whiskered Tree Swift 1.2g,Olympus Horticulture Llc Deaux Whiskered Tree Swift Pre-roll 1.2g,renamed
6946,Deaux Pre-roll Storm Wigeon 1.2g,Olympus Horticulture Llc Deaux Storm Wigeon Pre-roll 1.2g,renamed
6945,Deaux Pre-roll Pompadour Contiga 1.2g,Olympus Horticulture Llc Deaux Pompadour Cotinga Pre-roll 1.2g,renamed
6944,Deaux Pre-roll Goldfinch 1.2g,Olympus Horticulture Llc Deaux Goldfinch Pre-roll 1.2g,renamed
6943,Deaux Pre-roll Crowned Woodnymph 1.2g,Olympus Horticulture Llc Deaux Crowned Woodnymph Pre-roll 1.2g,renamed
6858,Ooowee - 1g Hydrocarbon Concentrate - Ooowee - Late Bloomer - 1g,Sustainable Organic Solutions Ooowee Late Bloomer Bho 1g,renamed
6830,Canna Organix Infused Pre-roll Forbidden Fruit,Canna Organix Forbidden Fruit Roll On 1g,renamed
6829,Canna Organix Infused Pre-roll 501st Og - 1g,Canna Organix 501st Og Infused Pre-roll 1g,renamed
6742,lil Ray's - Sugar Free Pineapple Lemonade - 100mg,Dogtown Pioneers Lil' Rays Sugar Free Pineapple Lemonade Beverage 1.7floz,renamed
6741,lil Ray's - Sugar Free Dragon Fruit Lemonade - 100mg,Dogtown Pioneers Lil' Rays Sugar Free Dragon Fruit Lemonade Beverage,renamed
6740,lil Ray's - Sugar Free Raspberry Lemonade - 100mg,Dogtown Pioneers Lil Rays Sugar Free Raspberry Lemonade Beverage 1.7ml,renamed
6674,SIGNATURE Live Classic Disposable - Koffee Limedog - 1g,Subx Sub X Koffee Limedog Disposable Cartridge 1g,renamed
6643,Super Stingers - (Budtender) .5g Pre-Roll - Alien OG - .5g - Educational Sample,Wamsterdam Farms Stingers Alien Og Infused Pre-roll 0.5g,renamed
6642,Stingers - (Budtender) .5g Pre-Roll - Blue Frost - .5g - Educational Sample,Wamsterdam Farms Stingers Blue Frost Infused Pre-roll 0.5g,renamed
6626,royal kind Flower Peanut Butter - 14g,Firebros Royal Kind Peanut Butter Flower 14g,renamed
6622,Fire Bros. - French Toast Crunch - .5g - Educational Sample,Firebros Fire Bros French Toast Crunch Flower 0.5g,renamed
6617,Fire Bros. - Jack Black - .5g - Educational Sample,Firebros Fire Bros Jack Black Flower 0.5g,renamed
6467,Torus - ROSIN COLD CURE - Pinnacle - 1g,Evergreen Hydro Farms Torus Pinnacle Rosin 1g,renamed
6466,Torus - ROSIN COLD CURE - Cantucci - 1g,Evergreen Hydro Farms Torus Cantucci Flower 1g,renamed
6463,T2 - Flower - Cherry Cookie Cake - 3.5g,Evergreen Hydro Farms Torus Cherry Cookie Cake Flower 2,renamed
6453,Torus - Pre-Rolls - Perzimmon - 1g,Evergreen Hydro Farms Torus Perzimmon Pre-roll 1g,renamed
6451,T2 - T2 (2 Pack) Preroll - Apple Sundae - 1g,Evergreen Hydro Farms Torus Apple Sundae Pre-roll 1g,renamed
6448,Torus - Pre-Rolls - True Purple Berry 1 - 1g,Evergreen Hydro Farms Torus True Purple Berry Pre-roll 1g,renamed
6395,SPR - Dank Dough - 1g VENDOR SAMPLE,Seattles Private Reserve Spr Dank Dough Flower 1g,renamed
6366,Legit Gold Mini Infused Pre-roll Golden Pineapple - 0.6g,Canna Processing Legit Gold Mini Golden Pineapple Infused Pre-roll 0.6g,renamed
6363,Legit Platinum Infused Pre-roll The Forbidden - 1g,Canna Processing Legit Platinum The Forbidden Infused Pre-roll 2,renamed
6359,Legit HTE Mini - Peanut Butter Breath - Peanut Butter Breath - .75g,Canna Processing Legit Peanut Butter Breath Infused Pre-roll 0.75g,renamed
6323,Grand Cru - Smackerz - 3.5g - Flower,Cultivar Farms Grand Cru Smackerz Flower 3.5g,renamed
6321,Grand Cru - Grape Runtz - 1g - Joint,Cultivar Farms Grand Cru Grape Runtz Pre-roll 1g,renamed
6319,Grand Cru - Smackerz - 1g - Joint,Cultivar Farms Grand Cru Smackerz Pre-roll 1g,renamed
6312,Colors - Dummies - 3.5g - Flower,Cultivar Farms Colors By Cultivar Dummies Flower 3.5g,renamed
6310,Colors - Bulletproof - 3.5g - Flower,Cultivar Farms Colors By Cultivar Bulletproof Flower 3.5g,renamed
6309,Colors - Bulletproof - 1g - Joint,Cultivar Farms Colors By Cultivar Bulletproof Pre-roll 1g,renamed
6308,Colors - Sunset Strip - 1g - Joint,Cultivar Farms Colors By Cultivar Sunset Strip Pre-roll 1g,renamed
6307,Colors - GloRilla - 1g - Joint,Cultivar Farms Colors By Cultivar Glorilla Pre-roll 1g,renamed
6306,Colors - Dummies - 1g - Joint,Cultivar Farms Colors By Cultivar Dummies Pre-roll 1g,renamed
6281,Walden Infused Pre-roll Papaya Gelato - 7g,Walden Cannabis Walden Papaya Gelato Infused Pre-roll 7g,renamed
6279,Walden Reserve Infused Pre-roll French Cookies - 1g,Walden Cannabis Walden Reserve French Cookies Infused Pre-roll 2,renamed
6184,Shatter j's infused pre-roll apple fritter 1g,Mountain Hi Shatter J's Apple Fritter Infused Pre-roll 1g,renamed
6181,Seattle Marijuana Co disposable cartridge cherry gelato 1g,Mountain Hi Shatter J's Cherry Gelato Infused Pre-roll 1g,renamed
6180,Seattle Marijuana Co disposable cartridge white runtz 1g,Mountain Hi Shatter J's White Runtz Infused Pre-roll 1g,renamed
6172,Shatter J's Infused Pre-roll Grape - 1g,Mountain Hi Shatter J's Grape Infused Pre-roll 4,renamed
6120,Flipside Disposable Cartridge Caramel Apple,Spark Industries Flipside Caramel Apple Disposable Cartridge 1g,renamed
6043,Mr. Moxey's Mints 25:1 CBD Zen Peppermint - 0.44oz,Botanica Seattle Mr. Moxey's 25:1 CBD Zen Peppermint Mints 0.44oz,renamed
6027,High tide flower unicorn factory 1g,Northwest Harvesting Co High Tide Unicorn Factory Flower 1g,renamed
6022,high tide flower Whistle tip 1g,Northwest Harvesting Co High Tide Whistle Tip Flower 2,renamed
6017,High Tide Flower Pink Runtz - 1g,Northwest Harvesting Co High Tide Pink Runtz Flower 1g,renamed
6016,High Tide Pre-roll Zelicious - 1g,Northwest Harvesting Co High Tide Zelicious Pre-roll 1g,renamed
6015,High Tide Pre-roll Whistle Tip 1g,Northwest Harvesting Co High Tide Whistle Tip Pre-roll 2,renamed
6014,High Tide Pre-roll Pink Runtz - 1.01g,Northwest Harvesting Co High Tide Pink Runtz Pre-roll 1.01g,renamed
6013,High Tide Pre-roll cream smoothie - 1g,Northwest Harvesting Co High Tide Cream Smoothie Pre-roll 1g,renamed
6011,Clout King Flower Tussin 3.5g,Northwest Harvesting Co Clout King Tussin Flower 3.5g,renamed
6009,Clout King Pre-roll ZZ Bow 1g,Northwest Harvesting Co Clout King Zz Bow Pre-roll 1g,renamed
6008,Clout King Pre-roll Flat Rate Gas 1g,Northwest Harvesting Co Clout King Flat Rate Gas Pre-roll 1g,renamed
6001,Evergreen Herbal Rosin Day w/ CBG,Evergreen Herbal Day Rosin 1g,renamed
5988,2727 - Pre-Rolls Vendor Sample - Star Mintz - 1g - Sample,2727 Star Mintz Pre-roll 1g,renamed
5906,Ooowee Infused pre-roll JUICED Honeydew Gelato X 1g,Bliss Road Llc Ooowee 99 Sunsets Infused Pre-roll 1g,renamed
5869,Mfused Live Resin Tanker Mountain Apple - 1g,Mfused Mountain Apple Live Resin Cartridge 1g,renamed
5826,Cold Cured Hash Rosin Tropicanna Cherry 1g,Top Shelf Tropicanna Cherry Rosin 1g,renamed
5825,Cold Cured Hash Rosin Lemon Cherry Gelato 1g,Top Shelf Lemon Cherry Gelato Rosin 1g,renamed
5824,Cold Cured Hash Rosin Cake N Bake 1g,Top Shelf Cake N Bake Rosin 1g,renamed
5744,Torus Pre-roll Pinnacle 1g,Evergreen Hydro Farms Torus Pinnacle Pre-roll 2,renamed
5715,Fireline Pre-roll Apple Tarts - 4g,Fireline Cannabis Fireline Apple Tarts Pre-roll 4g,renamed
5541,Crop Kingz Rocket Roll Hemp Cone Dyna mint,Blunt Wrap,renamed
5540,Crop Kingz Rocket Roll Hemp Cone Cherry Bomb,Blunt 2,renamed
5539,Crop Kingz Rocket Roll Hemp Cone Atomic Apple,Blunt 3,renamed
5538,Crop Kingz Rocket Roll Hemp Cone Pineapple Blast,Blunt 4,renamed
5537,Strio Dry Herb Flowerboy Stealth Black,Strio Devices,renamed
5535,Lookah Q7 E nail,Lookah Devices,renamed
5534,Raw Etheral Papers King,Raw Paper,renamed
5533,Raw Etheral Papers 1 1/4,Raw 7,renamed
5532,Wulf Recon Battery,Devices,renamed
5529,Lookah Dragon Egg Blue Splatter,Lookah 2,renamed
5518,Pack Wraps Blunt Wrap Banana Cream,Royal Blunts Blunt 15,renamed
5517,Royal Bunt Wrap Sweets,Royal Blunts Blunt 16,renamed
5516,Royal Blunt Wraps Strawberry,Royal Blunts Blunt 17,renamed
5508,Royal Bunt Wrap Banana,Royal Blunts Blunt 18,renamed
5467,Cannabis Northwest Pre-Roll 10 Pack - Rainier Sour Diesel - 5g,Cannabis Northwest C-m Inc Stone City Rainier Sour Diesel Pre-roll 5g,renamed
5466,Cannabis Northwest Pre-Roll 10 Pack - Vanilla Kush - 5g,Cannabis Northwest C-m Inc Cannabis Northwest Vanilla Kush Pre-roll 5g,renamed
5463,Stone City Flower Chocolatina - 14g,Cannabis Northwest C-m Inc Stone City Chocolatina Flower 14g,renamed
5457,Cannabis Northwest Pre-roll Rainier Sour Diesel - 2.5g,Cannabis Northwest C-m Inc Cannabis Northwest Rainier Sour Diesel Pre-roll,renamed
5455,Stone City Pre-roll Vanilla Kush - 2.5g,Cannabis Northwest C-m Inc Stone City Vanilla Kush Pre-roll 2.5g,renamed
5431,Uninfused 1g Wimbledon (Habitat/Smokey) (H),Washington Packaging And Processing Picc Wimbledon Pre-roll 1g,renamed
5430,Uninfused 1g Freddy's Fuego- Dirty Sugah (S),Washington Packaging And Processing Picc Dirty Sugah Pre-roll 1g,renamed
5429,Uninfused 1g Pot of Gold - Crumpets (S),Washington Packaging And Processing Picc Crumpets Pre-roll 2,renamed
5428,Uninfused 1g Pot of Gold- Sundae Driver (H),Washington Packaging And Processing Picc Sundae Driver Pre-roll 1g,renamed
5427,Ichi-Roll 1g - Jungle Cake (Spencers Mountain) (H),Washington Packaging And Processing Picc Jungle Cake Pre-roll 1g,renamed
5416,M80 Dynalite Infused Pre-roll Twizzle Dance - 3g,Washington Packaging And Processing M80 Dynalite Twizzle Dance Infused,renamed
5415,M80 Dynalite 1/2g Tati's Tea (Darkstar/Onyx) & Strawnana (Inland Desert) (H),Washington Packaging And Processing M80 Dynalite Tati's Tea Strawnana,renamed
5414,M80 Dynalite 1/2g Triple Chocolate Chip (Harmony) & Blueberry (Sativa Group / PR) (I) DOH,Washington Packaging And Processing M80 Dynalite Triple Chocolate Chip,renamed
5413,M80 Dynalite 1/2g Dutch Treat (Harmony) & Blueberry (Sativa Group / PR) (I),Washington Packaging And Processing Picc Dutch Treat Infused Pre-roll 1.5g,renamed
5411,DBG PICC Six 3g - Glitter Bomb (Empyreal) & Hash Burger (Inland Desert) (I),Washington Packaging And Processing Dbg Glitter Bomb Hash Burger Infused,renamed
5409,DBG 1g - Robots (Harmony) & Gelato Cookie Kush (Inland Desert) (H) DOH,Washington Packaging And Processing Dbg Robots Gelato Cookie Kush Infused,renamed
5408,DBG 1g - Candy Pave (Harmony) & Blueberry (Sativa Group / PR) (I) DOH,Washington Packaging And Processing Dbg Candy Pave Blueberry Infused,renamed
5407,DBG 1g - Cheetah Piss (Emerald) & Strawnana (Inland Desert) (H),Washington Packaging And Processing Dbg Cheetah Piss Strawnana Infused,renamed
5388,Full Spec - Afterburners Live Resin Infused Preroll - 2pk 0.75g - (I) Purple Power Pack,Edgemont Group Llc Full Spec Purple Power Pack Infused Pre-roll 1.5g,renamed
5387,Full Spec - Afterburners Live Resin Infused Preroll - 2pk 0.75g - (HS) Yellow Snow,Edgemont Group Llc Full Spec Yellow Snow Infused Pre-roll 1.5g,renamed
5386,Full Spec - Afterburners Live Resin Infused Preroll - 2pk 0.75g - (HS) Vamoose,Edgemont Group Llc Full Spec Vamoose Infused Pre-roll 1.5g,renamed
5385,Full Spec - Afterburners Live Resin Infused Preroll - 2pk 0.75g - (HS) Squeaky Clean,Edgemont Group Llc Full Spec Squeaky Clean Infused Pre-roll 1g,renamed
5383,Solr Rolls - Live Rosin Infused Preroll - 2pk 0.75g - Yellow Snow,Edgemont Group Llc Solr Bear Yellow Snow Infused Pre-roll 1.5g,renamed
5322,Ceres Capsules Immune Boost,Ceres Immune Boost 1:5 Capsule 5g,renamed
5320,Ceres Capsules Dragon,Ceres Dragon 1:1 Capsule 5g,renamed
5317,Ceres Capsules Balance,Ceres Balance 1:1 2:1 Capsule 5g,renamed
5310,Ceres Tincture Lifted Sativa,Ceres Lifted Tincture 2,renamed
5309,Ceres Tincture Immune Boost,Ceres Immune Boost 1:5 Tincture 15ml,renamed
5307,Ceres Tincture Dragon,Ceres Dragon 1:1 Tincture 15ml,renamed
5292,Super Fog Infused Pre-roll Maui Pineapple 1g,Mfused Maui Pineapple Infused Pre-roll 1g,renamed
5291,Super Fog Infused Pre-roll Tropical Sapphire Kush 1g,Mfused Tropical Sapphire Infused Pre-roll 1g,renamed
5189,Retrograde Cannabis - Live Rosin - Strawberry x Clementine - 1g,Tiger Mountain Cannabis Llc Retrograde Cannabis Strawberry X Clementine,renamed
5188,Retrograde Cannabis - Biodynamic Live Rosin - Zour Strawberries - 1g,Tiger Mountain Cannabis Llc Retrograde Cannabis Zour Strawberries Hash,renamed
5184,PICC Rosin Infused 1g - Strawberry Cooler #23 - 1g,Tiger Mountain Cannabis Llc Retrograde Cannabis Strawberry Cooler Infused,renamed
5004,Heavenly Buds Infused Pre-roll Permanent Bubbles - 1g,Heavenly Buds Permanent Bubbles Infused Pre-roll 1g,renamed
4989,Heavenly Buds Flower White Truffle - 7g,Heavenly Buds White Truffle Flower 7g,renamed
4964,Stinger Pre-roll GG#4 1g,Wamsterdam Farms Stingers Gg 4 Pre-roll 1g,renamed
4640,Hellavated Pre-roll Bomb Popz - 0.75g,Avitas Hellavated Bomb Popz Pre-roll 2,renamed
4630,K-Savage Pre-roll Dream Coat 1g,Northwest Harvesting Co K-savage Dream Coat Pre-roll 1g,renamed
4629,K-Savage Pre-roll Angela - 1g,Northwest Harvesting Co K-savage Angela Pre-roll 1g,renamed
4628,High Tide Pre-roll Pink Runtz - 1.01g,Northwest Harvesting Co High Tide Pink Runtz Pre-roll 2,renamed
4510,Blaze Soda Baja Blaze,Evergreen Herbal Blaze Baja Blaze Soda 187ml,renamed
4497,The People's Indoor Gardens Flower Pistachio - 1g,South Bay Master Growers The People's Indoor Gardens Pistachio Flower 2,renamed
4473,The People's Flower GG # 4 - 1g,South Bay Master Growers The People's Gg 4 Flower 2,renamed
4464,The People's Indoor Gardens Flower Strawberry Gary - 1g,South Bay Master Growers The People's Indoor Gardens Strawberry Gary,renamed
4463,The People's Indoor Gardens Flower People's Diesel - 1g,South Bay Master Growers The People's Indoor Gardens People's 2,renamed
4431,Royal Blunts Blunt Wrap,Royal Blunts Blunt 19,renamed
4419,The People's Indoor Gardens Flower Wedding Cake - 1g,South Bay Master Growers The People's Indoor Gardens Wedding Cake Flower 1g,renamed
4385,The People's Flower People's Diesel - 1g,South Bay Master Growers The People's People's Diesel Flower 4,renamed
4366,True Hemp Honey Blunt Wrap,True Hemp Blunt Wrap,renamed
4364,The People's Indoor Gardens Flower People's Diesel - 1g,South Bay Master Growers The People's Indoor Gardens People's 3,renamed
4343,Lookah Single Coil Quartz,Lookah Non Cannabis Accessories,renamed
4294,Knots Infused Pre-roll Lava Cherries x Oranges & Onions - 1g,Methow Horticulture Knots Lava Cherries X Oranges Onions Infused Pre-roll,renamed
4269,Knots Infused Pre-roll Animal Chillz x Collins AVE - 1g,Methow Horticulture Knots Animal Chillz X Collins Ave Infused Pre-roll 1g,renamed
4253,Lookah Giraffe,Lookah 3,renamed
4224,Green State Infused Pre-roll Tart Pops - 1g,Default Vendor Green State Tart Pops Infused Pre-roll 1g,renamed
4209,Royal Blunts Blunt Wrap,Royal Blunts Blunt 20,renamed
4204,Knots Infused Pre-roll Papaya Runtz - 1g,Methow Horticulture Knots Papaya Runtz Infused Pre-roll 1g,renamed
4185,Packwraps Blunt Wrap,Packwraps Blunt Wrap,
4179,Green State Infused Pre-roll Northwest Pineapple - 1g,Default Vendor Green State Northwest Pineapple Infused Pre-roll 1g,renamed
4168,Stone City Pre-roll Rainier Sour Diesel - 2.5g,Cannabis Northwest C-m Inc Stone City Rainier Sour Diesel Pre-roll 2.5g,renamed
4123,Lookah Seahorse King,Lookah Dab Rig,renamed
4051,Legit Gold Mini Infused Pre-roll Emo Kidz - 0.75g,Canna Processing Legit Gold Mini Emo Kidz Infused Pre-roll 0.75g,renamed
4038,Stone City Flower Cali OG - 14g,Cannabis Northwest C-m Inc Stone City Cali Og Flower 14g,renamed
4004,Knots Infused Pre-roll XJ-13 - 1g,Methow Horticulture Knots Xj-13 Infused Pre-roll 1g,renamed
4003,Harbor Hash Co Hash Rosin Sunset Runtz - 1g,Green Beard Co Harbor Hash Co Sunset Runtz Hash Rosin 1g,renamed
3946,House of Cultivar Pre-roll Scoops - 1g,Cultivar Farms House Of Cultivar Scoops Pre-roll 1g,renamed
3944,House of Cultivar Grand Cru Pre-roll black cherry betty - 1g,Cultivar Farms House Of Cultivar Grand Cru Black Cherry Betty Pre-roll 1g,renamed
3942,House of Cultivar Grand Cru Infused Pre-roll Sugar Fiend - 0.75g,Cultivar Farms House Of Cultivar Grand Cru Sugar Fiend Infused Pre-roll,renamed
3931,Fire Bros Live Resin CBD Tropical Fusion - 1g,Firebros Fire Bros CBD Tropical Fusion Live Resin 1g,renamed
3929,Fire Bros Live Resin CBD Black Magic Woman - 1g,Firebros Fire Bros CBD Black Magic Woman Live Resin 1g,renamed
3926,Canna Organix Infused Pre-roll 501st Og - 1g,Canna Organix 501st Og Infused Pre-roll 2,renamed
3925,Canna Organix Nectar Apples N Bananas - 1g,Canna Organix Apples N Bananas Terp Crystals 1g,renamed
3920,The Gas Station Cartridge Tai Styx Turnpike - 1g,Canna Pacific The Gas Station Tai Styx Turnpike Cartridge 1g,renamed
3903,Colors by Cultivar Pre-roll Banh Mi - 1g,Cultivar Farms Colors By Cultivar Banh Mi Pre-roll 1g,renamed
3902,Colors by Cultivar Pre-roll Banh Mi - 1g,Cultivar Farms Colors By Cultivar Banh Mi Pre-roll 2,renamed
3900,House of Cultivar Pre-roll Granola Funk - 1g,Cultivar Farms House Of Cultivar Granola Funk Pre-roll 1g,renamed
3896,Desaus BHO Orange Push Pop - 1g,Tumbleweed Farm Desaus Orange Push Pop Bho 1g,renamed
3889,Fire Bros Live Resin CBD Tropical Fusion - 1g,Firebros Fire Bros CBD Tropical Fusion Live Resin 2,renamed
3880,Canna Organix Infused Pre-roll Offendo/XYZ - 1g,Canna Organix Offendo Xyz Infused Pre-roll 1g,renamed
3869,Torus Rosin cantucci - 1g,Evergreen Hydro Farms Torus Cantucci Rosin 2,renamed
3859,Grand Cru Pre-roll Malibu Marsha - 1g,Cultivar Farms Grand Cru Malibu Marsha Pre-roll 1g,renamed
3857,House of Cultivar Flower Sherbacio - 3.5g,Cultivar Farms House Of Cultivar Sherbacio Flower 3.5g,renamed
3856,House of Cultivar Grand Cru Rosin Gushii - 1g,Cultivar Farms House Of Cultivar Grand Cru Gushii Rosin 1g,renamed
3855,Grand Cru Pre-roll Suga' Booga' - 1g,Cultivar Farms Grand Cru Suga' Booga' Pre-roll 1g,renamed
3854,House of Cultivar Pre-roll Zeerios - 1g,Cultivar Farms House Of Cultivar Zeerios Pre-roll 1g,renamed
3834,Canna Organix Flower Pink Certz - 1g,Canna Organix Pink Certz Flower 1g,renamed
3815,House of Cultivar Flower Zeerios - 3.5g,Cultivar Farms House Of Cultivar Zeerios Flower 3.5g,renamed
3814,House of Cultivar Grand Cru Flower Silver Spoon - 3.5g,Cultivar Farms House Of Cultivar Grand Cru Silver Spoon Flower 3.5g,renamed
3813,Colors by Cultivar Flower Slutz - 3.5g,Cultivar Farms Colors By Cultivar Slutz Flower 3.5g,renamed
3808,House of Cultivar Pre-roll Runtz S1 - 1g,Cultivar Farms House Of Cultivar Runtz S1 Pre-roll 1g,renamed
3794,Fire Bros Live Resin CBD Mexican Flan - 1g,Firebros Fire Bros CBD Mexican Flan Live Resin 1g,renamed
3751,Colors by Cultivar Flower Arm Candy - 3.5g,Cultivar Farms Colors By Cultivar Arm Candy Flower 3.5g,renamed
3749,House of Cultivar Flower Sherbacio - 3.5g,Cultivar Farms House Of Cultivar Sherbacio Flower 2,renamed
3748,House of Cultivar Pre-roll Scoops - 1g,Cultivar Farms House Of Cultivar Scoops Pre-roll 2,renamed
3745,House of Cultivar Pre-roll Rntz S1 - 1g,Cultivar Farms House Of Cultivar Rntz S1 Pre-roll 1g,renamed
3744,House of Cultivar Flower OG x Chem - 3.5g,Cultivar Farms House Of Cultivar Og X Chem Flower 3.5g,renamed
3692,Heavenly Buds Pre-roll Cake Bomb - 1.5g,Heavenly Buds Cake Bomb Pre-roll 1.5g,renamed
3674,Legit Gold Mini Infused Pre-roll Sunset Haze - 0.75g,Canna Processing Legit Gold Mini Sunset Haze Infused Pre-roll 0.75g,renamed
3659,House of Cultivar Pre-roll Eye Candy - 1g,Cultivar Farms House Of Cultivar Eye Candy Pre-roll 1g,renamed
3658,House of Cultivar Grand Cru Rosin Dulce de papaya - 1g,Cultivar Farms House Of Cultivar Grand Cru Dulce De Papaya Rosin 1g,renamed
3656,House of Cultivar Grand Cru Pre-roll Gummie Worms - 1g,Cultivar Farms House Of Cultivar Grand Cru Gummie Worms Pre-roll 1g,renamed
3655,House of Cultivar Grand Cru Pre-roll Galactic Runtz - 1g,Cultivar Farms House Of Cultivar Grand Cru Galactic Runtz Pre-roll 1g,renamed
3617,House of Cultivar Grand Cru Hash Rosin Sugar Berry Scone - 1g,Cultivar Farms House Of Cultivar Grand Cru Sugar Berry Scone Hash Rosin 1g,renamed
3615,Colors by Cultivar Pre-roll Slutz - 1g,Cultivar Farms Colors By Cultivar Slutz Pre-roll 1g,renamed
3593,Canna Organix Sauced & Tossed Cereal Milk - 1g,Canna Organix Cereal Milk Infused Pre-roll 2,renamed
3528,Heavenly Buds Pre-roll Yoda - 1.5g,Heavenly Buds Yoda Pre-roll 1.5g,renamed
3522,Grand Cru Rosin Grape Guava - 1g,Cultivar Farms Grand Cru Grape Guava Rosin 1g,renamed
3520,House of Cultivar Grand Cru Pre-roll Grape Runtz - 1g,Cultivar Farms House Of Cultivar Grand Cru Grape Runtz Pre-roll 1g,renamed
3519,House of Cultivar Grand Cru Pre-roll Bubblegum dum dum - 1g,Cultivar Farms House Of Cultivar Grand Cru Bubblegum Dum Dum Pre-roll 1g,renamed
3501,Canna Organix Flower Presidential OG - 1g,Canna Organix Presidential Og Flower 1g,renamed
3497,Trichome Infused Pre-roll InTERPreter White Meat x GMO - 1.5g,Canna Pacific Trichome Interpreter White Meat X Sg Infused Pre-roll 1.5g,renamed
3468,Heavenly Buds Flower RS-11 - 1g,Heavenly Buds Rs-11 Flower 1g,renamed
3464,Fire Bros Pre-roll Tropical Fusion - 1g,Firebros Fire Bros Tropical Fusion Pre-roll 1g,renamed
3458,Canna Organix Flower Headbanger - 1g,Canna Organix Headbanger Flower 1g,renamed
3427,Heavenly Buds Infused Pre-roll Permanent Bubbles - 1g,Heavenly Buds Permanent Bubbles Infused Pre-roll 2,renamed
3405,Fire Bros Live Resin Grape Fruit - 1g,Firebros Fire Bros Grape Fruit Live Resin 1g,renamed
3371,Trichome Infused Pre-roll InTERPreter Truffle Queen x SS - 1.5g,Canna Pacific Trichome Interpreter Truffle Queen X Ss Infused Pre-roll 1.5g,renamed
3355,House of Cultivar Grand Cru Rosin Ice Cream Truck - 1g,Cultivar Farms House Of Cultivar Grand Cru Ice Cream Truck Rosin 1g,renamed
3354,Colors by Cultivar Flower Busta's Flow - 3.5g,Cultivar Farms Colors By Cultivar Busta's Flow Flower 3.5g,renamed
3353,House of Cultivar Pre-roll Sherbacio - 1g,Cultivar Farms House Of Cultivar Sherbacio Pre-roll 1g,renamed
3349,ZEN Balanced Effects Cartridge Blood Orange CBN 2:1 - 1g,Purform Labs Distribution Zen Balanced Effects Blood Orange CBN 2:1,renamed
3344,Fire Bros Pre-roll Mexican Flan|2pk - 1g,Firebros Fire Bros Mexican Flan Pre-roll 1g,renamed
3308,Shatter J's Disposabel Cartridge Blackberry Pie - 1g HYBRID,Mountain Hi Shatter J's Blackberry Pie Disposable Cartridge 5,renamed
3289,DBG Infused Pre-roll Candyclysm & Blueberry - 0.5g,Default Vendor Dbg Candyclysm Blueberry Infused Pre-roll 0.5g,renamed
3269,Fire Bros Live Resin CBD Magic Monkey - 1g,Firebros Fire Bros CBD Magic Monkey Live Resin 1g,renamed
3253,Torus Rosin Rainbow Berries 1 - 1g,Evergreen Hydro Farms Torus Rainbow Berries 1 Rosin 1g,renamed
3245,Heavenly Buds Pre-roll Cake Bomb - 1.5g,Heavenly Buds Cake Bomb Pre-roll 2,renamed
3243,House of Cultivar Grand Cru Flower Malibu Marsha - 3.5g,Cultivar Farms House Of Cultivar Grand Cru Malibu Marsha Flower 3.5g,renamed
3242,Colors by Cultivar Pre-roll Sugar Man - 1g,Cultivar Farms Colors By Cultivar Sugar Man Pre-roll 1g,renamed
3239,House of Cultivar Pre-roll Wedding Pie - 1g,Cultivar Farms House Of Cultivar Wedding Pie Pre-roll 1g,renamed
3236,House of Cultivar Grand Cru Pre-roll Orangutan Tittiez - 1g,Cultivar Farms House Of Cultivar Grand Cru Orangutan Tittiez Pre-roll 1g,renamed
3218,Canna Organix Sauced & Tossed Zkittlez - 1g,Canna Organix Zkittlez Infused Pre-roll 1g,renamed
3192,Trichome Infused Pre-roll Super Lemon Haze - 1g,Canna Pacific Trichome Super Lemon Haze Infused Pre-roll 2,renamed
3175,House of Cultivar Grand Cru Rosin yogurt dip - 1g,Cultivar Farms House Of Cultivar Grand Cru Yogurt Dip Rosin 1g,renamed
3173,House of Cultivar Grand Cru Pre-roll Key Lime Pie - 1g,Cultivar Farms House Of Cultivar Grand Cru Key Lime Pie Pre-roll 1g,renamed
3158,Fire Bros Live Resin Dixie Kong CBDabs - 2g,Firebros Fire Bros Dixie Kong Bho 2g,renamed
3156,Canna Organix Infused Pre-roll Apple's n Banana's - 1g,Canna Organix Apples N Bananas Infused Pre-roll 1g,renamed
3155,Canna Organix Sauced & Tossed Jokerz - 1g,Canna Organix Jokerz Infused Pre-roll 1g,renamed
3149,Trichome Extracts Infused Pre-roll Bubble Bath#1 - 1g,Canna Pacific Trichome Extracts Bubble Bath 1 Infused Pre-roll 1g,renamed
3147,Mad Mark Infused Pre-roll Mad Gump - 1g,Mas Farms Mad Mark Mad Gump Infused Pre-roll 1g,renamed
3120,Packwraps Blunt Wrap,Packwraps Blunt 2,renamed
3111,PICC Pre-roll Harmony's White Tahoe Cookies - 1g,Washington Packaging And Processing Picc Harmony's White Tahoe Cookies,renamed
3075,Legit Gold Infused Pre-roll Purple Haze - 1g,Canna Processing Legit Gold Purple Haze Infused Pre-roll 1g,renamed
3062,House of Cultivar Flower Eye Candy - 3.5g,Cultivar Farms House Of Cultivar Eye Candy Flower 3.5g,renamed
3044,Hazy Daze Infused Pre-roll Live Hybrid - 1g,Hazy Daze Live Hybrid Infused Pre-roll 1g,renamed
3037,House of Cultivar Pre-roll Zeerios - 1g,Cultivar Farms House Of Cultivar Zeerios Pre-roll 2,renamed
2984,Fire Bros Pre-roll Peanut Butter Crunch - 1g,Firebros Fire Bros Peanut Butter Crunch Pre-roll 2,renamed
2974,Canna Organix Nectar Terp Sauce Jokerz - 1g,Canna Organix Jokerz Terp Sauce 1g,renamed
2933,Good Tide Fruit Chews Pineapple Sativa - 1.4oz,Ncmx Llc Good Tide Pineapple Sativa Fruit Chews 1.4oz,renamed
2929,M80 Dynalite Infused Pre-roll Super Boof x Berry Banana Candy - 0.5g,Washington Packaging And Processing M80 Dynalite Super Boof Infused,renamed
2928,Liv Templ Infused Pre-roll Super Silver Haze - 0.5g,Default Vendor Liv Templ Super Silver Haze Infused Pre-roll 0.5g,renamed
2927,DBG Infused Pre-roll Purple Punch x Trippy Lemon - 0.5g,Default Vendor Dbg Purple Punch X Trippy Lemon Infused Pre-roll 0.5g,renamed
2925,Trichome Cartridge Lemon Meringue CBD + HTE - 1g,Canna Pacific Trichome Lemon Meringue CBD + Hte Cartridge 1g,renamed
2884,DBG Infused Pre-roll Alien OG x Mega Glue - 0.5g,Default Vendor Dbg Alien Og X Mega Glue Infused Pre-roll 0.5g,renamed
2880,Grand Cru Pre-roll Sundae school - 1g,Cultivar Farms Grand Cru Sundae School Pre-roll 1g,renamed
2834,House of Cultivar Grand Cru Flower Silver Spoon - 3.5g,Cultivar Farms House Of Cultivar Grand Cru Silver Spoon Flower 2,renamed
2789,Grand Cru Pre-roll C*caine Bear - 1g,Cultivar Farms Grand Cru C*caine Bear Pre-roll 1g,renamed
2788,Colors by Cultivar Pre-roll Purple Rain - 1g,Cultivar Farms Colors By Cultivar Purple Rain Pre-roll 1g,renamed
2699,Bong Downstem,Wyn Distribution Other Non Cannabis,renamed
2692,Wyld Gummies Elderberry 2:1 THC/CBN - 1.4oz,Ncmx Llc Wyld Elderberry Gummies 3,renamed
2678,~EO Vapes Butter Knife,Eo Vapes Devices,renamed
2668,DBG Infused Pre-roll Super Silver Haze & Bruce Banner - 1g,Default Vendor Dbg Super Silver Haze Bruce Banner Infused Pre-roll 1g,renamed
2657,Royal Tree Gardens Flower Gary Payton - 1g,Royal Tree Gardens Gary Payton Flower 1g,renamed
2648,PICC Pre-roll Constellation's Blueberry - 1g,Washington Packaging And Processing Picc Constellation's Blueberry,renamed
2647,DBG Infused Pre-roll Gucci Berries x Blueberry Trainwreck - 1g,Default Vendor Dbg Gucci Berries X Blueberry Trainwreck Infused Pre-roll 1g,renamed
2644,LAff Gas Infused Pre-roll Blue Glue & Blackberry Kush - 1g,Default Vendor Laff Gas Blue Glue Blackberry Kush Infused Pre-roll 1g,renamed
2628,Royal Blunts Blunt Wrap,Royal Blunts Blunt 21,renamed
2620,Colors by Cultivar Flower Multiverse - 3.5g,Cultivar Farms Colors By Cultivar Multiverse Flower 3.5g,renamed
2606,Insane Flower Hindu Phunk - 1g,Northwest Harvesting Co Insane Hindu Phunk Flower 1g,renamed
2605,tasty tokes Infused Pre-roll Wild Cherry - 0.80g,New Leaf Enterprises Tasty Tokes Wild Cherry Infused Pre-roll 0.8g,renamed
2532,DBG Infused Pre-roll Swiss Watch X Kush Mintz - 1g,Default Vendor Dbg Swiss Watch Infused Pre-roll 1g,renamed
2528,Colors by Cultivar Pre-roll Moonshadow - 1g,Cultivar Farms Colors By Cultivar Moonshadow Pre-roll 1g,renamed
2527,House of Cultivar Grand Cru Flower Malibu Marsha - 3.5g,Cultivar Farms House Of Cultivar Grand Cru Malibu Marsha Flower 2,renamed
2497,Karma Hemp Wraps Purple Chill,Karma Hemp Wraps Blunt Wrap,renamed
2488,PICC - Heavyweight Pre-roll Purple Picasso - 1g,Washington Packaging And Processing Picc Purple Picasso Pre-roll 1g,renamed
2481,House of Cultivar Grand Cru Flower Raunchy Runtz - 3.5g,Cultivar Farms House Of Cultivar Grand Cru Raunchy Runtz Flower 3.5g,renamed
2470,Insane Flower Cali Nights - 1g,Northwest Harvesting Co Insane Cali Nights Flower 1g,renamed
2465,LAff Gas Infused Pre-roll Blue Frost & Apple Fritter - 1g,Default Vendor Laff Gas Blue Frost Apple Fritter Infused Pre-roll 1g,renamed
2461,House of Cultivar Flower I-95 - 3.5g,Cultivar Farms House Of Cultivar Ice Cream Man Flower 3.5g,renamed
2449,Insane Flower Cali Nights - 3.5g,Northwest Harvesting Co Insane Cali Nights Flower 3.5g,renamed
2448,DBG Infused Pre-roll Swiss Watch X Kush Mintz - 0.5g,Default Vendor Dbg Swiss Watch Infused Pre-roll 0.5g,renamed
2440,Colors by Cultivar Pre-roll Peepz - 1g,Cultivar Farms Colors By Cultivar Peepz Pre-roll 1g,renamed
2438,House of Cultivar Flower Biscotti - 3.5g,Cultivar Farms House Of Cultivar Biscotti Flower 3.5g,renamed
2407,Karma Hemp Wraps Blazin' Blue,Karma Hemp Wraps Blunt 2,renamed
2399,Super Stingers Infused Pre-roll Afghan Kush - 1g,Cult Cannabis Co. Super Stingers Afghan Skunk Infused Pre-roll 1g,renamed
2387,Royal Tree Gardens Disposable Cartridge Kitchen Sink - 0.5g,Royal Tree Gardens Kitchen Sink Disposable Cartridge 0.5g,renamed
2380,Tasty Tokes Infused Pre-roll Mango - 0.80g,New Leaf Enterprises Tasty Tokes Mango Infused Pre-roll 0.8g,renamed
2330,Liv Templ Infused Pre-roll Blue Raspberry Cough - 0.5g,Default Vendor Liv Templ Blue Raspberry Cough Infused Pre-roll 0.5g,renamed
2325,House of Cultivar Flower SlapZ - 3.5g,Cultivar Farms House Of Cultivar Slapz Flower 3.5g,renamed
2299,Royal Tree Gardens Disposable Cartridge White Tahoe Cookies - 0.5g,Royal Tree Gardens White Tahoe Cookies Disposable Cartridge 0.5g,renamed
2296,Buddies LR Disposable Cartridge Moonshine Haze - 1g,Botanical Arts Buddies Moonshine Haze Disposable Cartridge 1g,renamed
2275,Method Flower Lemon Maraschino - 1g,Crimsoneye Farms Llc Method Lemon Maraschino Flower 1g,renamed
2255,Constellation Rosin Rolo Infused Pre-roll BRUNCH RUNTZ X KOSHER COOKIES - 1g,Alpha Crux Llc Constellation Rosin Rolo Brunch Runtz X Kosher Cookies,renamed
2221,PICC Pre-roll Freddy's Fuego Le Mans Ranier - 1g,Washington Packaging And Processing Picc Freddy's Fuego Le Mans Ranier,renamed
2219,Liv Templ Infused Pre-roll Blue Raspberry Cough - 1g,Default Vendor Liv Templ Blue Raspberry Cough Infused Pre-roll 1g,renamed
2175,Hellavated Infused Pre-roll Tropicalez Punch - 0.75g,Avitas Hellavated Tropicalez Punch Infused Pre-roll 2,renamed
2160,HighTide Rosin Sepang - 1g,Nalley Valley Partners Llc Hightide Sepang Rosin 1g,renamed
2118,HighTide Flower Gumi - 3.5g,Nalley Valley Partners Llc Hightide Gumi Flower 3.5g,renamed
2100,Mammoth Labs Flower Cherry Gelato - 3.5g,Grow Bros Mammoth Labs Cherry Gelato Flower 3.5g,renamed
2068,Hellavated Gummies Blueberry Blitz Sourz - 2.60oz,Avitas Hellavated Blueberry Blitz Sourz Gummies 2.6oz,renamed
2062,Constellation Rosin Rolo Infused Pre-roll PURPLE ACID DRIP X KOSHER COOKIES - 1g,Alpha Crux Llc Constellation Rosin Rolo Purple Acid Drip X Kosher Cookies,renamed
2004,Plug N Play Disposable Cartridge Caesar - 1g,Northwest Harvesting Co Plug N Play Caesar Disposable Cartridge 1g,renamed
1982,tasty tokes Infused Pre-roll Orange Creamsicle - 0.80g,New Leaf Enterprises Tasty Tokes Orange Creamsicle Infused Pre-roll 0.8g,renamed
1942,Twisted Disposable Cartridge Purple Washington Apple Bowl - 1g,Bellevue Cannabis Company Twisted Purple Washington Apple Bowl Disposable,renamed
1902,Moonshot Hash Rosin Beverage Black Cherry CBN - 1.7oz,Alpha Crux Llc Moonshot Hash Rosin Black Cherry CBN Beverage 1.7floz,renamed
1839,Moonshot Hash Rosin Beverage Tropical Punch CBC - 1.7oz,Alpha Crux Llc Moonshot Hash Rosin Tropical Punch CBC Beverage 1.7floz,renamed
1783,Method Rosin Lemon Maraschino - 1g,Crimsoneye Farms Llc Method Lemon Maraschino Rosin 1g,renamed
1739,Phat Yeti Live Resin Lemon Cake - 1g,Grow Bros Phat Yeti Lemon Cake Live Resin 1g,renamed
1708,Hellavated Gummies Strawberry Haze - 2.50oz,Avitas Hellavated Strawberry Haze Gummies 2.5oz,renamed
1588,Ola Savor (GG#4) - 0.4oz,Skagit Organics Ola Savor (gg 4) Other Liquid Edible 0.4floz,renamed
1542,Mama J's Pre-roll Hidden Pastry - 5g,Mama Js Mama J's Hidden Pastry Pre-roll 5g,renamed
1520,Mama J's Flower Forbidden Wife - 3.5g,Mama Js Mama J's Forbidden Wife Flower 3.5g,renamed
1515,Fireline Pre-roll Blackberry Chem OG - 4g,Fireline Cannabis Blackberry Chem Og Pre-roll 4g,renamed
1500,Bodhi High Disposable Cartridge G-Soap - 1g,Conscious Cannabis Bodhi High G-soap Disposable Cartridge 1g,renamed
1450,Wild Mint Topical Chill - 3oz,Wild Mint Chill Topical 3oz,renamed
1433,Skagit Organics Cartridge Harlequin - 1g,Skagit Organics Harlequin Cartridge 1g,renamed
1432,Ola Bright (SLH) - 2oz,Skagit Organics Ola Bright (slh) Other Liquid Edible 2floz,renamed
1430,Wild Mint Bath Salts Tootsies Foot Soak - 0.7oz,Wild Mint Tootsies Foot Soak Bath Salts 0.7oz,renamed
1407,Mama J's Pre-roll Sour Jack - 5g,Mama Js Mama J's Sour Jack Pre-roll 5g,renamed
1385,Mama J's Pre-roll Golden Pineapple - 3.5g,Mama Js Mama J's Golden Pineapple Pre-roll 3.5g,renamed
1361,Full Spec Infused Pre-roll Cocoa Kitty - 1.5g,Edgemont Group Full Spec Cocoa Kitty Infused Pre-roll 1.5g,renamed
1345,Moonshot Hash Rosin Beverage Black Cherry CBN - 1.7oz,Alpha Crux Llc Moonshot Hash Rosin Black Cherry CBN Beverage 2,renamed
1323,Lifted Flower Wedding Cake - 1g,Lifted Cannabis Lifted Wedding Cake Flower 4,renamed
1318,Ola Savor (GG#4) - 2oz,Skagit Organics Ola Savor (gg 4) Other Liquid Edible 2floz,renamed
1270,Swell Mints Cinnamon (Sativa) - 0.49oz,Jms. Consultants Swell Cinnamon (sativa) Mints 0.49oz,renamed
1231,Rooted BHO white rainbow - 1g,Lifted Cannabis Rooted White Rainbow Bho 1g,renamed
1227,Mama J's Pre-roll Lemon Cherry Gelato - 5g,Mama Js Mama J's Lemon Cherry Gelato Pre-roll 5g,renamed
1220,Fireline Pre-roll Blue Tangie - 1g,Fireline Cannabis Blue Tangie Pre-roll 1g,renamed
1210,Lifted Flower Permanent Marker - 3.5g,Lifted Cannabis Lifted Permanent Marker Flower 2,renamed
1180,Mama J's Pre-roll RS-11 - 3.5g,Mama Js Mama J's Rs-11 Pre-roll 3.5g,renamed
1174,Fireline Cannabis Live Resin Skatalite - 1g,Fireline Cannabis Skatalite Live Resin 1g,renamed
1165,Lifted Cartridge Emergen-C - 1g,Lifted Cannabis Lifted Emergen-c Cartridge 1g,renamed
1151,Fireline Cannabis Blunt Skunk GMO - 1g,Fireline Cannabis Skunk Gmo Blunt 1g,renamed
1148,Smokiez Fruit Chews Sour Guava Live Resin Indica - 2.12oz,Pacific Northwest Consulting Smokiez Sour Guava Live Resin Fruit Chews,renamed
1135,Solr Bear Pod SilverFace - 1g,Edgemont Group Llc Solr Bear Silverface Pod 1g,renamed
1114,Rainbow Cartridge Blue Rasperry - 1g,Mama Js Rainbow Blue Rasperry Cartridge 1g,renamed
1108,Fireline Flower Blue Tangie - 1g,Fireline Cannabis Fireline Blue Tangie Flower 1g,renamed
1106,Fireline Flower White Fire OG - 1g,Fireline Cannabis White Fire Og Flower 1g,renamed
1091,Full Spec Live Resin Cartridge MAC - 1g,Edgemont Group Full Spec Mac Live Resin Cartridge 1g,renamed
1076,Mama J's Pre-roll Tropicana Banana - 5g,Mama Js Mama J's Tropicana Banana Pre-roll 5g,renamed
1071,Fireline Pre-roll Gelato Cake - 1g,Fireline Cannabis Fireline Gelato Cake Pre-roll 1g,renamed
1011,Mama J's Pre-roll Apple Fritter - 3.5g,Mama Js Mama J's Apple Fritter Pre-roll 3.5g,renamed
1004,Fireline Blunt Skatalite - 1g,Fireline Cannabis Fireline Skatalite Blunt 1g,renamed
1000,Smokiez Fruit Chews Sour Watermelon Live Resin Indica - 2.12oz,Pacific Northwest Consulting Smokiez Sour Watermelon Live Resin Indica,renamed
993,Bodhi High Live Resin Cartridge Platinum Kush Mints - 1g,Conscious Cannabis Bodhi High Platinum Kush Mints Live Resin Cartridge 1g,renamed
992,Bodhi High Disposable Cartridge Apple Slapz - 1g,Conscious Cannabis Bodhi High Apple Slapz Disposable Cartridge 1g,renamed
951,NWCS Marmas THC:THCV pamplemousse - 1.78oz,Nwcs Thc:thcv Pamplemousse Marmas 1.78oz,renamed
950,Ganesh Vapes Migo,Ganesh Vapes Devices,renamed
949,4.20 Minis Chocolate Milk Chocolate 200mg CBG + 100mg THC - 1.2oz,Evergreen Herbal 4.20 Minis Milk Chocolate 200mg CBG + 100mg THC Chocolate,renamed
940,Mama J's Pre-roll Runtz - 5g,Mama Js Mama J's Runtz Pre-roll 5g,renamed
938,Mama J's Pre-roll Pack Sour Apple - 3.5g,Mama Js Mama J's Sour Apple Pre-roll 3.5g,renamed
936,Fireline Pre-roll Krazy Runtz - 4g,Fireline Cannabis Fireline Krazy Runtz Pre-roll 4g,renamed
922,Mr. Moxey's Mints 25:1 CBD Zen Peppermint - 0.44oz,Botanica Seattle Mr. Moxey's 25:1 CBD Zen Peppermint Mints 2,renamed
918,Honey Tree Cartridge Animal Mints - 1g,Conscious Cannabis Honey Tree Animal Cookies Cartridge 1g,renamed
876,Mama J's Pre-roll Pack Sour Apple - 3.5g,Mama Js Mama J's Sour Apple Pre-roll 2,renamed
868,Fireline Cannabis Diamonds and Sauce Skatalite - 1g,Fireline Cannabis Skatalite Diamonds 1g,renamed
856,Bodhi High Cartridge Orange Push Pop - 1g,Conscious Cannabis Bodhi High Orange Push Pop Cartridge 1g,renamed
837,Smokiez Fruit Chews Sour Mango Sativa - 1.2oz,Pacific Northwest Consulting Smokiez Sour Mango Sativa Fruit Chews 1.2oz,renamed
781,Fireline Pre-roll Krazy Runtz - 1g,Fireline Cannabis Fireline Krazy Runtz Pre-roll 1g,renamed
767,Bodhi High Disposable Cartridge Galactic Jack - 1g,Conscious Cannabis Bodhi High Galactic Jack Disposable Cartridge 1g,renamed
758,Mama J's Flower Grape Stomper - 3.5g,Mama Js Mama J's Grape Stomper Flower 3.5g,renamed
749,Fireline Flower Skatalite - 1g,Fireline Cannabis Skatalite Flower 1g,renamed
733,Full Spec Live Resin Cartridge MAC - 1g,Edgemont Group Full Spec Mac Live Resin Cartridge 2,renamed
718,Leafwerx Cartridge Candy Apple - 1g,Five O 2 Leafwerx Candy Apple Cartridge 1g,renamed
680,Ganesh Vapes Vaporizer,Ganesh Vapes 2,renamed
676,Sinners and Saints Hard Candy Watermelon Hard Candy - 1.76oz,Evergreen Herbal Sinners And Saints Watermelon Hard Candy Hard Candy 1.76oz,renamed
669,Leafwerx Cartridge Chocolope - 1g,Five O 2 Leafwerx Chocolope Cartridge 1g,renamed
653,Mama J's Pre-roll Jack and Coke - 5g,Mama Js Mama J's Jack And Coke Pre-roll 5g,renamed
631,Bodhi High Platinum Ice Live Resin Bubba's Gift - 1g,Conscious Cannabis Bodhi High Bubba's Gift Bho 1g,renamed
599,Suspended Brands Iceberg GMO - 1g,Suspended Brands Gmo Moon Rocks 2,renamed
583,Full Spec Infused Pre-roll Lemon Runtz - 1.5g,Five O 2 Leafwerx Lemon Runtz Infused Pre-roll 1.5g,renamed
574,Seattle's Private Reserve Flower Gushers - 1g,Seattles Private Reserve Seattle's Private Reserve Gushers Flower 2,renamed
545,RAW Roll Caddy,Raw Other Non Cannabis,renamed
539,Second Nature Flower White Runtz - 28g,Hesperides Second Nature White Runtz Flower 28g,renamed
519,Walden Infused Pre-roll Morning Yoga 1:1 - 1g,Walden Morning Yoga Infused Pre-roll 1g,renamed
495,Hempire Blunt Wrap Clemen-Terp,Hempire Blunt Wrap,renamed
492,Second Nature Pre-roll bottomless mimosa - 1g,Hesperides Second Nature Bottomless Mimosa Pre-roll 1g,renamed
473,Walden Cartridge Hurkle CBD 3:1 - 1g,Walden Hurkle Cartridge 1g,renamed
459,RAW Rolling Tray Xl,Raw Other Non 2,renamed
452,Second Nature Infused Pre-roll GRAPE BUBALICIOUS BOMBER - 1g,Hesperides Second Nature Grape Bubalicious Bomber Infused Pre-roll 1g,renamed
430,Walden Reserve Infused Pre-roll Sour ZkittleZ - 1g,Walden Cannabis Walden Reserve Sour Zkittlez Infused Pre-roll 3,renamed
404,Hempire Blunt Wrap Cali-Cream,Hempire Blunt 2,renamed
403,Second Nature Flower Orangasm - 1g,Hesperides Second Nature Orangasm Flower 1g,renamed
369,Veo Cirrus,Veo Devices,renamed
361,Second Nature Infused Pre-roll 4RILLA BOMBER - 5g,Hesperides Second Nature 4rilla Bomber Infused Pre-roll 5g,renamed
347,Refine Infused Pre-roll GMO Cookies x THCA - 1g,Xtracted Labs Refine Gmo Cookies X THCA Infused Pre-roll 1g,renamed
321,Walden Infused Pre-roll Acapulco Ape - 1g,Walden Acapulco Ape Infused Pre-roll 1g,renamed
303,Refine Rosin Ice Cream Cake - 1g,Xtracted Labs Refine Ice Cream Cake Rosin 1g,renamed
282,Refine Rosin Ice Cream Cake - 1g,Xtracted Labs Refine Ice Cream Cake Rosin 2,renamed
272,Walden Rosin Sonic Sorbet - 1g,Walden Sonic Sorbet Rosin 1g,renamed
268,Ceres Tincture Lifted Sativa 1:1 - 0.51oz,Saturn Group Ceres Lifted Sativa 1:1 Tincture 0.51oz,renamed
266,Ceres Capsule Indica PM 2:1 - 0.29oz,Saturn Group Ceres Indica Pm 2:1 Capsule 0.29oz,renamed
219,Greenway Marijuana Accessory $3,Greenway Marijuana Other Non 2,renamed
205,Walden Infused Pre-roll Acapulco Ape - 1g,Walden Acapulco Ape Infused Pre-roll 2,renamed
204,Walden Infused Pre-roll Juice N Cookies - 1g,Walden Juice N Cookies Infused Pre-roll 1g,renamed
187,Walden Reserve Infused Pre-roll French Cookies - 1g,Walden Cannabis Walden Reserve French Cookies Infused Pre-roll 3,renamed
172,Veo Autodraw,Veo 2,renamed
171,High Hemp Blunt Wrap Maui Mango,High Hemp Blunt Wrap,renamed
168,420 Bar Chocolate Create 1:1 - 3.17oz,Evergreen Herbal 420 Bar Create 1:1 Chocolate 3.17oz,renamed
157,Greenway Marijuana Pipe $4,Greenway Marijuana 7,renamed
151,Greenway Glass Dab Rig,Greenway Glass Dab Rig,
144,Second Nature Pre-roll bottomless mimosa - 5g,Hesperides Second Nature Bottomless Mimosa Pre-roll 5g,renamed
126,RAW King Size Slim Papers,Raw 8,renamed
119,Second Nature Infused Pre-roll BOTTOMLESS MIMOSA BOMBER - 5g,Hesperides Second Nature Bottomless Mimosa Infused Pre-roll 5g,renamed
81,RAW Organic Hemp Papers Kingsize Slim with Tips,Raw 9,renamed
67,Ceres Chocolate Dragon Balls Indica| Single - 0.20oz,Saturn Group Ceres Dragon Balls Chocolate 0.2oz,renamed
61,RAW Roll Caddy,Raw Other Non 3,renamed
36,RAW Rolling Tray XXL,Raw Other Non 4,renamed
29,Second Nature Infused Pre-roll BOTTOMLESS MIMOSA BOMBER - 1g,Hesperides Second Nature Bottomless Mimosa Infused Pre-roll 1g,renamed
23,Ceres Chocolate Milk Chocolate 1:1 Indica - 0.22oz,Saturn Group Ceres Milk Chocolate 1:1 Chocolate 0.22oz,renamed
