Id,Old Name,New Name,Notes
,Downtown live resin Comatoast 1g,Downtown Comatoast Live Resin 1g,no_vendor_column;no_cannabinoid_columns;master_of_4_duplicates;renamed
,1937 - Pre-Rolls .5 x 2 pack - Cobra Chi 9 - 1g,1937 Cobra Chi 9 Pre-roll 1g,no_vendor_column;no_cannabinoid_columns;master_of_2_duplicates;renamed
,Seattle's Private Reserve Flower Gushers - 1g,Seattle's Private Reserve Gushers Flower 1g,no_vendor_column;no_cannabinoid_columns;renamed
,Freddy's Fuego Flower - Ethos Apex - 3.5g (Flagship,Freddy's Fuego Ethos Apex Flower 3.5g,no_vendor_column;no_cannabinoid_columns;master_of_2_duplicates;renamed
,Legacy Truffles - Golden Truffle - Legacy Loco - 1g,Legacy Organics Legacy Loco Mix Infused Flower 1g,no_vendor_column;no_cannabinoid_columns;master_of_2_duplicates;renamed
,Sitka Classic Lebanese Red Hashish Joint (I),Sitka Lebanese Red Infused Pre-roll 1g,no_vendor_column;no_cannabinoid_columns;master_of_2_duplicates;renamed
,420 Bar Chocolate Create 1:1 - 3.17oz,420 Bar Create 1:1 Chocolate 3.17oz,no_vendor_column;no_cannabinoid_columns;renamed
,HighTide Flower Gumi - 3.5g,Hightide Gumi Flower 3.5g,no_vendor_column;no_cannabinoid_columns;renamed
,Major Shot Gingerade sugar free,Major Gingerade Shots 60ml,no_vendor_column;no_cannabinoid_columns;renamed
,Cannabis Northwest - Shatter - Lemon Skunk - 1g,Cannabis Northwest Lemon Skunk Shatter 1g,no_vendor_column;no_cannabinoid_columns;master_of_2_duplicates;renamed
,Seattle Bubble Works Flower Blunt - Permanent Marker (I) - 3g,Permanent Marker Blunt 3g,no_vendor_column;no_cannabinoid_columns;master_of_2_duplicates;renamed
,Top Shelf Joints - Kimbo Kush 1g x 28 Pack,Top Shelf Kimbo Kush Pre-roll 28g,no_vendor_column;no_cannabinoid_columns;master_of_2_duplicates;renamed
,FDG Pre-Rolls - Purple Diesel - 4pk (0.5g x 4),Fdg Purple Diesel Pre-roll 2g,no_vendor_column;no_cannabinoid_columns;master_of_2_duplicates;renamed
,Journeyman Beverage Strawberry Lemonade - 2oz,Journeyman Strawberry Lemonade Beverage 2floz,no_vendor_column;no_cannabinoid_columns;renamed
,Royal Kind Flower Miracle Cookies - 3.5g,Royal Kind Miracle Cookies Flower 3.5g,no_vendor_column;no_cannabinoid_columns;renamed
,Skagit Organics RSO 9# Hammer - 1g,Skagit Organics 9 Hammer RSO 1g,no_vendor_column;no_cannabinoid_columns;renamed
,Truffle Cake Cured Cart [1g],Lifted Truffle Cake Cartridge 1g,no_vendor_column;no_cannabinoid_columns;master_of_2_duplicates;renamed
,ThunderChief - Pre-Rolls 2x0.5g TC - BlackBerry - 1g,Thunder Chief Blackberry Pre-roll 1g,no_vendor_column;no_cannabinoid_columns;master_of_2_duplicates;renamed
,Green Revolution Tincture Anytime 2000 - 3.2oz,Green Revolution Anytime 2000 Tincture 3.2oz,no_vendor_column;no_cannabinoid_columns;renamed
,WALBOLD - Pink Lemonade Sugar Wax,Walden Pink Lemonade Bho 1g,no_vendor_column;no_cannabinoid_columns;master_of_3_duplicates;renamed
,2727 - Infused - 2727 - Tigers Blood - 1g,2727 Tigers Blood Infused Pre-roll 1g,no_vendor_column;no_cannabinoid_columns;master_of_2_duplicates;renamed
,Frostco - Solventless Vape - GMO Cocoa - .5g,Frostco Gmo Cocoa Disposable Cartridge 0.5g,no_vendor_column;no_cannabinoid_columns;master_of_2_duplicates;renamed
,Canna Organix Flower Pink Certz - 1g,Canna Organix Pink Certz Flower 1g,no_vendor_column;no_cannabinoid_columns;renamed
,House of Cultivar Pre-roll Rntz S1 - 1g,House Of Cultivar Rntz S1 Pre-roll 1g,no_vendor_column;no_cannabinoid_columns;renamed
,Clout King: Milk Steak - PR 2pk - 1g,Clout King Milk Steak Pre-roll 1g,no_vendor_column;no_cannabinoid_columns;master_of_2_duplicates;renamed
,Mama J's Flower Bubblegum Gelato 14g,Mama J's Bubblegum Gelato Flower 14g,no_vendor_column;no_cannabinoid_columns;renamed
,JAR_XTRA_DRAGON_BALM_CBD_2oz,Ceres Xtra Dragon CBD Topical 2oz,no_vendor_column;no_cannabinoid_columns;master_of_2_duplicates;renamed
,Yellow Jackets pre-roll Runtz & Gary Payton (H),Picc Runtz X Gary Payton Pre-roll 1g,no_vendor_column;no_cannabinoid_columns;renamed
,CannaSol - Pre Rolls - DOH Tested - Shiva's Nectar - 1.5g,Cannasol Shiva's Nectar Pre-roll 1.5g,no_vendor_column;no_cannabinoid_columns;master_of_2_duplicates;renamed
,Cured Resin Blunt - Jack Black - 2g,Fire Bros Jack Black Blunt 2g,no_vendor_column;no_cannabinoid_columns;renamed
,Full Spec - Cadet - Cartridge - 1g - (I) Slurricane,Full Spec Slurricane Cartridge 1g,no_vendor_column;no_cannabinoid_columns;master_of_2_duplicates;renamed
,Solr Bear - Live Rosin XL - Cartridge - 1g - (HI) Papaya Punch,Solr Bear Papaya Punch Cartridge 1g,no_vendor_column;no_cannabinoid_columns;master_of_2_duplicates;renamed
,Ooowee - JUICED 1G C.R HTE Disposable - Honeydew - 1g,Ooowee Honeydew Disposable Cartridge 1g,no_vendor_column;no_cannabinoid_columns;master_of_2_duplicates;renamed
,Lifted Cannabis-Pre-roll-Burnout #33-1g,Lifted Burnout 33 Pre-roll 1g,no_vendor_column;no_cannabinoid_columns;master_of_2_duplicates;renamed
,Full Spec Elite Cartridge  MOTAvated (SH),Full Spec Motavated Cartridge 1g,no_vendor_column;no_cannabinoid_columns;master_of_2_duplicates;renamed
,"Tilted-Pre-roll-Toad Venom-1,2g",Tilted Toad Venom Pre-roll 1.2g,no_vendor_column;no_cannabinoid_columns;master_of_2_duplicates;renamed
,Canna Whupass - CW Vape Cartridge - Maui Loudie - Mixed - 1g,Canna Organix Maui Loudie Cartridge 1g,no_vendor_column;no_cannabinoid_columns;master_of_2_duplicates;renamed
,Ceres Topical Dragon Balm 1:1 - 3.4oz,Ceres Dragon Balm 1:1 Topical 3.4oz,no_vendor_column;no_cannabinoid_columns;renamed
,Mama J's Flower (Sunset MAC/7g),Mama J's Sunset Mac Flower 7g,no_vendor_column;no_cannabinoid_columns;master_of_2_duplicates;renamed
,Svin Gardens-Live Resin Disposables-Tangerine Borealis-1g,Svin Tangerine Borealis 1 Disposable Cartridge 1g,no_vendor_column;no_cannabinoid_columns;master_of_2_duplicates;renamed
,hashbreak - - Rosin Vape - GMO - 1g,Torus Gmo Rosin 1g,no_vendor_column;no_cannabinoid_columns;master_of_2_duplicates;renamed
,SMC - Smokeless Shatter J - Melon Guava - 1g,Shatter J's Melon Guava Cartridge 1g,no_vendor_column;no_cannabinoid_columns;master_of_2_duplicates;renamed
,Stingers - 5pk .5g Pre-Rolls - Dutch Haze - 2.5g,Stinger Dutch Haze Infused Pre-roll 2.5g,no_vendor_column;no_cannabinoid_columns;master_of_2_duplicates;renamed
,Fire Bros Disposable Squeezy,Fire Bros Squeezy Disposable Cartridge 1g,no_vendor_column;no_cannabinoid_columns;master_of_2_duplicates;renamed
,SPR - 1g Hash Rosin Infused Blunt - Orangeade x Blue Slushie,Spr Orangeade X Blue Slushie Infused Pre-roll 1g,no_vendor_column;no_cannabinoid_columns;master_of_2_duplicates;renamed
,Suspended Pre Roll Maui Wowie 1g,Suspended Maui Wowie Pre-roll 1g,no_vendor_column;no_cannabinoid_columns;master_of_2_duplicates;renamed
,Nano Dopio - Caramel Fly (100mg THC;100mg CBG)(56.8g),Green Revolution Caramel Fly Shots 2floz,no_vendor_column;no_cannabinoid_columns;master_of_2_duplicates;renamed
,FL JAR4 3.5g RESBOLD - Super Boof,Walden Super Boof Flower 3.5g,no_vendor_column;no_cannabinoid_columns;master_of_2_duplicates;renamed
,Ooowee - 5/1G Pre-Roll - White Peach - 5g,Ooowee White Peach Pre-roll 5g,no_vendor_column;no_cannabinoid_columns;master_of_2_duplicates;renamed
,5-1 gram Pre-Roll packs - Candy Gassy - 5g,Mz. A Candy Gas Pre-roll 5g,no_vendor_column;no_cannabinoid_columns;master_of_2_duplicates;renamed
,1937 - Pre-Rolls .5 x 2 pack - Grape Mochi - 1g,1937 Grape Mochi Pre-roll 1g,no_vendor_column;no_cannabinoid_columns;master_of_2_duplicates;renamed
,BWX BOX 1g WALFREE - Mimosa Runtz Sugar Wax,Walden Mimosa Bho 1g,no_vendor_column;no_cannabinoid_columns;master_of_2_duplicates;renamed
,Suspended Flower Commando #7 - 1g,Suspended Commando 7 Flower 1g,no_vendor_column;no_cannabinoid_columns;master_of_4_duplicates;renamed
,LIVE extract - MINT CONDITION - 1g,Downtown Mint Condition Live Resin 1g,no_vendor_column;no_cannabinoid_columns;master_of_2_duplicates;renamed
,Fireline Cannabis 10 pk 0.5g - (H) - Papaya,Fireline Cannabis Papaya Pre-roll 5g,no_vendor_column;no_cannabinoid_columns;master_of_2_duplicates;renamed
,Pre-Rolls - Tangerine Borealis - 2x.5g,Svin Tangerine Borealis 1 Pre-roll 1g,no_vendor_column;no_cannabinoid_columns;master_of_4_duplicates;renamed
,Golden Nuggets - Pineapple Bang - 7g (Finest),Freddy's Fuego Pineapple Bang Flower 7g,no_vendor_column;no_cannabinoid_columns;master_of_2_duplicates;renamed
,Phat Panda Pre-roll Raspberry Kush,Phat Panda Raspberry Pre-roll 1g,no_vendor_column;no_cannabinoid_columns;master_of_2_duplicates;renamed
,Downtown FLOWER - TWISTED TOAST - 1g,Downtown Twisted Toast Flower 1g,no_vendor_column;no_cannabinoid_columns;master_of_2_duplicates;renamed
,Wildside Beverage Blueberry Acai Indica MAX Shot 2:1:1 THC:CBD:CBN - 2oz,Wildside Blueberry Acai 2:1:1 Beverage 2floz,no_vendor_column;no_cannabinoid_columns;renamed
,Journeyman Mango Lemonade Jellies,Journeyman Mango Lemonade Gummies 85g,no_vendor_column;no_cannabinoid_columns;master_of_2_duplicates;renamed
,Second Nature Flower 28g / Orangasm,Second Nature Orangasm Flower 28g,no_vendor_column;no_cannabinoid_columns;master_of_2_duplicates;renamed
,"Loconut - LO TOPICAL (1,000mg THC) - Indica - 20mg",Clarity Farms Indica Topical 20mg,no_vendor_column;no_cannabinoid_columns;master_of_2_duplicates;renamed
,Skagit Organics RSO Omega 1g,Skagit Organics Omega RSO 1g,no_vendor_column;no_cannabinoid_columns;master_of_2_duplicates;renamed
,Redneck Wedding 2pk 0.5g Prerolls,Phat Panda Redneck Wedding Pre-roll 1g,no_vendor_column;no_cannabinoid_columns;master_of_2_duplicates;renamed
,SIGNATURE Pre-Roll - Swampwater Fumez - 2pk,Subx Swampwater Fumez Pre-roll 1g,no_vendor_column;no_cannabinoid_columns;master_of_3_duplicates;renamed
,A.C. Topical Drops - 1000mg THC,Agro Couture Drops 1000mg Tincture 1floz,no_vendor_column;no_cannabinoid_columns;master_of_2_duplicates;renamed
,Mr. Moxey Mints Relief Ginger 1:1:1 - 0.42oz,Mr. Moxey Relief Ginger 5:1:5 Mints 0.42oz,no_vendor_column;no_cannabinoid_columns;renamed
,Fireline Live Hash Rosin - Mars OG (I) - 01g,Fireline Mars Og Rosin 1g,no_vendor_column;no_cannabinoid_columns;renamed
,Premium Trichome Raw Flower - Crop CircleZ - 3.5g,Trichome Crop Circlez Flower 3.5g,no_vendor_column;no_cannabinoid_columns;master_of_2_duplicates;renamed
,Green Reaper - Indoor Popcorn Flower - Candy Gas - 28g,Green Reaper Candy Gas Flower 28g,no_vendor_column;no_cannabinoid_columns;master_of_2_duplicates;renamed
,Honey Stixx - 1pk - Flavored Infused Preroll - Berry Blue Dream - Sativa - 0.75g,Honey Stixx Berry Blue Dream Infused Pre-roll 0.75g,no_vendor_column;no_cannabinoid_columns;master_of_2_duplicates;renamed
,Northwest concentrates live resin candy fumez 1g,Northwest Concentrates Candy Fumez Live Resin 1g,no_vendor_column;no_cannabinoid_columns;renamed
,Heavenly Buds - Frosin - Papaya Melonz #7 DOH - 1g,Heavenly Buds Papaya Melonz 7 Rosin 1g,no_vendor_column;no_cannabinoid_columns;master_of_2_duplicates;renamed
,FL BAG 28g SUNSHINE - Blueberry Kush,Sunshine Blueberry Kush Flower 28g,no_vendor_column;no_cannabinoid_columns;master_of_2_duplicates;renamed
,BITE_IND_PEANUT_BUTTER_CHIP_1:1_10PK,Ceres Peanut Butter Chocolate 62g,no_vendor_column;no_cannabinoid_columns;master_of_3_duplicates;renamed
,Tasty Terps - TT BHO 1g - Strawberry Kiwi Dum Dum - 1g,Clarity Farms Strawberry Kiwi Dum Dum Bho 1g,no_vendor_column;no_cannabinoid_columns;master_of_2_duplicates;renamed
,Fire Bros-Disposable Cartridge-Trop Kick-1g,Fire Bros Trop Kick Disposable Cartridge 1g,no_vendor_column;no_cannabinoid_columns;master_of_2_duplicates;renamed
,FDG Pre-Rolls - GG #4 - 2pk (0.5g x 2),Fdg Gg4 Pre-roll 1g,no_vendor_column;no_cannabinoid_columns;master_of_2_duplicates;renamed
,Smokiez Fruit Chews Sour Guava Live Resin Indica - 2.12oz,Smokiez Sour Guava Live Resin Fruit Chews 2.12oz,no_vendor_column;no_cannabinoid_columns;renamed
,Torus - Pre-Rolls - Perzimmon - 1g,Torus Perzimmon Pre-roll 1g,no_vendor_column;no_cannabinoid_columns;renamed
,MFused - Cartridge - Lemon Cherry Gelato (I) - 1g,Mfused Lemon Cherry Gelato Disposable Cartridge 1g,no_vendor_column;no_cannabinoid_columns;master_of_3_duplicates;renamed
,SMC - Disposable Smokeless - Pina Colada - 1g,Seattle Marijuana Co Pina Colada Cartridge 1g,no_vendor_column;no_cannabinoid_columns;master_of_2_duplicates;renamed
,Canna Organix Flower Forbidden Fruit - 3.5g,Canna Organix Forbidden Fruit Flower 1g,no_vendor_column;no_cannabinoid_columns;master_of_2_duplicates;renamed
,Legit Gold Mini Infused Pre-roll Golden Pineapple - 0.6g,Legit Gold Mini Golden Pineapple Infused Pre-roll 0.6g,no_vendor_column;no_cannabinoid_columns;renamed
,Green Revolution Mini Doozies Blue Raspberry 1:1:1 Nighttime + Melatonin,Doozies Blue Raspberry Edible 60g,no_vendor_column;no_cannabinoid_columns;renamed
,House of Cultivar Grand Cru Rosin Ice Cream Truck - 1g,House Of Cultivar Grand Cru Ice Cream Truck Rosin 1g,no_vendor_column;no_cannabinoid_columns;renamed
,The Hunt Joint - Sugar Rainbow Luxe - 1g,Freddy's Fuego Sugar Rainbow Luxe Flower 1g,no_vendor_column;no_cannabinoid_columns;master_of_2_duplicates;renamed
,RSO Platinum - ATF - Sativa - 1g,Skagit Organics Atf RSO 1g,no_vendor_column;no_cannabinoid_columns;master_of_2_duplicates;renamed
,Reaper Diamonds (THCA) - Bruce Banner - 1g,Greenrush Bruce Banner THCA 1g,no_vendor_column;no_cannabinoid_columns;master_of_2_duplicates;renamed
,Hellavated Pre-roll Bomb Popz - 0.75g,Hellavated Bomb Popz Pre-roll 0.75g,no_vendor_column;no_cannabinoid_columns;renamed
,Picc Pre-roll Project Pound Cake 1g,Picc Project Pound Cake Pre-roll 1g,no_vendor_column;no_cannabinoid_columns;renamed
,Just The Tip,Just The Tip,no_vendor_column;no_cannabinoid_columns;noncannabis_cleaned_original_name;master_of_2_duplicates
,Freddy's Finest Flower - Pineapple Bang - 3.5g,Freddy's Fuego Pineapple Bang Flower 3.5g,no_vendor_column;no_cannabinoid_columns;master_of_3_duplicates;renamed
,Torus - Infused Glass Tip - Raspberry Smoothie x Ginger Pop - 1g,Torus Raspberry Smoothie X Ginger Pop Infused Pre-roll 1g,no_vendor_column;no_cannabinoid_columns;master_of_2_duplicates;renamed
,Seattle Bubble Works-Flower Joint - Wedding Cake (I) - 0.5g,Wedding Cake Pre-roll 0.5g,no_vendor_column;no_cannabinoid_columns;master_of_2_duplicates;renamed
,Packaged Flower - Peach Ringz - 3.5g,Fdg Peach Ringz Flower 3.5g,no_vendor_column;no_cannabinoid_columns;master_of_2_duplicates;renamed
,Hellavated Gummies Blueberry Blitz Sourz - 2.60oz,Hellavated Blueberry Blitz Sourz Gummies 2.6oz,no_vendor_column;no_cannabinoid_columns;renamed
,Kelso Kandy - KK TERP+INF PR .8g (Single) - Blue Hawaiian - .8g,Clarity Farms Blue Hawaiian Infused Pre-roll 0.8g,no_vendor_column;no_cannabinoid_columns;master_of_2_duplicates;renamed
,SUBX [DOH] SIGNATURE Flower - Poipu Rain - 7g,Subx Poipu Rain Flower 7g,no_vendor_column;no_cannabinoid_columns;master_of_2_duplicates;renamed
,Shatter J's - Infused Pre-roll - Raspberry Lemonade-1g,Shatter J's Raspberry Lemonade Infused Pre-roll 1g,no_vendor_column;no_cannabinoid_columns;master_of_2_duplicates;renamed
,Dungeness Dank - Flower Lot - Du Ma OG - 3.5g,Dungeness Dank Du Ma Og Flower 3.5g,no_vendor_column;no_cannabinoid_columns;master_of_2_duplicates;renamed
,Phat Panda Flower Golden Pineapple - 3.5g,Phat Panda Golden Pineapple Flower 3.5g,no_vendor_column;no_cannabinoid_columns;renamed
,Mama J's - Bubble Hash Preroll Packs - RS11 - 0.5gx2,Mama J's Rs11 Infused Pre-roll 1g,no_vendor_column;no_cannabinoid_columns;master_of_2_duplicates;renamed
,Stone City Flower Chocolatina - 14g,Stone City Chocolatina Flower 14g,no_vendor_column;no_cannabinoid_columns;renamed
,Royal Tree Rosin Push Pop 1g,Royal Tree Push Pop Rosin 1g,no_vendor_column;no_cannabinoid_columns;renamed
,MFused - Cartridge - KO Kush (H) - 1g,Mfused Ko Kush Cartridge 1g,no_vendor_column;no_cannabinoid_columns;master_of_2_duplicates;renamed
,COLLAB 1g - Birthday Cake (Spencer's Mountain) & Grape Ape (Hannah) (I),Picc Birthday Cake Infused Pre-roll 1g,no_vendor_column;no_cannabinoid_columns;renamed
,Hustler's Ambition Flower (Banana OG 3.5g),Hustler's Ambition Banana Og Flower 3.5g,no_vendor_column;no_cannabinoid_columns;master_of_2_duplicates;renamed
,Flower Pre-Rolls - Gas Face - 28g (56x0.5g),Zen Cannabis Gas Face Pre-roll 28g,no_vendor_column;no_cannabinoid_columns;master_of_2_duplicates;renamed
,Fireline Blunt Skatalite - 1g,Fireline Skatalite Blunt 1g,no_vendor_column;no_cannabinoid_columns;renamed
,Torus - Pre-Rolls - Windu 1 - 1g,Torus Windu Pre-roll 1g,no_vendor_column;no_cannabinoid_columns;renamed
,Flower / Pre-Roll - 2 x 0.5g / Blueberry Pie,High End Farms Blueberry Pie Pre-roll 1g,no_vendor_column;no_cannabinoid_columns;master_of_2_duplicates;renamed
,Blunts N Roses Glass Tip Cones Royal Rose,Blunts N Roses Glass Tip Cones Royal Rose,no_vendor_column;no_cannabinoid_columns;noncannabis_cleaned_original_name
,Red Label 2pk 0.5g (S) - Animal Face,Fireline Animal Face Infused Pre-roll 1g,no_vendor_column;no_cannabinoid_columns;master_of_2_duplicates;renamed
,Pioneer Squares Edible Lemon Mandarin - 3.5oz,Pioneer Squares Lemon Mandarin Edible 3.5oz,no_vendor_column;no_cannabinoid_columns;renamed
,Loconut - LO TOPICAL (500mg THC) - Indica - 10mg,Clarity Farms Indica Topical 10mg,no_vendor_column;no_cannabinoid_columns;master_of_2_duplicates;renamed
,Honey Stixx Infused Pre-roll - Strawberry Bliss - Flavored - Sativa,Honey Stixx Strawberry Bliss Infused Pre-roll 1g,no_vendor_column;no_cannabinoid_columns;renamed
,3.5g - DOH / Spritzer (H),Tilted Spritzer Flower 3.5g,no_vendor_column;no_cannabinoid_columns;master_of_2_duplicates;renamed
,Ooowee - 5/1G Pre-Roll - Wedding Cake - 5g,Ooowee Wedding Cake Pre-roll 5g,no_vendor_column;no_cannabinoid_columns;master_of_2_duplicates;renamed
,A.C. Flower - Gelato Cake - 3.5g (I),Agro Couture Gelato Cake Flower 3.5g,no_vendor_column;no_cannabinoid_columns;master_of_2_duplicates;renamed
,Skagit Organics Platinum Rso Harlequin 1g,Skagit Organics Harlequin RSO 1g,no_vendor_column;no_cannabinoid_columns;master_of_3_duplicates;renamed
,BFF Besties Infused Preroll 2-Pack - WTF - Watermelon Freeze - 1.5g,Buddies Watermelon Infused Pre-roll 1.5g,no_vendor_column;no_cannabinoid_columns;master_of_2_duplicates;renamed
,High End Farms Pre-roll Black Soap 1g,High End Farms Black Soap Pre-roll 1g,no_vendor_column;no_cannabinoid_columns;master_of_2_duplicates;renamed
,HashBreak - Hashbreak 2 Pack - Suga Berry - 1g,Torus Suga Berry Infused Pre-roll 1g,no_vendor_column;no_cannabinoid_columns;master_of_3_duplicates;renamed
,Good Tide Grapefruit Gummies - Sativa Rosin + CBD + CBC - 100mg THC : 100mg CBD : 100mg CBC,Wyld Grapefruit Gummies 40g,no_vendor_column;no_cannabinoid_columns;master_of_2_duplicates;renamed
,CannaSol Flower Double Durban 4g,Cannasol Double Durban Flower 4g,no_vendor_column;no_cannabinoid_columns;master_of_2_duplicates;renamed
,Burzt - Twisted - 60ml - 100mg - Wild Watermelon,Mfused Wild Watermelon Liquid Infused Edible 60ml,no_vendor_column;no_cannabinoid_columns;master_of_2_duplicates;renamed
,Const Moonshot Green Apple 100mg,Constellation Green Apple Shots 2ml,no_vendor_column;no_cannabinoid_columns;master_of_2_duplicates;renamed
,SIGNATURE Pre-Roll - Power - 2pk,Subx Power Pre-roll 1g,no_vendor_column;no_cannabinoid_columns;master_of_2_duplicates;renamed
,Journeyman Edible 1:1 Sour Apple,Journeyman Sour Apple Edible 3oz,no_vendor_column;no_cannabinoid_columns;renamed
,Juicy Jay Mello Mango Papers,Juicy Jay Mello Mango Papers,no_vendor_column;no_cannabinoid_columns;noncannabis_cleaned_original_name;master_of_2_duplicates
,Premium Flower - Gorilla Glue #4 - 1g,Budz Bud Gorilla Glue Flower 1g,no_vendor_column;no_cannabinoid_columns;master_of_2_duplicates;renamed
,Buddies Infused Pre-roll - Mendo Purp - 1g - (I),Buddies Mendo Purp Infused Pre-roll 1g,no_vendor_column;no_cannabinoid_columns;renamed
,Full Spec-Live Resin-Gummies-White Peach-CBD/THC-100mg,Full Spec White Peach Edible 0.95oz,no_vendor_column;no_cannabinoid_columns;master_of_2_duplicates;renamed
,Smokiez Fruit Chews Sour Mango Sativa - 1.2oz,Smokiez Sour Mango Sativa Fruit Chews 1.2oz,no_vendor_column;no_cannabinoid_columns;renamed
,Lil Rays Raspberry Lemonade - 2oz,Ray's Lil Rays Raspberry Lemonade Beverage 2floz,no_vendor_column;no_cannabinoid_columns;renamed
,Torus - Pre-Rolls - Purple Octane - 1g,Torus Purple Octane Pre-roll 1g,no_vendor_column;no_cannabinoid_columns;renamed
,Pre-Rolls -One Piece - 2x.5g,Svin One Piece Pre-roll 1g,no_vendor_column;no_cannabinoid_columns;master_of_3_duplicates;renamed
,Animal Tsunami ( I/H ) - Plaid Jacket BHO Cured Resin Cart 1g,Plaid Jacket Animal Tsunami Cartridge 1g,no_vendor_column;no_cannabinoid_columns;master_of_2_duplicates;renamed
,"SusPENded Disposable, Strawberry Ice - 1g",Suspended Strawberry Ice Disposable Cartridge 1g,no_vendor_column;no_cannabinoid_columns;master_of_2_duplicates;renamed
,SKORD - Ceramic Cartridge - 01g - Cake Donut,Skord Cake Donut Cartridge 1g,no_vendor_column;no_cannabinoid_columns;master_of_2_duplicates;renamed
,Jelly Gems - JG Jelly Gems 600mg Total - INDICA - Sootheberry (CHILL),Clarity Farms Sootheberry Edible 0.88oz,no_vendor_column;no_cannabinoid_columns;master_of_2_duplicates;renamed
,Rays Lemonade Beverage Diet Raspberry Lemonade - 12oz,Rays Lemonade Diet Raspberry Lemonade Beverage 12floz,no_vendor_column;no_cannabinoid_columns;renamed
,Constellation Cold Cure 1g - Dulce De Uva,Constellation Dulce De Uva Cartridge 1g,no_vendor_column;no_cannabinoid_columns;master_of_2_duplicates;renamed
,mfused battery-purple,Mfused Battery Purple,no_vendor_column;no_cannabinoid_columns;noncannabis_cleaned_original_name;master_of_2_duplicates;renamed
,FDG Pre-Rolls - Chem Trailz - 2pk (0.5g x 2),Fdg Chem Trailz Pre-roll 1g,no_vendor_column;no_cannabinoid_columns;master_of_2_duplicates;renamed
,Infused Bubble Hash Little Snappers - Orange Truffle - 2pk (2x0.5g),Heavenly Buds Orange Truffle Infused Pre-roll 1g,no_vendor_column;no_cannabinoid_columns;master_of_2_duplicates;renamed
,Shatter J's Infused Pre-roll Blackberry Pie - 5g,Shatter J's Blackberry Pie Infused Pre-roll 5g,no_vendor_column;no_cannabinoid_columns;renamed
,2pk Joints - Blue Hawaiian - 2g,Greenleaf Mj Blue Hawaiian Pre-roll 2g,no_vendor_column;no_cannabinoid_columns;master_of_2_duplicates;renamed
,Gushy Enhanced Dab - 1g / Watermelon Punch (H),Tilted Watermelon Punch Badder 1g,no_vendor_column;no_cannabinoid_columns;master_of_2_duplicates;renamed
,Zoots - Gummies - SOAR - THC - Strawberry,Zoots Strawberry Gummies 40g,no_vendor_column;no_cannabinoid_columns;master_of_2_duplicates;renamed
,Greenway Marijuana Pipe $5,Greenway Marijuana Pipe 5,no_vendor_column;no_cannabinoid_columns;noncannabis_cleaned_original_name;renamed
,Mfused - Disposable - Galactic Grape (I) 1g,Mfused Galactic Grape Disposable Cartridge 1g,no_vendor_column;no_cannabinoid_columns;renamed
,Hustler's Ambition Flower (Garlic Mintz/3.5g - Indica),Local Farmers Garlic Mintz Flower 3.5g,no_vendor_column;no_cannabinoid_columns;master_of_2_duplicates;renamed
,Nano Doozies - Peach Mango 3:1 ELEVATE 10 Pk (80g) (300mg CBD;100mg THC),Green Revolution Peach Mango Edible 2.8oz,no_vendor_column;no_cannabinoid_columns;master_of_2_duplicates;renamed
,Ooowee - JUICED Hydrocarbon Concentrate - Orange Sunrise - Mr. Bad - 1g,Ooowee Mr. Bad Bho 1g,no_vendor_column;no_cannabinoid_columns;master_of_2_duplicates;renamed
,SPR - 1g HASH ROSIN - Blue Slushie,Spr Blue Slushie Hash Rosin 1g,no_vendor_column;no_cannabinoid_columns;master_of_2_duplicates;renamed
,Pastime Liquid Diamonds Disposable Vape - Zourz,Pastime Zourz Flower 1g,no_vendor_column;no_cannabinoid_columns;master_of_2_duplicates;renamed
,Tasty Terps-Badder-Gummy Bears-1g,Clarity Farms Gummy Bears Badder 1g,no_vendor_column;no_cannabinoid_columns;master_of_2_duplicates;renamed
,Knots Infused Pre-roll Lava Cherries x Oranges & Onions - 1g,Knots Lava Cherries X Oranges Onions Infused Pre-roll 1g,no_vendor_column;no_cannabinoid_columns;renamed
,Clout King Pre-roll ZZ Bow 1g,Clout King Zz Bow Pre-roll 1g,no_vendor_column;no_cannabinoid_columns;renamed
,HTE Honey - Face Off OG - .7g,Legit Mini Face Off Og Infused Pre-roll 0.7g,no_vendor_column;no_cannabinoid_columns;master_of_2_duplicates;renamed
,Thunder Stix-Tilted-DOH-Glass Tip PreRoll 3-Pack (3.6g) / Gorilla Glue (IH),Tilted Gg 4 Infused Pre-roll 3.6g,no_vendor_column;no_cannabinoid_columns;master_of_2_duplicates;renamed
,2727 - Blunts - Blueberry Tropicana Cookies - 1.5g,2727 Tropicanna Cookies Blunt 1.5g,no_vendor_column;no_cannabinoid_columns;master_of_4_duplicates;renamed
,Wildside Beverage blackberry lemonade 2:1 - 12oz,Wildside Blackberry Lemonade 2:1 Beverage 12floz,no_vendor_column;no_cannabinoid_columns;renamed
,Ooowee Disposable Cartridge blueberry dream - 1g,Ooowee Blueberry Dream Disposable Cartridge 1g,no_vendor_column;no_cannabinoid_columns;renamed
,House of Cultivar Flower Eye Candy - 3.5g,House Of Cultivar Eye Candy Flower 3.5g,no_vendor_column;no_cannabinoid_columns;renamed
,Disposable CBN Platinum - Purple Cadillac CBN - 1g,Skagit Organics Purple Cadillac Disposable Cartridge 1g,no_vendor_column;no_cannabinoid_columns;master_of_2_duplicates;renamed
,Canna Organix - Custard - Forbidden Fruit - 1g,Canna Organix Forbidden Fruit Badder 1g,no_vendor_column;no_cannabinoid_columns;master_of_2_duplicates;renamed
,Fine Detail Greenway-Flower-Truffalo-Hybrid 50/50-3.5g,Fine Detail Greenway Truffalo Flower 3.5g,no_vendor_column;no_cannabinoid_columns;master_of_2_duplicates;renamed
,Cold Cured Hash Rosin Tropicanna Cherry 1g,Top Shelf Tropicanna Cherry Rosin 1g,no_vendor_column;no_cannabinoid_columns;renamed
,Slab Hash Rosin - GG4 - 1g (H),Agro Couture Gg4 Rosin 1g,no_vendor_column;no_cannabinoid_columns;master_of_2_duplicates;renamed
,Solr Bear Pod SilverFace - 1g,Solr Bear Silverface Pod 1g,no_vendor_column;no_cannabinoid_columns;renamed
,Fireline Cannabis Blunt Skunk GMO - 1g,Fireline Cannabis Skunk Gmo Blunt 1g,no_vendor_column;no_cannabinoid_columns;renamed
,RSO Original - Pine Tsunami - 15:1 - Hybrid - 1g,Skagit Organics Pine Tsunami RSO 1g,no_vendor_column;no_cannabinoid_columns;master_of_3_duplicates;renamed
,Sitka Classic Cascade Cream Hashish Joint (H),Sitka Cascade Cream Infused Pre-roll 1g,no_vendor_column;no_cannabinoid_columns;master_of_2_duplicates;renamed
,Northwest Concentrates Cartridge Pineapple Express - 1g,Northwest Concentrates Pineapple Rose Cartridge 1g,no_vendor_column;no_cannabinoid_columns;renamed
,The People's Flower People's Diesel - 1g,The People's People's Diesel Flower 1g,no_vendor_column;no_cannabinoid_columns;renamed
,Chewees Caramel Indica,Ceres Caramel Edible 1.47oz,no_vendor_column;no_cannabinoid_columns;renamed
,Heavenly Buds Pre-roll Cake Bomb - 5g,Heavenly Buds Cake Bomb Pre-roll 5g,no_vendor_column;no_cannabinoid_columns;renamed
,Cold Cure - Medellin 1g,Constellation Medellin Rosin 1g,no_vendor_column;no_cannabinoid_columns;master_of_2_duplicates;renamed
,ThunderStix BLUNT-Tilted-DOH-glass tip preroll(1.2g) / Ripped Off Runtz (H),Tilted Ripped Off Runtz Infused Blunt 1.2g,no_vendor_column;no_cannabinoid_columns;master_of_2_duplicates;renamed
,Drops Edible Orange,Leafwerx Sunset Shebert Edible 1.56oz,no_vendor_column;no_cannabinoid_columns;renamed
,SPR - Moon Beams - 3.5g,Spr Moon Beams Flower 3.5g,no_vendor_column;no_cannabinoid_columns;master_of_2_duplicates;renamed
,2727 - Vape Cart - 2727 - Purple Punch - 1g,2727 Purple Punch Cartridge 1g,no_vendor_column;no_cannabinoid_columns;master_of_2_duplicates;renamed
,Ooowee - JUICED 1G C.R HTE Disposable - Tropical Maui - 1g,Ooowee Tropical Maui Disposable Cartridge 1g,no_vendor_column;no_cannabinoid_columns;master_of_2_duplicates;renamed
,Stinger Sweets Razzberry Blaze .5g 2pk - Razzberry Blaze - 1g,Stingers Razzmatazz Infused Pre-roll 1g,no_vendor_column;no_cannabinoid_columns;master_of_2_duplicates;renamed
,Wook Tea - Raspberry Hibiscus 100mg,Constellation Raspberry Beverage 355ml,no_vendor_column;no_cannabinoid_columns;master_of_2_duplicates;renamed
,Burzt - Twisted shot Fruit Punch,Mfused Fruit Punch Shots 60ml,no_vendor_column;no_cannabinoid_columns;master_of_2_duplicates;renamed
,Green Labs - Choc Cov-Giggle Bits-300mg - Chocolate - 1:1:1 THC:CBD:CBG - Hybrid - 100g,Swifts Giggle Bits Chocolate 100g,no_vendor_column;no_cannabinoid_columns;master_of_2_duplicates;renamed
,Seattle Bubble Works- Flower Joint -Tropicana Cherries (S) - 5g,Trop Cookies Pre-roll 5g,no_vendor_column;no_cannabinoid_columns;master_of_2_duplicates;renamed
,Sherb Cream Pie - 3.5g,Pastime Sherb Cream Pie Flower 3.5g,no_vendor_column;no_cannabinoid_columns;master_of_2_duplicates;renamed
,Phat Panda Cartridge Raspberry Kush 1g,Phat Panda Raspberry Cartridge 1g,no_vendor_column;no_cannabinoid_columns;master_of_2_duplicates;renamed
,2727- Flower - Planet Sherb - 14g,2727 Planet Sherb Flower 14g,no_vendor_column;no_cannabinoid_columns;master_of_2_duplicates;renamed
,Kelso Kandy-Cartridge-Blue Razzberry -1g,Clarity Farms Blue Raspberry Cartridge 1g,no_vendor_column;no_cannabinoid_columns;master_of_2_duplicates;renamed
,Shatter J's Disposable Cartridge Blackberry Pie - 1g,Shatter J's Blackberry Pie Disposable Cartridge 1g,no_vendor_column;no_cannabinoid_columns;renamed
,Heavenly Buds Flower Gushers - 3.5g,Heavenly Buds Gushers Flower 3.5g,no_vendor_column;no_cannabinoid_columns;renamed
,Raging Goat - RG - Hash Rosin - Solventless Badder - Maui Wowie - 1g,Captain Yeti Maui Wowie Hash Rosin 1g,no_vendor_column;no_cannabinoid_columns;master_of_2_duplicates;renamed
,Fire Bros Gold Series-Disposable Cartridge-Pelé 1970-1g,Fire Bros Pelé 1970 Disposable Cartridge 1g,no_vendor_column;no_cannabinoid_columns;master_of_2_duplicates;renamed
,Platinum Flower (Raspberry Truffle - Platinum Line/14g),Phat Panda Raspberry Truffle Flower 14g,no_vendor_column;no_cannabinoid_columns;master_of_2_duplicates;renamed
,Legacy Truffles - DOH Compliant - Double Truffle Jays - .5g Pack - Isodope - 1g,Legacy Organics Isodope Infused Pre-roll 1g,no_vendor_column;no_cannabinoid_columns;master_of_3_duplicates;renamed
,Spinello Peach Hybrid 100mg THC Rosin Fruit Chews,Smokiez Peach Fruit Chews 36g,no_vendor_column;no_cannabinoid_columns;master_of_2_duplicates;renamed
,Wyld Gummies Raspberry - 1.4oz,Wyld Raspberry Gummies 1.4oz,no_vendor_column;no_cannabinoid_columns;master_of_2_duplicates;renamed
,Svin Gardens-Pre-roll-2pk Tangerine Borealis #1-1g,Svin Tangerine Borealis 1 Pre-roll 1g,collapsed_duplicate;merged_into_master
,Mama J's Flower (Sherb Cream Pie/3.5g - Hybrid),Mama J's Sherb Cream Pie Flower 3.5g,no_vendor_column;no_cannabinoid_columns;master_of_2_duplicates;renamed
,Lish Organics - Rosin Dabs - DOH - Tested - GMO - 1g,Cannasol Gmo Rosin 1g,no_vendor_column;no_cannabinoid_columns;master_of_2_duplicates;renamed
,Canna Whupass - CW Vape Cartridge - Golden Apricot - Mixed - 1g,Canna Organix Golden Apricot Cartridge 1g,no_vendor_column;no_cannabinoid_columns;master_of_2_duplicates;renamed
,Const Cold Cure 1g - Pie Hoe,Constellation Pie Hoe Rosin 1g,no_vendor_column;no_cannabinoid_columns;master_of_2_duplicates;renamed
,Rocket Popz ( I ) - Flipside Distillate 510 Cart 1g,Flipside Rocket Popz Cartridge 1g,no_vendor_column;no_cannabinoid_columns;master_of_2_duplicates;renamed
,Suspended THC ICEBERG Lost OG - 1g,Suspended Lost Og Mix Infused Flower 1g,no_vendor_column;no_cannabinoid_columns;master_of_2_duplicates;renamed
,Ooowee - 1G Hydrocarbon Concentrate - Lemon Cherry Gelato - 1g,Ooowee Lemon Cherry Gelato Bho 1g,no_vendor_column;no_cannabinoid_columns;master_of_2_duplicates;renamed
,Pioneer Squares-Gummies-Watermelon Kiwi-100mg,Pioneer Squares Watermelon Kiwi Gummies 3oz,no_vendor_column;no_cannabinoid_columns;master_of_2_duplicates;renamed
,Pre-Rolls - Pistachio - 2g (4pk),The People's Pistachio Pre-roll 2g,no_vendor_column;no_cannabinoid_columns;master_of_2_duplicates;renamed
,Honu - Chocolate Caramel 10pk - SATIVA - 130g,Honu Chocolate Caramel Sativa Chocolate 130g,no_vendor_column;no_cannabinoid_columns;master_of_2_duplicates;renamed
,hashbreak - Pre Rolls (Infused) - Monster Mash - 1g,Torus Monster Mash Infused Pre-roll 1g,no_vendor_column;no_cannabinoid_columns;master_of_2_duplicates;renamed
,Mama J's Flower (Super Boof/1g - Hybrid),Mama J's Super Boof Flower 1g,no_vendor_column;no_cannabinoid_columns;master_of_2_duplicates;renamed
,House of Cultivar Grand Cru Pre-roll Orangutan Tittiez - 1g,House Of Cultivar Grand Cru Orangutan Tittiez Pre-roll 1g,no_vendor_column;no_cannabinoid_columns;renamed
,Pure Prana Pulse AIO Disposable Vape - Lemon Tree Live Resin,Bodhi High Lemon Tree Disposable Cartridge 1g,no_vendor_column;no_cannabinoid_columns;master_of_2_duplicates;renamed
,Live Rosin - Strawberry Banana Zkittles - 1g,Heavenly Buds Strawberry Banana Zkittles Rosin 1g,no_vendor_column;no_cannabinoid_columns;master_of_2_duplicates;renamed
,Pirate Crystals - Lemon Shortbread - 1g,Freddy's Fuego Lemon Shortbread Live Resin 1g,no_vendor_column;no_cannabinoid_columns;master_of_2_duplicates;renamed
,Greenway Pipe $8,Greenway Pipe 8,no_vendor_column;no_cannabinoid_columns;noncannabis_cleaned_original_name;master_of_2_duplicates;renamed
,Tasty Terps - TT Diamond Badder 1g - Maui Mango - 1g,Clarity Farms Maui Mango Bho 1g,no_vendor_column;no_cannabinoid_columns;master_of_2_duplicates;renamed
,1937 - Pre-Rolls .5 x 2 pack - Hawaiian Lion 11 - 1g,1937 Hawaiian Lion Pre-roll 1g,no_vendor_column;no_cannabinoid_columns;master_of_2_duplicates;renamed
,K-Savage Flower Carbon Fiber - 3.5g,K Savage Carbon Fiber Flower 3.5g,no_vendor_column;no_cannabinoid_columns;renamed
,Fire Bros-Flower-Goofiez-7g,Fire Bros Goofiez Flower 7g,no_vendor_column;no_cannabinoid_columns;master_of_2_duplicates;renamed
,Collections - Full Spectrum - Hash Rosin - Gary Payton - 1g,Fugu Farms Gary Payton Rosin 1g,no_vendor_column;no_cannabinoid_columns;master_of_2_duplicates;renamed
,Sub X Flower - Lemon Cherry Gelato - 1g,Sub X Lemon Cherry Gelato Flower 1g,no_vendor_column;no_cannabinoid_columns;master_of_2_duplicates;renamed
,Stars & Rosin - Rainbow Belts x Purple Push Pop Rosin - .5g,American Hash Makers Rainbow Belts Infused Pre-roll 0.5g,no_vendor_column;no_cannabinoid_columns;master_of_4_duplicates;renamed
,SusPENded Disposable Grape Galaxy 1g,Suspended Grape Disposable Cartridge 1g,no_vendor_column;no_cannabinoid_columns;master_of_2_duplicates;renamed
,Mad Mark Flower Mad Banana Runtz 3.5g,Mad Mark Mad Banana Runtz Flower 3.5g,no_vendor_column;no_cannabinoid_columns;renamed
,Walden infused flower super boof 1g,Walden Super Boof Moon Rocks 1g,no_vendor_column;no_cannabinoid_columns;renamed
,Fruit Burst Vibes - Paradise Punch 1:1 THC:CBD 200mg,Swell Paradise Punch Chewees 1.16oz,no_vendor_column;no_cannabinoid_columns;master_of_2_duplicates;renamed
,Trichome Extracts Infused Pre-roll Bubble Bath#1 - 1g,Trichome Extracts Bubble Bath 1 Infused Pre-roll 1g,no_vendor_column;no_cannabinoid_columns;renamed
,Freddy's Fuego Flower - Carrot Cake - 3.5g (Legacy),Freddy's Fuego Carrot Cake Flower 3.5g,no_vendor_column;no_cannabinoid_columns;master_of_2_duplicates;renamed
,Zen Flower Hash Burger - 3.5g,Zen Cannabis Hash Burger Flower 3.5g,no_vendor_column;no_cannabinoid_columns;master_of_3_duplicates;renamed
,Green Revolution Tincture Extra Relief 30:2:1 (300mg CBD; 20mg THC; 10mg CBC) (28.4ml),Green Revolution Extra Relief Tincture 28.4ml,no_vendor_column;no_cannabinoid_columns;renamed
,Buddies Infused Pre-roll - Sour Diesel - 1g - (S),Buddies Sour Diesel Pre-roll 1g,no_vendor_column;no_cannabinoid_columns;renamed
,Ooowee - JUICED 1G Infused PreRoll - Grape-A-Licious - Sunset Lemonade - 1g,Ooowee Sunset Lemonade Infused Pre-roll 1g,no_vendor_column;no_cannabinoid_columns;renamed
,Cherry Ztripez Pre-Roll [1g] [D.O.H. COMPLIANT],Lifted Cherry Ztripez Pre-roll 1g,no_vendor_column;no_cannabinoid_columns;master_of_2_duplicates;renamed
,Desaus BHO Orange Push Pop - 1g,Desaus Orange Push Pop Bho 1g,no_vendor_column;no_cannabinoid_columns;renamed
,Solr Bear Infused Pre-roll Vamoose,Solr Bear Vamoose Infused Pre-roll 1g,no_vendor_column;no_cannabinoid_columns;renamed
,EZ Joint Zkittlez Indica,Eo Vapes Zkittles Pre-roll 1g,no_vendor_column;no_cannabinoid_columns;renamed
,Refine Infused HASH Joint - Baby Yo-Duh x Galactic Runtz,Refine Baby Yo-duh X Galactic Runtz Infused Pre-roll 1g,no_vendor_column;no_cannabinoid_columns;master_of_2_duplicates;renamed
,Svin Pre-Rolls - Unit B - 1x1g,Svin Unit B Pre-roll 1g,no_vendor_column;no_cannabinoid_columns;master_of_3_duplicates;renamed
,Pure - Live Resin Prana AIO - Liquid Diamonds - Carbon Fiber,Bodhi High Carbon Fiber Disposable Cartridge 1g,no_vendor_column;no_cannabinoid_columns;master_of_2_duplicates;renamed
,BFF Flavored Live Resin Vape Cart - BS - Baby Shark - 1g - (I) - DOH,Buddies Baby Shark Cartridge 1g,no_vendor_column;no_cannabinoid_columns;master_of_2_duplicates;renamed
,The People's Indoor Gardens Flower The Soap - 3.5g,The People's Indoor Gardens The Soap Flower 3.5g,no_vendor_column;no_cannabinoid_columns;renamed
,RSO Original - Strawberry Cough - Sativa - 1g - DOH+,Skagit Organics Strawberry Cough RSO 1g,no_vendor_column;no_cannabinoid_columns;master_of_2_duplicates;renamed
,Lucid Topical Infusions Sativa 500,Lucid Infusions Sativa Topical 0.08oz,no_vendor_column;no_cannabinoid_columns;renamed
,Flower Pre-Rolls - Too Much Papaya - 28g (28x1g),Zen Cannabis Too Much Papaya Pre-roll 28g,no_vendor_column;no_cannabinoid_columns;master_of_2_duplicates;renamed
,Smokiez Midnight Prickly Pear Trifecta CBN:CBD:THC 1:1:1 Fruit Chews,Smokiez Prickly Pear Fruit Chews 60g,no_vendor_column;no_cannabinoid_columns;master_of_3_duplicates;renamed
,Stingers - 5pk .5g Pre-Rolls - Colombian Gold - 2.5g,Stinger Colombian Gold Infused Pre-roll 2.5g,no_vendor_column;no_cannabinoid_columns;master_of_2_duplicates;renamed
,Walden Infused Pre-roll Morning Yoga 1:1 - 1g,Walden Morning Yoga Infused Pre-roll 1g,no_vendor_column;no_cannabinoid_columns;renamed
,T2 Flower Kool Whip 3.5g,Torus Kool Whip Flower 3.5g,no_vendor_column;no_cannabinoid_columns;renamed
,Phat Panda Cartridge White Gummy,Phat Panda White Gummy Cartridge 1g,no_vendor_column;no_cannabinoid_columns;master_of_2_duplicates;renamed
,Torus - Rosin Cold Cure - K2 #1 - 1g,Torus K2 1 Rosin 1g,no_vendor_column;no_cannabinoid_columns;master_of_2_duplicates;renamed
,SUBX [DOH] SIGNATURE Flower - Blue Jam - 7g,Subx Blue Jam Flower 7g,no_vendor_column;no_cannabinoid_columns;master_of_2_duplicates;renamed
,Live Resin Disposable - Carrot Cake - 1g,Freddy's Fuego Carrot Cake Disposable Cartridge 1g,no_vendor_column;no_cannabinoid_columns;master_of_4_duplicates;renamed
,Hustler's Ambition Flower (Royal Mystery/3.5g),Hustler's Ambition Royal Mystery Flower 3.5g,no_vendor_column;no_cannabinoid_columns;master_of_2_duplicates;renamed
,Legit Gold Infused Pre-roll Godfather OG 1g,Legit Godfather Og Infused Pre-roll 1g,no_vendor_column;no_cannabinoid_columns;master_of_2_duplicates;renamed
,T2 - Flower - Lava Cake - 3.5g,Torus Lava Cake Flower 3.5g,no_vendor_column;no_cannabinoid_columns;renamed
,2727 - Infused Pre-Roll - Frosted Gummy - 1g,2727 Frosted Gummy Infused Pre-roll 1g,no_vendor_column;no_cannabinoid_columns;master_of_2_duplicates;renamed
,Fireline Cannabis Infused 2pk 0.5g (S) Platinum Blue Dream,Fireline Cannabis Blue Dream Infused Pre-roll 1g,no_vendor_column;no_cannabinoid_columns;master_of_2_duplicates;renamed
,Legacy Truffles - Golden Truffle - Candy Crush - 3.5g,Legacy Organics Candy Crush Moon Rocks 3.5g,no_vendor_column;no_cannabinoid_columns;master_of_2_duplicates;renamed
,MFused - Disposable - Faderade - 1g,Mfused Faderade Disposable Cartridge 1g,no_vendor_column;no_cannabinoid_columns;master_of_2_duplicates;renamed
,Stingers - 2pk .5g Pre-Rolls - Afghan Skunk - 1g,Stingers Afghan Skunk Infused Pre-roll 1g,no_vendor_column;no_cannabinoid_columns;master_of_2_duplicates;renamed
,Micro Cart - 1g Cartridge - Micro Cart - Tropic Thunder - 1g,Micro Bar Tropic Thunder Cartridge 1g,no_vendor_column;no_cannabinoid_columns;master_of_2_duplicates;renamed
,Hellavated cartridge Blueberry Dream - 1g,Hellavated Blueberry Dream Cartridge 1g,no_vendor_column;no_cannabinoid_columns;master_of_2_duplicates;renamed
,hashbreak - - Infused Pre Rolls - Tigers Blood - 1g,Torus Tigers Blood Infused Pre-roll 1g,no_vendor_column;no_cannabinoid_columns;master_of_2_duplicates;renamed
,Packaged Flower - Purple Diesel - 3.5g,Fdg Purple Diesel Flower 3.5g,no_vendor_column;no_cannabinoid_columns;master_of_2_duplicates;renamed
,Ceres Dragon Balls Indica,Ceres Dragon Balls 62g,no_vendor_column;no_cannabinoid_columns;renamed
,Terpnado-Disposable Cartridge-Blueberry Express-1g,Clarity Farms Blueberry Express Disposable Cartridge 1g,no_vendor_column;no_cannabinoid_columns;master_of_3_duplicates;renamed
,Fine Detail Greenway-Pre-Roll-Pineapple Chunk-Indica Dominant-7g,Fine Detail Greenway Pineapple Chunk Pre-roll 7g,no_vendor_column;no_cannabinoid_columns;master_of_2_duplicates;renamed
,Flower 3.5g / Blumosa,Coastal Growers Blumosa Flower 3.5g,no_vendor_column;no_cannabinoid_columns;master_of_2_duplicates;renamed
,Green Reaper - Indoor Popcorn Flower - Dutch Gouda Butter - 14g,Green Reaper Dutch Gouda Butter Flower 14g,no_vendor_column;no_cannabinoid_columns;master_of_2_duplicates;renamed
,royal kind Flower White Gummy - 3.5g,Royal Kind White Gummy Flower 3.5g,no_vendor_column;no_cannabinoid_columns;renamed
,Clout King Pre-roll Cream Pie 2pk - 1g,Clout King Cream Pie Pre-roll 1g,no_vendor_column;no_cannabinoid_columns;renamed
,Nano Doozies - Watermelon Kiwi 3:1 FLY10 Pk (80g) (300mg CBG;100mg THC),Green Revolution Watermelon Kiwi Gummies 80g,no_vendor_column;no_cannabinoid_columns;master_of_2_duplicates;renamed
,Shatter J's - Infused Joint Pack- Watermelon Martini - 5g,Shatter J's Watermelon Martini Infused Pre-roll 5g,no_vendor_column;no_cannabinoid_columns;master_of_2_duplicates;renamed
,Hellavated Pre-roll Maui Sunrise - 0.75g,Hellavated Maui Sunrise Pre-roll 0.75g,no_vendor_column;no_cannabinoid_columns;renamed
,Phat Panda Pre-roll OG Chem - 1g,Phat Panda Og Chem Pre-roll 1g,no_vendor_column;no_cannabinoid_columns;master_of_2_duplicates;renamed
,FIRE BROS All-In-One Cart - The Zest - 1g,Fire Bros The Zest Disposable Cartridge 1g,no_vendor_column;no_cannabinoid_columns;master_of_2_duplicates;renamed
,MFused - Cartridge -  Blue Dream (S) - 1g,Mfused Blue Dream Cartridge 1g,no_vendor_column;no_cannabinoid_columns;master_of_2_duplicates;renamed
,Phat Panda Flower Trophy wife - 3.5g,Phat Panda Trophy Wife Flower 3.5g,no_vendor_column;no_cannabinoid_columns;renamed
,SMC - Disposable Smokeless - Grape - 1g,Shatter J's Grape Disposable Cartridge 1g,no_vendor_column;no_cannabinoid_columns;master_of_2_duplicates;renamed
,Lifted Cannabis Flower Malibu Marker 3.5g,Lifted Malibu Marker Flower 3.5g,no_vendor_column;no_cannabinoid_columns;renamed
,SKUARED - Caramel Apple 10pk - 5:1 CBD:THC - 80g,Honu Caramel Apple Chocolate 85g,no_vendor_column;no_cannabinoid_columns;master_of_2_duplicates;renamed
,Collections - T2 - Hash Rosin - Cherry Bang Bang - 1g,Fugu Farms Cherry Bang Bang Rosin 1g,no_vendor_column;no_cannabinoid_columns;master_of_2_duplicates;renamed
,mama J's - Flower Preroll Pack - Sour Apple - 0.5gx2,Mama J's Sour Apple Pre-roll 1g,no_vendor_column;no_cannabinoid_columns;master_of_2_duplicates;renamed
,~EO Vapes Butter Knife,~eo Vapes Butter Knife,no_vendor_column;no_cannabinoid_columns;noncannabis_cleaned_original_name
,A.C. Topical Drops - 1000mg THC 1000mg CBD 1:1 - 1.7 oz. (100 x 20mg Droppers) Trade Sample,Agro Couture Mixed Trade Sample 50g,no_vendor_column;no_cannabinoid_columns;master_of_2_duplicates;renamed
,Rosin Vape Cart 0.5g - Smackles,Constellation Smackles Cartridge 0.5g,no_vendor_column;no_cannabinoid_columns;master_of_2_duplicates;renamed
,Ceres Edible FREEZE_IND_CHERRY_10pk,Ceres Cherry Edible 1.5oz,no_vendor_column;no_cannabinoid_columns;master_of_2_duplicates;renamed
,Torus Pre-Rolls Hyphy - 1g,Torus Hyphy Pre-roll 1g,no_vendor_column;no_cannabinoid_columns;master_of_3_duplicates;renamed
,COLLAB 1g - MAC1 (FOG/ABS) (H) & Papaya Cake (AHM/Khol) (H),Picc Mac Infused Pre-roll 1g,no_vendor_column;no_cannabinoid_columns;renamed
,Northwest Concentrates - ROSIN - Bad Apple - 1g,Northwest Concentrates Bad Apple Rosin 1g,no_vendor_column;no_cannabinoid_columns;master_of_2_duplicates;renamed
,Ooowee - 5/1G Infused PreRoll - Gusherlicious - 5g,Ooowee Gusherlicious Infused Pre-roll 5g,no_vendor_column;no_cannabinoid_columns;master_of_3_duplicates;renamed
,m80 dynalite infused pre-roll double kush cake .5g,Picc Double Kush Cake Infused Pre-roll 0.5g,no_vendor_column;no_cannabinoid_columns;renamed
,FDG Pre-Rolls - Sour Kush - 14pk (0.5g x 14),Fdg Sour Kush Pre-roll 7g,no_vendor_column;no_cannabinoid_columns;master_of_2_duplicates;renamed
,Zenn Cannabis  Flower Babysita - 3.5g,Zen Cannabis Babysita Flower 3.5g,no_vendor_column;no_cannabinoid_columns;master_of_2_duplicates;renamed
,Second Nature Flower Cake -  3.5g,Second Nature Cake Flower 3.5g,no_vendor_column;no_cannabinoid_columns;master_of_2_duplicates;renamed
,FDG Pre-Rolls - GG #4 - 4pk (0.5g x 4),Fdg Gg4 Pre-roll 2g,no_vendor_column;no_cannabinoid_columns;master_of_2_duplicates;renamed
,2727 - Pre-Rolls - 2727 - DOH - Dragon's Piss - 5g,2727 Dragon's Piss Pre-roll 5g,no_vendor_column;no_cannabinoid_columns;master_of_2_duplicates;renamed
,Northwest Concentrates-Cartridge-Wedding Cake-Hybrid-1g,Northwest Concentrates Wedding Cake Cartridge 1g,no_vendor_column;no_cannabinoid_columns;master_of_2_duplicates;renamed
,lil Ray's - Sugar Free Raspberry Lemonade - 100mg,Lil Rays Sugar Free Raspberry Lemonade Beverage 1.7ml,no_vendor_column;no_cannabinoid_columns;renamed
,Lifted Flower Blue Lobster [3.5g],Lifted Blue Lobster Flower 3.5g,no_vendor_column;no_cannabinoid_columns;master_of_2_duplicates;renamed
,ThunderChief - Pre-Rolls 2x0.5g TC - The Milk-Man - 1g,Thunder Chief The Milk-man Pre-roll 1g,no_vendor_column;no_cannabinoid_columns;master_of_2_duplicates;renamed
,VICE - Uglifruit - 100mg THC : 100mg CBD - DOH,Vice Uglifruit Liquid Infused Edible 12floz,no_vendor_column;no_cannabinoid_columns;master_of_2_duplicates;renamed
,Seattle Bubble Works Flower Blunt - Cereal Milk (H) - .75g,Cereal Milk Blunt 0.75g,no_vendor_column;no_cannabinoid_columns;master_of_2_duplicates;renamed
,Top Shelf Joints - Planet Sherb .5g x 8 Pack,Top Shelf Planet Sherb Pre-roll 4g,no_vendor_column;no_cannabinoid_columns;master_of_2_duplicates;renamed
,Clout King Pre-roll Slushee - 1g,Clout King Slushee Pre-roll 1g,no_vendor_column;no_cannabinoid_columns;renamed
,Royal Blunt Wraps Berries,Royal Blunt Wraps Berries,no_vendor_column;no_cannabinoid_columns;noncannabis_cleaned_original_name
,Honey Tree Cartridge Animal Mints - 1g,Honey Tree Animal Cookies Cartridge 1g,no_vendor_column;no_cannabinoid_columns;renamed
,Shatter J's Infused Pre-roll Pina Colada - 1g,Shatter J's Pina Colada Infused Pre-roll 1g,no_vendor_column;no_cannabinoid_columns;renamed
,House of Cultivar Pre-roll Sherbacio - 1g,House Of Cultivar Sherbacio Pre-roll 1g,no_vendor_column;no_cannabinoid_columns;renamed
,Incredibulk - IB PHO 1g - Strawberry Kush - 1g,Clarity Farms Strawberry Kush Bho 1g,no_vendor_column;no_cannabinoid_columns;master_of_2_duplicates;renamed
,Tilted-Pre-roll-GMO Mind Flayer-3.6g,Tilted Gmo Mindflayer Pre-roll 3.6g,no_vendor_column;no_cannabinoid_columns;master_of_2_duplicates;renamed
,SPR - 2pk Joint Box (2g) - Dutch Treat,Spr Dutch Treat Pre-roll 2g,no_vendor_column;no_cannabinoid_columns;master_of_2_duplicates;renamed
,Extracts - GG #4 - 1g,Hard Hat Gg 4 Crumble 1g,no_vendor_column;no_cannabinoid_columns;master_of_2_duplicates;renamed
,Infused Bubble Hash Little Snappers - Strawberry Lemonade - 5pk (5x0.5g),Heavenly Buds Strawberrry Lemonade Infused Pre-roll 2.5g,no_vendor_column;no_cannabinoid_columns;master_of_2_duplicates;renamed
,Fire Bros Pre-roll Mexican Flan|2pk - 1g,Fire Bros Mexican Flan Pre-roll 1g,no_vendor_column;no_cannabinoid_columns;renamed
,Queen Of The South - 3.5g,Pastime Queen Of The South Flower 3.5g,no_vendor_column;no_cannabinoid_columns;master_of_2_duplicates;renamed
,Atticus Capsule Indica,Fdg Indica Capsule 5g,no_vendor_column;no_cannabinoid_columns;renamed
,SMC - Mixed Berry Pack - 5g,Shatter J's Mixed Infused Pre-roll 5g,no_vendor_column;no_cannabinoid_columns;master_of_2_duplicates;renamed
,Mama J's Flower Lemon Cherry Gelato - 7g,Mama J's Lemon Cherry Gelato Flower 7g,no_vendor_column;no_cannabinoid_columns;renamed
,Suspended Flower Commando #7 - 3.5g,Suspended Commando 7 Flower 3.5g,no_vendor_column;no_cannabinoid_columns;master_of_2_duplicates;renamed
,Hustler's Ambition - Pre-roll Packs - (Orange Cream 1gx1),Hustler's Ambition Orange Cream Pre-roll 1g,no_vendor_column;no_cannabinoid_columns;master_of_2_duplicates;renamed
,Tilted Flower GMO Mind Flayer (Indica) - 3.5g,Tilted Gmo Mindflayer Flower 3.5g,no_vendor_column;no_cannabinoid_columns;master_of_4_duplicates;renamed
,two heads cartridge watermelon 1g,Two Heads Watermelon Cartridge 1g,no_vendor_column;no_cannabinoid_columns;master_of_2_duplicates;renamed
,Fruit Burst - Mystery Monsoon Sativa 100mg,Swell Mystery Fruit Chews 33g,no_vendor_column;no_cannabinoid_columns;master_of_3_duplicates;renamed
,Clout King: Clout Berries - PR 2pk - 1g,Clout King Clout Berries Pre-roll 1g,no_vendor_column;no_cannabinoid_columns;master_of_2_duplicates;renamed
,Pastime Liquid Diamonds Disposable Vape - Lemon Lime Haze,Pastime Lemon Lime Haze Disposable Cartridge 1g,no_vendor_column;no_cannabinoid_columns;master_of_2_duplicates;renamed
,K-Savage: Solventless Rosin - Rumble Strip - 1g,K-savage Rumble Strip Rosin 1g,no_vendor_column;no_cannabinoid_columns;renamed
,CannaSol RSO Aliens on Moonshine 1g,Cannasol Aliens On Moonshine RSO 1g,no_vendor_column;no_cannabinoid_columns;master_of_2_duplicates;renamed
,Fire Bros Flower Yuzu Sour - 3.5g,Fire Bros Yuzu Sour Flower 3.5g,no_vendor_column;no_cannabinoid_columns;master_of_2_duplicates;renamed
,Lifted Cannabis-Disposable Cartridge-Live Resin Malibu Marker-1g,Lifted Malibu Marker Disposable Cartridge 1g,no_vendor_column;no_cannabinoid_columns;master_of_4_duplicates;renamed
,Ooowee - JUICED 5/1G Infused PreRoll - Raspberry Mimosa - Key Bump - 5g,Ooowee Key Bump Infused Pre-roll 5g,no_vendor_column;no_cannabinoid_columns;renamed
,SHOTSKI - Peach Mango,Walden Peach Mango Edible 1.7floz,no_vendor_column;no_cannabinoid_columns;master_of_2_duplicates;renamed
,HSR BOX 1g RESFREE - Orange Cream Pie,Walden Orange Cream Pie Rosin 1g,no_vendor_column;no_cannabinoid_columns;master_of_2_duplicates;renamed
,Live Rosin 90u - Sugar Cone - 1g,American Hash Makers Sugar Cone Rosin 1g,no_vendor_column;no_cannabinoid_columns;master_of_2_duplicates;renamed
,hashbreak - Pre Rolls (Infused) - Peanut Butter Fudge - 1g,Torus Peanut Butter Infused Pre-roll 1g,no_vendor_column;no_cannabinoid_columns;master_of_2_duplicates;renamed
,Full Flower Little Snappers - Tally Mon - 20pk (20x0.5g),Heavenly Buds Tally Mon Pre-roll 10g,no_vendor_column;no_cannabinoid_columns;master_of_2_duplicates;renamed
,Hard Hat - Hard Hat Disposable - Sativa - Jack Herer - 1g,Hard Hat Jack Herer Disposable Cartridge 1g,no_vendor_column;no_cannabinoid_columns;master_of_2_duplicates;renamed
,Full Spec Cadet Cartridge Doggy Bag (HI),Full Spec Doggy Bagg Cartridge 1g,no_vendor_column;no_cannabinoid_columns;master_of_2_duplicates;renamed
,2727 - Vape Cart - Cherry Pie - 1g,2727 Cherry Pie Cartridge 1g,no_vendor_column;no_cannabinoid_columns;master_of_2_duplicates;renamed
,Downtown Cannabis Pre-roll Sour Kush - 1g,Downtown Cannabis Sour Kush Pre-roll 1g,no_vendor_column;no_cannabinoid_columns;renamed
,FL JAR4 3.5g RESWILD - Apple Slapz DOH,Walden Apple Slapz Flower 3.5g,no_vendor_column;no_cannabinoid_columns;master_of_2_duplicates;renamed
,Fire Bros Live Resin CBD Black Magic Woman - 1g,Fire Bros CBD Black Magic Woman Live Resin 1g,no_vendor_column;no_cannabinoid_columns;renamed
,MAJOR  - Liquid Infused Edible - Fruit Punch 100mg 2oz,Major Fruit Punch 100mg Shots 2floz,no_vendor_column;no_cannabinoid_columns;master_of_2_duplicates;renamed
,Fruit Burst - Paradise Punch Sativa 100mg,Swell Paradise Fruit Chews 33g,no_vendor_column;no_cannabinoid_columns;master_of_2_duplicates;renamed
,Fire Bros-Disposable Cartridge-Han Zolo-1g,Fire Bros Han Solo Disposable Cartridge 1g,no_vendor_column;no_cannabinoid_columns;master_of_2_duplicates;renamed
,VICE - Cherry - 100mg THC : 100mg CBG - DOH,Vice Cherry Liquid Infused Edible 12floz,no_vendor_column;no_cannabinoid_columns;master_of_2_duplicates;renamed
,BITE_SAT_TOFFEE_CRUNCH_1:1_10PK,Ceres Toffee Crunch Edible 62g,no_vendor_column;no_cannabinoid_columns;master_of_2_duplicates;renamed
,Gummy Bombs-Gummies-Luau Punch-1.02oz,Clarity Farms Luau Punch Gummies 1.02oz,no_vendor_column;no_cannabinoid_columns;master_of_2_duplicates;renamed
,AC Disposable - Key Lime Pie - 1g,Agro Couture Key Lime Pie Disposable Cartridge 1g,no_vendor_column;no_cannabinoid_columns;master_of_2_duplicates;renamed
,Kelso Kandy-Cartridge-Lime Sorbet-1g,Clarity Farms Lime Sorbet Cartridge 1g,no_vendor_column;no_cannabinoid_columns;master_of_2_duplicates;renamed
,Fireline Pre-roll Blackberry Chem OG - 4g,Fireline Cannabis Blackberry Chem Og Pre-roll 4g,no_vendor_column;no_cannabinoid_columns;renamed
,Rosin - PINEAPPLE FUNK - 1g,Prismatic Pineapple Funk Rosin 1g,no_vendor_column;no_cannabinoid_columns;master_of_2_duplicates;renamed
,Drops 1:4 CBD Lifted Strawberry / Candy Apple,Leafwerx Candy Apple Edible 44g,no_vendor_column;no_cannabinoid_columns;master_of_2_duplicates;renamed
,CBDabs - Viva Piñata - 1g,Fire Bros Viva Piñata Live Resin 1g,no_vendor_column;no_cannabinoid_columns;master_of_2_duplicates;renamed
,Tilted[ThunderStixx]-Infused Pre-roll-Gelonade-1.2g,Tilted Gelonade Infused Pre-roll 1.2g,no_vendor_column;no_cannabinoid_columns;master_of_2_duplicates;renamed
,Ooowee bho Juiced Orange Sunrise - Mr.Bad,Mr. Bad Without Category 1g,no_vendor_column;no_cannabinoid_columns;master_of_2_duplicates;renamed
,Headshots - Sunset Zkittlez - 1g,Canna Organix Sunset Zkittlez Infused Pre-roll 1g,no_vendor_column;no_cannabinoid_columns;master_of_2_duplicates;renamed
,Hellavated infused pre-roll clementine .75g,Hellavated Clementine Infused Pre-roll 0.75g,no_vendor_column;no_cannabinoid_columns;renamed
,420 Mini - Dark Chocolate Sea Salt CBD 1:1,4.20 Dark Chocolate Chocolate 50g,no_vendor_column;no_cannabinoid_columns;master_of_2_duplicates;renamed
,Green Reaper - Live Resin Cart - Cherry Pie - 1g,Greenrush Cherry Pie Cartridge 1g,no_vendor_column;no_cannabinoid_columns;master_of_2_duplicates;renamed
,Pre-Rolls - Jacuzzi - 2x.5g,Svin Jacuzzi Pre-roll 1g,no_vendor_column;no_cannabinoid_columns;master_of_2_duplicates;renamed
,Mr. Moxey's Mints Lavender Dream 1:1:1,Mr. Moxey's Lavender Dream Mints 12g,no_vendor_column;no_cannabinoid_columns;renamed
,Mack's GAK ( I ) - Plaid Jacket BHO Cured Resin Cart 1g,Plaid Jacket Mack's Gak Disposable Cartridge 1g,no_vendor_column;no_cannabinoid_columns;master_of_2_duplicates;renamed
,2pk Joints - Blackberry Kush - 2g,Greenleaf Mj Blackberry Kush Pre-roll 2g,no_vendor_column;no_cannabinoid_columns;master_of_2_duplicates;renamed
,Shatter J's Cartridge Cotton Candy - 1g,Shatter J's Cotton Candy Cartridge 1g,no_vendor_column;no_cannabinoid_columns;renamed
,Stingers - 5pk .5g Party Pack - Master Kush - 2.5g,Stingers Master Kush Infused Pre-roll 2.5g,no_vendor_column;no_cannabinoid_columns;renamed
,Cormorant - 4 oz 1:1 Blackberry Lemonade Sorbet - 100 mg - 100ml,Cormorant Edibles Blackberry Lemonade Edible 3.4g,no_vendor_column;no_cannabinoid_columns;master_of_2_duplicates;renamed
,Legacy Truffles - DOH Compliant - Double Truffle Jays - .5g Pack - Larry Bird Kush - 1g,Legacy Organics Larry Bird Kush Infused Pre-roll 1g,no_vendor_column;no_cannabinoid_columns;master_of_3_duplicates;renamed
,ThunderChief - Pre-Rolls 2x0.5g TC - Butter - 1g,Thunder Chief Butter Pre-roll 1g,no_vendor_column;no_cannabinoid_columns;master_of_2_duplicates;renamed
,".5g Isolated Pre-Rolled Cones, 2ct - Isolated Sweet Cherries Pre-Rolled Cones - 1g",Trichome Sweet Cherries Infused Pre-roll 1g,no_vendor_column;no_cannabinoid_columns;master_of_2_duplicates;renamed
,Moonshot Hash Rosin Beverage Black Cherry CBN - 1.7oz,Moonshot Hash Rosin Black Cherry CBN Beverage 1.7floz,no_vendor_column;no_cannabinoid_columns;renamed
,Honu - Chocolate Turtle 10pk - SATIVA - 110g,Honu Chocolate Turtle Sativa Chocolate 110g,no_vendor_column;no_cannabinoid_columns;master_of_2_duplicates;renamed
,HashBreak - Hashbreak 2 Pack - Halo Kitty - 1g,Torus Halo Kitty Infused Pre-roll 1g,no_vendor_column;no_cannabinoid_columns;master_of_2_duplicates;renamed
,hashbreak - Pre Rolls (Infused) - Candy Corn - 1g,Torus Candy Corn Infused Pre-roll 1g,no_vendor_column;no_cannabinoid_columns;master_of_2_duplicates;renamed
,Swifts Edibles - Truffle-Milk-Indica-100mg - Chocolate - THC - Indica - 120g,Swifts Chocolate Truffle Chocolate 2oz,no_vendor_column;no_cannabinoid_columns;master_of_3_duplicates;renamed
,Mindmelt Fortified Preroll 2-Pack - ZZZ's Nuts - 2g,Buddies Zzz's Nuts Infused Pre-roll 2g,no_vendor_column;no_cannabinoid_columns;master_of_2_duplicates;renamed
,Live Resin Disposables - Spooky Z - 1g,Svin Spooky Z Disposable Cartridge 1g,no_vendor_column;no_cannabinoid_columns;master_of_3_duplicates;renamed
,Hellavated Infused Pre-roll Tropicalez Punch - 0.75g,Hellavated Tropicalez Punch Infused Pre-roll 0.75g,no_vendor_column;no_cannabinoid_columns;renamed
,Incredibulk - IB PHO 1g - SATIVA - Ghost Train Haze - 1g,Clarity Farms Ghost Train Haze Bho 1g,no_vendor_column;no_cannabinoid_columns;master_of_4_duplicates;renamed
,Hustler's Ambition - Preroll Packs - (Godfather OG 1gx1),Hustler's Ambition Godfather Og Pre-roll 1g,no_vendor_column;no_cannabinoid_columns;master_of_2_duplicates;renamed
,Grand Cru - Grape Runtz - 1g - Joint,Grand Cru Grape Runtz Pre-roll 1g,no_vendor_column;no_cannabinoid_columns;renamed
,SUBX [DOH] SUPREME Bang Stick - Colorado Nightshifter - 2pk,Subx Colorado Nightshifter Infused Pre-roll 1g,no_vendor_column;no_cannabinoid_columns;master_of_2_duplicates;renamed
,Mama J's Flower (Runtz/3.5g - Hybrid),Mama J's Runtz Flower 3.5g,no_vendor_column;no_cannabinoid_columns;master_of_2_duplicates;renamed
,Green Reaper - Reaper Diamonds (THCA) - Purple Cat Piss - 1g,Greenrush Purple Panties THCA 1g,no_vendor_column;no_cannabinoid_columns;master_of_2_duplicates;renamed
,Canna Whupass - CW Vape Cartridge - Blueberry Flame - Mixed - 1g,Canna Organix Blu Voodoo Cartridge 1g,no_vendor_column;no_cannabinoid_columns;master_of_2_duplicates;renamed
,Stars & Rosin - Kiwi Sherbert x Banana Cream Rosin - .5g,American Hash Makers Kiwi Infused Blunt 0.5g,no_vendor_column;no_cannabinoid_columns;master_of_2_duplicates;renamed
,Pastime Liquid Diamonds Disposable Vape - Hybrid - Pineapple Beltz - 1g,Pastime Pineapple Beltz Disposable Cartridge 1g,no_vendor_column;no_cannabinoid_columns;master_of_2_duplicates;renamed
,Freddy's Fuego Peg Legs - Blue Slushie - 2 x 0.5g,Freddy's Fuego Blue Slushie Pre-roll 1g,no_vendor_column;no_cannabinoid_columns;master_of_3_duplicates;renamed
,Lifted Flower Burnout #33 [7g],Lifted Burnout Og 33 Flower 7g,no_vendor_column;no_cannabinoid_columns;master_of_2_duplicates;renamed
,Sub X Flower - Island Octane - 3.5g,Sub X Island Octane Flower 3.5g,no_vendor_column;no_cannabinoid_columns;master_of_2_duplicates;renamed
,MAJOR - Liquid Infused Edible - Blackberry Lemonade 100mg THC 2oz,Major Blackberry Lemonade 100mg THC Shots 2floz,no_vendor_column;no_cannabinoid_columns;master_of_2_duplicates;renamed
,hashbreak - Pre Rolls (Infused) - Berry Banana - 1g,Torus Berry Infused Pre-roll 1g,no_vendor_column;no_cannabinoid_columns;master_of_2_duplicates;renamed
,Fire Bros Live Resin CBD Mexican Flan - 1g,Fire Bros CBD Mexican Flan Live Resin 1g,no_vendor_column;no_cannabinoid_columns;renamed
,Ultra Pure - Live Resin 510 Vape - Liquid Diamonds - Tropical Runtz - Hybrid - 1mL,Bodhi High Tropical Runtz Cartridge 1g,no_vendor_column;no_cannabinoid_columns;master_of_2_duplicates;renamed
,BFF Besties Infused Preroll 2-Pack - BS - Baby Shark - 1.5g,Buddies Baby Shark Infused Pre-roll 1.5g,no_vendor_column;no_cannabinoid_columns;master_of_2_duplicates;renamed
,Burzt - Twisted shot Galactic Grape,Mfused Grape Shots 60ml,no_vendor_column;no_cannabinoid_columns;master_of_2_duplicates;renamed
,Wyld Gummies Sour Cherry - 1.4oz,Wyld Sour Cherry Gummies 1.4oz,no_vendor_column;no_cannabinoid_columns;renamed
,Banana Pop Rocks Sugar Crystals [1g] [Lifted] [D.O.H. COMPLIANT],Lifted Banana Pop Rocks Bho 1g,no_vendor_column;no_cannabinoid_columns;master_of_2_duplicates;renamed
,Svin Gardens-Live Resin Disposables-Lemon Strawz #8-1g,Svin Lemon Straws Disposable Cartridge 1g,no_vendor_column;no_cannabinoid_columns;master_of_2_duplicates;renamed
,SPR - 1g Hash Rosin Infused Joint - Lemonder Fuel x Angel's Wedding Cake,Spr Lemonder Fuel Infused Pre-roll 1g,no_vendor_column;no_cannabinoid_columns;renamed
,2727 - Pre-Rolls - 2727 - DOH - Honey Banana - 5g,2727 Honey Banana Pre-roll 5g,no_vendor_column;no_cannabinoid_columns;master_of_2_duplicates;renamed
,[DOH] SIGNATURE Flower - Cap Junky - 1g,Sub X Cap Junky Flower 1g,no_vendor_column;no_cannabinoid_columns;master_of_2_duplicates;renamed
,BFF All In One - GOAT - Golden Appletini - 1g - (I,Buddies Goat Disposable Cartridge 1g,no_vendor_column;no_cannabinoid_columns;master_of_2_duplicates;renamed
,Sky High Gardens Pre-roll Cosmic Chem 1.2g,Sky High Gardens Cosmic Chem Pre-roll 1.2g,no_vendor_column;no_cannabinoid_columns;master_of_2_duplicates;renamed
,CannaSol RSO Cosmic Charlie 1:1 1g,Cannasol Cosmic Charlie RSO 1g,no_vendor_column;no_cannabinoid_columns;master_of_2_duplicates;renamed
,Flower - Cosmic Gelato - 3.5g,Svin Cosmic Gelato Flower 3.5g,no_vendor_column;no_cannabinoid_columns;master_of_2_duplicates;renamed
,Kelso Kandy - KK CART 1g - Blood Orange - 1g,Clarity Farms Blood Orange Cartridge 1g,no_vendor_column;no_cannabinoid_columns;master_of_3_duplicates;renamed
,SPR - Variety Pack - 5pk BLUNT Tin (5g) #2,Spr Variety Pack 1 Pre-roll 5g,no_vendor_column;no_cannabinoid_columns;renamed
,Hustler's Ambition Flower (Peach Juice 3.5g),Local Farmers Peach Juice Flower 3.5g,no_vendor_column;no_cannabinoid_columns;master_of_2_duplicates;renamed
,t2Hydro - Flower - Blue Powerade - 3.5g,Torus Blue Powerade Flower 1g,no_vendor_column;no_cannabinoid_columns;master_of_2_duplicates;renamed
,Journeyman Beverage Cherry Lemonade - 2oz,Journeyman Cherry Lemonade Beverage 2floz,no_vendor_column;no_cannabinoid_columns;renamed
,Honey Stixx - 2Pk - Crystal - Snoops Dream X ATF - Sativa,Bodhi High Snoop's Dream Infused Pre-roll 1g,no_vendor_column;no_cannabinoid_columns;master_of_2_duplicates;renamed
,Sky High Flower - Super Silver Stardawg - 1g,Sky High Gardens Super Silver Stardawg Flower 1g,no_vendor_column;no_cannabinoid_columns;master_of_2_duplicates;renamed
,Zen Flower Pre-Rolls - Cherry Payton - 28g (28x1g),Zen Cannabis Cherry Payton Pre-roll 28g,no_vendor_column;no_cannabinoid_columns;master_of_2_duplicates;renamed
,Mary Jones Soda Orange & Cream - 12oz,Mary Jones Orange Cream Soda 12floz,no_vendor_column;no_cannabinoid_columns;renamed
,House of Cultivar Pre-roll Eye Candy - 1g,House Of Cultivar Eye Candy Pre-roll 1g,no_vendor_column;no_cannabinoid_columns;renamed
,DBG Infused Pre-roll Super Silver Haze & Bruce Banner - 1g,Dbg Super Silver Haze Bruce Banner Infused Pre-roll 1g,no_vendor_column;no_cannabinoid_columns;renamed
,Shatter j's infused pre-roll creme brulee 1g,Shatter J's Creme Brulee Infused Pre-roll 1g,no_vendor_column;no_cannabinoid_columns;renamed
,Mama J's Pre-roll Pack Sour Apple - 3.5g,Mama J's Sour Apple Pre-roll 3.5g,no_vendor_column;no_cannabinoid_columns;renamed
,Skagit Organics RSO BlackBerry Kush - 1g,Skagit Organics Blackberry Kush RSO 1g,no_vendor_column;no_cannabinoid_columns;renamed
,"Bob Marley Papers 1 1/4""",Bob Marley Papers 1 1 4,no_vendor_column;no_cannabinoid_columns;noncannabis_cleaned_original_name;master_of_2_duplicates;renamed
,Constellation infused pre-roll 14pk 7g - Tea Time,Constellation Tea Time Infused Pre-roll 7g,no_vendor_column;no_cannabinoid_columns;master_of_2_duplicates;renamed
,Lil' Mother Pucker Shot Raspberry Lemonade - 1.7oz,Lil' Mother Pucker Raspberry Lemonade Beverage 1.7floz,no_vendor_column;no_cannabinoid_columns;renamed
,Thrills - FlavorStrains - Cartridge - 1g - (C5)(S) Tropicana Cookies,Thrills Tropicana Cookies Cartridge 1g,no_vendor_column;no_cannabinoid_columns;master_of_2_duplicates;renamed
,Green revolution tincture Beauty Sleep 4:2:1 - 1oz,Green Revolution Beauty Sleep Tincture 1oz,no_vendor_column;no_cannabinoid_columns;renamed
,Pioneer Squares Edible Pineapple Dreams CBN - 3.5oz,Pioneer Squares Pineapple Crush CBN Edible 3.5oz,no_vendor_column;no_cannabinoid_columns;renamed
,Const Rosin AIO Hype 2.0 Device Rambutan 1g,Constellation Rambutan Disposable Cartridge 1g,no_vendor_column;no_cannabinoid_columns;master_of_2_duplicates;renamed
,Packaged Flower - Strawberry Banana Zkittles - 1g,Heavenly Buds Strawberry Banana Zkittles Flower 1g,no_vendor_column;no_cannabinoid_columns;master_of_2_duplicates;renamed
,Pioneer Squares-Gummies-Black & Blueberry-100mgTHC,Pioneer Sqaures Black Blueberry Gummies 3oz,no_vendor_column;no_cannabinoid_columns;master_of_2_duplicates;renamed
,FDG Pre-Rolls - Blueberry Banana Butter - 2pk (0.5g x 2),Fdg Blueberry Buttered Banana Pre-roll 1g,no_vendor_column;no_cannabinoid_columns;master_of_2_duplicates;renamed
,Micro Bar Disposable Cartridge Pink Lychee - 1g,Micro Bar Pink Lychee Disposable Cartridge 1g,no_vendor_column;no_cannabinoid_columns;renamed
,Grand Cru Rosin Grape Guava - 1g,Grand Cru Grape Guava Rosin 1g,no_vendor_column;no_cannabinoid_columns;renamed
,Const HRG EFCT 1:1 Watermelon Lime + Ashwagandha (100 CBN) 10 Pack (I),Constellation 1:1 Watermelon Lime + Ashwagandha Gummies 1.12oz,no_vendor_column;no_cannabinoid_columns;master_of_2_duplicates;renamed
,Ooowee - 1G Cartridge - Honeydew - 1g,Ooowee Honeydew Cartridge 1g,no_vendor_column;no_cannabinoid_columns;master_of_2_duplicates;renamed
,Full Spec-Live Resin-Gummies-Cherry Elderberry-THC/CBN-100mg,Full Spec Cherry Elderberry Edible 0.95oz,no_vendor_column;no_cannabinoid_columns;master_of_2_duplicates;renamed
,Green Reaper - Indoor Popcorn Flower - Ice Cream Zoap - 28g,Green Reaper Ice Cream Zoap Flower 28g,no_vendor_column;no_cannabinoid_columns;master_of_2_duplicates;renamed
,Lifted Cannabis-Infused Pre-roll-Metaverse SugarStix-1g,Lifted Metaverse Infused Pre-roll 1g,no_vendor_column;no_cannabinoid_columns;master_of_2_duplicates;renamed
,Lifted Flower Metaverse - 7g,Lifted Metaverse Flower 7g,no_vendor_column;no_cannabinoid_columns;renamed
,Select Series - London Marker #9 - 3.5g,Svin London Marker 9 Flower 3.5g,no_vendor_column;no_cannabinoid_columns;master_of_2_duplicates;renamed
,2727 - Vape Cart - 2727 - Guava - 1g,2727 Guava Cartridge 1g,no_vendor_column;no_cannabinoid_columns;master_of_2_duplicates;renamed
,MFused - Cartridge - Blu Razz (S) - 1g,Mfused Blue Razz Cartridge 1g,no_vendor_column;no_cannabinoid_columns;master_of_2_duplicates;renamed
,Jelly Gems-Gummies-Chuckleberry (HAPPY)-300mg,Clarity Farms Chuckleberry Gummies 0.88oz,no_vendor_column;no_cannabinoid_columns;master_of_2_duplicates;renamed
,Legacy Reserve - DOH COMPLIANT - Flower - Glass Jar - SMALL BATCH - Larry Bird Kush - 3.5g,Legacy Organics Larry Bird Kush Flower 3.5g,no_vendor_column;no_cannabinoid_columns;master_of_2_duplicates;renamed
,4.20 Minis Chocolate Milk Chocolate 200mg CBG + 100mg THC - 1.2oz,4.20 Minis Milk Chocolate 200mg CBG + 100mg THC Chocolate 1.2oz,no_vendor_column;no_cannabinoid_columns;renamed
,Terpnado-Disposable Cartridge-Yeti Fruit OG-1g,Clarity Farms Yeti Fruit Og Disposable Cartridge 1g,no_vendor_column;no_cannabinoid_columns;master_of_4_duplicates;renamed
,COLLAB Mini 5 pack - 2.5g - Sundae Driver (Pot of Gold) (H) & Grape Ape (Hannah) (HI),Picc Hannah Pre-roll 2.5g,no_vendor_column;no_cannabinoid_columns;master_of_2_duplicates;renamed
,Major-Liquid Infused Edible-Zero Cal Lemonade-100 THC-2oz,Major Lemonade Shots 2floz,no_vendor_column;no_cannabinoid_columns;renamed
,Hot Shotz - Watermelon 1:1 100mg THC/CBD,Phat Panda Watermelon 1:1 Shots 2floz,no_vendor_column;no_cannabinoid_columns;master_of_2_duplicates;renamed
,CannaSol - Glass Jar - DOH Tested - Sour Diesel - 7g,Cannasol Sour Diesel Flower 7g,no_vendor_column;no_cannabinoid_columns;master_of_2_duplicates;renamed
,Retail Packaged - Bob Hope - 3.5g,Royal Kind Bob Hope Flower 3.5g,no_vendor_column;no_cannabinoid_columns;master_of_2_duplicates;renamed
,High End Farms Flower Sex Panther 3.5g,High End Farms Sex Panther Flower 3.5g,no_vendor_column;no_cannabinoid_columns;renamed
,Const Cold Cure 1g - Tea Time,Constellation Tea Time Rosin 1g,no_vendor_column;no_cannabinoid_columns;master_of_2_duplicates;renamed
,Fine Detail Greenway-Pre-Roll-Blackberry Syrup-Indica Dominant-1g,Fine Detail Greenway Blackberry Syrup Pre-roll 1g,no_vendor_column;no_cannabinoid_columns;master_of_2_duplicates;renamed
,Thunder Stix - Tilted-DOH-Glass Tip Preroll (1.2g) / GMO Mind Flayer (Indica),Tilted Oasis Pre-roll 1.2g,no_vendor_column;no_cannabinoid_columns;master_of_2_duplicates;renamed
,The POTION Topical- High Times DOPE Cup Winner 2019 / TOPICAL,Tilted Potion Topical 50g,no_vendor_column;no_cannabinoid_columns;master_of_2_duplicates;renamed
,2727 - Pre-Rolls  - Ice Queen - 5g,2727 Ice Queen Pre-roll 5g,no_vendor_column;no_cannabinoid_columns;master_of_2_duplicates;renamed
,Heavenly Buds - Bubble Hash - Apple Fritter DOH - 1g,Heavenly Buds Apple Fritter Bubble Hash 1g,no_vendor_column;no_cannabinoid_columns;master_of_2_duplicates;renamed
,The People's Indoor Gardens Flower People's Diesel - 7g,The People's Indoor Gardens People's Diesel Flower 7g,no_vendor_column;no_cannabinoid_columns;master_of_2_duplicates;renamed
,Ceres Tincture Lifted Sativa,Ceres Lifted Tincture 15ml,no_vendor_column;no_cannabinoid_columns;renamed
,Full Spec - Afterburners Live Resin Infused Preroll - 2pk 0.75g - (HS) Squeaky Clean,Full Spec Squeaky Clean Infused Pre-roll 1g,no_vendor_column;no_cannabinoid_columns;renamed
,Honey Stixx - 1pk - Flavored Infused Preroll - Blueberry Muffin - Hybrid - 0.75g,Honey Stixx Blueberry Muffin Infused Blunt 0.75g,no_vendor_column;no_cannabinoid_columns;master_of_2_duplicates;renamed
,Drops Edible Strawberry CBD 1:4,Full Spec Strawberry Edible 1.56oz,no_vendor_column;no_cannabinoid_columns;master_of_2_duplicates;renamed
,Suspended Flower Triple Burger- 1g,Suspended Triple Burger Flower 1g,no_vendor_column;no_cannabinoid_columns;master_of_3_duplicates;renamed
,Hustler's Ambition - Preroll Packs - (DojaBerry 1gx1),Local Farmers Dojaberry Pre-roll 1g,no_vendor_column;no_cannabinoid_columns;master_of_2_duplicates;renamed
,Karma Hemp Wraps Blazin' Blue,Karma Hemp Wraps Blazin' Blue,no_vendor_column;no_cannabinoid_columns;noncannabis_cleaned_original_name
,Headies Live Rosin All In One - Super Boof - .5g,Buddies Super Boof Disposable Cartridge 0.5g,no_vendor_column;no_cannabinoid_columns;master_of_2_duplicates;renamed
,Smokiez Edible Sour Blue Raspberry - 2.12oz,Smokiez Sour Blue Raspberry Edible 2.12oz,no_vendor_column;no_cannabinoid_columns;renamed
,Shatter J's Disposable Cartridge Cotton Candy - 1g,Shatter J's Cotton Candy Disposable Cartridge 1g,no_vendor_column;no_cannabinoid_columns;renamed
,House of Cultivar Grand Cru Infused Pre-roll Sugar Fiend - 0.75g,House Of Cultivar Grand Cru Sugar Fiend Infused Pre-roll 0.75g,no_vendor_column;no_cannabinoid_columns;renamed
,Gushy Enhanced Dab - 1g / Grape Soda (H),Tilted Grape Soda Badder 1g,no_vendor_column;no_cannabinoid_columns;master_of_2_duplicates;renamed
,Second Nature Flower Bottomless Mimosa - 3.5g,Second Nature Bottomless Mimosa Flower 3.5g,no_vendor_column;no_cannabinoid_columns;renamed
,Canna Organix Nectar Terp Sauce Jokerz - 1g,Canna Organix Jokerz Terp Sauce 1g,no_vendor_column;no_cannabinoid_columns;renamed
,House of Cultivar Flower Sherbacio - 3.5g,House Of Cultivar Sherbacio Flower 3.5g,no_vendor_column;no_cannabinoid_columns;renamed
,Packaged Flower - One Piece - 3.5g,Svin One Piece Flower 3.5g,no_vendor_column;no_cannabinoid_columns;master_of_2_duplicates;renamed
,"SusPENded Disposable, Tiger's Blood - 1g",Suspended Tigers Blood Disposable Cartridge 1g,no_vendor_column;no_cannabinoid_columns;master_of_2_duplicates;renamed
,Green Reaper - Live Resin Cart - Bacio Gelato - 1g,Greenrush Bacio Gelato Cartridge 1g,no_vendor_column;no_cannabinoid_columns;master_of_2_duplicates;renamed
,royal blunt wrap horchata,Royal Blunt Wrap Horchata,no_vendor_column;no_cannabinoid_columns;noncannabis_cleaned_original_name;master_of_2_duplicates
,2pk Joints - Novocain - 2g,Greenleaf Mj Novocain Pre-roll 2g,no_vendor_column;no_cannabinoid_columns;master_of_2_duplicates;renamed
,Budz Bud White Critical Kush 7g,Budz Bud White Critical Kush Flower 7g,no_vendor_column;no_cannabinoid_columns;master_of_2_duplicates;renamed
,Royal Blunt Wraps Cali Fire,Royal Blunt Wraps Cali Fire,no_vendor_column;no_cannabinoid_columns;noncannabis_cleaned_original_name
,25 Eyes SugarStix [1g],Lifted 25 Eyes Infused Pre-roll 1g,no_vendor_column;no_cannabinoid_columns;master_of_2_duplicates;renamed
,High End Farms Flower Jelly Bean 1g,High End Farms Jelly Bean Flower 1g,no_vendor_column;no_cannabinoid_columns;master_of_2_duplicates;renamed
,Full Flower Little Snappers - Orange Diesel - 2pk (2x0.5g),Heavenly Buds Orange Diesel Pre-roll 1g,no_vendor_column;no_cannabinoid_columns;master_of_2_duplicates;renamed
,Ooowee - 1g Hydrocarbon Concentrate - Ooowee - Late Bloomer - 1g,Ooowee Late Bloomer Bho 1g,no_vendor_column;no_cannabinoid_columns;master_of_2_duplicates;renamed
,Clout King: Guava Fresca - PR 2pk - 1g,Clout King Guava Fresca Pre-roll 1g,no_vendor_column;no_cannabinoid_columns;master_of_2_duplicates;renamed
,Blush Velvet cold cure rosin Alien OZ 1g,Blush Velvet Alien Oz Rosin 1g,no_vendor_column;no_cannabinoid_columns;renamed
,Tyson 2.0 Cartridge Tangie Hook 1g,Tyson 2.0 Tangie Hook Cartridge 1g,no_vendor_column;no_cannabinoid_columns;renamed
,Ooowee - JUICED 1G Infused PreRoll - Baby Yoda - Ooowee Marker - 1g,Ooowee Ooowee Marker Infused Pre-roll 1g,no_vendor_column;no_cannabinoid_columns;renamed
,Svin Garden Liquid Diamonds 510 Cart - Jacuzzi - 1g,Svin Jacuzzi Cartridge 1g,no_vendor_column;no_cannabinoid_columns;master_of_2_duplicates;renamed
,Mama J's Pre-roll Tropicana Banana - 5g,Mama J's Tropicana Banana Pre-roll 5g,no_vendor_column;no_cannabinoid_columns;renamed
,Stingers - 5pk .5g Pre-Rolls - Georgia Peach - 2.5g,Stingers Georgia Peach Infused Pre-roll 2.5g,no_vendor_column;no_cannabinoid_columns;renamed
,Pioneer Squares Edible Watermelon Kiwi - 3.5oz,Pioneer Squares Watermelon Kiwi Edible 3.5oz,no_vendor_column;no_cannabinoid_columns;renamed
,GMO x Forbidden Fruit LR Sticky Frog Sugar,Phat Panda Gmo X Forbidden Live Resin 1g,no_vendor_column;no_cannabinoid_columns;master_of_2_duplicates;renamed
,Fire Bros-Pre-Roll-Lemon Pastries-1g,Fire Bros Lemon Pastries Pre-roll 1g,no_vendor_column;no_cannabinoid_columns;master_of_2_duplicates;renamed
,Lil Rays Hash Rosin Original Lemonade - 1.75oz,Rays Lemonade Lemonade Liquid Infused Edible 1.75floz,no_vendor_column;no_cannabinoid_columns;master_of_2_duplicates;renamed
,Raging Goat - RG Flower 3.5g - Northern Lights - 3.5g,Captain Yeti Northern Lights Flower 3.5g,no_vendor_column;no_cannabinoid_columns;master_of_2_duplicates;renamed
,Legacy Reserve -  Flower - Funfetti - 3.5g,Legacy Organics Funfetti Flower 3.5g,no_vendor_column;no_cannabinoid_columns;master_of_3_duplicates;renamed
,Pioneer Squares-Gummies-Pineapple Crush-100mg,Pioneer Squares Pineapple Crush Gummies 3oz,no_vendor_column;no_cannabinoid_columns;master_of_2_duplicates;renamed
,Gummy Bombs - GB HUCKLEBERRY LEMONADE 100mg - Huckleberry - 100mg,Clarity Farms Huckleberry Edible 100mg,no_vendor_column;no_cannabinoid_columns;master_of_2_duplicates;renamed
,Terpnado - TN BAR 1g - Yeti Fruit OG - 1g,Clarity Farms Yeti Fruit Og Disposable Cartridge 1g,collapsed_duplicate;merged_into_master
,1g GoodGood AIO - Pineapple Pop (S),Goodgood Pineapple Pop Disposable Cartridge 1g,no_vendor_column;no_cannabinoid_columns;master_of_2_duplicates;renamed
,Northwest Concentrates - CLASSIC DABS - GG4 - 1g [ I ],Northwest Concentrates Gg 4 Bho 1g,no_vendor_column;no_cannabinoid_columns;master_of_2_duplicates;renamed
,MFused - Cartridge - Maui Pineapple (S) -1g,Mfused Maui Pineapple Cartridge 1g,no_vendor_column;no_cannabinoid_columns;master_of_2_duplicates;renamed
,Heavenly Buds - Full Flower Little Snappers Gushers 1g,Heavenly Buds Gushers Pre-roll 1g,no_vendor_column;no_cannabinoid_columns;renamed
,Beetlejuice w/THCA - 1g,Frosted Cannabis Beetlejuice Infused Pre-roll 1g,no_vendor_column;no_cannabinoid_columns;master_of_3_duplicates;renamed
,Dougie Blunts - Huckleberry Cheesecake - 1 gram,Avitas Huckleberry Infused Blunt 1g,no_vendor_column;no_cannabinoid_columns;master_of_2_duplicates;renamed
,Tyson 2.0 Full Flower PreRolls (Gelato #44 1gx1),Tyson 2.0 Gelato 44 Pre-roll 1g,no_vendor_column;no_cannabinoid_columns;master_of_2_duplicates;renamed
,Tilted-Flower-Ripped Off Runtz-3.5g,Tilted Ripped Off Runtz Flower 3.5g,no_vendor_column;no_cannabinoid_columns;master_of_4_duplicates;renamed
,ZEN Balanced Effects Cartridge Blood Orange CBN 2:1 - 1g,Zen Balanced Effects Blood Orange CBN 2:1 Cartridge 1g,no_vendor_column;no_cannabinoid_columns;renamed
,Ooowee - Live Resin - B - 1G Disposable - Late Bloomer - 1g,Ooowee Late Bloomer Disposable Cartridge 1g,no_vendor_column;no_cannabinoid_columns;master_of_2_duplicates;renamed
,Dungeness Dank - Hash Rosin - GG#4 - 1g,Dungeness Dank Gg 4 Hash Rosin 1g,no_vendor_column;no_cannabinoid_columns;master_of_2_duplicates;renamed
,Ooowee - 5/1g Pre-Roll - Ooowee - Sunset Lemonade - 5g,Ooowee Sunset Lemonade Pre-roll 5g,no_vendor_column;no_cannabinoid_columns;renamed
,High Tide Flower Whistle Tip - 1g,High Tide Whistle Tip Flower 1g,no_vendor_column;no_cannabinoid_columns;renamed
,Zen Flower GMO x OZ 3.5g,Zen Cannabis Gmo Flower 3.5g,no_vendor_column;no_cannabinoid_columns;master_of_2_duplicates;renamed
,2727 - Pre-Rolls - 2727 - DOH - Garlic Breath - 5g,2727 Garlic Breath Pre-roll 5g,no_vendor_column;no_cannabinoid_columns;master_of_2_duplicates;renamed
,Tilted-Flower-GMO Mind Flayer-3.5g,Tilted Gmo Mindflayer Flower 3.5g,collapsed_duplicate;merged_into_master
,SUBX SELECT Slush - Orange Poison - 1g,Subx Orange Poison Bho 1g,no_vendor_column;no_cannabinoid_columns;master_of_2_duplicates;renamed
,Torus - Flower - Permanent Marker - 3.5g,Torus Permanent Marker Flower 3.5g,no_vendor_column;no_cannabinoid_columns;master_of_2_duplicates;renamed
,Heavenly Buds Moroccan Hash - Orange Diesel - 1g,Heavenly Buds Orange Diesel Hash 1g,no_vendor_column;no_cannabinoid_columns;master_of_2_duplicates;renamed
,Doozies Gummies Peach 60:1 - 2.8oz,Doozies Peach Gummies 2.8oz,no_vendor_column;no_cannabinoid_columns;renamed
,Mama J's Flower Super Boof 3.5g,Mama J's Super Boof Flower 3.5g,no_vendor_column;no_cannabinoid_columns;master_of_2_duplicates;renamed
,Sky High Flower - Sherb Cocktail - 3.5g,Sky High Gardens Sherb Cocktail Flower 3.5g,no_vendor_column;no_cannabinoid_columns;master_of_2_duplicates;renamed
,Metaverse [3.5g] [Luxury Line] [D.O.H. COMPLIANT],Lifted Metaverse Flower 3.5g,no_vendor_column;no_cannabinoid_columns;master_of_2_duplicates;renamed
,Colors - Bulletproof - 3.5g - Flower,Colors By Cultivar Bulletproof Flower 3.5g,no_vendor_column;no_cannabinoid_columns;renamed
,Trees Co & High Tide Hash Hole 1g - Grape Gas & Maple Barz (H) DOH,Picc Grape Gas Infused Pre-roll 1g,no_vendor_column;no_cannabinoid_columns;master_of_2_duplicates;renamed
,Ooowee - Live Resin - B - 1G Disposable - Truffle Oreos - 1g,Ooowee Truffle Oreos Disposable Cartridge 1g,no_vendor_column;no_cannabinoid_columns;master_of_2_duplicates;renamed
,SUBX SIGNATURE Flower - GMO - 1g,Subx Gmo Flower 1g,no_vendor_column;no_cannabinoid_columns;master_of_2_duplicates;renamed
,Smokiez Blackberry-Indica- Fruit Chew - 100mg,Smokiez Blackberry Edible 60g,no_vendor_column;no_cannabinoid_columns;master_of_2_duplicates;renamed
,Smokiez Sour Sleepy Watermelon Trifecta CBN:CBD:THC 2:2:1 Fruit Chews,Smokiez Sour Watermelon Fruit Chews 60g,no_vendor_column;no_cannabinoid_columns;master_of_3_duplicates;renamed
,Slapple ( I/H ) - Flipside Gold BHO/Ethanol Extracted Disposable 1g,Flipside Slapple Disposable Cartridge 1g,no_vendor_column;no_cannabinoid_columns;master_of_2_duplicates;renamed
,Ola Bright (SLH) - 2oz,Ola Bright (slh) Other Liquid Edible 2floz,no_vendor_column;no_cannabinoid_columns;renamed
,Collections - T2 - Hash Rosin - Sour Mintz - (DOH) - 1g,Blue Roots Sour Mintz Hash Rosin 1g,no_vendor_column;no_cannabinoid_columns;master_of_2_duplicates;renamed
,Flower - Double Dipped Strawberries - 1g,Sky High Gardens Double Dipped Strawberries Flower 1g,no_vendor_column;no_cannabinoid_columns;master_of_2_duplicates;renamed
,Fireline Cannabis Live Resin Skatalite - 1g,Fireline Cannabis Skatalite Live Resin 1g,no_vendor_column;no_cannabinoid_columns;renamed
,Deaux Pre-roll Whiskered Tree Swift 1.2g,Deaux Whiskered Tree Swift Pre-roll 1.2g,no_vendor_column;no_cannabinoid_columns;renamed
,High End Farms Pre-roll Sour Tangie - 1g,High End Farms Sour Tangie Pre-roll 1g,no_vendor_column;no_cannabinoid_columns;master_of_2_duplicates;renamed
,Heavenly Buds Pre-roll Papaya Melonz #7 - 5g,Heavenly Buds Papaya Melonz 7 Pre-roll 5g,no_vendor_column;no_cannabinoid_columns;renamed
,FDG Flower Chem Trailz - 7g,Fdg Chem Trailz Flower 7g,no_vendor_column;no_cannabinoid_columns;renamed
,Canna Whupass - CW Vape Cartridge - Washington Apple - Mixed - 1g,Canna Organix Wa Apple Cartridge 1g,no_vendor_column;no_cannabinoid_columns;master_of_2_duplicates;renamed
,Full Spec Cadet Cartridge Purple Punch (I),Full Spec Purple Punch Cartridge 1g,no_vendor_column;no_cannabinoid_columns;master_of_2_duplicates;renamed
,MAJOR Tall - 6.7oz - Atomic Apple 100mg THC,Evergreen Herbal Atomic Apple Beverage 6.7floz,no_vendor_column;no_cannabinoid_columns;master_of_2_duplicates;renamed
,Green Revolution Topical Solace - 3oz,Green Revolution Solace Topical 3oz,no_vendor_column;no_cannabinoid_columns;renamed
,Ooowee - 5/1G Infused PreRoll - Super Lemon Haze - 5g,Ooowee Super Lemon Haze Infused Pre-roll 5g,no_vendor_column;no_cannabinoid_columns;master_of_2_duplicates;renamed
,HiKu - DOH DIST - Passion Orange Guava - HiKu 1oz Tincture - Passion Orange Guava - 30g,Seattle Bubble Works Passion Orange Guava Tincture 1floz,no_vendor_column;no_cannabinoid_columns;master_of_2_duplicates;renamed
,Stingers - 2pk .5g Pre-Rolls - Cinderella 99 - 1g,Stinger Cinderella 99 Infused Pre-roll 1g,no_vendor_column;no_cannabinoid_columns;master_of_2_duplicates;renamed
,Kelso Kandy-Infused pre-roll-Blue Hawaiian-.8g,Clarity Farms Blue Hawaiian Infused Pre-roll 0.88g,no_vendor_column;no_cannabinoid_columns;master_of_2_duplicates;renamed
,.5g Isolated Pre-Rolled Cones 6pk - Isolated Blue Dream Pre-Rolled Cones - 3g,Trichome Blue Dream Infused Pre-roll 3g,no_vendor_column;no_cannabinoid_columns;master_of_2_duplicates;renamed
,Green Reaper Live Resin Badder - Snoops Dream - 1g,Green Reaper Snoop's Dream Badder 1g,no_vendor_column;no_cannabinoid_columns;master_of_2_duplicates;renamed
,Canna Organix Sauced & Tossed Zkittlez - 1g,Canna Organix Zkittlez Infused Pre-roll 1g,no_vendor_column;no_cannabinoid_columns;renamed
,Canna Whupass - CW Vape Cartridge - Peach Ringz - Mixed - 1g,Canna Organix Peach Ringz Cartridge 1g,no_vendor_column;no_cannabinoid_columns;master_of_2_duplicates;renamed
,Canna Organix - Custard - Lemon Cherry Gelato - 1g,Canna Organix Lemon Cherry Gelato Bho 1g,no_vendor_column;no_cannabinoid_columns;master_of_2_duplicates;renamed
,Fine Detail Greenway-Pre-Roll-Melonoz-Hybrid 50/50-1g,Fine Detail Greenway Melonoz Pre-roll 1g,no_vendor_column;no_cannabinoid_columns;master_of_2_duplicates;renamed
,tasty tokes Infused Pre-roll Orange Creamsicle - 0.80g,Tasty Tokes Orange Creamsicle Infused Pre-roll 0.8g,no_vendor_column;no_cannabinoid_columns;renamed
,Freddy's Fuego Pirate Crystals - Lemon Shortbread - 1g,Freddy's Fuego Lemon Shortbread Sugar 1g,no_vendor_column;no_cannabinoid_columns;master_of_2_duplicates;renamed
,Torus Flower Cherry Amaretto 3.5g,Torus Cherry Amaretto Flower 3.5g,no_vendor_column;no_cannabinoid_columns;master_of_2_duplicates;renamed
,Skord Flower- Mintwoods - 03.5g,Skord Mintwoods Flower 3.5g,no_vendor_column;no_cannabinoid_columns;master_of_2_duplicates;renamed
,Diamond Dusted Pre-Roll - Donut Resin DDP - 1g,Trichome Donut Resin Infused Pre-roll 1g,no_vendor_column;no_cannabinoid_columns;master_of_3_duplicates;renamed
,Phat Panda Flower Powdered Donut- 3.5g,Phat Panda Powdered Donut Flower 3.5g,no_vendor_column;no_cannabinoid_columns;master_of_2_duplicates;renamed
,Ooowee - JUICED 5/1G Infused PreRoll - Ooowee - Sticky Melon - Gusherlicious - 5g,Ooowee Gusherlicious Infused Pre-roll 5g,collapsed_duplicate;merged_into_master
,Hellavated Juicy Stickz Pre-Roll 5 Pack - Blueberry Dream - 3.75 grams,Hellavated Blueberry Dream Infused Pre-roll 3.75g,no_vendor_column;no_cannabinoid_columns;renamed
,SELECT Batter - Alley Oop - 1g,Sub X Alley Oop Badder 1g,no_vendor_column;no_cannabinoid_columns;master_of_2_duplicates;renamed
,hashbreak - Pre Rolls (Infused) - Wild Berry Punch - 1g,Torus Wild Berry Punch Infused Pre-roll 1g,no_vendor_column;no_cannabinoid_columns;master_of_2_duplicates;renamed
,Sativa - Gusherz Snickle Fritz AIO,Phat Panda Gusherz Disposable Cartridge 1g,no_vendor_column;no_cannabinoid_columns;master_of_2_duplicates;renamed
,Pastime Liquid Diamonds Disposable Vape - Sativa - Grape Taffy - 1g,Pastime Grape Taffy Disposable Cartridge 1g,no_vendor_column;no_cannabinoid_columns;master_of_2_duplicates;renamed
,Super Lemon Haze 3.5G,Soulshine Super Lemon Haze Flower 3.5g,no_vendor_column;no_cannabinoid_columns;master_of_2_duplicates;renamed
,SuperMegaBussin - BHO - Conejito - 1g,2727 Conejito Bho 1g,no_vendor_column;no_cannabinoid_columns;master_of_2_duplicates;renamed
,SPR - 2pk Joint Box (2g) - Pure Krush,Spr Pure Krush Pre-roll 1g,no_vendor_column;no_cannabinoid_columns;master_of_2_duplicates;renamed
,Hustler's Ambition - Preroll Packs - Green Goblin - (0.5gx7),Local Farmers Green Goblin Pre-roll 3.5g,no_vendor_column;no_cannabinoid_columns;master_of_2_duplicates;renamed
,Doozies - Peach 1:1 ELEVATE 10 Pack (80g) (100mg CBD;100mg THC),Doozies Peach Edible 1g,no_vendor_column;no_cannabinoid_columns;renamed
,DBG 1g - Robots (Harmony) & Gelato Cookie Kush (Inland Desert) (H) DOH,Dbg Robots Gelato Cookie Kush Infused Pre-roll 1g,no_vendor_column;no_cannabinoid_columns;renamed
,Heavenly Buds - Bubble Hash - Strawberry Bubbles DOH - 1g,Heavenly Buds Strawberry Bubbles Bubble Hash 1g,no_vendor_column;no_cannabinoid_columns;master_of_2_duplicates;renamed
,ThunderChief - Pre-Rolls 5x0.5g TC - Florida Man - 2.5g,Thunder Chief Floridaman Pre-roll 2.5g,no_vendor_column;no_cannabinoid_columns;master_of_2_duplicates;renamed
,Creamsicle Slush [1g] [All-In-One],Lifted Creamsicle Disposable Cartridge 1g,no_vendor_column;no_cannabinoid_columns;master_of_2_duplicates;renamed
,Seattle Bubble Works- Blunt Bomb - GMO (I) - 4g,Gmo Infused Blunt 4g,no_vendor_column;no_cannabinoid_columns;master_of_2_duplicates;renamed
,Honey Stixx - 2Pk - Crystal - God's Gifts X Permafrost,Honey Stixx God's Gifts X Permafrost Infused Pre-roll 1g,no_vendor_column;no_cannabinoid_columns;master_of_2_duplicates;renamed
,Seattle Bubble Works Joint - Trainwreck (S) - 5g,Sitka Trainwreck Pre-roll 5g,no_vendor_column;no_cannabinoid_columns;master_of_2_duplicates;renamed
,1937 - 7g Regular Buds - Grape Mochi - 7g,1937 Grape Mochi Flower 7g,no_vendor_column;no_cannabinoid_columns;master_of_2_duplicates;renamed
,Incredibulk-Cartridge-Amnesia Haze-1g,Clarity Farms Amnesia Haze Cartridge 1g,no_vendor_column;no_cannabinoid_columns;master_of_3_duplicates;renamed
,FLOWER - SPRINKLES - 3.5g,Downtown Sprinkles Flower 3.5g,no_vendor_column;no_cannabinoid_columns;master_of_2_duplicates;renamed
,Phat Panda Bone Collector 1g Preroll,Phat Panda Bone Collector Pre-roll 1g,no_vendor_column;no_cannabinoid_columns;master_of_2_duplicates;renamed
,Collections - T2 - Hash Rosin - Xeno - 1g,Fugu Farms Xeno Rosin 1g,no_vendor_column;no_cannabinoid_columns;master_of_2_duplicates;renamed
,Gelato Cake - 1g - Live Resin Cartridge,Mama J's Gelato Cake Cartridge 1g,no_vendor_column;no_cannabinoid_columns;master_of_2_duplicates;renamed
,Torus Rosin cantucci - 1g,Torus Cantucci Rosin 1g,no_vendor_column;no_cannabinoid_columns;renamed
,Flower - Heladosa - 1g,Sky High Gardens Heladosa Flower 1g,no_vendor_column;no_cannabinoid_columns;master_of_2_duplicates;renamed
,High Hemp Blunt Wrap Maui Mango,High Hemp Blunt Wrap Maui Mango,no_vendor_column;no_cannabinoid_columns;noncannabis_cleaned_original_name
,M80 Dynalite Infused Pre-roll Twizzle Dance - 3g,M80 Dynalite Twizzle Dance Infused Pre-roll 3g,no_vendor_column;no_cannabinoid_columns;renamed
,Cured Resin Blunt - Tamalez - 2g,Fire Bros Tamalez Infused Blunt 2g,no_vendor_column;no_cannabinoid_columns;master_of_2_duplicates;renamed
,Thunder Stix - Tilted-DOH-Glass Tip Preroll (1.2g) / Spritzer (H),Tilted Spritzer Infused Pre-roll 1.2g,no_vendor_column;no_cannabinoid_columns;master_of_2_duplicates;renamed
,Canna Organix - Liquid Diamond's Live Resin Cartridge - Cereal Milk - 1g,Canna Organix Cereal Milk Cartridge 1g,no_vendor_column;no_cannabinoid_columns;master_of_2_duplicates;renamed
,Deaux Pre-roll Pompadour Contiga 1.2g,Deaux Pompadour Cotinga Pre-roll 1.2g,no_vendor_column;no_cannabinoid_columns;renamed
,Swifts Edibles - Choc Cov-Sand Cookie-100mg - Hybrid - 60g,Swifts Hybrid Chocolate 60g,no_vendor_column;no_cannabinoid_columns;renamed
,Legacy-Infused Pre-roll-2pk Pink Runtz-1g,Legacy Organics Pink Runtz Infused Pre-roll 1g,no_vendor_column;no_cannabinoid_columns;master_of_2_duplicates;renamed
,Evergreen Herbal Rosin Day w/ CBG,Evergreen Herbal Day Rosin 1g,no_vendor_column;no_cannabinoid_columns;renamed
,MFUSED Cartridge Galactic Grape 1g Tank,Mfused Galactic Glue Cartridge 1g,no_vendor_column;no_cannabinoid_columns;renamed
,Fine Detail Greenway-Flower-White Tahoe Cookies-Indica Dominant-7g,Fine Detail Greenway White Tahoe Cookies Flower 7g,no_vendor_column;no_cannabinoid_columns;master_of_2_duplicates;renamed
,Heavenly Buds pre-roll Papaya Melonz #7 DOH - 1g,Heavenly Buds Papaya Melonz 7 Pre-roll 1g,no_vendor_column;no_cannabinoid_columns;master_of_2_duplicates;renamed
,Zoots - Gummies - REST - CBN 2:1 - Hibiscus Guava Honey,Zoots Hibiscus Gummies 40g,no_vendor_column;no_cannabinoid_columns;master_of_3_duplicates;renamed
,2727 - Vape Cart - 2727 - Ice Cream Cake - 1g,2727 Ice Cream Cake Cartridge 1g,no_vendor_column;no_cannabinoid_columns;master_of_2_duplicates;renamed
,Packaged Flower - GG #4 - 3.5g,Fdg Gg 4 Flower 3.5g,no_vendor_column;no_cannabinoid_columns;master_of_2_duplicates;renamed
,Trichome Raw Flower - June Plum - 3.5g,Trichome June Plum Flower 3.5g,no_vendor_column;no_cannabinoid_columns;master_of_2_duplicates;renamed
,Sub X Pre-Roll - Citrus Rain - 2pk,Sub X Citrus Rain Pre-roll 1g,no_vendor_column;no_cannabinoid_columns;master_of_2_duplicates;renamed
,Second Nature Infused Pre-roll BOTTOMLESS MIMOSA BOMBER - 5g,Second Nature Bottomless Mimosa Infused Pre-roll 5g,no_vendor_column;no_cannabinoid_columns;renamed
,Trichome Infused Pre-roll Super Lemon Haze - 1g,Trichome Super Lemon Haze Infused Pre-roll 1g,no_vendor_column;no_cannabinoid_columns;master_of_3_duplicates;renamed
,SPR - Bahama Mama - 3.5g,Seattle's Private Reserve Bahama Mama Flower 3.5g,no_vendor_column;no_cannabinoid_columns;renamed
,Melted Diamond Badder - Banana Clips - 1g,Melted Banana Clips Badder 1g,no_vendor_column;no_cannabinoid_columns;master_of_2_duplicates;renamed
,Moonshot Hash Rosin Beverage Green Apple - 1.7oz,Moonshot Hash Rosin Green Apple Beverage 1.7floz,no_vendor_column;no_cannabinoid_columns;renamed
,House of Cultivar Grand Cru Flower Raunchy Runtz - 3.5g,House Of Cultivar Grand Cru Raunchy Runtz Flower 3.5g,no_vendor_column;no_cannabinoid_columns;renamed
,Freddy's Fuego Flower - Dantes Inferno - 3.5g (Legacy),Freddy's Fuego Dante's Inferno Flower 3.5g,no_vendor_column;no_cannabinoid_columns;master_of_2_duplicates;renamed
,Permanent Push Pop SugarStix [1g],Lifted Permanent Push Pop Infused Pre-roll 1g,no_vendor_column;no_cannabinoid_columns;master_of_2_duplicates;renamed
,RSO - LA Kush Cake - 1g,Trichome Kush Cake RSO 1g,no_vendor_column;no_cannabinoid_columns;master_of_2_duplicates;renamed
,Platinum Flower (Trophy Wife - Platinum Line/7g),Phat Panda Trophy Wife Flower 7g,no_vendor_column;no_cannabinoid_columns;master_of_2_duplicates;renamed
,DST CART 1g WALCOZY - Northern Lights #5 DOH,Walden North Light 5 Cartridge 1g,no_vendor_column;no_cannabinoid_columns;master_of_2_duplicates;renamed
,M80 Dynalite 1/2g Dutch Treat (Harmony) & Blueberry (Sativa Group / PR) (I),Picc Dutch Treat Infused Pre-roll 1.5g,no_vendor_column;no_cannabinoid_columns;renamed
,Applesauce AIO - BlackScotti - 1g,Trichome Blackscotti Disposable Cartridge 1g,no_vendor_column;no_cannabinoid_columns;master_of_2_duplicates;renamed
,Honey Stixx - 2Pk - Crystal - Peach Crescendo X Strawberry Banana,Honey Stixx Peach Crescendo X Strawberry Banana Infused Pre-roll 1g,no_vendor_column;no_cannabinoid_columns;master_of_2_duplicates;renamed
,Super Mega Bussin' - Disposable - SMB - Gelato Runtz - 1g,Gelato Runtz Disposable Cartridge 1g,no_vendor_column;no_cannabinoid_columns;master_of_2_duplicates;renamed
,Stingers - 5pk .5g Pre-Rolls - Durban Poison - 2.5g,Stinger Durban Poison Infused Pre-roll 2.5g,no_vendor_column;no_cannabinoid_columns;master_of_2_duplicates;renamed
,Sky High Gardens Rosin Sundae Ecstacy 1g,Sky High Gardens Sundae Ecstacy Rosin 1g,no_vendor_column;no_cannabinoid_columns;renamed
,Liquid Diamond Disposables - Jacuzzi - 1g,Svin Jacuzzi Disposable Cartridge 1g,no_vendor_column;no_cannabinoid_columns;master_of_2_duplicates;renamed
,Uninfused 1g Pot of Gold - Crumpets (S),Picc Crumpets Pre-roll 1g,no_vendor_column;no_cannabinoid_columns;renamed
,Green Reaper - Indoor Popcorn Flower - Popscottie - 14g,Green Reaper Popscottie Flower 14g,no_vendor_column;no_cannabinoid_columns;master_of_2_duplicates;renamed
,High Tide Flower Lemon Cherry Rocket - 1g,Hightide Lemon Cherry Rocket Flower 1g,no_vendor_column;no_cannabinoid_columns;renamed
,Get Bent Flower / Black Mamba - 3.5g,Get Bent Black Mamba Flower 3.5g,no_vendor_column;no_cannabinoid_columns;master_of_2_duplicates;renamed
,Ooowee - Pre-Roll Digital Hash Hole - Ooowee Marker - 0.75g,Ooowee Ooowee Marker Infused Pre-roll 0.75g,no_vendor_column;no_cannabinoid_columns;master_of_2_duplicates;renamed
,2727 - BHO - Candy Runtz - 1g,2727 Candy Runtz Bho 1g,no_vendor_column;no_cannabinoid_columns;master_of_2_duplicates;renamed
,Fire Bros Pre-roll Variety Pack 2.5g,Fire Bros Variety Pack 1 Pre-roll 2.5g,no_vendor_column;no_cannabinoid_columns;renamed
,Ooowee - JUICED 5/1G Infused PreRoll - Blueberry Dream - Sour Gum - 5g,Ooowee Sour Gum Infused Pre-roll 5g,no_vendor_column;no_cannabinoid_columns;renamed
,Torus - Flower - Guava Tart - 3.5g,Torus Guava Tart Flower 3.5g,no_vendor_column;no_cannabinoid_columns;master_of_2_duplicates;renamed
,Lifted Luxury  Flower Electric Peanut Butter Cookies - 3.5g,Lifted Luxury Electric Peanut Butter Cookies Flower 3.5g,no_vendor_column;no_cannabinoid_columns;renamed
,Torus - Flower - Cereal Milk #6 - 28g,Torus Cereal Milk Flower 28g,no_vendor_column;no_cannabinoid_columns;master_of_2_duplicates;renamed
,ThunderChief - Flower 3.5g TC - Hawaiian Rain - 3.5g,Thunder Chief Hawaiian Rain Flower 3.5g,no_vendor_column;no_cannabinoid_columns;master_of_2_duplicates;renamed
,DBG Infused Pre-roll Alien OG x Mega Glue - 0.5g,Dbg Alien Og X Mega Glue Infused Pre-roll 0.5g,no_vendor_column;no_cannabinoid_columns;renamed
,Canna Cantina Shot - Lime - 100mg - DOH,Constellation Lime Shots 1floz,no_vendor_column;no_cannabinoid_columns;master_of_2_duplicates;renamed
,Twisted Disposable Cartridge Purple Washington Apple Bowl - 1g,Twisted Purple Washington Apple Bowl Disposable Cartridge 1g,no_vendor_column;no_cannabinoid_columns;renamed
,Capsules RSO Original - Purple Cadillac - CBN - DOH+,Skagit Organics Purple Cadillac Capsule 4.5g,no_vendor_column;no_cannabinoid_columns;renamed
,Torus - Pre-Rolls - Lemon Heads #3 - 1g,Torus Lemon Heads Pre-roll 1g,no_vendor_column;no_cannabinoid_columns;renamed
,Luxor Cured [1g] [All-In-One],Lifted Cannabis Luxor Disposable Cartridge 1g,no_vendor_column;no_cannabinoid_columns;master_of_2_duplicates;renamed
,Suspended Flower Super Boof -7g,Suspended Super Boof Flower 7g,no_vendor_column;no_cannabinoid_columns;master_of_2_duplicates;renamed
,Ooowee - JUICED 5/1G Infused PreRoll - Seattle Strawberry Cough - Seattle Strawberry Cough - 5g,Ooowee Seattle Strawberry Cough Infused Pre-roll 5g,no_vendor_column;no_cannabinoid_columns;master_of_2_duplicates;renamed
,Sativa - Maui Wowie Panda Pen - 3pk,Phat Panda Maui Wowie Cartridge 3g,no_vendor_column;no_cannabinoid_columns;master_of_2_duplicates;renamed
,Fruit Loop Haze - 1g - Live Resin Disposable,Mama J's Fruit Loops Haze Disposable Cartridge 1g,no_vendor_column;no_cannabinoid_columns;master_of_2_duplicates;renamed
,BFF All In One Baby Shark - 1g,Buddies Baby Shark Disposable Cartridge 1g,no_vendor_column;no_cannabinoid_columns;renamed
,Royal Blunt Wraps Naked,Royal Blunt Wraps Naked,no_vendor_column;no_cannabinoid_columns;noncannabis_cleaned_original_name
,Downtown flower sour kush 3.5g,Downtown Sour Kush Flower 3.5g,no_vendor_column;no_cannabinoid_columns;renamed
,K-Savage Pre-roll Blue Note,K Savage Blue Note Pre-roll 1g,no_vendor_column;no_cannabinoid_columns;master_of_2_duplicates;renamed
,".75g Trichome InTERPreter Pre-Rolls, 2ct - Bubble Bath+TD - 1.5g",Trichome Bubble Bath + Grb Infused Pre-roll 1.5g,no_vendor_column;no_cannabinoid_columns;master_of_2_duplicates;renamed
,Ceres Balls Sativa Dragon Balls - 2.00oz,Ceres Sativa Dragon Balls Balls 2oz,no_vendor_column;no_cannabinoid_columns;renamed
,Seattle Bubble Works Hash Blunt - Super Boof (H) - 0.75g,Superboof Blunt 0.75g,no_vendor_column;no_cannabinoid_columns;master_of_2_duplicates;renamed
,2pk Joints - Strawberry Gary - 2g,Greenleaf Mj Strawberry Gary Pre-roll 2g,no_vendor_column;no_cannabinoid_columns;master_of_2_duplicates;renamed
,Wyld Gummies Grapefruit 1:1:1 THC:CBG:CBC Sativa - 1.4oz,Wyld Grapefruit Gummies 1.4oz,no_vendor_column;no_cannabinoid_columns;renamed
,Fire Bros Live Resin Dixie Kong CBDabs - 2g,Fire Bros Dixie Kong Bho 2g,no_vendor_column;no_cannabinoid_columns;renamed
,Suspended THC ICEBERG Superboof- 1g,Suspended Super Boof Moon Rocks 1g,no_vendor_column;no_cannabinoid_columns;master_of_2_duplicates;renamed
,Micro Bar The Capsule Collection Disposable Cartridge Watermelon OG - 1g,Micro Bar The Capsule Collection Watermelon Og Disposable Cartridge 1g,no_vendor_column;no_cannabinoid_columns;renamed
,Journeyman 50:1 Sour Strawberry CBD Jellies,Journeyman Sour Strawberry Gummies 85g,no_vendor_column;no_cannabinoid_columns;master_of_2_duplicates;renamed
,Ooowee - 5/1g Pre-Roll - Ooowee - FaceLock - 5g,Ooowee Facelock Pre-roll 5g,no_vendor_column;no_cannabinoid_columns;renamed
,Dougie Blunts - Sour Beltz - 1 gram,Avitas Sour Beltz Infused Blunt 1g,no_vendor_column;no_cannabinoid_columns;master_of_2_duplicates;renamed
,The Collective - PreRoll - 1g - Ghost Ship,Local Farmers Ghost Ship Pre-roll 1g,no_vendor_column;no_cannabinoid_columns;renamed
,Hustler's Ambition - Preroll Packs - (Tropic Truffle 1gx1),Hustler's Ambition Tropic Truffle Pre-roll 1g,no_vendor_column;no_cannabinoid_columns;master_of_2_duplicates;renamed
,Lifted Flower Wedding Cake - 3.5g,Lifted Wedding Cake Flower 3.5g,no_vendor_column;no_cannabinoid_columns;master_of_3_duplicates;renamed
,Applesauce AIO - Mule Fuel - 1g,Trichome Mule Fuel Disposable Cartridge 1g,no_vendor_column;no_cannabinoid_columns;master_of_2_duplicates;renamed
,Live Hash Rosin - Pure Buttafingaz (S) - 01g,Fireline Pure Buttafingaz Rosin 1g,no_vendor_column;no_cannabinoid_columns;master_of_2_duplicates;renamed
,Refine CCELL® FULL SPEC Disposable Bar - 1g - Kush Mintz [ I ],Refine Kush Mintz Disposable Cartridge 1g,no_vendor_column;no_cannabinoid_columns;master_of_2_duplicates;renamed
,SIGNATURE Flower - Gelly Rain - 1g,Subx Gelly Rain Flower 1g,no_vendor_column;no_cannabinoid_columns;master_of_2_duplicates;renamed
,Ooowee - Hydrocarbon Concentrate - Cheat Code - 1g,Ooowee Cheat Code Bho 1g,no_vendor_column;no_cannabinoid_columns;master_of_2_duplicates;renamed
,Ceres Capsule Lifted Sativa - 0.176oz,Ceres Lifted Sativa Capsule 0.176oz,no_vendor_column;no_cannabinoid_columns;renamed
,Freddy's Fuego Liquid Gold Cartridge - Tiger's Blood- 1g,Freddy's Fuego Tigers Blood Cartridge 1g,no_vendor_column;no_cannabinoid_columns;master_of_2_duplicates;renamed
,Disposable CBD Platinum - Harlequin - 5:1 - Sativa - 1g,Skagit Organics Harlequin Disposable Cartridge 1g,no_vendor_column;no_cannabinoid_columns;master_of_2_duplicates;renamed
,Mad Mark disposable vape - mad gelato 1g,Mad Mark Mad Gelato Disposable Cartridge 1g,no_vendor_column;no_cannabinoid_columns;master_of_2_duplicates;renamed
,J-HR-100PJ - Journeyman Hash Pineapple Jellies (100mg THC),Journeyman Pineapple Gummies 85g,no_vendor_column;no_cannabinoid_columns;master_of_2_duplicates;renamed
,FL BAG 28g sCrest - Dutchberry,Cascade Crest Dutchberry Flower 28g,no_vendor_column;no_cannabinoid_columns;master_of_2_duplicates;renamed
,Cormorant - 4 oz Cherry Lemonade Sorbet 100 mg - 100 mg - 100ml,Cormorant Edibles Cherry Lemonade Edible 4oz,no_vendor_column;no_cannabinoid_columns;master_of_2_duplicates;renamed
,Budz Bud White Critical Kush 3.5g,Budz Bud White Critical Kush Flower 3.5g,no_vendor_column;no_cannabinoid_columns;master_of_2_duplicates;renamed
,"Tilted[ThunderStixx]-Infused Pre-roll-Toad Venom-1,2g",Tilted Toad Venom Infused Pre-roll 1.2g,no_vendor_column;no_cannabinoid_columns;master_of_2_duplicates;renamed
,Heavenly Buds - Flower - Strawberry Candy DOH - 1g,Heavenly Buds Strawberry Candy Flower 1g,no_vendor_column;no_cannabinoid_columns;master_of_2_duplicates;renamed
,Const INF 2pk 1g - Coffee Creamer,Constellation Coffee Creamer Pre-roll 1g,no_vendor_column;no_cannabinoid_columns;master_of_2_duplicates;renamed
,Fire Bros-Infused Blunt-Crepe Ape-2g,Fire Bros Crepe Ape Infused Blunt 2g,no_vendor_column;no_cannabinoid_columns;master_of_2_duplicates;renamed
,Stingers -pre roll Blue Frost - 1g,Stingers Blue Frost Cartridge 1g,no_vendor_column;no_cannabinoid_columns;renamed
,FDG Pre-Rolls - Lime Slapz - 2pk (0.5g x 2),Fdg Lime Slapz Pre-roll 1g,no_vendor_column;no_cannabinoid_columns;master_of_2_duplicates;renamed
,Full Flower Little Snappers - Strawberry Banana Zkittles - 2pk (2x0.5g),Heavenly Buds Strawberry Banana Zkittles Pre-roll 1g,no_vendor_column;no_cannabinoid_columns;master_of_2_duplicates;renamed
,Flower - Super mac - 3.5g,Mz. A Super Mac Flower 3.5g,no_vendor_column;no_cannabinoid_columns;master_of_2_duplicates;renamed
,Green Revolution Beverage Wildside Shot Orange Cream MAX 1:1 CBC - 2oz,Green Revolution Wildside Shot Orange Cream Max 1:1 CBC Beverage 2floz,no_vendor_column;no_cannabinoid_columns;renamed
,Ceres Capsules Immune Boost,Ceres Immune Boost Capsule 5g,no_vendor_column;no_cannabinoid_columns;renamed
,Gushy Enhanced Dab - 1g / Fruit Cereal (I),Tilted Fruit Cereal Badder 1g,no_vendor_column;no_cannabinoid_columns;master_of_2_duplicates;renamed
,Const Cold Cure 1g - GMO Pie,Constellation Gmo Pie Rosin 1g,no_vendor_column;no_cannabinoid_columns;master_of_2_duplicates;renamed
,Fire Bros-Live Resin Cartridge-Crepe Ape-1g,Fire Bros Crepe Ape Live Resin 1g,no_vendor_column;no_cannabinoid_columns;master_of_2_duplicates;renamed
,Mama J's Pre-roll Apple Fritter - 3.5g,Mama J's Apple Fritter Pre-roll 3.5g,no_vendor_column;no_cannabinoid_columns;renamed
,Cannabis Northwest - Flower - Black Mamba - 28g,Cannabis Northwest Black Mamba Flower 28g,no_vendor_column;no_cannabinoid_columns;master_of_2_duplicates;renamed
,The People's Flower GG#4 - 3.5g,The People's Gg 4 Flower 3.5g,no_vendor_column;no_cannabinoid_columns;master_of_2_duplicates;renamed
,Flower 3.5g / Gorilla Glue #4,Coastal Growers Gg4 Flower 3.5g,no_vendor_column;no_cannabinoid_columns;master_of_2_duplicates;renamed
,Original - Live Resin 510 Vape - High Potency - NYC Diesel - Hybrid - 1mL,Bodhi High Nyc Diesel Cartridge 1g,no_vendor_column;no_cannabinoid_columns;master_of_4_duplicates;renamed
,Mfused Disposable Cartridge Lemon Cherry Gelato - 1g,Mfused Lemon Cherry Gelato Disposable Cartridge 1g,collapsed_duplicate;merged_into_master
,Refine LOUD ROSIN - Yuck Mouth,Refine Yuck Mouth Rosin 1g,no_vendor_column;no_cannabinoid_columns;master_of_2_duplicates;renamed
,Lifted Cannabis-Disposable Cartridge-Cured Malibu Marker-1g,Lifted Malibu Marker Disposable Cartridge 1g,collapsed_duplicate;merged_into_master
,Ceres Edible Dragon Ball Sativa - 2oz,Ceres Dragon Ball Sativa Edible 2oz,no_vendor_column;no_cannabinoid_columns;renamed
,Lookah Q7 E nail,Lookah Q7 E Nail,no_vendor_column;no_cannabinoid_columns;noncannabis_cleaned_original_name
,SUBX [DOH] SUPREME Flower - SubZero - 1g,Subx Sub Zero Pre-roll 1g,no_vendor_column;no_cannabinoid_columns;master_of_2_duplicates;renamed
,Hellavated infused pre-roll Peach Cobbler,Hellavated Peach Cobbler Infused Pre-roll 0.75g,no_vendor_column;no_cannabinoid_columns;renamed
,Stinger Cartridge - 1g Cartridge - Permanent Marker - 1g,Stingers Permanent Marker Cartridge 1g,no_vendor_column;no_cannabinoid_columns;master_of_2_duplicates;renamed
,Super Fog - Loud - Ion - 1g (1pk) - Strawberry Kush - SAT - Kush,Mfused Strawberry Kush Cartridge 1g,no_vendor_column;no_cannabinoid_columns;master_of_2_duplicates;renamed
,Refine LOUD RESIN x House of Cultivar - Papaya Crush - 1g,Refine Papaya Crush Loud Resin 1g,no_vendor_column;no_cannabinoid_columns;master_of_2_duplicates;renamed
,Colors - GloRilla - 1g - Joint,Colors By Cultivar Glorilla Pre-roll 1g,no_vendor_column;no_cannabinoid_columns;renamed
,Thrills Cartridge sugar Cookies,Thrills Sugar Cookies Cartridge 1g,no_vendor_column;no_cannabinoid_columns;master_of_2_duplicates;renamed
,SUPREME Live Diamond Disposable - Super Boof - 1g,Subx Super Boof Disposable Cartridge 1g,no_vendor_column;no_cannabinoid_columns;master_of_2_duplicates;renamed
,Stingers - 2pk .5g Liquid Diamonds Pre-Rolls - Memory Loss - 1g,Stingers Memory Loss Infused Pre-roll 1g,no_vendor_column;no_cannabinoid_columns;master_of_2_duplicates;renamed
,Moroccan Peaches Live Resin [1g] [All-In-One],Lifted Moroccan Peaches Disposable Cartridge 1g,no_vendor_column;no_cannabinoid_columns;master_of_2_duplicates;renamed
,Tilted-Flower-GMO Mind Flayer-7g,Tilted Gmo Mindflayer Flower 7g,no_vendor_column;no_cannabinoid_columns;master_of_2_duplicates;renamed
,Wyld Gummies Blood Orange 1:1 CBC - 1.4oz,Wyld Blood Orange Gummies 1.4oz,no_vendor_column;no_cannabinoid_columns;renamed
,Torpedo Cannagar - Blue Dream - 3.5g,Frosted Cannabis Blue Dream Pre-roll 3.5g,no_vendor_column;no_cannabinoid_columns;master_of_2_duplicates;renamed
,ThunderChief - Flower 3.5g TC - Butter - 3.5g,Thunder Chief Butter Flower 3.5g,no_vendor_column;no_cannabinoid_columns;master_of_2_duplicates;renamed
,Heavenly Buds Flower - Huckleberry Pie - 3.5g,Heavenly Buds Huckleberry Pie Flower 3.5g,no_vendor_column;no_cannabinoid_columns;master_of_2_duplicates;renamed
,Trichome Applesauce Cart - Permanent Scented Marker - 1g,Trichome Permanent Scented Marker Cartridge 1g,no_vendor_column;no_cannabinoid_columns;master_of_2_duplicates;renamed
,Hustler's Ambition - Cartridge - Snow Cone - 1g,Hustler's Ambition Snow Cone Cartridge 1g,no_vendor_column;no_cannabinoid_columns;master_of_2_duplicates;renamed
,Tasty Terps - TC ICE CART 1g - Strawberry Ice - 1g,Clarity Farms Strawberry Ice Cartridge 1g,no_vendor_column;no_cannabinoid_columns;master_of_2_duplicates;renamed
,Retail Packaged  Amarena de Limón - 3.5g,Royal Kind Amarena De Limón Flower 3.5g,no_vendor_column;no_cannabinoid_columns;master_of_2_duplicates;renamed
,fire bros silver Live Resin Lemon Slushee - 1g,Fire Bros Silver Lemon Slushee Live Resin 1g,no_vendor_column;no_cannabinoid_columns;renamed
,Major Beverage Pink Lemonade - 6.7oz,Major Pink Lemonade Beverage 6.7floz,no_vendor_column;no_cannabinoid_columns;renamed
,GE Dab - Grape Stomper - 1g (S),Agro Couture Grape Stomper Bho 1g,no_vendor_column;no_cannabinoid_columns;master_of_2_duplicates;renamed
,Green Revolution: Beverage Wildside Blackberry Lemonade 2:1 CBD - 12oz,Green Revolution: Blackberry Lemonade Beverage 12floz,no_vendor_column;no_cannabinoid_columns;renamed
,SMC - Shatter J LITE - Flavored Joint - Washington Apple - 1g,Shatter J's Washington Apple Pre-roll 1g,no_vendor_column;no_cannabinoid_columns;master_of_2_duplicates;renamed
,Fire Bros-Flower-Tamalez-3.5g,Fire Bros Tamalez Flower 3.5g,no_vendor_column;no_cannabinoid_columns;master_of_2_duplicates;renamed
,Fugu - T1 - Hash Rosin - Xeno Punch - (DOH) - 1g,Fugu Farms Xeno Punch Hash Rosin 1g,no_vendor_column;no_cannabinoid_columns;master_of_2_duplicates;renamed
,mfused disposable Cartridge Blue Zushi,Mfused Blue Zushi Disposable Cartridge 1g,no_vendor_column;no_cannabinoid_columns;renamed
,Thrills - FlavorStrains - Cartridge - 1g - (C6)(S) Sweet Island Skunk,Thrills Sweet Island Skunk Cartridge 1g,no_vendor_column;no_cannabinoid_columns;master_of_3_duplicates;renamed
,Hustler's Ambition Flower (Black Cherry Gelato 3.5g),Mama J's Black Cherry Gelato Flower 3.5g,no_vendor_column;no_cannabinoid_columns;master_of_2_duplicates;renamed
,Ooowee - 5/1G Infused PreRoll - Cheat Code - 5g,Ooowee Cheat Code Infused Pre-roll 5g,no_vendor_column;no_cannabinoid_columns;master_of_2_duplicates;renamed
,Journeyman Pineapple Hash Rosin Lemonade,Journeyman Pineapple Beverage 2floz,no_vendor_column;no_cannabinoid_columns;master_of_2_duplicates;renamed
,SPR - Cali Glow - 1g,Spr Cali Glow Flower 1g,no_vendor_column;no_cannabinoid_columns;master_of_2_duplicates;renamed
,Mad Mark pho Amnesia Haze 1g,Mad Mark Amnesia Haze Bho 1g,no_vendor_column;no_cannabinoid_columns;master_of_2_duplicates;renamed
,RPG - 510 Cartridge - Cured Resin - Gushers - 1g,Cormorant Edibles Gushers Cartridge 1g,no_vendor_column;no_cannabinoid_columns;master_of_2_duplicates;renamed
,Neon Nectar Bong Buddies,Phat Panda Bong Buddies Neon Nectar Flower 2g,no_vendor_column;no_cannabinoid_columns;master_of_2_duplicates;renamed
,Heavenly Buds Flower Grapple Pie - 3.5g,Heavenly Buds Grapple Pie Flower 3.5g,no_vendor_column;no_cannabinoid_columns;renamed
,Moonshot - Tropical Punch 100mg THC,Constellation Tropic Shuffle Shots 50ml,no_vendor_column;no_cannabinoid_columns;master_of_2_duplicates;renamed
,O' Geez-Cartridge-Alaskan Thunder Fuck-1g,Clarity Farms Alaskan Thunder Fuck Cartridge 1g,no_vendor_column;no_cannabinoid_columns;master_of_2_duplicates;renamed
,RAW Roll Caddy,Raw Roll Caddy,no_vendor_column;no_cannabinoid_columns;noncannabis_cleaned_original_name
,Torus Infused Pre-roll Hashbreak Pancake Syrup 1g,Torus Pancake Syrup Infused Pre-roll 1g,no_vendor_column;no_cannabinoid_columns;renamed
,Pastime Liquid Diamonds Disposable Vape - Sativa - Z Pie - 1g,Pastime Z Pie Disposable Cartridge 1g,no_vendor_column;no_cannabinoid_columns;master_of_2_duplicates;renamed
,Canna Organix - .5g 2-Pack Preroll Tube - Forbidden Fruit - 1g,Canna Organix Forbidden Fruit Pre-roll 1g,no_vendor_column;no_cannabinoid_columns;master_of_2_duplicates;renamed
,Clout King: Live Rosin - Mom's Spaghetti,Clout King Mom's Spaghetti Rosin 1g,no_vendor_column;no_cannabinoid_columns;master_of_2_duplicates;renamed
,FDG Pre-Rolls - Lemonheads - 2pk (0.5g x 2),Fdg Lemonheads Pre-roll 1g,no_vendor_column;no_cannabinoid_columns;master_of_2_duplicates;renamed
,Mint - Peppermint Sativa 100mg,Swell Peppermint Mints 14g,no_vendor_column;no_cannabinoid_columns;master_of_3_duplicates;renamed
,Const INF 2pk 1g - Georgia Pie,Constellation Georgia Pie Pre-roll 1g,no_vendor_column;no_cannabinoid_columns;master_of_2_duplicates;renamed
,Freddy's Finest Joint - Sub-Zero - 1g,Freddy's Fuego Sub Zero Pre-roll 1g,no_vendor_column;no_cannabinoid_columns;master_of_2_duplicates;renamed
,Legacy Truffles - DOH Compliant - Double Truffle - Larry Bird Kush - 3.5g,Legacy Organics Larry Bird Kush Moon Rocks 3.5g,no_vendor_column;no_cannabinoid_columns;master_of_2_duplicates;renamed
,Grapefruit Romulan ( I ) - Flipside Gold BHO/Ethanol Extracted Disposable 1g,Flipside Grapefruit Romulan Disposable Cartridge 1g,no_vendor_column;no_cannabinoid_columns;master_of_2_duplicates;renamed
,Canna Whupass - CW Vape Cartridge - OMGuava - Mixed - 1g,Canna Organix Omguava Cartridge 1g,no_vendor_column;no_cannabinoid_columns;master_of_2_duplicates;renamed
,Indica - Grape Goji Snickle Fritz AIO,Phat Panda Grape Goji Disposable Cartridge 1g,no_vendor_column;no_cannabinoid_columns;master_of_2_duplicates;renamed
,Shatter J's Infused Pre-roll Cotton Candy - 5g,Shatter J's Cotton Candy Infused Pre-roll 5g,no_vendor_column;no_cannabinoid_columns;renamed
,Incredibulk-Cartridge-Kush Dream-1g,Clarity Farms Kush Dreamz Cartridge 1g,no_vendor_column;no_cannabinoid_columns;master_of_2_duplicates;renamed
,Canna Organix Sauced & Tossed Cereal Milk - 1g,Canna Organix Cereal Milk Infused Pre-roll 1g,no_vendor_column;no_cannabinoid_columns;master_of_2_duplicates;renamed
,Dab Syringe - Jack Herer 1g,Two Heads Jack Herer RSO 1g,no_vendor_column;no_cannabinoid_columns;master_of_2_duplicates;renamed
,Silver Tier - Brew Ha Ha - 1g,Fire Bros Brew Ha Ha Live Resin 1g,no_vendor_column;no_cannabinoid_columns;master_of_2_duplicates;renamed
,hashbreak - Pre Rolls (Infused) - White Cherry Truffle - 1g,Torus White Cherry Truffle Infused Pre-roll 1g,no_vendor_column;no_cannabinoid_columns;master_of_2_duplicates;renamed
,SPR - Moon Pie - 1g,Seattle's Private Reserve Moon Pie Flower 1g,no_vendor_column;no_cannabinoid_columns;renamed
,Snicklefritz cartridge tropical slushie 1g,Snickle Fritz Tropical Slushie Cartridge 1g,no_vendor_column;no_cannabinoid_columns;master_of_2_duplicates;renamed
,GE - Grape Stomper - 1g Sativa Vape Cartridge,Agro Couture Grape Stomper Cartridge 1g,no_vendor_column;no_cannabinoid_columns;master_of_2_duplicates;renamed
,Green Reaper - Diamond Sauce - Purple Cat Piss - 1g,Purple Cat Piss Live Resin 1g,no_vendor_column;no_cannabinoid_columns;master_of_2_duplicates;renamed
,HiKu - DOH DIST - Sugar-Free Coffee Vanilla Latte - 100mgTHC HiKu 1oz Tincture - Sugar-Free Coffee - 30g,Seattle Bubble Works Vanilla Latte Beverage 1floz,no_vendor_column;no_cannabinoid_columns;master_of_2_duplicates;renamed
,Zero Gravity ( I ) Plaid Jacket BHO THCA Infused Joint - 1g,Plaid Jacket Zero Gravity Infused Pre-roll 1g,no_vendor_column;no_cannabinoid_columns;renamed
,1937 - 3.5g Flower - Flyin Hawaiian 23 - 3.5g,1937 Flyin Hawaiian Flower 3.5g,no_vendor_column;no_cannabinoid_columns;master_of_2_duplicates;renamed
,High Tide Flower Pink Runtz - 1g,High Tide Pink Runtz Flower 1g,no_vendor_column;no_cannabinoid_columns;renamed
,Royal Tree Gardens Disposable Cartridge White Tahoe Cookies - 0.5g,Royal Tree Gardens White Tahoe Cookies Disposable Cartridge 0.5g,no_vendor_column;no_cannabinoid_columns;renamed
,Snickle Fritz Cartridge Slurricane - 1g,Snickle Fritz Slurricane Cartridge 1g,no_vendor_column;no_cannabinoid_columns;renamed
,- 3pk Lemon Cherry Gelato Snickle Fritz Cart,Phat Panda Lemon Cherry Gelato Cartridge 3g,no_vendor_column;no_cannabinoid_columns;master_of_2_duplicates;renamed
,Shatter J's Disposable Cartridge Pina Colada - 1g,Shatter J's Pina Colada Disposable Cartridge 1g,no_vendor_column;no_cannabinoid_columns;renamed
,LIVE extract - TWISTED TOAST - 1g,Downtown Twisted Toast Live Resin 1g,no_vendor_column;no_cannabinoid_columns;master_of_2_duplicates;renamed
,[DOH] SIGNATURE Pre-Roll - Ether - 2pk,Sub X Ether Pre-roll 1g,no_vendor_column;no_cannabinoid_columns;master_of_2_duplicates;renamed
,Flower - NYC Diesel - 1.5g,Mz. A Nyc Diesel Flower 1.5g,no_vendor_column;no_cannabinoid_columns;master_of_2_duplicates;renamed
,Svin Gardens-Rosin/Resin-Amaretto Sour-1g,Svin Amaretto Sour Hash Rosin 1g,no_vendor_column;no_cannabinoid_columns;master_of_2_duplicates;renamed
,".75g Trichome InTERPreter Pre-Rolls, 6pk - Super Lemon Haze+JJ - 4.5g",Trichome Super Lemon Haze Infused Pre-roll 4.5g,no_vendor_column;no_cannabinoid_columns;master_of_2_duplicates;renamed
,Stingers - 2pk .5g Pre-Rolls - Master Kush - 1g,Stingers Master Kush Infused Pre-roll 1g,no_vendor_column;no_cannabinoid_columns;master_of_2_duplicates;renamed
,M-MT-300ENG - Moxey Energize 1:1:1 Peppermints (100mg CBC/100mg CBG/100mg THC),Journeyman Peppermint Mints 12g,no_vendor_column;no_cannabinoid_columns;master_of_2_duplicates;renamed
,Lifted SugarStix Grape Thorn Rose,Lifted Cannabis Grape Thron Rose Infused Pre-roll 1g,no_vendor_column;no_cannabinoid_columns;master_of_2_duplicates;renamed
,2pk Joints - Joker Juice - 2g,Greenleaf Mj Jokerz Pre-roll 2g,no_vendor_column;no_cannabinoid_columns;master_of_2_duplicates;renamed
,Packaged Flower - Lazy Llama - 3.5g,Fdg Lazy Llama Flower 3.5g,no_vendor_column;no_cannabinoid_columns;master_of_2_duplicates;renamed
,Legacy - - DOH COMPLIANT - Premium Flower - Legacy Jays - .5g Pack - Isodope - 1g,Legacy Organics Isodope Pre-roll 1g,no_vendor_column;no_cannabinoid_columns;master_of_2_duplicates;renamed
,BLAZE Can - 12oz Rosin - Orange Cream 100mg THC,Blaze Orange Cream Beverage 12floz,no_vendor_column;no_cannabinoid_columns;master_of_2_duplicates;renamed
,Green Reaper Melted Diamond Badder - Gary Poppins - 1g,Green Reaper Gary Poppins Badder 1g,no_vendor_column;no_cannabinoid_columns;master_of_2_duplicates;renamed
,Torus - Flower - Trop Cherry Strawberry - 7g,Torus Trop Cherry Strawberry Flower 7g,no_vendor_column;no_cannabinoid_columns;renamed
,RSO - Sunset Runtz - 1g,Trichome Sunset Runtz RSO 1g,no_vendor_column;no_cannabinoid_columns;master_of_2_duplicates;renamed
,CERES JAR DRAGON BALM 1:1 RED,Ceres Dragon Balm 1:1 Topical 2oz,no_vendor_column;no_cannabinoid_columns;master_of_2_duplicates;renamed
,Fredy's Fuego Live Resin Disposable - Lyon King - 1g,Freddy's Fuego Lyon King Disposable Cartridge 1g,no_vendor_column;no_cannabinoid_columns;master_of_2_duplicates;renamed
,Craft Elixirs Edible Potcorn-Caramel 3pk,Craft Elixir Caramel Popcorn Edible 0.6oz,no_vendor_column;no_cannabinoid_columns;master_of_2_duplicates;renamed
,Collective Straight Prerolls (Pink Runtz 1g),Mama J's Pink Runtz Pre-roll 1g,no_vendor_column;no_cannabinoid_columns;master_of_2_duplicates;renamed
,5-1 gram Pre-Roll packs - Tropicana Cherry - 5g,Mz. A Tropicanna Cherry Pre-roll 5g,no_vendor_column;no_cannabinoid_columns;master_of_2_duplicates;renamed
,Mama J's Pre-roll Sour Jack - 5g,Mama J's Sour Jack Pre-roll 5g,no_vendor_column;no_cannabinoid_columns;renamed
,PICC Pre-roll Harmony's White Tahoe Cookies - 1g,Picc Harmony's White Tahoe Cookies Pre-roll 1g,no_vendor_column;no_cannabinoid_columns;renamed
,Freddy's Fuego Peg Legs - Dantes Inferno - 2 x 0.5g,Freddy's Fuego Dante's Inferno Pre-roll 1g,no_vendor_column;no_cannabinoid_columns;master_of_4_duplicates;renamed
,Lifted Flower wedding cake 28g,Lifted Wedding Cake Flower 28g,no_vendor_column;no_cannabinoid_columns;master_of_2_duplicates;renamed
,Lifted Infused Pre-roll Coffee Creamer,Lifted Coffee Creamer Infused Pre-roll 1g,no_vendor_column;no_cannabinoid_columns;renamed
,Sky High Gardens rosin mintmosa 1g,Sky High Gardens Mintmosa Rosin 1g,no_vendor_column;no_cannabinoid_columns;renamed
,Honu - Peanut Butter Cup 10pk - INDICA - 150g,Honu Peanut Butter Cup Chocolate 150g,no_vendor_column;no_cannabinoid_columns;master_of_2_duplicates;renamed
,".75g Trichome InTERPreter Pre-Rolls, 2ct - Scented Marker#1+BC - 1.5g",Trichome Scented Marker Infused Pre-roll 1.5g,no_vendor_column;no_cannabinoid_columns;master_of_2_duplicates;renamed
,Tasty Terps - TT BHO 1g - Strawberry Cheesecake - 1g,Clarity Farms Strawberry Cheesecake Bho 1g,no_vendor_column;no_cannabinoid_columns;master_of_2_duplicates;renamed
,Legit Gold Infused Pre-roll Strawberry Push Pop - 1g,Legit Gold Strawberry Push Pop Infused Pre-roll 1g,no_vendor_column;no_cannabinoid_columns;renamed
,Sixers - Lemon Burger - 3.6g,Canna Organix Lemon Burger Infused Pre-roll 3.6g,no_vendor_column;no_cannabinoid_columns;master_of_2_duplicates;renamed
,All-In-One Cart - Grimace Shake - 1g,Firebros Grimace Shake Disposable Cartridge 1g,no_vendor_column;no_cannabinoid_columns;master_of_2_duplicates;renamed
,Fine Detail Greenway-Flower-Blackberry Syrup-Indica Dominant-7g,Fine Detail Greenway Blackberry Syrup Flower 7g,no_vendor_column;no_cannabinoid_columns;master_of_2_duplicates;renamed
,Heavenly Buds - Flower - Pineapple Guava - 1g,Heavenly Buds Pineapple Guava Flower 1g,no_vendor_column;no_cannabinoid_columns;master_of_2_duplicates;renamed
,Journeyman Beverage Watermelon Lemonade - 2oz,Journeyman Watermelon Lemonade Beverage 2floz,no_vendor_column;no_cannabinoid_columns;master_of_2_duplicates;renamed
,Smokiez Sour Jamberry CBN 100mg,Smokiez Sour Jamberry Cbn:thc Chewees 100mg,no_vendor_column;no_cannabinoid_columns;renamed
,Phat panda Pre-roll Triple Burger 1g,Phat Panda Triple Burger Pre-roll 1g,no_vendor_column;no_cannabinoid_columns;master_of_2_duplicates;renamed
,Stinger Cartridge - 1g Cartridge - Kentucky Durban - 1g,Stinger Kentucky Durban Cartridge 1g,no_vendor_column;no_cannabinoid_columns;master_of_2_duplicates;renamed
,Ooowee - 5/1g Pre-Roll - Ooowee - Trophy Runtz - 5g,Ooowee Trophy Runtz Pre-roll 5g,no_vendor_column;no_cannabinoid_columns;renamed
,Ooowee - JUICED 5/1G Infused PreRoll - Ghost Berry - Crunch Berries - 5g,Ooowee Crunch Berriez Infused Pre-roll 5g,no_vendor_column;no_cannabinoid_columns;master_of_2_duplicates;renamed
,Sky High & High Tide Hash Hole 1g - Apple Rain (Sky High) & whistle tip (High tide ) (H) DOH,Picc Apple Rain Infused Pre-roll 1g,no_vendor_column;no_cannabinoid_columns;master_of_2_duplicates;renamed
,Freddy's Fuego Live Resin Disposable - Carrot Cake,Freddy's Fuego Carrot Cake Disposable Cartridge 1g,collapsed_duplicate;merged_into_master
,royal kind Flower Peanut Butter - 14g,Royal Kind Peanut Butter Flower 14g,no_vendor_column;no_cannabinoid_columns;renamed
,Mfused - Cartridge - Hawaiian Dutch (S) - 1g,Mfused Hawaiian Dutch Cartridge 1g,no_vendor_column;no_cannabinoid_columns;master_of_2_duplicates;renamed
,1g GoodGood Cartridge - Strawberry Watermelon Nectar (H),Goodgood Strawberry Watermelon Nectar Cartridge 1g,no_vendor_column;no_cannabinoid_columns;master_of_2_duplicates;renamed
,Koko Gemz Mint Dark Chocolate,Nwcs Mint Chocolate Chip Edible 1.31oz,no_vendor_column;no_cannabinoid_columns;renamed
,The Collective - Rosin - 1g - Paid Vacation (H),Local Farmers Paid Vacation Rosin 1g,no_vendor_column;no_cannabinoid_columns;renamed
,Wedding Cake [3.5g] [Signature Line] [D.O.H. COMPLIANT],Lifted Wedding Cake Flower 3.5g,collapsed_duplicate;merged_into_master
,Torus - Flower - Guava Peach - 3.5g,Torus Guava Peach Flower 3.5g,no_vendor_column;no_cannabinoid_columns;renamed
,High End Farms Flower Tropical Banana 1g,High End Farms Tropical Banana Pre-roll 1g,no_vendor_column;no_cannabinoid_columns;renamed
,Journeyman 1:1 Raspberry CBD Jellies,Journeyman Raspberry Gummies 85g,no_vendor_column;no_cannabinoid_columns;master_of_2_duplicates;renamed
,RedEyesGreenDragon ( S ) Chef Joe's - Flipside Distillate Disposable 1g,Flipside Redeyesgreendragon Disposable Cartridge 1g,no_vendor_column;no_cannabinoid_columns;master_of_2_duplicates;renamed
,Kelly's Sweet Hash Edibles - Kellys - 10pk Cookie Dough - 100mg THC - Triple Malted Chocolate,Captain Yeti Triple Malted Chocolate Edible 140g,no_vendor_column;no_cannabinoid_columns;master_of_2_duplicates;renamed
,Northwest Concentrates BUBBLE HASH - Sour Diesel - 1g [ S ],Refine Sour D Bubble Hash 1g,no_vendor_column;no_cannabinoid_columns;master_of_2_duplicates;renamed
,SUBX SIGNATURE Flower - I-95 Cookies - 1g,Subx I-95 Cookies Flower 1g,no_vendor_column;no_cannabinoid_columns;master_of_2_duplicates;renamed
,Ooowee - Pre-Roll Digital Hash Hole - FaceLock - 0.75g,Ooowee Facelock Infused Pre-roll 0.75g,no_vendor_column;no_cannabinoid_columns;master_of_2_duplicates;renamed
,Green Revolution Doozies PLUS Strawberry Pineapple 1:1:1 + Maca,Green Revolution Strawberry Pineapple 1:1:1 + Maca Gummies 2.8oz,no_vendor_column;no_cannabinoid_columns;renamed
,Flower - Candy Gassy - 3.5g,Mz. A Candy Gassy Flower 3.5g,no_vendor_column;no_cannabinoid_columns;master_of_2_duplicates;renamed
,Mad Mark flower mad pie goddess - 3.5g,Mad Mark Mad Pie Goddess Flower 3.5g,no_vendor_column;no_cannabinoid_columns;master_of_2_duplicates;renamed
,Ceres Disposable Cartridge Lime Drop 1g,Ceres Lime Drop Disposable Cartridge 1g,no_vendor_column;no_cannabinoid_columns;master_of_2_duplicates;renamed
,Seattle Bubble Works Hash Blunt - Permanent Marker (I) - 3g,Permanent Marker Infused Blunt 3g,no_vendor_column;no_cannabinoid_columns;master_of_2_duplicates;renamed
,Pastime Cartridge - Highlighterz - 1g,Pastime Highlighterz Cartridge 1g,no_vendor_column;no_cannabinoid_columns;master_of_2_duplicates;renamed
,Shatter J's Infused Pre-roll Washington Apple - 1g,Shatter J's Washington Apple Infused Pre-roll 1g,no_vendor_column;no_cannabinoid_columns;renamed
,Hellavated Juicy Stickz Pre-Roll 5 Pack - Raspberry Haze - 3.75 grams,Hellavated Raspberry Haze Infused Pre-roll 3.75g,no_vendor_column;no_cannabinoid_columns;renamed
,Constellation Cold Cure - Puro Loco 1g,Constellation Puro Loco Rosin 1g,no_vendor_column;no_cannabinoid_columns;master_of_2_duplicates;renamed
,Canna Cantina Gummies 10 Pack - Mango Chili,Constellation Mango Chili Edible 1.2oz,no_vendor_column;no_cannabinoid_columns;master_of_2_duplicates;renamed
,T2 - Flower - Cherry Cookie Cake - 3.5g,Torus Cherry Cookie Cake Flower 3.5g,no_vendor_column;no_cannabinoid_columns;renamed
,FDG Pre-Rolls - Purple Diesel - 2pk (0.5g x 2),Fdg Purple Diesel Pre-roll 1g,no_vendor_column;no_cannabinoid_columns;master_of_2_duplicates;renamed
,Heavenly Buds Blueberry Banana Zkittles - 7g,Heavenly Buds Blueberry Banana Zkittles Flower 7g,no_vendor_column;no_cannabinoid_columns;master_of_2_duplicates;renamed
,Trichome Diamond Dusted Pre-Roll - Super Lemon Haze DDP - 1g,Trichome Super Lemon Haze Infused Pre-roll 1g,collapsed_duplicate;merged_into_master
,Lifted Cannabis-Disposable Cartridge-Ztrufflez-1g,Lifted Ztrufflez Disposable Cartridge 1g,no_vendor_column;no_cannabinoid_columns;master_of_2_duplicates;renamed
,Legit Gold Infused Pre-roll Banana Cake - 1g,Legit Gold Banana Cake Infused Pre-roll 1g,no_vendor_column;no_cannabinoid_columns;renamed
,phat panda flower og chem 7g,Phat Panda Og Chem Flower 7g,no_vendor_column;no_cannabinoid_columns;renamed
,Colors by Cultivar Flower Busta's Flow - 3.5g,Colors By Cultivar Busta's Flow Flower 3.5g,no_vendor_column;no_cannabinoid_columns;renamed
,Cannabis Northwest - Flower - Hash Burger - 3.5g,Cannabis Northwest Hash Burger Flower 3.5g,no_vendor_column;no_cannabinoid_columns;master_of_2_duplicates;renamed
,WALNUT ROLLING TRAY,Walnut Rolling Tray,no_vendor_column;no_cannabinoid_columns;noncannabis_cleaned_original_name;master_of_2_duplicates
,1937 - 3.5g Flower - Aloha Love - 3.5g,1937 Aloha Love Flower 3.5g,no_vendor_column;no_cannabinoid_columns;master_of_2_duplicates;renamed
,Ceres Edible Malt Balls Sativa - 2oz,Ceres Malt Balls Sativa Edible 2oz,no_vendor_column;no_cannabinoid_columns;renamed
,Honu Edible Milk Chocolate - 2.99oz,Honu Milk Chocolate Edible 2.99oz,no_vendor_column;no_cannabinoid_columns;renamed
,Lookah Single Coil Quartz,Lookah Single Coil Quartz,no_vendor_column;no_cannabinoid_columns;noncannabis_cleaned_original_name
,Skord Ceramic Cartridge - 01g - Animal Cocktail,Skord Animal Cocktail Cartridge 1g,no_vendor_column;no_cannabinoid_columns;master_of_2_duplicates;renamed
,Svin Garden Flower - Diamond Runtz - 3.5g,Svin Diamond Runtz Flower 3.5g,no_vendor_column;no_cannabinoid_columns;master_of_3_duplicates;renamed
,Legacy-Pre-roll-Mikado-1g,Legacy Organics Mikado Pre-roll 1g,no_vendor_column;no_cannabinoid_columns;master_of_2_duplicates;renamed
,heavenly buds pre-roll Permanent Marker 1g,Heavenly Buds Permanent Marker Pre-roll 1g,no_vendor_column;no_cannabinoid_columns;master_of_2_duplicates;renamed
,Const INF 2pk 1g - The Soap,Constellation The Soap Infused Pre-roll 1g,no_vendor_column;no_cannabinoid_columns;master_of_2_duplicates;renamed
,Svin Gardens-Terp Diamonds-One Piece-Indica Hybrid-1g,Svin One Piece Terp Crystals 1g,no_vendor_column;no_cannabinoid_columns;master_of_2_duplicates;renamed
,SMC - Infused Joint 1g - Banana Cream Pie - 1g,Seattle Marijuana Company Banana Cream Pie Infused Pre-roll 1g,no_vendor_column;no_cannabinoid_columns;master_of_2_duplicates;renamed
,Mama J's Pre-roll Golden Pineapple - 3.5g,Mama J's Golden Pineapple Pre-roll 3.5g,no_vendor_column;no_cannabinoid_columns;renamed
,"4.20 Tincture Night - 500mg THC, 500mg CBD, 500mg CBN",Evergreen Herbal Night Tincture 1oz,no_vendor_column;no_cannabinoid_columns;master_of_2_duplicates;renamed
,Major Shot Blackberry Lemonade - 2oz,Major Blackberry Lemonade Beverage 2floz,no_vendor_column;no_cannabinoid_columns;renamed
,Smokiez Edible Sour Tropical CBD 1:1 - 2.12oz,Smokiez Sour Tropical Edible 2.12oz,no_vendor_column;no_cannabinoid_columns;renamed
,BFF Flavored Live Resin AIO - NO CAP - Neon Cherry Apricot - 1g - (I) - DOH,Buddies Neon Cherry Apricot Disposable Cartridge 1g,no_vendor_column;no_cannabinoid_columns;master_of_2_duplicates;renamed
,Ooowee - 1g Hydrocarbon Concentrate - Ooowee - Gusherlicious - 1g,Ooowee Gusherlicious Bho 1g,no_vendor_column;no_cannabinoid_columns;renamed
,Packaged Flower - Dj Shorts Blueberry - 3.5g,Pinnacle Green Dj Short Blueberry Flower 3.5g,no_vendor_column;no_cannabinoid_columns;master_of_2_duplicates;renamed
,Micro Bar - 1g Disposable - Micro Bar - Cherry Limeade Slush - 1g,Micro Bar Cherry Limeade Slush Disposable Cartridge 1g,no_vendor_column;no_cannabinoid_columns;master_of_2_duplicates;renamed
,mfused disposable Cartridge Chocolope,Mfused Chocolope Disposable Cartridge 1g,no_vendor_column;no_cannabinoid_columns;master_of_2_duplicates;renamed
,Canna Organix Custard - Durban Poison - 1g,Canna Organix Durban Poison Live Resin 1g,no_vendor_column;no_cannabinoid_columns;master_of_2_duplicates;renamed
,LIVE extract - vape cart - SUPER FUZZY - 1g,Downtown Super Fuzzy Cartridge 1g,no_vendor_column;no_cannabinoid_columns;master_of_2_duplicates;renamed
,House of Cultivar Grand Cru Hash Rosin Sugar Berry Scone - 1g,House Of Cultivar Grand Cru Sugar Berry Scone Hash Rosin 1g,no_vendor_column;no_cannabinoid_columns;renamed
,WALDEN - SWEETHEART SIX PACK FAN 6 X .5g,Walden Mixed Pre-roll 3g,no_vendor_column;no_cannabinoid_columns;master_of_2_duplicates;renamed
,MFUSED Cartridge Swirly Temple 1g Tank,Mfused Swirly Temple Cartridge 1g,no_vendor_column;no_cannabinoid_columns;renamed
,Canna Organix Infused Pre-roll Headshots - Donny Tsunami - 1g,Canna Organix Donny Tsunami Infused Pre-roll 1g,no_vendor_column;no_cannabinoid_columns;master_of_2_duplicates;renamed
,SPR - 1g LIVE RESIN Vape Cart - Citrus Mistress,Spr Citrus Mistress Live Resin Cartridge 1g,no_vendor_column;no_cannabinoid_columns;master_of_2_duplicates;renamed
,Snickle Fritz Cartridge Hawaiian Zkittlez,Snickle Fritz Hawaiian Zkittlez Cartridge 1g,no_vendor_column;no_cannabinoid_columns;renamed
,Hybrid Pre-Rolls - GLITTER BLAST - 1.5g (3x0.5g),Prismatic Glitter Blast Pre-roll 1.5g,no_vendor_column;no_cannabinoid_columns;master_of_2_duplicates;renamed
,Mary Jones Beverage Berry Lemonade Soda - 12oz,Mary Jones Berry Lemonade Soda Beverage 12floz,no_vendor_column;no_cannabinoid_columns;renamed
,Ooowee - JUICED 1G Infused PreRoll - Khalifa Kiwi - Late Bloomer - 1g,Ooowee Khalifa Kiwi Infused Pre-roll 1g,no_vendor_column;no_cannabinoid_columns;renamed
,Heavenly Buds - Full Flower .5g Little Snappers - Papaya Melonz #7 DOH - 10g,Heavenly Buds Papaya Melonz 7 Flower 10g,no_vendor_column;no_cannabinoid_columns;master_of_2_duplicates;renamed
,Mama J's - Rosin - 1g - Dan's Diesel (H),Mama J's Dan's Diesel Rosin 1g,no_vendor_column;no_cannabinoid_columns;master_of_2_duplicates;renamed
,DOH-Full Flower Glass Tip Preroll (1.2g) / Gorilla Glue (IH),Tilted Gg 4 Pre-roll 1.2g,no_vendor_column;no_cannabinoid_columns;master_of_2_duplicates;renamed
,Stingers - 5pk .5g Pre-Rolls - Flo - 2.5g,Stinger Flo Infused Pre-roll 2.5g,no_vendor_column;no_cannabinoid_columns;master_of_2_duplicates;renamed
,Constellation Cannabis Cartridge - Moroccan Peaches .5g,Constellation Cannabis Moroccan Peaches Cartridge 0.5g,no_vendor_column;no_cannabinoid_columns;master_of_2_duplicates;renamed
,2727 - Pre-Rolls - 2727 - DOH - OG Glue - 5g,2727 Og Glue Pre-roll 5g,no_vendor_column;no_cannabinoid_columns;master_of_2_duplicates;renamed
,Cured Resin Blunt - Umami Bomb - 2g,Fire Bros Umami Bomb Infused Blunt 2g,no_vendor_column;no_cannabinoid_columns;master_of_2_duplicates;renamed
,SPR - Butter Mintz - 1g,Seattle's Private Reserve Butter Mintz Flower 1g,no_vendor_column;no_cannabinoid_columns;master_of_2_duplicates;renamed
,Pre-Rolls - Peach Ringz - 2pk (0.5g x 2),Fdg Peach Ringz Pre-roll 1g,no_vendor_column;no_cannabinoid_columns;master_of_2_duplicates;renamed
,GE - Hawaiian Punch - 1g (S),Agro Couture Hawaiian Punch Bho 1g,no_vendor_column;no_cannabinoid_columns;master_of_2_duplicates;renamed
,Gorilla Butter - 3.5g,Pastime Gorilla Butter Flower 3.5g,no_vendor_column;no_cannabinoid_columns;master_of_2_duplicates;renamed
,Suspended Pre Roll Triple Burger 1g,Suspended Triple Burger Pre-roll 1g,no_vendor_column;no_cannabinoid_columns;master_of_2_duplicates;renamed
,Suspended THC Iceberg - Commando #7 - 1g,Suspended Commando 7 Flower 1g,collapsed_duplicate;merged_into_master
,Mint - Cinnamon Indica 100mg,Swell Cinnamon Mints 14g,no_vendor_column;no_cannabinoid_columns;master_of_3_duplicates;renamed
,Liv Templ Infused Pre-roll Blue Raspberry Cough - 1g,Liv Templ Blue Raspberry Cough Infused Pre-roll 1g,no_vendor_column;no_cannabinoid_columns;renamed
,Heavenly Flower  Black Maple - 3.5g,Heavenly Buds Black Maple Flower 3.5g,no_vendor_column;no_cannabinoid_columns;master_of_2_duplicates;renamed
,hashbreak - Pre Rolls (Infused) - Candy Apple- 1g,Torus Candy Apple Infused Pre-roll 1g,no_vendor_column;no_cannabinoid_columns;master_of_2_duplicates;renamed
,4.20 Bar Minis Dark Chocolate Sea Salt - 2.00oz,4.20 Bar Dark Chocolate Sea Salt Minis 2oz,no_vendor_column;no_cannabinoid_columns;renamed
,Raw Etheral Papers 1 1/4,Raw Etheral Papers 1 1 4,no_vendor_column;no_cannabinoid_columns;noncannabis_cleaned_original_name;renamed
,HashBreak - HB Vape - Grape Icee - 1g,Torus Grape Ice Disposable Cartridge 1g,no_vendor_column;no_cannabinoid_columns;master_of_2_duplicates;renamed
,SMC - Infused Joint 1g - Blueberry - 1g,Shatter J's Grape Infused Pre-roll 1g,no_vendor_column;no_cannabinoid_columns;master_of_2_duplicates;renamed
,Packaged Flower - Toranja - 3.5g,Pinnacle Green Toranja Flower 3.5g,no_vendor_column;no_cannabinoid_columns;master_of_3_duplicates;renamed
,2727 - Blunts - Grape Heady Eddy - 1.5g,2727 Heady Eddy Blunt 1.5g,no_vendor_column;no_cannabinoid_columns;master_of_6_duplicates;renamed
,Golden Nuggets - Big Baby - 7g (Legacy),Freddy's Fuego Big Baby Flower 7g,no_vendor_column;no_cannabinoid_columns;master_of_2_duplicates;renamed
,Incredibulk-BHO-Ghost Train Haze-1g,Clarity Farms Ghost Train Haze Bho 1g,collapsed_duplicate;merged_into_master
,HashBreak - HB Multi - Sour Cherries - 3.5g,Torus Sour Cherries Infused Pre-roll 3.5g,no_vendor_column;no_cannabinoid_columns;master_of_2_duplicates;renamed
,RYO JAR6 14g WALCALM - Key Lime Tart,Walden Key Lime Tart Flower 14g,no_vendor_column;no_cannabinoid_columns;master_of_2_duplicates;renamed
,hashbreak - Pre Rolls (Infused) - Funk-A-Delic - 1g,Torus Funkadelic Infused Pre-roll 1g,no_vendor_column;no_cannabinoid_columns;master_of_2_duplicates;renamed
,Torus - Pre-Rolls - Gastro Pop S1 #1 - 1g,Torus Gastro Pop Pre-roll 1g,no_vendor_column;no_cannabinoid_columns;master_of_2_duplicates;renamed
,SELECT Cured Classic Cartridge - Romulan - 1g,Sub X Romulan Cartridge 1g,no_vendor_column;no_cannabinoid_columns;master_of_2_duplicates;renamed
,Buddies Infused Pre-roll - Runtz - 1g - (I),Buddies Runtz Infused Pre-roll 1g,no_vendor_column;no_cannabinoid_columns;renamed
,Legit Gold Infused Pre-roll High Octane Haze - 1g,Legit Gold High Octane Haze Infused Pre-roll 1g,no_vendor_column;no_cannabinoid_columns;renamed
,Ceres Chocolate Dragon Balls Indica| Single - 0.20oz,Ceres Dragon Balls Chocolate 0.2oz,no_vendor_column;no_cannabinoid_columns;renamed
,Honey Stixx - Flavored - Huckleberry OG,Honey Stixx Huckleberry Og Infused Pre-roll 1g,no_vendor_column;no_cannabinoid_columns;master_of_2_duplicates;renamed
,Live Resin Cart - Girl Scout Cookies - 1g,Greenrush Gsc Cartridge 1g,no_vendor_column;no_cannabinoid_columns;master_of_2_duplicates;renamed
,Pastime Cartridge - Jelly Beanz - 1g,Pastime Jelly Bean Cartridge 1g,no_vendor_column;no_cannabinoid_columns;master_of_2_duplicates;renamed
,Fireline Live Hash Rosin - Pearl Scout Cookies (H) - 01g,Fireline Pearl Scout Cookies Rosin 1g,no_vendor_column;no_cannabinoid_columns;renamed
,HEF Hash Blunt Blue Lime Pie - 1g,High End Farms Blue Lime Pie Infused Blunt 1g,no_vendor_column;no_cannabinoid_columns;master_of_2_duplicates;renamed
,Ooowee - 5/1G Infused PreRoll - Uh-Huh - 5g,Ooowee Uh-huh Infused Pre-roll 5g,no_vendor_column;no_cannabinoid_columns;master_of_2_duplicates;renamed
,MFUSED Cartridge Notorious THC 1g Tank,Mfused Notorious THC Cartridge 1g,no_vendor_column;no_cannabinoid_columns;master_of_2_duplicates;renamed
,Phat Panda Platinum Flower Magic Marker - 3.5g,Phat Panda Magic Marker Flower 3.5g,no_vendor_column;no_cannabinoid_columns;master_of_2_duplicates;renamed
,Stone City Infused Pre-Roll 2 Pack - Lemon Cherry Gelato - 1g,Stone City Lemon Cherry Gelato Infused Pre-roll 1g,no_vendor_column;no_cannabinoid_columns;master_of_2_duplicates;renamed
,SMC - Infused Blunt 1g - Jungle Punch - 1g,Seattle Marijuana Co Jungle Punch Infused Blunt 1g,no_vendor_column;no_cannabinoid_columns;master_of_2_duplicates;renamed
,Sauced & Tossed - Plu-Dough - 1g,Canna Organix Plu-dough Infused Pre-roll 1g,no_vendor_column;no_cannabinoid_columns;master_of_2_duplicates;renamed
,Snickle Fritz Cartridge Lime Sorbet,Snickle Fritz Lime Sorbet Cartridge 1g,no_vendor_column;no_cannabinoid_columns;master_of_2_duplicates;renamed
,Bodhi Original Vape - NYC Diesel,Bodhi High Nyc Diesel Cartridge 1g,collapsed_duplicate;merged_into_master
,Sky High Gardens Pre-roll Trop Cherry 1.2g,Sky High Gardens Trop Cherry Pre-roll 1.2g,no_vendor_column;no_cannabinoid_columns;master_of_2_duplicates;renamed
,Skagit Organics RSO Milky Way CBG - 1g,Skagit Organics Milky Way CBG RSO 1g,no_vendor_column;no_cannabinoid_columns;renamed
,Clout King: Guava Headz - PR 2pk - 1g,Clout King Guava Heads Pre-roll 1g,no_vendor_column;no_cannabinoid_columns;renamed
,Heavenly Buds - INFUSED Bubble Hash .5g 2 pack Lemon Burst 1g,Heavenly Buds Lemon Burst Pre-roll 1g,no_vendor_column;no_cannabinoid_columns;renamed
,Value THC RSO - THC Blend - Sativa - 1g,Skagit Organics Sativa RSO 1g,no_vendor_column;no_cannabinoid_columns;master_of_2_duplicates;renamed
,Insane Flower Hindu Phunk - 1g,Insane Hindu Phunk Flower 1g,no_vendor_column;no_cannabinoid_columns;renamed
,Stone City Shatter - Strawberry Sugar - 1g,Stone City Strawberry Sugar Shatter 1g,no_vendor_column;no_cannabinoid_columns;renamed
,3.5g - DOH / Ripped Off Runtz (H),Tilted Ripped Off Runtz Flower 3.5g,collapsed_duplicate;merged_into_master
,2727 - Pre-roll - Snowman Cookies - 5g,2727 Snowman Cookies Pre-roll 5g,no_vendor_column;no_cannabinoid_columns;master_of_2_duplicates;renamed
,Shatter J's Cartridge Blackberry Pie - 1g,Shatter J's Blackberry Pie Cartridge 1g,no_vendor_column;no_cannabinoid_columns;renamed
,Goodies FLOWER - CHERRY CHEESE CAKE - 7g,Goodies Cherry Cheesecake Flower 7g,no_vendor_column;no_cannabinoid_columns;master_of_2_duplicates;renamed
,Infused Bubble Hash Little Snappers - Lemon Boof - 2pk (2x0.5g),Heavenly Buds Lemon Boof Infused Pre-roll 1g,no_vendor_column;no_cannabinoid_columns;master_of_2_duplicates;renamed
,Smokiez Fruit Chews Sour Jamberry CBN - 1.94oz,Smokiez Sour Jamberry Cbn:thc Fruit Chews 1.94oz,no_vendor_column;no_cannabinoid_columns;renamed
,Lil Rays Hash Rosin Mango Lemonade - 1.75oz,Lil Rays Mango Lemonade Beverage 1.75floz,no_vendor_column;no_cannabinoid_columns;renamed
,Micro Bar Disposable Cartridge Pineapple Express - 1g,Micro Bar Pineapple Express Disposable Cartridge 1g,no_vendor_column;no_cannabinoid_columns;renamed
,Const Moonshot Strawberry Kiwi 200mg CBG 1:1,Constellation Strawberry Kiwi Shots 2ml,no_vendor_column;no_cannabinoid_columns;master_of_2_duplicates;renamed
,Diamond Dinger - 9th inning Rally (I),Translucency 9th Inning Rally Infused Pre-roll 1g,no_vendor_column;no_cannabinoid_columns;master_of_2_duplicates;renamed
,Mfused Disposable Cartridge Planet of the Grapes - 1g,Mfused Planet Of The Grapes Disposable Cartridge 1g,no_vendor_column;no_cannabinoid_columns;renamed
,Grand Cru - Smackerz - 1g - Joint,Grand Cru Smackerz Pre-roll 1g,no_vendor_column;no_cannabinoid_columns;renamed
,Zoots - Gummies - SOAR - THC - Green Apple,Zoots Green Apple Gummies 40g,no_vendor_column;no_cannabinoid_columns;master_of_2_duplicates;renamed
,Green Reaper - Reaper Diamonds (THCA) - Super Silver Haze - 1g,Greenrush Super Silver Haze THCA 1g,no_vendor_column;no_cannabinoid_columns;master_of_2_duplicates;renamed
,Zen Hash Rosin - Super Boof - 1g,Zen Cannabis Super Boof Hash 1g,no_vendor_column;no_cannabinoid_columns;master_of_2_duplicates;renamed
,SPR - 2pk Joint Box (2g) - Afghan Diesel,Spr Afghan Diesel Pre-roll 2g,no_vendor_column;no_cannabinoid_columns;renamed
,Wyld Gummies Raspberry Enhanced Sativa - 1.4oz,Wyld Raspberry Gummies 1.4oz,collapsed_duplicate;merged_into_master
,Ceres Capsule ANTI-ANXIETY 10pk,Ceres Anti Anxiety Capsule 0.35oz,no_vendor_column;no_cannabinoid_columns;master_of_2_duplicates;renamed
,DBG Mini 5 pack - 2.5g - Kush Breath (Darkstar/Onyx) & Black Apple (Grow Bros) (H) DOH,Picc Kush Breath Infused Pre-roll 2.5g,no_vendor_column;no_cannabinoid_columns;master_of_2_duplicates;renamed
,Lil' Mother Pucker Shot Prickly Pear,Mojo Prickly Pear Shots 100ml,no_vendor_column;no_cannabinoid_columns;master_of_2_duplicates;renamed
,K-Savage Diamond Doobie - Blue Note - 1g,K Savage Blue Note Infused Pre-roll 1g,no_vendor_column;no_cannabinoid_columns;master_of_2_duplicates;renamed
,Ooowee - 5/1G Infused PreRoll - Blueberry Dream - 5g,Ooowee Blueberry Dream Infused Pre-roll 5g,no_vendor_column;no_cannabinoid_columns;master_of_2_duplicates;renamed
,Svin Gardens-Live Resin Disposables-One Piece-1g,Svin One Piece Disposable Cartridge 1g,no_vendor_column;no_cannabinoid_columns;master_of_2_duplicates;renamed
,Skagit Organics Cartridge Harlequin - 1g,Skagit Organics Harlequin Cartridge 1g,no_vendor_column;no_cannabinoid_columns;renamed
,Stars & Rosin - Rainbow Belts x Banana Cream Rosin - .5g,American Hash Makers Rainbow Belts Infused Pre-roll 0.5g,collapsed_duplicate;merged_into_master
,Sub X Flower - Lemon Cherry Gelato - 3.5g,Sub X Lemon Cherry Gelato Flower 3.5g,no_vendor_column;no_cannabinoid_columns;master_of_2_duplicates;renamed
,2727 - Pre-Rolls - Gorilla Cookies - 5g,2727 Gorilla Cookies Pre-roll 5g,no_vendor_column;no_cannabinoid_columns;master_of_2_duplicates;renamed
,Shatter J's Infused Blunt Pineapple Express - 1g,Shatter J's Pineapple Express Infused Blunt 1g,no_vendor_column;no_cannabinoid_columns;renamed
,Mindmelt Live Resin All In One - Marcel Clementine - 1g,Buddies Marcel Clementine Disposable Cartridge 1g,no_vendor_column;no_cannabinoid_columns;master_of_2_duplicates;renamed
,Torus - ROSIN COLD CURE - da FUNK 7 - 1g,Torus Da Funk 7 Rosin 1g,no_vendor_column;no_cannabinoid_columns;master_of_2_duplicates;renamed
,Phat Yeti Live Resin Lemon Cake - 1g,Phat Yeti Lemon Cake Live Resin 1g,no_vendor_column;no_cannabinoid_columns;renamed
,Cold Cure - Rambutan - 1g DOH,Constellation Rambutan Rosin 1g,no_vendor_column;no_cannabinoid_columns;master_of_2_duplicates;renamed
,The POTION Topical- (0.25g) Trial Size- High Times DOPE Cup Winner 2019 / TOPICAL,Tilted Potion Topical 7g,no_vendor_column;no_cannabinoid_columns;master_of_2_duplicates;renamed
,Super Fog - Fire - Jefe Plus - 1g (1pk) - Permanent Marker - IND - Gas,Mfused Permanent Marker Disposable Cartridge 1g,no_vendor_column;no_cannabinoid_columns;master_of_2_duplicates;renamed
,2727 - Blunts - Original Tropicana Cookies - 1.5g,2727 Tropicana Cookies Blunt 1.5g,no_vendor_column;no_cannabinoid_columns;master_of_3_duplicates;renamed
,Mama J's Flower Grape Stomper - 3.5g,Mama J's Grape Stomper Flower 3.5g,no_vendor_column;no_cannabinoid_columns;renamed
,Lifted Strawberry Lobster 3.5g,Lifted Strawberry Lobster Flower 3.5g,no_vendor_column;no_cannabinoid_columns;master_of_2_duplicates;renamed
,Refine LOUD ROSIN - Gorilla Cake - 1g,Refine Gorilla Cake Rosin 1g,no_vendor_column;no_cannabinoid_columns;master_of_2_duplicates;renamed
,Flower - Black Runtz - 3.5g,Mz. A Black Runtz Flower 3.5g,no_vendor_column;no_cannabinoid_columns;master_of_2_duplicates;renamed
,SUBX [DOH] SIGNATURE Flower - Ice Cold - 1g,Subx Ice Cold Flower 1g,no_vendor_column;no_cannabinoid_columns;master_of_2_duplicates;renamed
,High End Farms Pre-roll Ohio Rizz 1g,High End Farms Ohio Rizz Pre-roll 1g,no_vendor_column;no_cannabinoid_columns;master_of_3_duplicates;renamed
,Cold Cure -Super Boof 1g,Constellation Super Boof Rosin 1g,no_vendor_column;no_cannabinoid_columns;master_of_2_duplicates;renamed
,Plaid Jacket Cartridge Hash Burger Cured,Plaid Jacket Hash Burger Cartridge 1g,no_vendor_column;no_cannabinoid_columns;renamed
,Hightide: Live Rosin Alley Oop,High Tide Alley Oop Rosin 1g,no_vendor_column;no_cannabinoid_columns;master_of_2_duplicates;renamed
,Stingers - 5pk .5g Liquid Diamonds Pre-Rolls - White Widow - 2.5g,Stinger White Widow Infused Pre-roll 2.5g,no_vendor_column;no_cannabinoid_columns;master_of_2_duplicates;renamed
,Ooowee BHO Trophy Runtz 1g,Ooowee Trophy Runtz Bho 1g,no_vendor_column;no_cannabinoid_columns;renamed
,Torus - Flower - Watermelon Martini - 3.5g,Torus Watermelon Martini Flower 3.5g,no_vendor_column;no_cannabinoid_columns;renamed
,Honey Stixx - 2Pk - HTE Batter - Bubba Kush X Northern Lights - Indica,Bodhi High Bubba Kush Infused Pre-roll 1g,no_vendor_column;no_cannabinoid_columns;master_of_2_duplicates;renamed
,SPR - 2pk Joint Box (2g) - Sour Diesel,Seattle's Private Reserve Sour Diesel Pre-roll 2g,no_vendor_column;no_cannabinoid_columns;master_of_2_duplicates;renamed
,Legacy-Infused Pre-roll-Funfetti-1g,Legacy Organics Funfetti Infused Pre-roll 1g,no_vendor_column;no_cannabinoid_columns;master_of_2_duplicates;renamed
,SF LOU JF - 1G - Purple Reign - Haze - SAT - CR,Mfused Purple Reign Cartridge 1g,no_vendor_column;no_cannabinoid_columns;master_of_2_duplicates;renamed
,Stinger Cartridge - 1g Cartridge - Wedding Cake - 1g,Stingers Wedding Cake Cartridge 1g,no_vendor_column;no_cannabinoid_columns;master_of_2_duplicates;renamed
,Sativa Pre-Rolls - ACID DOUGH - 1.5g (3x0.5g),Prismatic Acid Dough Pre-roll 1.5g,no_vendor_column;no_cannabinoid_columns;master_of_2_duplicates;renamed
,Tear Gas - 3.5g,Pastime Tear Gas Flower 3.5g,no_vendor_column;no_cannabinoid_columns;master_of_2_duplicates;renamed
,Fire Bros-Disposable Cartridge-Al Pastor-1g,Fire Bros Al Pastor Disposable Cartridge 1g,no_vendor_column;no_cannabinoid_columns;master_of_2_duplicates;renamed
,Lish Organics - Rosin Dabs - DOH - Tested - Papaya - 1g,Cannasol Papaya Rosin 1g,no_vendor_column;no_cannabinoid_columns;master_of_2_duplicates;renamed
,Const Rosin AIO Hype 2.0 The Soap 1g,Constellation The Soap Disposable Cartridge 1g,no_vendor_column;no_cannabinoid_columns;master_of_2_duplicates;renamed
,Suspended THC ICEBERG Black Koffee - 1g,Suspended Black Koffee Mix Infused Flower 1g,no_vendor_column;no_cannabinoid_columns;master_of_2_duplicates;renamed
,Freddy's Fuego Peg Legs - Dantes Inferno - Legacy - 2 x 0.5g,Freddy's Fuego Dante's Inferno Pre-roll 1g,collapsed_duplicate;merged_into_master
,Ooowee - 5/1G Infused PreRoll - Sunset Lemonade - 5g,Ooowee Sunset Lemonade Infused Pre-roll 5g,no_vendor_column;no_cannabinoid_columns;master_of_2_duplicates;renamed
,Ooowee - JUICED 1G Infused PreRoll - Peach Passion - Truffle Oreos - 1g,Ooowee Truffle Oreos Infused Pre-roll 1g,no_vendor_column;no_cannabinoid_columns;renamed
,Hellavated Infused Pre-roll Grape Stomper - 0.75g,Hellavated Grape Stomper Infused Pre-roll 0.75g,no_vendor_column;no_cannabinoid_columns;renamed
,Grand Cru Pre-roll Suga' Booga' - 1g,Grand Cru Suga' Booga' Pre-roll 1g,no_vendor_column;no_cannabinoid_columns;renamed
,Heavenly Buds - Flower - Tally Mon DOH - 7g,Heavenly Buds Tally Mon Flower 7g,no_vendor_column;no_cannabinoid_columns;master_of_2_duplicates;renamed
,Stinger Cartridge Pina Colada - 1g,Stingers Pina Colada Cartridge 1g,no_vendor_column;no_cannabinoid_columns;master_of_2_duplicates;renamed
,SKORD 5-Pack Joints - Animal Cocktail - 3.5 Grams,Skord Animal Cocktail Pre-roll 3.5g,no_vendor_column;no_cannabinoid_columns;master_of_2_duplicates;renamed
,DBG PICC pre-roll 3g - Crumpets  & Golden Pineapple (H),Picc Crumpets X Golden Pineapple Infused Blunt 3g,no_vendor_column;no_cannabinoid_columns;renamed
,Torus - Pre Roll - Permanent Marker - 1g,Torus Permanent Marker Pre-roll 1g,no_vendor_column;no_cannabinoid_columns;master_of_2_duplicates;renamed
,Colors by Cultivar Pre-roll Purple Rain - 1g,Colors By Cultivar Purple Rain Pre-roll 1g,no_vendor_column;no_cannabinoid_columns;renamed
,Skagit Organics CBD Platinum Purple Cadillac 1g,Skagit Organics Purple Cadillac RSO 1g,no_vendor_column;no_cannabinoid_columns;master_of_2_duplicates;renamed
,Skagit Organics Platinum Rso Harlequin 1g,Skagit Organics Harlequin RSO 1g,collapsed_duplicate;merged_into_master
,Skagit Organics Platinum Rso Pine Tsunami 1g,Skagit Organics Pine Tsunami RSO 1g,collapsed_duplicate;merged_into_master
,Skagit Organics RSO Purple Cadillac 1g,Skagit Organics Purple Cadillac RSO 1g,collapsed_duplicate;merged_into_master
,Skagit Organics RSO Dutch Treat 1g,Skagit Organics Dutch Treat RSO 1g,no_vendor_column;no_cannabinoid_columns;renamed
,420 Mini Day and Night Live Rosin Chocolates (Milk CBN & Dark Choc Sea Salt CBG),420 Bar Mixed Chocolate 50g,no_vendor_column;no_cannabinoid_columns;renamed
,420 Mini Day/Night Live Rosin Gummies (Mango Passion & Berry Pom),420 Bar Mixed Gummies 50g,no_vendor_column;no_cannabinoid_columns;renamed
,Heavenly Buds - Flower - Strawberry Candy DOH - 1g,Heavenly Buds Strawberry Candy Flower 1g,collapsed_duplicate;merged_into_master
,Heavenly Buds - Full Flower .5g Little Snappers - White Cherry Runtz DOH - 1g,Heavenly Buds White Cherry Runtz Pre-roll 1g,no_vendor_column;no_cannabinoid_columns;master_of_2_duplicates;renamed
,Heavenly Buds - PHO - Candy Gushers - 1g,Heavenly Buds Candy Gushers Sugar 1g,no_vendor_column;no_cannabinoid_columns;renamed
,Heavenly Buds - Flower - Tally Mon DOH - 1g,Heavenly Buds Tally Mon Flower 1g,no_vendor_column;no_cannabinoid_columns;renamed
,Heavenly Buds - Flower - Tally Mon DOH - 3.5g,Heavenly Buds Tally Mon Flower 3.5g,no_vendor_column;no_cannabinoid_columns;renamed
,Heavenly Buds - Flower - Tally Mon DOH - 7g,Heavenly Buds Tally Mon Flower 7g,collapsed_duplicate;merged_into_master
,Journeyman Mango Lemonade Jellies,Journeyman Mango Lemonade Gummies 85g,collapsed_duplicate;merged_into_master
,Journeyman Strawberry Jellies,Journeyman Strawberry Gummies 85g,no_vendor_column;no_cannabinoid_columns;master_of_2_duplicates;renamed
,Journeyman Sour Watermelon Jellies,Journeyman Sour Watermelon Gummies 85g,no_vendor_column;no_cannabinoid_columns;renamed
,Journeyman 1:1 Raspberry CBD Jellies,Journeyman Raspberry Gummies 85g,collapsed_duplicate;merged_into_master
,Journeyman 50:1 Blackberry Lemonade CBD Jellies,Journeyman Blackberry Lemonade Gummies 85g,no_vendor_column;no_cannabinoid_columns;master_of_2_duplicates;renamed
,Journeyman 50:1 Sour Strawberry CBD Jellies,Journeyman Sour Strawberry Gummies 85g,collapsed_duplicate;merged_into_master
,Two Heads Cartridge Maui CBD - 1g,Two Heads Maui Cartridge 1g,no_vendor_column;no_cannabinoid_columns;renamed
,Two Heads Dab Syringe - GG#4 1g,Two Heads Gg 4 Distillate 1g,no_vendor_column;no_cannabinoid_columns;renamed
,Bodhi Original Vape - Blueberry Haze 1g,Bodhi High Blueberry Haze Cartridge 1g,no_vendor_column;no_cannabinoid_columns;renamed
,Snickle Fritz Cartridge Lime Sorbet,Snickle Fritz Lime Sorbet Cartridge 1g,collapsed_duplicate;merged_into_master
,Freddy's Fuego Liquid Gold Cartridge - Tiger's Blood- 1g,Freddy's Fuego Tigers Blood Cartridge 1g,collapsed_duplicate;merged_into_master
,Freddy's Fuego Pirate Crystals - Lemon Shortbread - 1g,Freddy's Fuego Lemon Shortbread Sugar 1g,collapsed_duplicate;merged_into_master
,Freddy's Fuego Pirate Crystals - Kawazaki - 1g,Freddy's Fuego Kawazaki Sugar 1g,no_vendor_column;no_cannabinoid_columns;renamed
,Freddy's Fuego Flower - Permanent Marker - 3.5g (Flagship),Freddy's Fuego Permanent Marker Flower 3.5g,no_vendor_column;no_cannabinoid_columns;renamed
,Freddy's Fuego Flower - Lyon King - 3.5g (Legacy),Freddy's Fuego Lyon King Flower 3.5g,no_vendor_column;no_cannabinoid_columns;renamed
,Freddy's Fuego Flower - Carrot Cake - 3.5g (Legacy),Freddy's Fuego Carrot Cake Flower 3.5g,collapsed_duplicate;merged_into_master
,Freddy's Fuego Peg Legs - Lemon Shortbread - 2 x 0.5g,Freddy's Fuego Lemon Shortbread Pre-roll 1g,no_vendor_column;no_cannabinoid_columns;renamed
,Freddy's Fuego Peg Legs - Blue Slushie - 2 x 0.5g,Freddy's Fuego Blue Slushie Pre-roll 1g,collapsed_duplicate;merged_into_master
,Goodies Flower Shaved Ice 3.5g,Goodies Shaved Ice Flower 3.5g,no_vendor_column;no_cannabinoid_columns;renamed
,Downtown cured resin comatoast 1g,Downtown Comatoast Live Resin 1g,collapsed_duplicate;merged_into_master
,Downtown Cured resin Toasted Crunch 1g,Downtown Toasted Crunch Live Resin 1g,no_vendor_column;no_cannabinoid_columns;master_of_2_duplicates;renamed
,Buddies Live Resin Vape Cart - Zazul - 1g,Buddies Zazul Cartridge 1g,no_vendor_column;no_cannabinoid_columns;renamed
,CBDabs - Texas Toazt - 1g,Fire Bros Texas Toazt Live Resin 1g,no_vendor_column;no_cannabinoid_columns;renamed
,CBDabs - Lemon Crepe - 1g,Fire Bros Lemon Crepe Live Resin 1g,no_vendor_column;no_cannabinoid_columns;renamed
,420 Mini - Dark Chocolate Sea Salt CBD 1:1,4.20 Dark Chocolate Chocolate 50g,collapsed_duplicate;merged_into_master
,Metaverse Cured [1g] [All-In-One],Lifted Metaverse Disposable Cartridge 1g,no_vendor_column;no_cannabinoid_columns;renamed
,Mike Bites (100mg/Green Apple),Mama J's Green Apple Gummies 42g,no_vendor_column;no_cannabinoid_columns;renamed
,Mike Bites (100mg/Mango),Mama J's Mango Gummies 42g,no_vendor_column;no_cannabinoid_columns;renamed
,Phat Panda Flower Golden Pineapple - 7g,Phat Panda Golden Pinaepple Flower 7g,no_vendor_column;no_cannabinoid_columns;renamed
,".75g Trichome InTERPreter Pre-Rolls, 2ct - Ice Cream Cake Bx1+Ré - 1.5g",Trichome Ice Cream Cake Infused Pre-roll 1.5g,no_vendor_column;no_cannabinoid_columns;renamed
,Canna Organix Infused Pre-roll Sauced & Tossed - Jealousy - 1g,Canna Organix Jealousy Infused Pre-roll 1g,no_vendor_column;no_cannabinoid_columns;renamed
,Canna Organix Infused Pre-roll Sauced & Tossed - Starkiller - 1g,Canna Organix Starkiller Infused Pre-roll 1g,no_vendor_column;no_cannabinoid_columns;renamed
,Canna Organix Infused Pre-roll Headshots - Donny Tsunami - 1g,Canna Organix Donny Tsunami Infused Pre-roll 1g,collapsed_duplicate;merged_into_master
,Canna Organix Infused Pre-roll Headshots - Snow Break - 1g,Canna Organix Snow Break Infused Pre-roll 1g,no_vendor_column;no_cannabinoid_columns;renamed
,Mojo Shot Blue Raspberry 1:1,Mojo Blue Raspberry Shots 100ml,no_vendor_column;no_cannabinoid_columns;renamed
,Mojo Shot Mango Passionfruit,Mojo Passion Fruit Shots 100ml,no_vendor_column;no_cannabinoid_columns;renamed
,Lil' Mother Pucker Shot Prickly Pear,Mojo Prickly Pear Shots 100ml,collapsed_duplicate;merged_into_master
,Mojo Infused Pre-roll Zoo Dawg 1g,Mojo Zoo Dawg Infused Pre-roll 1g,no_vendor_column;no_cannabinoid_columns;renamed
,CannaSol RSO 1:1:1 CBD:CBG:THC 1g,Cannasol Mixed RSO 1g,no_vendor_column;no_cannabinoid_columns;renamed
,CannaSol RSO Cosmic Charlie 1:1 1g,Cannasol Cosmic Charlie RSO 1g,collapsed_duplicate;merged_into_master
,CannaSol RSO Aliens on Moonshine 1g,Cannasol Aliens On Moonshine RSO 1g,collapsed_duplicate;merged_into_master
,CannaSol Flower Double Durban 1g,Cannasol Double Durban Flower 1g,no_vendor_column;no_cannabinoid_columns;renamed
,CannaSol Flower Double Durban 4g,Cannasol Double Durban Flower 4g,collapsed_duplicate;merged_into_master
,"4.20 Tincture Day 500mg THC, 500mg CBD, 500mg CBG",Evergreen Herbal Day Tincture 1floz,no_vendor_column;no_cannabinoid_columns;renamed
,"4.20 Tincture Night - 500mg THC, 500mg CBD, 500mg CBN",Evergreen Herbal Night Tincture 1oz,collapsed_duplicate;merged_into_master
,Lifted SugarStix Malibu Marker - 1g,Lifted Mandarin Butter Infused Pre-roll 1g,no_vendor_column;no_cannabinoid_columns;renamed
,Lifted Pre-Roll Malibu Marker - 1g,Lifted Malibu Marker Pre-roll 1g,no_vendor_column;no_cannabinoid_columns;renamed
,Lifted All-in-one White Truffle Cured - 1g,Lifted White Truffle Disposable Cartridge 1g,no_vendor_column;no_cannabinoid_columns;renamed
,Torus - Pre-Rolls - Zour Beltz - 1g,Torus Zour Beltz Pre-roll 1g,no_vendor_column;no_cannabinoid_columns;renamed
,Torus - Flower - Guava Tart - 3.5g,Torus Guava Tart Flower 3.5g,collapsed_duplicate;merged_into_master
,HashBreak Infused pre-roll - Frosted Cookies - 1g,Torus Frosted Cookies Infused Pre-roll 1g,no_vendor_column;no_cannabinoid_columns;renamed
,Northwest Concentrates - ROSIN - Bad Apple - 1g,Northwest Concentrates Bad Apple Rosin 1g,collapsed_duplicate;merged_into_master
,Northwest Concentrates SELECT DABS Moonbow 1g,Northwest Concentrates Moonbow Kush Live Resin 1g,no_vendor_column;no_cannabinoid_columns;renamed
,PHD Flower Gelatino 14g,Phd2 Gelatino Flower 14g,no_vendor_column;no_cannabinoid_columns;renamed
,Canna Cantina Gummies 10 Pack - Mango Chili,Constellation Mango Chili Edible 1.2oz,collapsed_duplicate;merged_into_master
,Canna Cantina Gummies 10 Pack - Mandarin,Constellation Mandarin Edible 1.2oz,no_vendor_column;no_cannabinoid_columns;renamed
,Ooowee - Live Resin - B - 1G Disposable - Late Bloomer - 1g,Ooowee Late Bloomer Disposable Cartridge 1g,collapsed_duplicate;merged_into_master
,Ooowee - 1G Cartridge - Black Cherry Bomb - 1g,Ooowee Black Cherry Bomb Cartridge 1g,no_vendor_column;no_cannabinoid_columns;renamed
,Ooowee - 1G Cartridge - Blue Dream - 1g,Ooowee Blue Dream Cartridge 1g,no_vendor_column;no_cannabinoid_columns;renamed
,SF FIR JF - 1G - Rainier Cherries - Haze - SAT - CR,Mfused Rainier Cherry Disposable Cartridge 1g,no_vendor_column;no_cannabinoid_columns;renamed
,SF FIR JF - 1G - Fatso - Gas - IND - CR,Mfused Fatso Disposable Cartridge 1g,no_vendor_column;no_cannabinoid_columns;renamed
,SF FIR JF - 1G - Blu Voodoo - Dessert - HYB - CR,Mfused Blu Voodoo Disposable Cartridge 1g,no_vendor_column;no_cannabinoid_columns;renamed
,SF FIR TK - 1G - Rainier Cherries - Haze - SAT - CR,Mfused Rainier Cherry Cartridge 1g,no_vendor_column;no_cannabinoid_columns;master_of_2_duplicates;renamed
,SF FIR TK - 1G - Blu Voodoo - Dessert - HYB - CR,Mfused Blu Voodoo Cartridge 1g,no_vendor_column;no_cannabinoid_columns;master_of_2_duplicates;renamed
,SF LOU JF - 1G - Purple Reign - Haze - SAT - CR,Mfused Purple Reign Cartridge 1g,collapsed_duplicate;merged_into_master
,SF LOU JF - 1G - Stoopid Gas - Gas - HYB - CR,Mfused Stoopid Gas Disposable Cartridge 1g,no_vendor_column;no_cannabinoid_columns;renamed
,MFused - Disposable - Faderade - 1g,Mfused Faderade Disposable Cartridge 1g,collapsed_duplicate;merged_into_master
,Heavenly Buds - PHO - Strawberry Candy - 1g,Heavenly Buds Strawberry Candy Bho 1g,no_vendor_column;no_cannabinoid_columns;renamed
,Ceres Edible FREEZE_IND_CHERRY_10pk,Ceres Cherry Edible 1.5oz,collapsed_duplicate;merged_into_master
,Ceres Bites Milk Chocolate Indica 1:1,Ceres Milk Chocolate Edible 2oz,no_vendor_column;no_cannabinoid_columns;renamed
,Ceres Fruit Chews Citrus Indica 1:1:1,Ceres Citrus Edible 2.2oz,no_vendor_column;no_cannabinoid_columns;renamed
,Cere SQUEEZE TUBE MOON CYCLE - 3.4oz,Ceres Moon Cycle Topical 3.4g,no_vendor_column;no_cannabinoid_columns;renamed
,Ceres SQUEEZE_TUBE_GOLD_MAX_DRAGON_3.4oz,Ceres Gold Max Dragon Topical 3.4oz,no_vendor_column;no_cannabinoid_columns;master_of_2_duplicates;renamed
,Ceres ROLL UPS GOLD MAX DRAGON BALM - 3.4oz,Ceres Gold Max Dragon Topical 3.4oz,collapsed_duplicate;merged_into_master
,Ceres SQUEEZE TUBE XTRA DRAGON 1:1 - 3.4oz,Ceres Dragon Topical 3.4oz,no_vendor_column;no_cannabinoid_columns;renamed
,Journeyman Peach Hash Rosin Lemonade,Journeyman Lemonade Beverage 2floz,no_vendor_column;no_cannabinoid_columns;renamed
,Journeyman Pineapple Hash Rosin Lemonade,Journeyman Pineapple Beverage 2floz,collapsed_duplicate;merged_into_master
,Journeyman Strawberry Hash Rosin Lemonade,Journeyman Strawberry Beverage 2floz,no_vendor_column;no_cannabinoid_columns;renamed
,Live Hash Rosin - Pure Buttafingaz (S) - 01g,Fireline Pure Buttafingaz Rosin 1g,collapsed_duplicate;merged_into_master
,Ooowee - 1G Cartridge - Cereal Milk - 1g,Ooowee Cereal Milk Cartridge 1g,no_vendor_column;no_cannabinoid_columns;renamed
,Ooowee - 1G Cartridge - Tropical Maui - 1g,Ooowee Tropical Maui Cartridge 1g,no_vendor_column;no_cannabinoid_columns;renamed
,Smokiez Blackberry-Indica- Fruit Chew - 100mg,Smokiez Blackberry Edible 60g,collapsed_duplicate;merged_into_master
,Smokiez Blue Raspberry-Indica- Fruit Chew - 100mg,Smokiez Blue Raspberry Edible 60g,no_vendor_column;no_cannabinoid_columns;renamed
,SMC - Mixed Berry Pack - 5g,Shatter J's Mixed Infused Pre-roll 5g,collapsed_duplicate;merged_into_master
,Second Nature Flower Blueberry Cheesecake 28g,Second Nature Blueberry Cheesecake Flower 28g,no_vendor_column;no_cannabinoid_columns;renamed
,Second Nature Flower Caution Tape- 3.5g,Second Nature 4rilla Flower 3.5g,no_vendor_column;no_cannabinoid_columns;renamed
,BackPack Boyz Pre-roll Lemon Cherry Gelato 1g,Backpack Boyz Lemon Cherry Gelato Pre-roll 1g,no_vendor_column;no_cannabinoid_columns;renamed
,Rays - Strawberry Lemonade - 100mg,Ray's Lemonade Strawberry Beverage 355ml,no_vendor_column;no_cannabinoid_columns;renamed
,DBG Mini 5 pack-2.5g - Mandarin Cookies (Prince Farms) & Golden Pineapple (Grow Bros) (S) DOH,Picc Mandarin Cookies Infused Pre-roll 2.5g,no_vendor_column;no_cannabinoid_columns;renamed
,DBG Mini 5 pack - 2.5g - Ice Cream Mintz (Pinnacle) & Sundae Driver (Grow Bros) (I) DOH,Picc Ice Cream Cake Infused Pre-roll 2.5g,no_vendor_column;no_cannabinoid_columns;renamed
,Sky High & High Tide Hash Hole 1g - Apple Rain (Sky High) & whistle tip (High tide ) (H) DOH,Picc Apple Rain Infused Pre-roll 1g,collapsed_duplicate;merged_into_master
,Pot of Gold - Hash Hole 1g Dole Whip (P.O.G) (S) & Jet Blue (Ice Queen) (S),Picc Dole Whip Infused Pre-roll 1g,no_vendor_column;no_cannabinoid_columns;renamed
,Trees Co & High Tide Hash Hole 1g - Grape Gas & Maple Barz (H) DOH,Picc Grape Gas Infused Pre-roll 1g,collapsed_duplicate;merged_into_master
,DBG Mini 5 pack - 2.5g - Kush Breath (Darkstar/Onyx) & Black Apple (Grow Bros) (H) DOH,Picc Kush Breath Infused Pre-roll 2.5g,collapsed_duplicate;merged_into_master
,Freddy's Fuego Legacy Flower - 03.5g - Lemon Shortbread,Skord Lemon Shortbread Flower 3.5g,no_vendor_column;no_cannabinoid_columns;renamed
,Reserve PHö - 01g - Blue Lime Pie Badder,Skord Blue Lime Pie Live Resin 1g,no_vendor_column;no_cannabinoid_columns;renamed
,Rocket Popz ( I ) - Flipside Distillate 510 Cart 1g,Flipside Rocket Popz Cartridge 1g,collapsed_duplicate;merged_into_master
,Lifted Flower Blue Lobster [3.5g],Lifted Blue Lobster Flower 3.5g,collapsed_duplicate;merged_into_master
,LVR BOX 1g RESWILD - Mimosa Live Res,Walden Mimosa Live Resin 1g,no_vendor_column;no_cannabinoid_columns;renamed
,Refine LOUD ROSIN x Constellation - GMO x Jet Fuel Gelato,Refine Gmo Rosin 1g,no_vendor_column;no_cannabinoid_columns;renamed
,Freddy's Fuego Flower - Ethos Apex - 3.5g (Flagship,Freddy's Fuego Ethos Apex Flower 3.5g,collapsed_duplicate;merged_into_master
,Freddy's Fuego Flower - Lemon Oreo Gelato - 3.5g (Flagship),Freddy's Fuego Lemon Oreo Gelato Flower 3.5g,no_vendor_column;no_cannabinoid_columns;renamed
,Pirate Crystals - Lemon Shortbread - 1g,Freddy's Fuego Lemon Shortbread Live Resin 1g,collapsed_duplicate;merged_into_master
,Pirate Crystals - Big Baby - 1g,Freddy's Fuego Big Baby Live Resin 1g,no_vendor_column;no_cannabinoid_columns;renamed
,Freddy's Fuego Peg Legs - Dantes Inferno - 2 x 0.5g,Freddy's Fuego Dante's Inferno Pre-roll 1g,collapsed_duplicate;merged_into_master
,Sky High Gardens Pre-roll Cosmic Chem 1.2g,Sky High Gardens Cosmic Chem Pre-roll 1.2g,collapsed_duplicate;merged_into_master
,Sky High Gardens Pre-roll Scented Marker 1.2g,Sky High Gardens Scented Marker Pre-roll 1.2g,no_vendor_column;no_cannabinoid_columns;renamed
,Sky High Gardens Flower Tokyo Snow 3.5g,Sky High Gardens Tokyo Snow Flower 3.5g,no_vendor_column;no_cannabinoid_columns;renamed
,Sky High Gardens Flower Tokyo Snow 7g,Sky High Gardens Tokyo Snow Flower 7g,no_vendor_column;no_cannabinoid_columns;renamed
,Sky High Gardens Pre-roll White Inferno 1.2g,Sky High Gardens White Inferno Pre-roll 1.2g,no_vendor_column;no_cannabinoid_columns;renamed
,Sky High Garden Rosin Truffle N Flow #6 - 1g,Sky High Gardens Truffle N Flow Rosin 1g,no_vendor_column;no_cannabinoid_columns;renamed
,Lodi Dodi .5G Preroll 2 pk,Soulshine Lodi Dodi Pre-roll 1g,no_vendor_column;no_cannabinoid_columns;renamed
,Trichome Raw Flower - Bubble Bath - 3.5g,Trichome Bubble Bath 1 Flower 3.5g,no_vendor_column;no_cannabinoid_columns;renamed
,Trichome Raw Flower - Juicee J - 3.5g,Trichome Juicee J Flower 3.5g,no_vendor_column;no_cannabinoid_columns;renamed
,.5g Isolated Pre-Rolled Cones  - Isolated Crop CircleZ Pre-Rolled Cones -1,Trichome Crop Circlez Infused Pre-roll 1g,no_vendor_column;no_cannabinoid_columns;master_of_2_duplicates;renamed
,".5g Isolated Pre-Rolled Cones, 2ct - Isolated Donut Resin Pre-Rolled Cones - 1g",Trichome Donut Resin Infused Pre-roll 1g,collapsed_duplicate;merged_into_master
,".5g Isolated Pre-Rolled Cones, 2ct - Isolated Juicee J Pre-Rolled Cones - 1g",Trichome Juicee J Infused Pre-roll 1g,no_vendor_column;no_cannabinoid_columns;renamed
,".75g Trichome InTERPreter Pre-Rolls, 2ct - MAC 1+DZ - 1.5g",Trichome Mac Infused Pre-roll 1.5g,no_vendor_column;no_cannabinoid_columns;renamed
,BFF All In One - GOAT - Golden Appletini - 1g - (I,Buddies Goat Disposable Cartridge 1g,collapsed_duplicate;merged_into_master
,Golden Pineapple Bong Buddies 2g,Phat Panda Golden Pineapple Flower 2g,no_vendor_column;no_cannabinoid_columns;renamed
,Platinum Flower (MAC Stomper - Platinum Line/3.5g),Phat Panda Mac Stomper Flower 3.5g,no_vendor_column;no_cannabinoid_columns;renamed
,Snicklefritz cartridge tropical slushie 1g,Snickle Fritz Tropical Slushie Cartridge 1g,collapsed_duplicate;merged_into_master
,Panda Pen GDP 1g,Phat Panda Gdp Cartridge 1g,no_vendor_column;no_cannabinoid_columns;renamed
,Platinum Flower (MAC Stomper - Platinum Line/7g),Phat Panda Mac Stomper Flower 7g,no_vendor_column;no_cannabinoid_columns;renamed
,Zenn Cannabis  Flower Babysita - 3.5g,Zen Cannabis Babysita Flower 3.5g,collapsed_duplicate;merged_into_master
,Legit Gold Rainier Cherry - 1g,Legit Gold Rainier Cherry Infused Pre-roll 1g,no_vendor_column;no_cannabinoid_columns;renamed
,Legit Gold Cherry Blossom OG - 1g,Legit Gold Cherry Blossom Og Infused Pre-roll 1g,no_vendor_column;no_cannabinoid_columns;renamed
,Suspended Flower Triple Burger- 1g,Suspended Triple Burger Flower 1g,collapsed_duplicate;merged_into_master
,Suspended Flower Black Koffee - 1g,Suspended Black Koffee Flower 1g,no_vendor_column;no_cannabinoid_columns;renamed
,Suspended THC ICEBERG Black Koffee - 1g,Suspended Black Koffee Mix Infused Flower 1g,collapsed_duplicate;merged_into_master
,Suspended THC ICEBERG Lost OG - 1g,Suspended Lost Og Mix Infused Flower 1g,collapsed_duplicate;merged_into_master
,Suspended Flower Star Pebbles- 1g,Suspended Star Pebbles Flower 1g,no_vendor_column;no_cannabinoid_columns;renamed
,Drops Edible Strawberry CBD 1:4,Full Spec Strawberry Edible 1.56oz,collapsed_duplicate;merged_into_master
,Sour Grape MAX Chill (100mg THC;5mg CBN),Green Revolution Sour Grape Beverage 57ml,no_vendor_column;no_cannabinoid_columns;renamed
,Green Revolution Shot Sour Watermelon MAX Fly (100mg THC;5mg CBG),Green Revolution Sour Watermelon Beverage 57ml,no_vendor_column;no_cannabinoid_columns;renamed
,Green Revolution Shot Strawberry Lime MAX Elevate (100mg THC;5mg CBD),Green Revolution Strawberry Lime Beverage 57ml,no_vendor_column;no_cannabinoid_columns;renamed
,HashBreak 2 Pack Peanut Butter Fudge 1g,Torus Peanut Butter Pre-roll 1g,no_vendor_column;no_cannabinoid_columns;renamed
,T2 Flower True Purple Berry 1- 3.5g,Torus True Purple Berry 1 Flower 3.5g,no_vendor_column;no_cannabinoid_columns;renamed
,Torus Pre-Rolls Hyphy - 1g,Torus Hyphy Pre-roll 1g,collapsed_duplicate;merged_into_master
,T2 Flower Breakfast Toast - 3.5g,Torus Breakfast Toast Flower 3.5g,no_vendor_column;no_cannabinoid_columns;renamed
,Torus Flower Cherry Amaretto 3.5g,Torus Cherry Amaretto Flower 3.5g,collapsed_duplicate;merged_into_master
,Torus  Pre-Rolls Cherry Amaretto 1g,Torus Cherry Amaretto Flower 1g,no_vendor_column;no_cannabinoid_columns;renamed
,HashBreak 2 Pack - A la Mode - 1g,Torus A La Mode Pre-roll 1g,no_vendor_column;no_cannabinoid_columns;renamed
,Torus Pre-Rolls K2 #1-1g,Torus K2 1 Pre-roll 1g,no_vendor_column;no_cannabinoid_columns;master_of_2_duplicates;renamed
,Torus ROSIN Strawberry Fritter F2 #4 - 1g,Torus Strawberry Fritter Rosin 1g,no_vendor_column;no_cannabinoid_columns;renamed
,Torus ROSIN Do-Si-G - 1g,Torus Do Si Do Rosin 1g,no_vendor_column;no_cannabinoid_columns;renamed
,SPR - 2pk Joint Box (2g) - Dutch Treat,Spr Dutch Treat Pre-roll 2g,collapsed_duplicate;merged_into_master
,Shatter J's Infused Pre-roll Banana Cream Pie -1g,Shatter J's Bananas Cream Infused Pre-roll 1g,no_vendor_column;no_cannabinoid_columns;renamed
,Swifts Edibles - Mints-Indica-Green Tea-100mg,Swifts Green Tea Mints 13g,no_vendor_column;no_cannabinoid_columns;renamed
,A.C. Diamond Stix Joint - Gary Payton - 1g (H),Agro Couture Gary Payton Infused Pre-roll 1g,no_vendor_column;no_cannabinoid_columns;renamed
,A.C. Diamond Stix Joint - Super Boof - 1g (H),Agro Couture Super Boof Infused Pre-roll 1g,no_vendor_column;no_cannabinoid_columns;renamed
,Gummy - Rainbow (Variety) - 10 x 10mg - 100mg THC,Agro Couture Rainbow Gummies 28.35g,no_vendor_column;no_cannabinoid_columns;renamed
,Gummy - POG 1:1 CBG - 10 x 20mg - 200mg THC/CBG,Agro Couture Pog Gummies 28.35g,no_vendor_column;no_cannabinoid_columns;renamed
,GE - Blackberry Cobbler - 1g Indica Vape Cartridge,Agro Couture Black Blueberry Cartridge 1g,no_vendor_column;no_cannabinoid_columns;renamed
,GE - Grape Stomper - 1g Sativa Vape Cartridge,Agro Couture Grape Stomper Cartridge 1g,collapsed_duplicate;merged_into_master
,GE - Green Zkittlez - 1g Sativa Vape Cartridge,Agro Couture Green Zkittlez Cartridge 1g,no_vendor_column;no_cannabinoid_columns;renamed
,GE - Sherbet - 1g Indica Vape Cartridge,Agro Couture Sherbet Cartridge 1g,no_vendor_column;no_cannabinoid_columns;renamed
,A.C. Topical Drops - 1000mg THC 1000mg CBD 1:1 - 1.7 oz. (100 x 20mg Droppers) Trade Sample,Agro Couture Mixed Trade Sample 50g,collapsed_duplicate;merged_into_master
,LIVE extract - TWISTED TOAST - 1g,Downtown Twisted Toast Live Resin 1g,collapsed_duplicate;merged_into_master
,WAX - COMATOAST - 1g,Downtown Comatoast Live Resin 1g,collapsed_duplicate;merged_into_master
,WAX - TOASTED CRUNCH - 1g,Downtown Toasted Crunch Live Resin 1g,collapsed_duplicate;merged_into_master
,LIVE extract - COMATOAST - 1g,Downtown Comatoast Live Resin 1g,collapsed_duplicate;merged_into_master
,LIVE extract - MINT CONDITION - 1g,Downtown Mint Condition Live Resin 1g,collapsed_duplicate;merged_into_master
,Stone City Infused Pre-Roll 2 Pack - Gelato - 1g,Stone City Gelato Infused Pre-roll 1g,no_vendor_column;no_cannabinoid_columns;renamed
,Stone City Infused Pre-Roll 2 Pack - Lemon Cherry Gelato - 1g,Stone City Lemon Cherry Gelato Infused Pre-roll 1g,collapsed_duplicate;merged_into_master
,Coffee Creamer Cured [1g] [All-In-One],Lifted Coffee Creamer Disposable Cartridge 1g,no_vendor_column;no_cannabinoid_columns;renamed
,Blue Razz Slush [1g] [All-In-One],Lifted Blue Raspberry Disposable Cartridge 1g,no_vendor_column;no_cannabinoid_columns;renamed
,Creamsicle Slush [1g] [All-In-One],Lifted Creamsicle Disposable Cartridge 1g,collapsed_duplicate;merged_into_master
,Mango Punch Slush [1g] [All-In-One],Lifted Mango Punch Disposable Cartridge 1g,no_vendor_column;no_cannabinoid_columns;renamed
,Raspberry Lemonade Slush [1g] [All-In-One],Lifted Raspberry Disposable Cartridge 1g,no_vendor_column;no_cannabinoid_columns;renamed
,Strawberry Burst Slush [1g] [All-In-One],Lifted Strawberry Disposable Cartridge 1g,no_vendor_column;no_cannabinoid_columns;renamed
,Tigers Blood Slush [1g] [All-In-One],Lifted Tigers Blood Disposable Cartridge 1g,no_vendor_column;no_cannabinoid_columns;renamed
,Watermelon Wave Slush [1g] [All-In-One],Lifted Watermelon Disposable Cartridge 1g,no_vendor_column;no_cannabinoid_columns;renamed
,Peach Ringz Slush [1g],Lifted Peach Cartridge 1g,no_vendor_column;no_cannabinoid_columns;renamed
,25 Eyes SugarStix [1g],Lifted 25 Eyes Infused Pre-roll 1g,collapsed_duplicate;merged_into_master
,Permanent Punch SugarStix [1g],Lifted Permanent Punch Infused Pre-roll 1g,no_vendor_column;no_cannabinoid_columns;renamed
,25 Eyes [1g] Pre-Roll,Lifted 25 Eyes Pre-roll 1g,no_vendor_column;no_cannabinoid_columns;renamed
,Lifted Flower wedding cake 28g,Lifted Wedding Cake Flower 28g,collapsed_duplicate;merged_into_master
,Lifted flower rizz 3.5g,Lifted Rizz Flower 3.5g,no_vendor_column;no_cannabinoid_columns;renamed
,Lychee Sugar Crystals [1g],Lifted Lychee Live Resin 1g,no_vendor_column;no_cannabinoid_columns;renamed
,"Loconut - LO TOPICAL (1,000mg THC) - Hybrid - 20mg",Clarity Farms Hybrid Topical 20mg,no_vendor_column;no_cannabinoid_columns;renamed
,"Loconut - LO TOPICAL (1,000mg THC) - Indica - 20mg",Clarity Farms Indica Topical 20mg,collapsed_duplicate;merged_into_master
,"Loconut - LO TOPICAL (1,000mg THC) - Sativa - 20mg",Clarity Farms Sativa Topical 20mg,no_vendor_column;no_cannabinoid_columns;renamed
,Loconut - LO TOPICAL (500mg THC) - Hybrid - 10mg,Clarity Farms Hybrid Topical 10mg,no_vendor_column;no_cannabinoid_columns;renamed
,Loconut - LO TOPICAL (500mg THC) - Indica - 10mg,Clarity Farms Indica Topical 10mg,collapsed_duplicate;merged_into_master
,Loconut - LO TOPICAL (500mg THC) - Sativa - 10mg,Clarity Farms Sativa Topical 10mg,no_vendor_column;no_cannabinoid_columns;renamed
,Tasty Terps - TT BHO 1g - Blueberry Yum Yum - 1g,Clarity Farms Blueberry Yum Yum Bho 1g,no_vendor_column;no_cannabinoid_columns;renamed
,Tasty Terps - TT BHO 1g - Strawberry Kiwi Dum Dum - 1g,Clarity Farms Strawberry Kiwi Dum Dum Bho 1g,collapsed_duplicate;merged_into_master
,Bodhi High Ultra Pure Cartridge Lavender Trainwrecks- 1g,Bodhi High Lavender Trainwreck Cartridge 1g,no_vendor_column;no_cannabinoid_columns;renamed
,Honey Stixx - Infused Pre-roll - Flavored - Grape Kush.7g,Honey Stixx Grape Infused Pre-roll 0.7g,no_vendor_column;no_cannabinoid_columns;renamed
,Moonshot - Tropical Punch 100mg THC,Constellation Tropic Shuffle Shots 50ml,collapsed_duplicate;merged_into_master
,Rosin Vape Cart 0.5g - Amarelo- DOH,Constellation Amarelo Cartridge 0.5g,no_vendor_column;no_cannabinoid_columns;renamed
,Blaze Soda Orange Cream Pie 6oz,Evergreen Herbal Orange Cream Edible 6floz,no_vendor_column;no_cannabinoid_columns;renamed
,Blaze Live Resin Baja - 12oz,Evergreen Herbal Baja Blaze Edible 12floz,no_vendor_column;no_cannabinoid_columns;renamed
,Blaze Live Resin Blue Raspberry - 12oz,Evergreen Herbal Blue Raspberry Edible 12floz,no_vendor_column;no_cannabinoid_columns;renamed
,Panda Pen Watermelon Mojito,Phat Panda Watermelon Mojito Cartridge 1g,no_vendor_column;no_cannabinoid_columns;renamed
,SHOTSKI - Dragon Fruit,Walden Dragon Fruit Edible 1.7floz,no_vendor_column;no_cannabinoid_columns;renamed
,SHOTSKI - Peach Mango,Walden Peach Mango Edible 1.7floz,collapsed_duplicate;merged_into_master
,SHOTSKI - Strawberry Lemonade,Walden Strawberrry Lemonade Edible 1.7floz,no_vendor_column;no_cannabinoid_columns;renamed
,Silver Tier - Lemon Slushee - 1g,Fire Bros Lemon Slushee Live Resin 1g,no_vendor_column;no_cannabinoid_columns;renamed
,CBDabs - Peanut Butter Crunch - 1g,Fire Bros Peanut Butter Crunch Live Resin 1g,no_vendor_column;no_cannabinoid_columns;renamed
,CBDabs - Viva Piñata - 1g,Fire Bros Viva Piñata Live Resin 1g,collapsed_duplicate;merged_into_master
,CBDabs - Jack Black - 1g,Fire Bros Jack Black Live Resin 1g,no_vendor_column;no_cannabinoid_columns;renamed
,Gold Tier - Puft Party - 1g,Fire Bros Puft Party Live Resin 1g,no_vendor_column;no_cannabinoid_columns;renamed
,Journeyman 50:1 POG CBD Jellies,Journeyman Pog Gummies 85g,no_vendor_column;no_cannabinoid_columns;renamed
,Pre-Rolls - Blue Dream - 2g (4pk),The People's Indoor Gardens Blue Dream Pre-roll 2g,no_vendor_column;no_cannabinoid_columns;master_of_2_duplicates;renamed
,Pre-Rolls - Wedding Cake - 2g (4pk),The People's Wedding Cake Pre-roll 2g,no_vendor_column;no_cannabinoid_columns;renamed
,Pre-Rolls - The Soap - 2g (4pk),The People's The Soap Pre-roll 2g,no_vendor_column;no_cannabinoid_columns;renamed
,Pre-Rolls - Pistachio - 2g (4pk),The People's Pistachio Pre-roll 2g,collapsed_duplicate;merged_into_master
,Pre-Rolls - People's Diesel - 2g (4pk),The People's People's Diesel Pre-roll 2g,no_vendor_column;no_cannabinoid_columns;renamed
,Torus - Pre-Rolls - Pinnacle - 1g,Torus Pinnacle Pre-roll 1g,no_vendor_column;no_cannabinoid_columns;renamed
,Torus - Flower - Permanent Marker - 3.5g,Torus Permanent Marker Flower 3.5g,collapsed_duplicate;merged_into_master
,Torus - Pre-Rolls - Mclaren - 1g,Torus Mclaren Pre-roll 1g,no_vendor_column;no_cannabinoid_columns;renamed
,HashBreak - HB Multi - Sour Cherries - 3.5g,Torus Sour Cherries Infused Pre-roll 3.5g,collapsed_duplicate;merged_into_master
,HashBreak - Hashbreak 2 Pack - Sour Cherries - 1g,Torus Sour Cherries Infused Pre-roll 1g,no_vendor_column;no_cannabinoid_columns;renamed
,Torus - Pre-Rolls - Watermelon Martini - 1g,Torus Watermelon Martini Pre-roll 1g,no_vendor_column;no_cannabinoid_columns;renamed
,Torus - Flower - Cereal Milk #6 - 28g,Torus Cereal Milk Flower 28g,collapsed_duplicate;merged_into_master
,Heavenly Buds - Frosin - Peach Beltz,Heavenly Buds Peach Beltz Rosin 1g,no_vendor_column;no_cannabinoid_columns;renamed
,Mad Mark blunt Banana Runtz 1.5g,Mad Mark Banana Runtz Blunt 1.5g,no_vendor_column;no_cannabinoid_columns;renamed
,Mad Mark pho Amnesia Haze 1g,Mad Mark Amnesia Haze Bho 1g,collapsed_duplicate;merged_into_master
,Mad Mark pho mad gelato,Mad Mark Mad Gelato Bho 1g,no_vendor_column;no_cannabinoid_columns;renamed
,Mad Mark pho mad pie goddess,Mad Mark Mad Pie Goddess Bho 1g,no_vendor_column;no_cannabinoid_columns;renamed
,Mad Mark disposable vape - mad gelato 1g,Mad Mark Mad Gelato Disposable Cartridge 1g,collapsed_duplicate;merged_into_master
,Mad Mark disposable vape - mad pie goddess,Mad Mark Mad Pie Goddess Disposable Cartridge 1g,no_vendor_column;no_cannabinoid_columns;renamed
,Mad Mark flower mad pie goddess - 3.5g,Mad Mark Mad Pie Goddess Flower 3.5g,collapsed_duplicate;merged_into_master
,Stars & Rosin - 99 Sunsets x Purple Push Pop rosin - .5g,American Hash Makers 99 Sunsets Infused Pre-roll 0.5g,no_vendor_column;no_cannabinoid_columns;master_of_2_duplicates;renamed
,Stars & Rosin - 99 Sunsets x Banana Cream rosin - .5g,American Hash Makers 99 Sunsets Infused Pre-roll 0.5g,collapsed_duplicate;merged_into_master
,Stars & Rosin - Ambrosia x Purple Push Pop Rosin - .5g,American Hash Makers Ambrosia X La Kush Cake Infused Pre-roll 0.5g,no_vendor_column;no_cannabinoid_columns;renamed
,Stars & Rosin - Ambrosia x Banana Cream Rosin - .5g,American Hash Makers Ambrosia Infused Pre-roll 0.5g,no_vendor_column;no_cannabinoid_columns;renamed
,Stars & Rosin - Rainbow Belts x Purple Push Pop Rosin - .5g,American Hash Makers Rainbow Belts Infused Pre-roll 0.5g,collapsed_duplicate;merged_into_master
,Stars & Rosin - Rainbow Belts x Banana Cream Rosin - .5g,American Hash Makers Rainbow Belts Infused Pre-roll 0.5g,collapsed_duplicate;merged_into_master
,Stars & Rosin - Kiwi Sherbert x Purple Push Pop Rosin - .5g,American Hash Makers Kiwi Infused Pre-roll 0.5g,no_vendor_column;no_cannabinoid_columns;renamed
,Stars & Rosin - Kiwi Sherbert x Banana Cream Rosin - .5g,American Hash Makers Kiwi Infused Blunt 0.5g,collapsed_duplicate;merged_into_master
,Mary Jones Soda - Cola- 12oz,Mary Jones Cola Liquid Infused Edible 12floz,no_vendor_column;no_cannabinoid_columns;renamed
,Lil Rays Hash Rosin Original Lemonade - 1.75oz,Rays Lemonade Lemonade Liquid Infused Edible 1.75floz,collapsed_duplicate;merged_into_master
,lil' Rays - Raspberry Lemonade - 100mg THC : 20mg CBD : 20mg CBG : 20mg CBN : 20mg CBC,Rays Lemonade Raspberry Liquid Infused Edible 1.75floz,no_vendor_column;no_cannabinoid_columns;renamed
,Hustler's Ambition Flower (Black Cherry Gelato 3.5g),Mama J's Black Cherry Gelato Flower 3.5g,collapsed_duplicate;merged_into_master
,Mama J's Flower (Baklava 3.5g),Mama J's Baklava Flower 3.5g,no_vendor_column;no_cannabinoid_columns;renamed
,Mama J's Flower (Katsu Bubba/3.5g),Mama J's Katsu Bubba Flower 3.5g,no_vendor_column;no_cannabinoid_columns;renamed
,Mama J's Flower (Katsu Bubba/7g),Mama J's Katsu Bubba Flower 7g,no_vendor_column;no_cannabinoid_columns;renamed
,Mama J's Flower (Katsu Bubba/14g),Mama J's Katsu Bubba Flower 14g,no_vendor_column;no_cannabinoid_columns;renamed
,Collective Straight Prerolls (Dosi Punch 1g),Mama J's Dosi Punch Pre-roll 1g,no_vendor_column;no_cannabinoid_columns;renamed
,Collective Straight Prerolls (Lemon Pepper 1g),Mama J's Lemon Pepper Pre-roll 1g,no_vendor_column;no_cannabinoid_columns;renamed
,Collective Straight Prerolls (Pink Runtz 1g),Mama J's Pink Runtz Pre-roll 1g,collapsed_duplicate;merged_into_master
,Collective Straight Prerolls (White Cherry Gelato 1g),Mama J's White Cherry Gelato Pre-roll 1g,no_vendor_column;no_cannabinoid_columns;renamed
,Stinger Cartridge - 1g Cartridge - Casey Jones - 1g,Stingers Casey Jones Cartridge 1g,no_vendor_column;no_cannabinoid_columns;renamed
,Stinger Cartridge - 1g Cartridge - Mimosa - 1g,Stingers Mimosa Cartridge 1g,no_vendor_column;no_cannabinoid_columns;renamed
,Stinger Cartridge - 1g Cartridge - Georgia Peach - 1g,Stingers Georgia Peach Cartridge 1g,no_vendor_column;no_cannabinoid_columns;renamed
,Stinger Cartridge - 1g Cartridge - Wedding Cake - 1g,Stingers Wedding Cake Cartridge 1g,collapsed_duplicate;merged_into_master
,Stingers - 5pk .5g Pre-Rolls - Juicy Fruit - 2.5g,Stingers Juicy Fruit Infused Pre-roll 2.5g,no_vendor_column;no_cannabinoid_columns;renamed
,Stingers - 2pk .5g Pre-Rolls - Afghan Skunk - 1g,Stingers Afghan Skunk Infused Pre-roll 1g,collapsed_duplicate;merged_into_master
,SF FIR JF - 1G - Chocolope - Haze - SAT - CR,Mfused Chocolope Disposable Cartridge 1g,collapsed_duplicate;merged_into_master
,MFused - Cartridge - Lemon Cherry Gelato (I) - 1g,Mfused Lemon Cherry Gelato Disposable Cartridge 1g,collapsed_duplicate;merged_into_master
,SF TWI FY - 2.5G - Swirly Temple - Cherry Lime - HYB - CR,Twisted Swirly Temple Infused Pre-roll 2.5g,no_vendor_column;no_cannabinoid_columns;renamed
,SF TWI FY - 2.5G - Baja Blazed - Key Lime - HYB - CR,Twisted Baja Blazed Infused Pre-roll 2.5g,no_vendor_column;no_cannabinoid_columns;renamed
,Lifted Wedding Cake Sugar Crystals [1g],Lifted Wedding Cake Sugar 1g,no_vendor_column;no_cannabinoid_columns;renamed
,Lifted Flower Burnout #33 [7g],Lifted Burnout Og 33 Flower 7g,collapsed_duplicate;merged_into_master
,FLOWER - SPRINKLES - 3.5g,Downtown Sprinkles Flower 3.5g,collapsed_duplicate;merged_into_master
,FLOWER - SHAVED ICE - 7g,Downtown Shaved Ice Flower 7g,no_vendor_column;no_cannabinoid_columns;renamed
,Drops1:1 CBD Daydreamy Cranberry / MAC #4,Leafwerx Cranberry Edible 44g,no_vendor_column;no_cannabinoid_columns;renamed
,Drops1:2 CBD Rosy Raspberry / Blackberry Trainwreck,Leafwerx Blackberry Trainwreck Edible 44g,no_vendor_column;no_cannabinoid_columns;renamed
,Drops 1:4 CBD Lifted Strawberry / Candy Apple,Leafwerx Candy Apple Edible 44g,collapsed_duplicate;merged_into_master
,Drops 2:1 CBD Heavy Blackberry / Papaya Punch,Leafwerx Papaya Punch Edible 44g,no_vendor_column;no_cannabinoid_columns;renamed
,Drops 4:1 CBD Comfort Blueberry / Cereal Milk,Leafwerx Cereal Milk Edible 44g,no_vendor_column;no_cannabinoid_columns;renamed
,Thrills Cartridge sugar Cookies,Thrills Sugar Cookies Cartridge 1g,collapsed_duplicate;merged_into_master
,Thrills Cartridge Sweet Island Skunk,Thrills Sweet Island Skunk Cartridge 1g,collapsed_duplicate;merged_into_master
,Zoots - Gummies - REST - CBN 2:1 - Hibiscus Guava Honey,Zoots Hibiscus Gummies 40g,collapsed_duplicate;merged_into_master
,Zoots - Gummies - Ease - CBD 20:1 - Passion Fruit Orange Guava,Zoots Pog Gummies 40g,no_vendor_column;no_cannabinoid_columns;master_of_2_duplicates;renamed
,Zoots - Gummies - REST - CBN 2:1 - Passion Fruit Orange Guava,Zoots Pog Gummies 40g,collapsed_duplicate;merged_into_master
,Zoots - Gummies - Ease - CBD 20:1 - Hibiscus Guava Honey,Zoots Hibiscus Gummies 40g,collapsed_duplicate;merged_into_master
,Zoots - Gummies - SOAR - THC - Green Apple,Zoots Green Apple Gummies 40g,collapsed_duplicate;merged_into_master
,Zoots - Gummies - SOAR - THC - Strawberry,Zoots Strawberry Gummies 40g,collapsed_duplicate;merged_into_master
,Nano Shot - Blueberry Lemonade MAX Elevate (100mg THC),Green Revolution Blueberry Lemon Shots 57ml,no_vendor_column;no_cannabinoid_columns;renamed
,Zen Flower GMO x OZ 3.5g,Zen Cannabis Gmo Flower 3.5g,collapsed_duplicate;merged_into_master
,SPR - 2pk Joint Box (2g) - Orangeade,Spr Orangeade Pre-roll 2g,no_vendor_column;no_cannabinoid_columns;renamed
,High End Farms Pre-roll Cat Piss Cookies - 1g,High End Farms Cat Piss Cookies Pre-roll 1g,no_vendor_column;no_cannabinoid_columns;renamed
,High End Farms Pre-roll Black Soap 1g,High End Farms Black Soap Pre-roll 1g,collapsed_duplicate;merged_into_master
,High End Farms Pre-roll Ohio Rizz 1g,High End Farms Ohio Rizz Pre-roll 1g,collapsed_duplicate;merged_into_master
,Ooowee - 1G Hydrocarbon Concentrate - FaceLock - 1g,Ooowee Facelock Bho 1g,no_vendor_column;no_cannabinoid_columns;renamed
,Ooowee - 1G Hydrocarbon Concentrate - Sour Gum - 1g,Ooowee Sour Gum Bho 1g,no_vendor_column;no_cannabinoid_columns;renamed
,Ooowee - 1G Hydrocarbon Concentrate - Pink Zaza - 1g,Ooowee Pink Zaza Bho 1g,no_vendor_column;no_cannabinoid_columns;renamed
,Ooowee - 1G Cartridge - Super Raspberry Boof - 1g,Ooowee Super Boof Cartridge 1g,no_vendor_column;no_cannabinoid_columns;renamed
,Ooowee - 1G Cartridge - Watermelon Trainwreck - 1g,Ooowee Watermelon Cartridge 1g,no_vendor_column;no_cannabinoid_columns;renamed
,Ooowee - JUICED 1G Hydrocarbon Concentrate - Peach Passion - Truffle Oreos - 1g,Ooowee Truffle Oreos Bho 1g,no_vendor_column;no_cannabinoid_columns;renamed
,Mindmelt Live Resin All In One - Marcel Clementine - 1g,Buddies Marcel Clementine Disposable Cartridge 1g,collapsed_duplicate;merged_into_master
,Mindmelt Live Resin All In One - MindFunk - 1g,Buddies Mindfunk Disposable Cartridge 1g,no_vendor_column;no_cannabinoid_columns;renamed
,BFF Besties Infused Preroll 2-Pack - BS - Baby Shark - 1.5g,Buddies Baby Shark Infused Pre-roll 1.5g,collapsed_duplicate;merged_into_master
,BFF Besties Infused Preroll 2-Pack - OMG - Orange Melon Gum - 1.5g,Buddies Orange Melon Gum Infused Pre-roll 1.5g,no_vendor_column;no_cannabinoid_columns;renamed
,BFF Besties Infused Preroll 2-Pack - WTF - Watermelon Freeze - 1.5g,Buddies Watermelon Infused Pre-roll 1.5g,collapsed_duplicate;merged_into_master
,Just Cannabis Company - BHO/KIEF/FLAVOR INFUSED PREROLL - PRE-R PINEAPPLE PUNCH - 1g,Trap House Connectons Pineapple Infused Pre-roll 1g,no_vendor_column;no_cannabinoid_columns;renamed
,Green420 - ECONOMY OUTDOOR FLOWER - FLWR MASTER KUSH - 1g,Trap House Connectons Master Kush Flower 1g,no_vendor_column;no_cannabinoid_columns;renamed
,Green420 - ECONOMY OUTDOOR FLOWER - FLWR QUANTUM KUSH - 1g,Trap House Connectons Quantum Kush Flower 1g,no_vendor_column;no_cannabinoid_columns;renamed
,Green420 - ECONOMY OUTDOOR FLOWER - FLWR QUANTUM KUSH - 3.5g,Trap House Connectons Quantum Kush Flower 3.5g,no_vendor_column;no_cannabinoid_columns;renamed
,Green420 - ECONOMY OUTDOOR FLOWER - FLWR ALASKAN THUNDERFUCK - 1g,Trap House Connectons Atf Flower 1g,no_vendor_column;no_cannabinoid_columns;renamed
,Good Tide Grapefruit Gummies - Sativa Rosin + CBD + CBC - 100mg THC : 100mg CBD : 100mg CBC,Wyld Grapefruit Gummies 40g,collapsed_duplicate;merged_into_master
,Good Tide Kiwi Strawberry Gummies - Hybrid Rosin + CBD + CBG - 100mg THC : 100mg CBD : 100mg CBG,Wyld Kiwi Strawberry Gummies 42g,no_vendor_column;no_cannabinoid_columns;renamed
,Good Tide Passion Fruit Gummies - Indica Rosin + CBD + CBN - 100mg THC : 100mg CBD : 100mg CBN,Wyld Passion Fruit Gummies 42g,no_vendor_column;no_cannabinoid_columns;renamed
,The Blunt - Grape Cake - 1g,Legit Grape Cake Infused Blunt 1g,no_vendor_column;no_cannabinoid_columns;renamed
,Torus - Pre-Rolls - Guava Peach - 1g,Torus Guava Peach Pre-roll 1g,no_vendor_column;no_cannabinoid_columns;renamed
,HashBreak - Hashbreak 2 Pack - Suga Berry - 1g,Torus Suga Berry Infused Pre-roll 1g,collapsed_duplicate;merged_into_master
,Torus - Pre-Rolls - Train Wreck - 1g,Torus Trainwreck Pre-roll 1g,no_vendor_column;no_cannabinoid_columns;renamed
,HashBreak - Hashbreak 2 Pack - Lava Pie - 1g,Torus Lava Pie Infused Pre-roll 1g,no_vendor_column;no_cannabinoid_columns;renamed
,Torus - Pre-Rolls - Chai Latte - 1g,Torus Chai Latte Flower 1g,no_vendor_column;no_cannabinoid_columns;renamed
,Fireline Pre Roll - Krazy Pizz (H) - 0.5g x 2,Fireline Krazy Pizz Pre-roll 1g,no_vendor_column;no_cannabinoid_columns;renamed
,Second Nature Flower Cake -  3.5g,Second Nature Cake Flower 3.5g,collapsed_duplicate;merged_into_master
,Freddy's Fuego Flower - Big Baby - 3.5g (Legacy),Freddy's Fuego Big Baby Flower 3.5g,no_vendor_column;no_cannabinoid_columns;renamed
,Freddy's Fuego Flower - Baby Yo-Duh - 3.5g (Flagship),Freddy's Fuego Baby Yo Duh Flower 3.5g,no_vendor_column;no_cannabinoid_columns;renamed
,Sauced HTE Disposable - Big Baby - 1g,Freddy's Fuego Big Baby Disposable Cartridge 1g,no_vendor_column;no_cannabinoid_columns;master_of_2_duplicates;renamed
,Panda Granddaddy Purple Infused Preroll,Phat Panda Granddaddy Purple Pre-roll 1g,no_vendor_column;no_cannabinoid_columns;renamed
,Phat Panda Maui Wowie Infused Preroll,Phat Panda Maui Wowie Infused Pre-roll 1g,no_vendor_column;no_cannabinoid_columns;renamed
,".75g Trichome InTERPreter Pre-Rolls, 2ct - Epiphany+BC - 1.5g",Trichome Epiphany Infused Pre-roll 1.5g,no_vendor_column;no_cannabinoid_columns;renamed
,K-Savage Pre-roll Blue Note,K Savage Blue Note Pre-roll 1g,collapsed_duplicate;merged_into_master
,K-Savage Pre-Roll Rumble Strip - PR 2pk - 1g,K Savage Rumble Strip Pre-roll 1g,no_vendor_column;no_cannabinoid_columns;renamed
,K-Savage Diamond Doobie - Blue Note - 1g,K Savage Blue Note Infused Pre-roll 1g,collapsed_duplicate;merged_into_master
,Clout King: Clout Berries - PR 2pk - 1g,Clout King Clout Berries Pre-roll 1g,collapsed_duplicate;merged_into_master
,Clout King: Clout Candy - PR 2pk - 1g,Clout King Clout Candy Pre-roll 1g,no_vendor_column;no_cannabinoid_columns;renamed
,Clout King: Guava Fresca - PR 2pk - 1g,Clout King Guava Fresca Pre-roll 1g,collapsed_duplicate;merged_into_master
,Clout King: Hood Snacks - PR 2pk - 1g,Clout King Hood Snacks Pre-roll 1g,no_vendor_column;no_cannabinoid_columns;renamed
,Clout King: Watermelon Fresca - PR 2pk - 1g,Clout King Watermelon Fresca Pre-roll 1g,no_vendor_column;no_cannabinoid_columns;renamed
,Clout King: Bubble Butt - 1.0g Infused,Clout King Bubble Butt Infused Pre-roll 1g,no_vendor_column;no_cannabinoid_columns;renamed
,Clout King: Cream Pie - 1.0g Infused,Clout King Cream Pie Infused Pre-roll 1g,no_vendor_column;no_cannabinoid_columns;renamed
,Clout King: Wagyu - 1.0g Infused,Clout King Wagyu Infused Pre-roll 1g,no_vendor_column;no_cannabinoid_columns;renamed
,Clout King: Live Rosin - Thicc Peaches,Clout King Thicc Peaches Rosin 1g,no_vendor_column;no_cannabinoid_columns;renamed
,Hightide: Live Rosin Alley Oop,High Tide Alley Oop Rosin 1g,collapsed_duplicate;merged_into_master
,Hightide: Live Rosin (73-159µm) - Twin Peaks,High Tide Twin Peaks Rosin 1g,no_vendor_column;no_cannabinoid_columns;renamed
,Hightide: Live Rosin Zeaweed,Hightide Zeaweed Rosin 1g,no_vendor_column;no_cannabinoid_columns;renamed
,High Tide: Zeaweed - 3.5g,High Tide Zeaweed Flower 3.5g,no_vendor_column;no_cannabinoid_columns;master_of_2_duplicates;renamed
,High Tide: Zeaweed - 3.5g Snappers,High Tide Zeaweed Flower 3.5g,collapsed_duplicate;merged_into_master
,High Tide: Kimber Slice - 3.5g Snappers,High Tide Kimber Slice Flower 3.5g,no_vendor_column;no_cannabinoid_columns;renamed
,Refine LOUD ROSIN - Gorilla Cake - 1g,Refine Gorilla Cake Rosin 1g,collapsed_duplicate;merged_into_master
,Pre-Roll 5-Pack - Yuzu Sour - 2.5g,Fire Bros Yuzu Sour Pre-roll 2.5g,no_vendor_column;no_cannabinoid_columns;renamed
,Ooowee bho Juiced Orange Sunrise - Mr.Bad,Mr. Bad Without Category 1g,collapsed_duplicate;merged_into_master
,HashBreak - Hashbreak 2 Pack - Red Cream Soda - 1g,Torus Red Cream Soda Infused Pre-roll 1g,no_vendor_column;no_cannabinoid_columns;renamed
,Heavenly Buds - Full Flower .5g Little Snappers - Papaya Melonz #7 DOH - 10g,Heavenly Buds Papaya Melonz 7 Flower 10g,collapsed_duplicate;merged_into_master
,Heavenly Buds - Flower - Strawberry Banana Zkittles DOH - 3.5g,Heavenly Buds Strawberry Banana Zkittles Flower 3.5g,no_vendor_column;no_cannabinoid_columns;renamed
,Heavenly Buds - Flower - Strawberry Banana Zkittles DOH - 7g,Heavenly Buds Strawberry Banana Zkittles Flower 7g,no_vendor_column;no_cannabinoid_columns;renamed
,Heavenly Buds - Bubble Hash - Apple Fritter DOH - 1g,Heavenly Buds Apple Fritter Bubble Hash 1g,collapsed_duplicate;merged_into_master
,Heavenly Buds - Bubble Hash - Strawberry Bubbles DOH - 1g,Heavenly Buds Strawberry Bubbles Bubble Hash 1g,collapsed_duplicate;merged_into_master
,Heavenly Buds - Full Flower .5g Little Snappers - White Cherry Runtz DOH - 10g,Heavenly Buds White Cherry Runtz Pre-roll 10g,no_vendor_column;no_cannabinoid_columns;renamed
,Heavenly Buds - INFUSED Bubble Hash .5g Little Snappers 2 pack - Apple Jackz DOH - 1g,Heavenly Buds Apple Jackz Infused Pre-roll 1g,no_vendor_column;no_cannabinoid_columns;renamed
,Full Spec - Cadet - Cartridge - 1g - (I) Slurricane,Full Spec Slurricane Cartridge 1g,collapsed_duplicate;merged_into_master
,DOH Compliant Flower Retail Jar - GAS FACE - 3.5g,Zen Cannabis Gas Face Flower 3.5g,no_vendor_column;no_cannabinoid_columns;renamed
,Zen - DOH Compliant Flower Prerolls .5gx56pk - Gastro Pop - 28g,Zen Cannabis Gastro Pop Pre-roll 28g,no_vendor_column;no_cannabinoid_columns;renamed
,Zen - DOH Compliant Flower Prerolls .5gx56pk - KACKLESNATCH - 28g,Zen Cannabis Kacklesnatch Pre-roll 28g,no_vendor_column;no_cannabinoid_columns;master_of_2_duplicates;renamed
,Lil Rays Beverage Tiger's Blood Lemonade - 100mg - DOH,Lil Rays Tigers Blood Liquid Infused Edible 1.75floz,no_vendor_column;no_cannabinoid_columns;renamed
,Ray's Lemonade Beverage Tiger's Blood 100mg - 12oz,Lil Rays Tigers Blood Edible 12floz,no_vendor_column;no_cannabinoid_columns;renamed
,Nano Doozies - Watermelon Kiwi 3:1 FLY10 Pk (80g) (300mg CBG;100mg THC),Green Revolution Watermelon Kiwi Gummies 80g,collapsed_duplicate;merged_into_master
,Nano Tincture - Paradise 2:1:1 (200mg CBD;100mg THC;100mg CBN,Green Revolution Paradise Tincture 28.4ml,no_vendor_column;no_cannabinoid_columns;renamed
,Blue Lobster Sugar Crystals [1g] [Lifted] [D.O.H. COMPLIANT],Lifted Blue Lobster Live Resin 1g,no_vendor_column;no_cannabinoid_columns;renamed
,Honu - Bath Bomb - Oatmeal Mint - 85g,Honu Oatmeal Mint Bath Salts 85g,no_vendor_column;no_cannabinoid_columns;renamed
,SKUARED - Rocky Road 10pk - 5:1 CBD:THC - 50g,Honu Rocky Road 5:1 Chocolate 50g,no_vendor_column;no_cannabinoid_columns;renamed
,SKUARED - Caramel Espresso 10pk - 5:1 CBD:THC - 80g,Honu Caramel Espresso 5:1 Chocolate 80g,no_vendor_column;no_cannabinoid_columns;renamed
,Honu - Cookies and Cream 10pk - 85g,Honu Cookies Cream Chocolate 85g,no_vendor_column;no_cannabinoid_columns;renamed
,Honu - Dreamsicle 10pk - 85g,Honu Dreamsicle Chocolate 85g,no_vendor_column;no_cannabinoid_columns;renamed
,SKUARED - Caramel Apple 10pk - 5:1 CBD:THC - 80g,Honu Caramel Apple Chocolate 85g,collapsed_duplicate;merged_into_master
,Honu - Chocolate Caramel 10pk - INDICA - 130g,Honu Chocolate Caramel Indica Chocolate 130g,no_vendor_column;no_cannabinoid_columns;renamed
,Honu - Chocolate Caramel 10pk - SATIVA - 130g,Honu Chocolate Caramel Sativa Chocolate 130g,collapsed_duplicate;merged_into_master
,Honu - Gimme Sa More! 10pk - 135g,Honu Gimme Sa More Chocolate 135g,no_vendor_column;no_cannabinoid_columns;renamed
,Honu - Chocolate Turtle 10pk - SATIVA - 110g,Honu Chocolate Turtle Sativa Chocolate 110g,collapsed_duplicate;merged_into_master
,Honu - Peanut Butter Cup 10pk - SATIVA - 150g,Honu Peanut Butter Chocolate 150g,no_vendor_column;no_cannabinoid_columns;renamed
,Honu - Chocolate Turtle 10pk - INDICA - 110g,Honu Chocolate Turtle Indica Chocolate 110g,no_vendor_column;no_cannabinoid_columns;renamed
,Honu - Peanut Butter Cup 10pk - INDICA - 150g,Honu Peanut Butter Cup Chocolate 150g,collapsed_duplicate;merged_into_master
,royal blunt wrap horchata,Royal Blunt Wrap Horchata,collapsed_duplicate;merged_into_master
,"Raw 1 1/4"" Papers Black",Raw 1 1 4 Papers Black,no_vendor_column;no_cannabinoid_columns;noncannabis_cleaned_original_name;renamed
,"Raw Connoisseur 1 1/4"" papers",Raw Connoisseur 1 1 4 Papers,no_vendor_column;no_cannabinoid_columns;noncannabis_cleaned_original_name;renamed
,Raw Connoisseur king slim papers,Raw Connoisseur King Slim Papers,no_vendor_column;no_cannabinoid_columns;noncannabis_cleaned_original_name
,Blunts N Roses Rose Petal wraps,Blunts N Roses Rose Petal Wraps,no_vendor_column;no_cannabinoid_columns;noncannabis_cleaned_original_name
,Lookah Load,Lookah Load,no_vendor_column;no_cannabinoid_columns;noncannabis_cleaned_original_name
,"Bob Marley Papers 1 1/4""",Bob Marley Papers 1 1 4,collapsed_duplicate;merged_into_master
,Bob Marley Papers King,Bob Marley Papers King,no_vendor_column;no_cannabinoid_columns;noncannabis_cleaned_original_name
,Juicy Jay Watermelon Papers,Juicy Jay Watermelon Papers,no_vendor_column;no_cannabinoid_columns;noncannabis_cleaned_original_name
,Juicy Jay Mello Mango Papers,Juicy Jay Mello Mango Papers,collapsed_duplicate;merged_into_master
,Constellation Cold Cure - Puro Loco 1g,Constellation Puro Loco Rosin 1g,collapsed_duplicate;merged_into_master
,Constellation Cold Cure - Mint Condition 1g,Constellation Mint Condition Rosin 1g,no_vendor_column;no_cannabinoid_columns;master_of_2_duplicates;renamed
,Artizen - .5g Joint 2-Pack - Cotton Candy Runtz - 1g,Artizen Cotton Candy Pre-roll 1g,no_vendor_column;no_cannabinoid_columns;renamed
,Artizen - Pre Roll - Cotton Candy Runtz - 3.5g,Artizen Cotton Candy Flower 3.5g,no_vendor_column;no_cannabinoid_columns;renamed
,Diamonds N' Sauce - Bubble Bath - 1g,Trichome Bubble Bath 1 Live Resin 1g,no_vendor_column;no_cannabinoid_columns;renamed
,Trichome Raw Flower - June Plum - 3.5g,Trichome June Plum Flower 3.5g,collapsed_duplicate;merged_into_master
,Skord Flower- Mintwoods - 03.5g,Skord Mintwoods Flower 3.5g,collapsed_duplicate;merged_into_master
,Skord Flower - Payton's Pie - 03.5g,Skord Payton's Pie Flower 3.5g,no_vendor_column;no_cannabinoid_columns;renamed
,Skord Flower  - Divine Kush Breath- 03.5g,Skord Divine Kush Breath Flower 3.5g,no_vendor_column;no_cannabinoid_columns;renamed
,Skord Flower - Divine Kush Breath Small Buds- 07g,Skord Divine Kush Breath Flower 7g,no_vendor_column;no_cannabinoid_columns;renamed
,SKORD Cartridge - Souped Up - 01g,Skord Souped Up Cartridge 1g,no_vendor_column;no_cannabinoid_columns;master_of_2_duplicates;renamed
,SKORD - Cartridge - Dark Rainbow - 01g,Skord Dark Rainbow Cartridge 1g,no_vendor_column;no_cannabinoid_columns;renamed
,Hustler's Ambition - Preroll Packs - Cheesecake - (0.5gx7),Local Farmers Cheesecake Pre-roll 3.5g,no_vendor_column;no_cannabinoid_columns;renamed
,Hustler's Ambition - Preroll Packs - DojaBerry - (0.5gx7),Local Farmers Dojaberry Pre-roll 3.5g,no_vendor_column;no_cannabinoid_columns;renamed
,Hustler's Ambition - Preroll Packs - Green Goblin - (0.5gx7),Local Farmers Green Goblin Pre-roll 3.5g,collapsed_duplicate;merged_into_master
,Hustler's Ambition - Cartridge - Watermelon Sangria - 1g,Local Farmers Watermelon Sangria Cartridge 1g,no_vendor_column;no_cannabinoid_columns;renamed
,Hustler's Ambition Flower (Cheesecake/3.5g),Local Farmers Cheesecake Flower 3.5g,no_vendor_column;no_cannabinoid_columns;renamed
,Hustler's Ambition Flower (Garlic Mintz/3.5g - Indica),Local Farmers Garlic Mintz Flower 3.5g,collapsed_duplicate;merged_into_master
,Hustler's Ambition Flower (Gelato #33 / 3.5g),Local Farmers Gelato 33 Flower 3.5g,no_vendor_column;no_cannabinoid_columns;renamed
,Hustler's Ambition Flower (Grape Ape 3.5g),Local Farmers Grape Ape Flower 3.5g,no_vendor_column;no_cannabinoid_columns;renamed
,Hustler's Ambition Flower (Peach Juice 3.5g),Local Farmers Peach Juice Flower 3.5g,collapsed_duplicate;merged_into_master
,Hustler's Ambition - Preroll Packs - (Cheesecake 1gx1),Local Farmers Cheesecake Pre-roll 1g,no_vendor_column;no_cannabinoid_columns;renamed
,Hustler's Ambition - Preroll Packs - (DojaBerry 1gx1),Local Farmers Dojaberry Pre-roll 1g,collapsed_duplicate;merged_into_master
,Hustler's Ambition - Preroll Packs - (Green Goblin 1gx1),Local Farmers Green Goblin Pre-roll 1g,no_vendor_column;no_cannabinoid_columns;renamed
,Mama J's - Flower Preroll Pack - Peachy Pete - 0.5gx2,Mama J's Peachy Pete Pre-roll 3.5g,no_vendor_column;no_cannabinoid_columns;renamed
,Mama J's Flower (GMO/3.5g),Mama J's Gmo Flower 3.5g,no_vendor_column;no_cannabinoid_columns;renamed
,Mama J's Flower (Jack and Coke/3.5g),Mama J's Jack And Coke Flower 3.5g,no_vendor_column;no_cannabinoid_columns;renamed
,Mama J's Flower (Jack and Coke/7g),Mama J's Jack And Coke Flower 7g,no_vendor_column;no_cannabinoid_columns;renamed
,Mama J's Flower (Runtz/3.5g - Hybrid),Mama J's Runtz Flower 3.5g,collapsed_duplicate;merged_into_master
,Mama J's Flower (Runtz/7g - Hybrid),Mama J's Runtz Flower 7g,no_vendor_column;no_cannabinoid_columns;renamed
,Mama J's Flower (Super Boof/1g - Hybrid),Mama J's Super Boof Flower 1g,collapsed_duplicate;merged_into_master
,Mama J's Flower (Super Boof/3.5g - Hybrid),Mama J's Super Boof Flower 3.5g,collapsed_duplicate;merged_into_master
,Mama J's Flower (Super Boof/7g - Hybrid),Mama J's Super Boof Flower 7g,no_vendor_column;no_cannabinoid_columns;renamed
,Collective Rosin (Black Garlic/1g - Hybrid),Collections Cannabis Black Garlic Rosin 1g,no_vendor_column;no_cannabinoid_columns;renamed
,Tyson 2.0 Full Flower PreRolls (Intergalactic Toad 1g),Tyson 2.0 Intergalactic Toad Pre-roll 1g,no_vendor_column;no_cannabinoid_columns;renamed
,Tyson 2.0 Full Flower PreRolls (Intergalactic Toad 1gx5),Tyson 2.0 Intergalactic Toad Pre-roll 5g,no_vendor_column;no_cannabinoid_columns;renamed
,Tyson 2.0 Full Flower PreRolls (Tiger Mintz 1g),Tyson 2.0 Tiger Mintz Pre-roll 1g,no_vendor_column;no_cannabinoid_columns;renamed
,WALBOLD - Pink Lemonade Sugar Wax,Walden Pink Lemonade Bho 1g,collapsed_duplicate;merged_into_master
,Torus - Infused Ceramic - Chai Latte x Paradise Pop - 1g,Torus Chai Latte X Paradise Pop Infused Pre-roll 1g,no_vendor_column;no_cannabinoid_columns;renamed
,HashBreak - Hashbreak 2 Pack - Halo Kitty - 1g,Torus Halo Kitty Infused Pre-roll 1g,collapsed_duplicate;merged_into_master
,Torus - Pre-Rolls - 91 Octane - 1g,Torus 91 Octane Pre-roll 1g,no_vendor_column;no_cannabinoid_columns;renamed
,Torus - Pre-Rolls - K2 #1 - 1g,Torus K2 1 Pre-roll 1g,collapsed_duplicate;merged_into_master
,Bodhi Original Vape - NYC Diesel,Bodhi High Nyc Diesel Cartridge 1g,collapsed_duplicate;merged_into_master
,Honey Stixx - 2Pk - Crystal - Peach Crescendo X Strawberry Banana,Honey Stixx Peach Crescendo X Strawberry Banana Infused Pre-roll 1g,collapsed_duplicate;merged_into_master
,Honey Stixx - Flavored - Grape Krush,Honey Stixx Grape Krush Infused Pre-roll 0.75g,no_vendor_column;no_cannabinoid_columns;renamed
,Freddy's Fuego Flower - Blue Slushie - 3.5g (Flagship),Freddy's Fuego Blue Slushie Flower 3.5g,no_vendor_column;no_cannabinoid_columns;renamed
,Freddy's Fuego Flower - Goldust - 3.5g (Flagship),Freddy's Fuego Goldust Flower 3.5g,no_vendor_column;no_cannabinoid_columns;renamed
,Freddy's Pirate Crystals - Big Baby - 1g,Freddy's Fuego Big Baby Terp Crystals 1g,no_vendor_column;no_cannabinoid_columns;renamed
,Freddy's Pirate Crystals - Lyon King - 1g,Freddy's Fuego Lyon King Terp Crystals 1g,no_vendor_column;no_cannabinoid_columns;renamed
,The People's Flower GG#4 - 3.5g,The People's Gg 4 Flower 3.5g,collapsed_duplicate;merged_into_master
,The People's Flower - MSG - 1g,The People's Msg Flower 1g,no_vendor_column;no_cannabinoid_columns;renamed
,A.C. Topical Drops 4:1 - 1000mg THC 250mg CBN - 1.7 oz,Agro Couture CBN Topical 1.7oz,no_vendor_column;no_cannabinoid_columns;renamed
,A.C. Sugar-Free Root Beer Float Beverage,Agro Couture Root Beer Beverage 1.7floz,no_vendor_column;no_cannabinoid_columns;renamed
,A.C. Flower - Gelato Cake - 14g (I),Agro Couture Gelato Cake Flower 14g,no_vendor_column;no_cannabinoid_columns;renamed
,A.C. Flower - Super Lemon Haze - 7g (S),Agro Couture Super Lemon Haze Flower 7g,no_vendor_column;no_cannabinoid_columns;renamed
,A.C. Flower - Gelato Cake - 3.5g (I),Agro Couture Gelato Cake Flower 3.5g,collapsed_duplicate;merged_into_master
,Headies Live Rosin All In One - Super Boof - .5g,Buddies Super Boof Disposable Cartridge 0.5g,collapsed_duplicate;merged_into_master
,Sungaze Beverage - Lemon Ginger - 12oz - 6 x 2.5mg - 15mg,Agro Couture Lemon Ginger Beverage 1000ml,no_vendor_column;no_cannabinoid_columns;renamed
,Ooowee - 5/1G Pre-Roll - Blueberry Dream - 5g,Ooowee Blueberry Dream Pre-roll 5g,no_vendor_column;no_cannabinoid_columns;renamed
,Ooowee - 5/1G Infused PreRoll - Gelato X - 5g,Ooowee Gelato X Infused Pre-roll 1g,no_vendor_column;no_cannabinoid_columns;renamed
,Ooowee - 5/1G Infused PreRoll - Gusherlicious - 5g,Ooowee Gusherlicious Infused Pre-roll 5g,collapsed_duplicate;merged_into_master
,Solr Bear - Live Rosin XL - Cartridge - 1g - (HI) Papaya Punch,Solr Bear Papaya Punch Cartridge 1g,collapsed_duplicate;merged_into_master
,Sky High Gardens Pre-roll Sin Soda 1.2g,Sky High Gardens Sin Soda Pre-roll 1.2g,no_vendor_column;no_cannabinoid_columns;renamed
,Sky High Gardens flower Sin Soda 3.5g,Sky High Gardens Sin Soda Flower 3.5g,no_vendor_column;no_cannabinoid_columns;renamed
,Sky High Gardens Pre-roll Trop Cherry 1.2g,Sky High Gardens Trop Cherry Pre-roll 1.2g,collapsed_duplicate;merged_into_master
,Sky High Gardens Rosin Wedding Cake 1g,Sky High Gardens Wedding Cake Rosin 1g,no_vendor_column;no_cannabinoid_columns;renamed
,Sky High Gardens Disposable Cartridge Pineapple Chunk 1g,Sky High Gardens Pineapple Chunk Disposable Cartridge 1g,no_vendor_column;no_cannabinoid_columns;renamed
,Suspended Flower Triple Burger - 1g,Suspended Triple Burger Flower 1g,collapsed_duplicate;merged_into_master
,Suspended Flower Commando #7 - 1g,Suspended Commando 7 Flower 1g,collapsed_duplicate;merged_into_master
,Suspended Flower Commando #7 - 3.5g,Suspended Commando 7 Flower 3.5g,collapsed_duplicate;merged_into_master
,Suspended Flower Lost OG - 1g,Suspended Lost Og Flower 1g,no_vendor_column;no_cannabinoid_columns;renamed
,Suspended Flower Super Boof -1g,Suspended Super Boof Flower 1g,no_vendor_column;no_cannabinoid_columns;renamed
,Suspended Flower Super Boof -7g,Suspended Super Boof Flower 7g,collapsed_duplicate;merged_into_master
,Suspended THC Iceberg - Commando #7 - 1g,Suspended Commando 7 Flower 1g,collapsed_duplicate;merged_into_master
,Suspended Infused Pre-roll Commando #7 -2.5g,Suspended Commando 7 Infused Pre-roll 2.5g,no_vendor_column;no_cannabinoid_columns;renamed
,PHD2 Flower Blue Dream 3.5g,Phd2 Blue Dream Flower 3.5g,no_vendor_column;no_cannabinoid_columns;renamed
,PHD2 Flower Blue Dream 7g,Phd2 Blue Dream Flower 7g,no_vendor_column;no_cannabinoid_columns;renamed
,PHD2 Flower Mad Fruit 3.5g,Phd2 Mad Fruit Flower 3.5g,no_vendor_column;no_cannabinoid_columns;renamed
,Bob Hope Flower 3.5g,Phd2 Bob Hope Flower 3.5g,no_vendor_column;no_cannabinoid_columns;renamed
,PHD2 Flower Kushadelic 3.5g,Phd2 Kushadelic Flower 3.5g,no_vendor_column;no_cannabinoid_columns;renamed
,PHD2 Flower Black Cherry Gelato 3.5g,Phd2 Black Cherry Gelato Flower 3.5g,no_vendor_column;no_cannabinoid_columns;renamed
,J-HR-100SBJ - Journeyman Hash Strawberry Jellies (100mg THC),Journeyman Strawberry Gummies 85g,collapsed_duplicate;merged_into_master
,J-HR-100PJ - Journeyman Hash Pineapple Jellies (100mg THC),Journeyman Pineapple Gummies 85g,collapsed_duplicate;merged_into_master
,J-HR-100BBLJ - Journeyman Hash Blackberry Lemonade Jellies (100mg THC),Journeyman Blackberry Lemonade Gummies 85g,collapsed_duplicate;merged_into_master
,Nano Tincture - Beauty Sleep 4:2:1 (50mg CBD;100mg THC;25mg CBN),Green Revolution Beauty Sleep Tincture 1floz,no_vendor_column;no_cannabinoid_columns;renamed
,Northwest Concentrates ROSIN - Slurlato - 1g,Northwest Concentrates Slurlato Rosin 1g,no_vendor_column;no_cannabinoid_columns;renamed
,VICE - Cherry - 100mg THC : 100mg CBG - DOH,Vice Cherry Liquid Infused Edible 12floz,collapsed_duplicate;merged_into_master
,VICE - Grapefruit - 100mg THC : 100mg CBG - DOH,Vice Grape Fruit Liquid Infused Edible 12floz,no_vendor_column;no_cannabinoid_columns;renamed
,VICE - Uglifruit - 100mg THC : 100mg CBD - DOH,Vice Uglifruit Liquid Infused Edible 12floz,collapsed_duplicate;merged_into_master
,VICE - Honeydew Melon - 100mg - DOH,Vice Honeydew Liquid Infused Edible 12ml,no_vendor_column;no_cannabinoid_columns;renamed
,Applesauce Cart - Black Runtz - 1g,Trichome Black Runtz Cartridge 1g,no_vendor_column;no_cannabinoid_columns;renamed
,Applesauce AIO - BlackScotti - 1g,Trichome Blackscotti Disposable Cartridge 1g,collapsed_duplicate;merged_into_master
,Designer Runtz SugarStix [1g],Lifted Designer Runtz Infused Pre-roll 1g,no_vendor_column;no_cannabinoid_columns;renamed
,Lifted Pre-roll Malibu Marker,Lifted Cannabis Malibu Marker Pre-roll 1g,no_vendor_column;no_cannabinoid_columns;renamed
,Micro Cart - 1g Cartridge - Micro Cart - Guava Diesel - 1g,Micro Bar Guava Diesel Cartridge 1g,no_vendor_column;no_cannabinoid_columns;renamed
,Micro Cart - 1g Cartridge - Micro Cart - Strawberry Mochi - 1g,Micro Bar Strawberry Mochi Cartridge 1g,no_vendor_column;no_cannabinoid_columns;renamed
,Micro Cart - 1g Cartridge - Micro Cart - Tropic Thunder - 1g,Micro Bar Tropic Thunder Cartridge 1g,collapsed_duplicate;merged_into_master
,SMC - Disposable Smokeless - Pina Colada - 1g,Seattle Marijuana Co Pina Colada Cartridge 1g,collapsed_duplicate;merged_into_master
,SMC - Infused Joint Pack - Blueberry - 5g,Seattle Marijuana Co Blueberry Infused Pre-roll 5g,no_vendor_column;no_cannabinoid_columns;renamed
,SMC - Mix and Match Disposable - Cotton Candy - 1g,Seattle Marijuana Co Cotton Candy Disposable Cartridge 1g,no_vendor_column;no_cannabinoid_columns;renamed
,SMC - Infused Blunt 1g - Jungle Punch - 1g,Seattle Marijuana Co Jungle Punch Infused Blunt 1g,collapsed_duplicate;merged_into_master
,SMC - Infused Blunt 1g - MAC - 1g,Seattle Marijuana Co Mac Infused Blunt 1g,no_vendor_column;no_cannabinoid_columns;renamed
,SMC - Fabulous 5 Mixed Pack - 5g,Seattle Marijuana Co Fabulous 5 Mixed Pack Infused Pre-roll 5g,no_vendor_column;no_cannabinoid_columns;renamed
,SMC - Infused Joint Pack - Strawberry Daiquiri - 5g,Seattle Marijuana Co Strawberry Daiquiri Infused Pre-roll 5g,no_vendor_column;no_cannabinoid_columns;renamed
,Skagit Vape CBD Platinum - Critical Mass - Indica - 1:1 - 1g,Skagit Organics Critical Mass Cartridge 1g,no_vendor_column;no_cannabinoid_columns;renamed
,Phat Panda Bone Collector 1g Preroll,Phat Panda Bone Collector Pre-roll 1g,collapsed_duplicate;merged_into_master
,Phat Panda Platinum Flower Magic Marker - 3.5g,Phat Panda Magic Marker Flower 3.5g,collapsed_duplicate;merged_into_master
,Phat Panda Platinum Flower Monkey Business - 3.5g,Phat Panda Monkey Business Flower 3.5g,no_vendor_column;no_cannabinoid_columns;renamed
,Panda Pen Banana Runtz - 1g,Phat Panda Banana Runtz Cartridge 1g,no_vendor_column;no_cannabinoid_columns;renamed
,High End Farms Flower Jelly Bean - 3.5g,High End Farms Jelly Bean Flower 3.5g,no_vendor_column;no_cannabinoid_columns;renamed
,High End Farms Pre-roll  Jelly Bean,High End Farms Jelly Bean Pre-roll 1g,no_vendor_column;no_cannabinoid_columns;renamed
,High End Farms Pre-roll Sour Tangie - 1g,High End Farms Sour Tangie Pre-roll 1g,collapsed_duplicate;merged_into_master
,High End Farms Pre-roll Blue Lime Pie -1g,High End Farms Blue Lime Pie Pre-roll 1g,no_vendor_column;no_cannabinoid_columns;renamed
,High End Farms Pre-Roll Purple Pineapple -1g,High End Farms Purple Pineapple Pre-roll 1g,no_vendor_column;no_cannabinoid_columns;renamed
,High End Farms Infused pre-roll Cloud Berry - 1g,High End Farms Cloud Berry Infused Pre-roll 1g,no_vendor_column;no_cannabinoid_columns;renamed
,High End Farms Infused pre-roll Blue Lime Pie - 1g,High End Farms Blue Lime Pie Infused Pre-roll 1g,no_vendor_column;no_cannabinoid_columns;renamed
,High End Farms Infused pre-roll Black Soap - 1g,High End Farms Black Soap Infused Pre-roll 1g,no_vendor_column;no_cannabinoid_columns;renamed
,HEF Hash Blunt Blue Lime Pie - 1g,High End Farms Blue Lime Pie Infused Blunt 1g,collapsed_duplicate;merged_into_master
,COLLAB Mini 5 pack - 2.5g - Sundae Driver (Pot of Gold) (H) & Grape Ape (Hannah) (HI),Picc Hannah Pre-roll 2.5g,collapsed_duplicate;merged_into_master
,COLLAB Mini 5 pack - 2.5g - Triple Stuffed Oreo #4 (fog/ABS Buds) & Wild Ape (Method) (I),Picc Method Pre-roll 2.5g,no_vendor_column;no_cannabinoid_columns;renamed
,Yellow Jackets (2 mini 1/2g per tube) - Hazy Daze (White Star ) & Blue Dream (Freedom Farms) (S),Picc Hazy Train Infused Pre-roll 1g,no_vendor_column;no_cannabinoid_columns;renamed
,Yellow Jackets (2 mini 1/2g per tube)- Rainier Sour Diesel (White Star) X Rainbow Zkittlez (PHDC2) (+) (H),Picc Sour Diesel Infused Pre-roll 1g,no_vendor_column;no_cannabinoid_columns;renamed
,M1000 - Blue Dream (White Star) & Rainbow Guava #5 (Ice Queen) (+) (S),Picc Blue Dream Infused Pre-roll 1g,no_vendor_column;no_cannabinoid_columns;renamed
,Pastime Liquid Diamonds Disposable Vape - Hybrid - Formula One - 1g,Pastime Formula One Disposable Cartridge 1g,no_vendor_column;no_cannabinoid_columns;renamed
,Pastime Liquid Diamonds Disposable Vape - Indica - Highlighterz - 1g,Pastime Highlighterz Disposable Cartridge 1g,no_vendor_column;no_cannabinoid_columns;renamed
,Pastime Liquid Diamonds Disposable Vape - Hybrid - Pineapple Beltz - 1g,Pastime Pineapple Beltz Disposable Cartridge 1g,collapsed_duplicate;merged_into_master
,Pastime Liquid Diamonds Disposable Vape - Hybrid - Super Runtz - 1g,Pastime Super Runtz Disposable Cartridge 1g,no_vendor_column;no_cannabinoid_columns;renamed
,Pastime Liquid Diamonds Disposable Vape - Sativa - Grape Taffy - 1g,Pastime Grape Taffy Disposable Cartridge 1g,collapsed_duplicate;merged_into_master
,Pastime Liquid Diamonds Disposable Vape - Indica - Menthol OG - 1g,Pastime Menthol Og Disposable Cartridge 1g,no_vendor_column;no_cannabinoid_columns;renamed
,Pastime Liquid Diamonds Disposable Vape - Sativa - Z Pie - 1g,Pastime Z Pie Disposable Cartridge 1g,collapsed_duplicate;merged_into_master
,HashBreak - Hashbreak 2 Pack - Root Beer Float - 1g,Torus Root Beer Float Infused Pre-roll 1g,no_vendor_column;no_cannabinoid_columns;renamed
,Lifted Pre-roll Off Gas,Lifted Off Gas Pre-roll 1g,no_vendor_column;no_cannabinoid_columns;renamed
,Ooowee - 1G Pre-Roll - Lemon Cherry Gelato - 1g,Ooowee Lemon Cherry Gelato Pre-roll 1g,no_vendor_column;no_cannabinoid_columns;renamed
,Ooowee - JUICED 5/1G Infused PreRoll - Seattle Strawberry Cough - Seattle Strawberry Cough - 5g,Ooowee Seattle Strawberry Cough Infused Pre-roll 5g,collapsed_duplicate;merged_into_master
,Heavenly Buds - Flower - Pineapple Guava - 1g,Heavenly Buds Pineapple Guava Flower 1g,collapsed_duplicate;merged_into_master
,Heavenly Buds - Flower - Pineapple Guava DOH - 2g,Heavenly Buds Pineapple Guava Flower 2g,no_vendor_column;no_cannabinoid_columns;renamed
,Heavenly Buds - Frosin - Apple Guava- 1g,Heavenly Buds Apple Guava Rosin 1g,no_vendor_column;no_cannabinoid_columns;renamed
,Heavenly Buds - PHO - Berry Bubbles DOH - 1g,Heavenly Buds Berry Bubbles Bho 1g,no_vendor_column;no_cannabinoid_columns;renamed
,Heavenly Buds - Frosin - Papaya Melonz #7 DOH - 1g,Heavenly Buds Papaya Melonz 7 Rosin 1g,collapsed_duplicate;merged_into_master
,Doozies PLUS - Midnight Grape 1:1:1 10 Pk (80g) (100mg THC;100mg CBD;100mg CBN),Doozies Midnight Grape Edible 80g,no_vendor_column;no_cannabinoid_columns;renamed
,Royal Blunts Blunt Wraps Vanilla,Royal Blunts Blunt Wraps Vanilla,no_vendor_column;no_cannabinoid_columns;noncannabis_cleaned_original_name
,Glass Tip,Glass Tip,no_vendor_column;no_cannabinoid_columns;noncannabis_cleaned_original_name
,Greenway Pipe $8,Greenway Pipe 8,collapsed_duplicate;merged_into_master
,Zen - DOH Compliant Flower PreRoll 1gx28pk - Fiestaz - 28g,Zen Cannabis Eager Beaver Pre-roll 28g,no_vendor_column;no_cannabinoid_columns;renamed
,Fire Bros Flower Yuzu Sour - 3.5g,Fire Bros Yuzu Sour Flower 3.5g,collapsed_duplicate;merged_into_master
,Cured Resin Blunt - Umami Bomb - 2g,Fire Bros Umami Bomb Infused Blunt 2g,collapsed_duplicate;merged_into_master
,Hustler's Ambition - Cartridge - Gelato #41 - 1g,Local Farmers Gelato 41 Cartridge 1g,no_vendor_column;no_cannabinoid_columns;renamed
,Hustler's Ambition - Cartridge - Tangie Cake - 1g,Local Farmers Tangie Cake Cartridge 1g,no_vendor_column;no_cannabinoid_columns;renamed
,Mama J's - Bubble Hash Preroll Packs - RS11 - 0.5gx2,Mama J's Rs11 Infused Pre-roll 1g,collapsed_duplicate;merged_into_master
,Mama J's Flower (Sherb Cream Pie/3.5g - Hybrid),Mama J's Sherb Cream Pie Flower 3.5g,collapsed_duplicate;merged_into_master
,Dab Syringe - Dutch Treat 1g,Two Heads Dutch Treat Distillate 1g,no_vendor_column;no_cannabinoid_columns;renamed
,Disposable Pen New - CBD Maui Waui 1g,Two Heads Maui Disposable Cartridge 1g,no_vendor_column;no_cannabinoid_columns;renamed
,Disposable Pen New - CBD ZKZ 1g,Two Heads Zkz Disposable Cartridge 1g,no_vendor_column;no_cannabinoid_columns;renamed
,Hellavated cartridge Blueberry Dream - 1g,Hellavated Blueberry Dream Cartridge 1g,collapsed_duplicate;merged_into_master
,Canna Organix Flower Forbidden Fruit - 3.5g,Canna Organix Forbidden Fruit Flower 1g,collapsed_duplicate;merged_into_master
,Headshots - Sunset Zkittlez - 1g,Canna Organix Sunset Zkittlez Infused Pre-roll 1g,collapsed_duplicate;merged_into_master
,Sauced & Tossed - The Glue - 1g,Canna Organix The Glue Infused Pre-roll 1g,no_vendor_column;no_cannabinoid_columns;renamed
,Sauced & Tossed - Pink Certz - 1g,Canna Organix Pink Certz Infused Pre-roll 1g,no_vendor_column;no_cannabinoid_columns;renamed
,Sixers - Lemon Burger - 3.6g,Canna Organix Lemon Burger Infused Pre-roll 3.6g,collapsed_duplicate;merged_into_master
,Headshots - Forbidden Fruit - 1g,Canna Organix Forbidden Fruit Infused Pre-roll 1g,no_vendor_column;no_cannabinoid_columns;master_of_2_duplicates;renamed
,Sauced & Tossed - Banana Runtz - 1g,Canna Organix Banana Runtz Infused Pre-roll 1g,no_vendor_column;no_cannabinoid_columns;renamed
,2727 - Pre-Rolls - Now & Lator - 5g,2727 Now Lator Pre-roll 5g,no_vendor_column;no_cannabinoid_columns;renamed
,Royal Kind Flower Gas Runtz - 14g,Royal Kind Gas Runtz Flower 14g,no_vendor_column;no_cannabinoid_columns;renamed
,Stinger Cartridge Pina Colada - 1g,Stingers Pina Colada Cartridge 1g,collapsed_duplicate;merged_into_master
,Stinger Cartridge Watermelon Kush - 1g,Stingers Watermelon Kush Cartridge 1g,no_vendor_column;no_cannabinoid_columns;renamed
,Stinger Blunt Animal Cookies - 1g,Stingers Animal Cookies Infused Blunt 1g,no_vendor_column;no_cannabinoid_columns;renamed
,Stingers - 2pk .5g Pre-Rolls - DJ Short Blueberry - 1g,Stingers Dj Short Blueberry Infused Pre-roll 1g,no_vendor_column;no_cannabinoid_columns;renamed
,Stingers - 2pk .5g Pre-Rolls - Sour Diesel - 1g,Stingers Sour Diesel Infused Pre-roll 1g,no_vendor_column;no_cannabinoid_columns;renamed
,Stinger Cartridge - 1g Cartridge - MAC - 1g,Stingers Mac Cartridge 1g,no_vendor_column;no_cannabinoid_columns;renamed
,Stinger Cartridge - 1g Cartridge - Permanent Marker - 1g,Stingers Permanent Marker Cartridge 1g,collapsed_duplicate;merged_into_master
,Live Rosin 90u - Strawberry Guava - 1g,American Hash Makers Strawberry Guava Rosin 1g,no_vendor_column;no_cannabinoid_columns;renamed
,Live Rosin 90u - Sugar Cone - 1g,American Hash Makers Sugar Cone Rosin 1g,collapsed_duplicate;merged_into_master
,Phat Panda Bong Buddies OG Chem,Phat Panda Og Chem Flower 2g,no_vendor_column;no_cannabinoid_columns;renamed
,Panda Pen AIO Watermelon Mojito - 1g,Phat Panda Watermelon Mojito Disposable Cartridge 1g,no_vendor_column;no_cannabinoid_columns;renamed
,420 Mini - Milk Chocolate 2:1 CBN:THC,4.20 Minis Milk Chocolate Chocolate 2oz,no_vendor_column;no_cannabinoid_columns;renamed
,"Mellow Pre-rolls 2 x .5g, Full Flower Rosin Infused - Caffeine, Sativa",Evergreen Herbal Caffeine Infused Pre-roll 1g,no_vendor_column;no_cannabinoid_columns;renamed
,"Mellow Prerolls, 2 x .5g, Full Flower Rosin Infused - GMO Cookies",Evergreen Herbal Gmo Cookies Infused Pre-roll 1g,no_vendor_column;no_cannabinoid_columns;renamed
,"Mellow Prerolls, 2 x .5g, Full Flower Rosin Infused - OG Kush, Hybrid",Evergreen Herbal Og Kush Infused Pre-roll 1g,no_vendor_column;no_cannabinoid_columns;renamed
,Biscotti SugarStix [1g],Lifted Biscotti Infused Pre-roll 1g,no_vendor_column;no_cannabinoid_columns;renamed
,Hustler's Ambition - Cartridge - Orange Zee - 1g,Hustler's Ambition Orange Zee Cartridge 1g,no_vendor_column;no_cannabinoid_columns;renamed
,Hustler's Ambition - Cartridge - Pineapple Surprise - 1g,Hustler's Ambition Pineapple Surprise Cartridge 1g,no_vendor_column;no_cannabinoid_columns;renamed
,Hustler's Ambition - Cartridge - Snow Cone - 1g,Hustler's Ambition Snow Cone Cartridge 1g,collapsed_duplicate;merged_into_master
,Hustler's Ambition Flower Don Mega - 3.5g,Hustler's Ambition Don Mega Flower 3.5g,no_vendor_column;no_cannabinoid_columns;renamed
,Hustler's Ambition Flower (Green Goblin/3.5g),Hustler's Ambition Green Goblin Flower 3.5g,no_vendor_column;no_cannabinoid_columns;renamed
,Hustler's Ambition Flower (Royal Mystery/3.5g),Hustler's Ambition Royal Mystery Flower 3.5g,collapsed_duplicate;merged_into_master
,Hustler's Ambition Flower (Sour Face 3.5g),Hustler's Ambition Sour Face Flower 3.5g,no_vendor_column;no_cannabinoid_columns;renamed
,Hustler's Ambition - Preroll Packs - (Butter Face 1gx1),Hustler's Ambition Butter Face Pre-roll 1g,no_vendor_column;no_cannabinoid_columns;renamed
,Hustler's Ambition - Pre-roll Packs - (Orange Cream 1gx1),Hustler's Ambition Orange Cream Pre-roll 1g,collapsed_duplicate;merged_into_master
,Hustler's Ambition - Preroll Packs - (Pineapple Express 1gx1),Hustler's Ambition Pineapple Express Pre-roll 1g,no_vendor_column;no_cannabinoid_columns;renamed
,Hustler's Ambition - Preroll Packs - (Shortbread 1gx1),Hustler's Ambition Shortbread Pre-roll 1g,no_vendor_column;no_cannabinoid_columns;renamed
,Hustler's Ambition - Preroll Packs - (Tropic Truffle 1gx1),Hustler's Ambition Tropic Truffle Pre-roll 1g,collapsed_duplicate;merged_into_master
,mama J's - Bubble Hash Preroll Packs - Sherbacio - 0.5gx2,Mama J's Sherbacio Infused Pre-roll 1g,no_vendor_column;no_cannabinoid_columns;renamed
,mama J's - Flower Preroll Pack - Blumosa - 0.5gx7,Mama J's Blumosa Pre-roll 3.5g,no_vendor_column;no_cannabinoid_columns;renamed
,mama J's - Flower Preroll Pack - Sour Apple - 0.5gx2,Mama J's Sour Apple Pre-roll 1g,collapsed_duplicate;merged_into_master
,Mama J's Flower (Bad Santa 1g),Mama J's Bad Santa Flower 1g,no_vendor_column;no_cannabinoid_columns;renamed
,Mama J's Flower (Sherb Cream Pie/7g Hybrid),Mama J's Sherb Cream Pie Flower 7g,no_vendor_column;no_cannabinoid_columns;renamed
,Mama J's - Rosin - 1g - Blumosa (H),Mama J's Blumosa Rosin 1g,no_vendor_column;no_cannabinoid_columns;renamed
,Mama J's - Rosin - 1g - Dan's Diesel (H),Mama J's Dan's Diesel Rosin 1g,collapsed_duplicate;merged_into_master
,Collective Rosin (Cherry Paloma 1g),Mama J's Cherry Paloma Rosin 1g,no_vendor_column;no_cannabinoid_columns;renamed
,Collective Rosin (Platinum Slurri 1g),Mama J's Platinum Slurr Rosin 1g,no_vendor_column;no_cannabinoid_columns;renamed
,Tyson 2.0 Full Flower PreRolls (Gelato #44 1gx1),Tyson 2.0 Gelato 44 Pre-roll 1g,collapsed_duplicate;merged_into_master
,Tyson 2.0 Full Flower PreRolls (Gelato #44 1gx5),Tyson 2.0 Gelato 44 Pre-roll 5g,no_vendor_column;no_cannabinoid_columns;renamed
,Lifted Luxor SugarStix [1g] [D.O.H. COMPLIANT],Lifted Luxor Infused Pre-roll 1g,no_vendor_column;no_cannabinoid_columns;renamed
,Cold Cure - Medellin 1g,Constellation Medellin Rosin 1g,collapsed_duplicate;merged_into_master
,Cold Cure - The Soap,Constellation The Soap Rosin 1g,no_vendor_column;no_cannabinoid_columns;renamed
,Cold Cure - Mint Condition 1g,Constellation Mint Condition Rosin 1g,collapsed_duplicate;merged_into_master
,Hybrid Pre-Rolls - GARY PAYTON - 1.5g (3x0.5g),Prismatic Gary Payton Pre-roll 1.5g,no_vendor_column;no_cannabinoid_columns;renamed
,Hybrid Pre-Rolls - GLITTER BLAST - 1.5g (3x0.5g),Prismatic Glitter Blast Pre-roll 1.5g,collapsed_duplicate;merged_into_master
,Indica Pre-Rolls - HASH BURGER - 1.5g (3x0.5g),Prismatic Hash Burger Pre-roll 1.5g,no_vendor_column;no_cannabinoid_columns;renamed
,Indica Pre-Rolls - PINK LEMONADE - 1.5g (3x0.5g),Prismatic Pink Lemonade Pre-roll 1.5g,no_vendor_column;no_cannabinoid_columns;renamed
,Sativa Pre-Rolls - ACID DOUGH - 1.5g (3x0.5g),Prismatic Acid Dough Pre-roll 1.5g,collapsed_duplicate;merged_into_master
,Sativa Pre-Rolls - LODI DODI - 1.5g (3x0.5g),Prismatic Lodi Dodi Pre-roll 1.5g,no_vendor_column;no_cannabinoid_columns;renamed
,Infused Pre-Rolls - PURPLE MANGO - 1.0g (2x0.5g),Prismatic Purple Mango Infused Pre-roll 1g,no_vendor_column;no_cannabinoid_columns;renamed
,Infused Pre-Rolls - WHITE WIDOW - 1.0g (2x0.5g),Prismatic White Widow Infused Pre-roll 1g,no_vendor_column;no_cannabinoid_columns;renamed
,Rosin - GARLIC COCKTAIL - 1g,Prismatic Garlic Cocktail Rosin 1g,no_vendor_column;no_cannabinoid_columns;renamed
,Rosin - PINEAPPLE FUNK - 1g,Prismatic Pineapple Funk Rosin 1g,collapsed_duplicate;merged_into_master
,Rosin - SOUR FRUIT - 1g,Prismatic Sour Fruit Rosin 1g,no_vendor_column;no_cannabinoid_columns;renamed
,Refine Infused HASH Joint - Baby Yo-Duh x Galactic Runtz,Refine Baby Yo-duh X Galactic Runtz Infused Pre-roll 1g,collapsed_duplicate;merged_into_master
,Refine Infused HASH Joint - Quickz x Permanent Marker,Refine Quickz X Permanent Marker Infused Pre-roll 1g,no_vendor_column;no_cannabinoid_columns;renamed
,Refine Infused LOUD Joint - Wedding Cake x Super Boof,Refine Wedding Cake X Super Boof Infused Pre-roll 1g,no_vendor_column;no_cannabinoid_columns;renamed
,Refine LOUD ROSIN - Yuck Mouth,Refine Yuck Mouth Rosin 1g,collapsed_duplicate;merged_into_master
,SusPENded Disposable Electric Green Apple 1g,Suspended Green Apple Disposable Cartridge 1g,no_vendor_column;no_cannabinoid_columns;renamed
,SusPENded Disposable Grape Galaxy 1g,Suspended Grape Disposable Cartridge 1g,collapsed_duplicate;merged_into_master
,Freddy's Fuego Flower - Lemon Shortbread - 3.5g (Legacy),Freddy's Fuego Lemon Shortbread Flower 3.5g,no_vendor_column;no_cannabinoid_columns;renamed
,Freddy's Fuego Flower - Sherb Crasher - 3.5g (Legacy),Freddy's Fuego Sherb Crasher Flower 3.5g,no_vendor_column;no_cannabinoid_columns;renamed
,Freddy's Fuego Flower - Dantes Inferno - 3.5g (Legacy),Freddy's Fuego Dante's Inferno Flower 3.5g,collapsed_duplicate;merged_into_master
,Freddy's Fuego Peg Legs - Ice Cream Mintz - Legacy -2 x 0.5g,Freddy's Fuego Ice Cream Mintz Pre-roll 1g,no_vendor_column;no_cannabinoid_columns;renamed
,Freddy's Fuego Peg Legs - Big Baby - Legacy - 2 x 0.5g,Freddy's Fuego Big Baby Flower 1g,no_vendor_column;no_cannabinoid_columns;renamed
,Freddy's Fuego Peg Legs - Dantes Inferno - Legacy - 2 x 0.5g,Freddy's Fuego Dante's Inferno Pre-roll 1g,collapsed_duplicate;merged_into_master
,Freddy's Fuego Peg Legs - Lyon King - Legacy - 2 x 0.5g,Freddy's Fuego Lyon King Pre-roll 1g,no_vendor_column;no_cannabinoid_columns;renamed
,Freddy's Fuego Peg Legs - Blue Slushie - Flagship - 2 x 0.5g,Freddy's Fuego Blue Slushie Pre-roll 1g,collapsed_duplicate;merged_into_master
,HashBreak - HB Vape - Grape Icee - 1g,Torus Grape Ice Disposable Cartridge 1g,collapsed_duplicate;merged_into_master
,HashBreak - HB Vape - Tokyo Soda - 1g,Torus Tokyo Soda Disposable Cartridge 1g,no_vendor_column;no_cannabinoid_columns;renamed
,HashBreak - HB Multi - Grape Lemonade - 3.5g,Torus Grape Lemonade Infused Pre-roll 3.5g,no_vendor_column;no_cannabinoid_columns;renamed
,HashBreak - Hashbreak 2 Pack - Pink Lemonade Candy - 1g,Torus Pink Lemonade Infused Pre-roll 1g,no_vendor_column;no_cannabinoid_columns;renamed
,HashBreak - HB Vape - Funk-A-Delic - 1g,Torus Funkadelic Disposable Cartridge 1g,no_vendor_column;no_cannabinoid_columns;renamed
,HTE Honey - Face Off OG - .7g,Legit Mini Face Off Og Infused Pre-roll 0.7g,collapsed_duplicate;merged_into_master
,HTE Honey - Blue Dream - .7g,Legit Mini Blue Dream Infused Pre-roll 0.7g,no_vendor_column;no_cannabinoid_columns;renamed
,Full Spec - Elite - Cartridge - 1g - (I) Twilight Twinkle,Full Spec Twilight Twinkle Cartridge 1g,no_vendor_column;no_cannabinoid_columns;renamed
,Full Spec - Elite - Cartridge - 1g - (S) Slippery Pear,Full Spec Slippery Pear Cartridge 1g,no_vendor_column;no_cannabinoid_columns;renamed
,2727 - Vape Cart - 2727 - Lemon Meringue - 1g,2727 Lemon Meringue Cartridge 1g,no_vendor_column;no_cannabinoid_columns;renamed
,2727 - Vape Cart - 2727 - Ice Cream Cake - 1g,2727 Ice Cream Cake Cartridge 1g,collapsed_duplicate;merged_into_master
,Super Mega Bussin' - Disposable - SMB - Pineapple Express - 1g,2727 Pineapple Express Disposable Cartridge 1g,no_vendor_column;no_cannabinoid_columns;renamed
,Honey Stixx - 2Pk - HTE Batter - Bubba Kush X Northern Lights - Indica,Bodhi High Bubba Kush Infused Pre-roll 1g,collapsed_duplicate;merged_into_master
,Honey Stixx - 2Pk - Crystal - Snoops Dream X ATF - Sativa,Bodhi High Snoop's Dream Infused Pre-roll 1g,collapsed_duplicate;merged_into_master
,Honey Stixx - Flavored - Twisted Peach - Hybrid,Bodhi High Peach Infused Pre-roll 1g,no_vendor_column;no_cannabinoid_columns;renamed
,RSO - Sunset Runtz - 1g,Trichome Sunset Runtz RSO 1g,collapsed_duplicate;merged_into_master
,RSO - Midnight Meat - 1g,Trichome Midnight Meat RSO 1g,no_vendor_column;no_cannabinoid_columns;renamed
,RSO - LA Kush Cake - 1g,Trichome Kush Cake RSO 1g,collapsed_duplicate;merged_into_master
,Diamond Dusted Pre-Roll - Los Muertos DDP - 1g,Trichome Los Muertos Infused Pre-roll 1g,no_vendor_column;no_cannabinoid_columns;renamed
,".75g Trichome InTERPreter Pre-Rolls, 2ct - 92 Octane+AT - 1.5g",Trichome 92 Octane Infused Pre-roll 1.5g,no_vendor_column;no_cannabinoid_columns;renamed
,Diamond Dusted Pre-Roll - Donut Resin DDP - 1g,Trichome Donut Resin Infused Pre-roll 1g,collapsed_duplicate;merged_into_master
,.5g Isolated Pre-Rolled Cones 6pk - Isolated Ice Cream Cake Bx1 Pre-Rolled Cones - 3g,Trichome Ice Cream Cake Infused Pre-roll 3g,no_vendor_column;no_cannabinoid_columns;renamed
,".5g Isolated Pre-Rolled Cones, 2ct - Isolated Crop CircleZ Pre-Rolled Cones - 1g",Trichome Crop Circlez Infused Pre-roll 1g,collapsed_duplicate;merged_into_master
,Oil Tanker Live Resin [1g] [All-In-One],Lifted Oil Tanker Disposable Cartridge 1g,no_vendor_column;no_cannabinoid_columns;renamed
,Journeyman CBG Pineapple Jellies,Journeyman Pineapple Edible 2.2oz,no_vendor_column;no_cannabinoid_columns;renamed
,Micro Cart - 1g Cartridge - Micro Cart - Melon Bar - 1g,Micro Bar Melon Bar Disposable Cartridge 1g,no_vendor_column;no_cannabinoid_columns;renamed
,Ooowee - 1G Cartridge - Bubblegum Runtz - 1g,Ooowee Bubblegum Runtz Cartridge 1g,no_vendor_column;no_cannabinoid_columns;renamed
,Ooowee - 5/1G Pre-Roll - Lemon Cherry Gelato - 5g,Ooowee Lemon Cherry Gelato Pre-roll 5g,no_vendor_column;no_cannabinoid_columns;renamed
,Ooowee - 5/1G Pre-Roll - Wedding Cake - 5g,Ooowee Wedding Cake Pre-roll 5g,collapsed_duplicate;merged_into_master
,Ooowee - Live Resin - A - 1G Disposable - Gusherlicious - 1g,Ooowee Gusherlicious Disposable Cartridge 1g,no_vendor_column;no_cannabinoid_columns;renamed
,Ooowee - Live Resin - B - 1G Disposable - Truffle Oreos - 1g,Ooowee Truffle Oreos Disposable Cartridge 1g,collapsed_duplicate;merged_into_master
,VICE - Starfruit - 100mg,Vice Starfruit Beverage 12floz,no_vendor_column;no_cannabinoid_columns;renamed
,Rays - Hash Rosin Peach Lemonade - 100mg,Ray's Lemonade Peach Beverage 12floz,no_vendor_column;no_cannabinoid_columns;renamed
,Cured Resin Blunt - Tamalez - 2g,Fire Bros Tamalez Infused Blunt 2g,collapsed_duplicate;merged_into_master
,Lifted Pre-roll Rainbow Marker [1g],Lifted Rainbow Marker Pre-roll 1g,no_vendor_column;no_cannabinoid_columns;renamed
,SMC - Infused Joint 1g - MAC - 1g,Seattle Marijuana Co Mac Infused Pre-roll 1g,no_vendor_column;no_cannabinoid_columns;renamed
,SMC - Infused Joint 1g - Indica - Wedding Cake - 1g,Seattle Marijuana Co Wedding Cake Infused Pre-roll 1g,no_vendor_column;no_cannabinoid_columns;renamed
,SMC - Infused Joint 1g - Blackberry Pie - 1g,Seattle Marijuana Co Blackberry Pie Infused Pre-roll 1g,no_vendor_column;no_cannabinoid_columns;renamed
,SMC - Infused Joint Pack - Indica - Wedding Cake - 5g,Seattle Marijuana Co Wedding Cake Infused Pre-roll 5g,no_vendor_column;no_cannabinoid_columns;renamed
,Torus - Flower - Lemon Cherry Pastry #1 - 3.5g,Torus Lemon Cherry Pastry Flower 3.5g,no_vendor_column;no_cannabinoid_columns;renamed
,Torus - Infused Glass Tip - Raspberry Smoothie x Ginger Pop - 1g,Torus Raspberry Smoothie X Ginger Pop Infused Pre-roll 1g,collapsed_duplicate;merged_into_master
,hashbreak - - Infused Pre Rolls - Candy Apple - 3.5g,Torus Candy Apple Infused Pre-roll 3.5g,no_vendor_column;no_cannabinoid_columns;renamed
,hashbreak - - Infused Pre Rolls - Tigers Blood - 1g,Torus Tigers Blood Infused Pre-roll 1g,collapsed_duplicate;merged_into_master
,Bella & Max 3X 30:1,Green Revolution Bella Max Tincture 1floz,no_vendor_column;no_cannabinoid_columns;renamed
,Nano Doozies - Peach Mango 3:1 ELEVATE 10 Pk (80g) (300mg CBD;100mg THC),Green Revolution Peach Mango Edible 2.8oz,collapsed_duplicate;merged_into_master
,Heavenly Buds - Flower - Orange Diesel DOH - 1g,Heavenly Buds Orange Diesel Flower 1g,no_vendor_column;no_cannabinoid_columns;renamed
,Heavenly Buds - Flower - Orange Diesel DOH - 7g,Heavenly Buds Orange Diesel Flower 7g,no_vendor_column;no_cannabinoid_columns;renamed
,Blue Lobster SugarStix [1g],Lifted Blue Lobster Infused Pre-roll 1g,no_vendor_column;no_cannabinoid_columns;master_of_2_duplicates;renamed
,White Cherries Live Resin Cart [1g],Lifted White Cherries Cartridge 1g,no_vendor_column;no_cannabinoid_columns;renamed
,Power ( I/H ) Plaid Jacket BHO THCA Infused Blunt - 1g,Plaid Jacket Power Infused Blunt 1g,no_vendor_column;no_cannabinoid_columns;renamed
,Blue Widow ( H ) - Flipside Gold BHO/Ethanol Extracted Disposable 1g,Flipside Blue Widow Disposable Cartridge 1g,no_vendor_column;no_cannabinoid_columns;renamed
,Grapefruit Romulan ( I ) - Flipside Gold BHO/Ethanol Extracted Disposable 1g,Flipside Grapefruit Romulan Disposable Cartridge 1g,collapsed_duplicate;merged_into_master
,Huckleberry ( I/H ) - Flipside Distillate Disposable 1g,Plaid Jacket Huckleberry Disposable Cartridge 1g,no_vendor_column;no_cannabinoid_columns;renamed
,Mack's GAK ( I ) - Plaid Jacket BHO Cured Resin Cart 1g,Plaid Jacket Mack's Gak Disposable Cartridge 1g,collapsed_duplicate;merged_into_master
,Flower / Pre-Roll - 2 x 0.5g / Blueberry Pie,High End Farms Blueberry Pie Pre-roll 1g,collapsed_duplicate;merged_into_master
,Flower / Pre-Roll - 2 x 0.5g / Ohio Rizz,High End Farms Ohio Rizz Pre-roll 1g,collapsed_duplicate;merged_into_master
,Flower / Pre-Roll - 2 x 0.5g / Sex Panther,High End Farms Sex Panther Pre-roll 1g,no_vendor_column;no_cannabinoid_columns;renamed
,Royal Kind Flower Candy Gas - 3.5g,Royal Kind Candy Gas Flower 3.5g,no_vendor_column;no_cannabinoid_columns;renamed
,Mary Jones - 12oz - Zero Sugar Berry Lemonade Soda,Mary Jones Berry Lemonade Beverage 12floz,no_vendor_column;no_cannabinoid_columns;renamed
,Ooowee - *B Buds 14G Flower - Gusherlicious - 14g,Ooowee Gusherlicious Flower 14g,no_vendor_column;no_cannabinoid_columns;renamed
,Ooowee - 5/1G Infused PreRoll - Wedding Cake - 5g,Ooowee Wedding Cake Infused Pre-roll 5g,no_vendor_column;no_cannabinoid_columns;renamed
,Ooowee - 5/1G Infused PreRoll - Blueberry Dream - 5g,Ooowee Blueberry Dream Infused Pre-roll 5g,collapsed_duplicate;merged_into_master
,ROLL_ON_ TUBE_BODY_BLISS_3.4oz,Ceres Body Bliss Topical 96.4g,no_vendor_column;no_cannabinoid_columns;renamed
,CHEW_SAT_ASSORTED_GRY_1:1:1:1_20pk,Ceres Assorted Edible 2.2oz,no_vendor_column;no_cannabinoid_columns;master_of_2_duplicates;renamed
,CHEW_IND_ASSORTED_GRY_1:1:1:1_20pk,Ceres Assorted Edible 2.2oz,collapsed_duplicate;merged_into_master
,JAR_XTRA_DRAGON_BALM_CBD_2oz,Ceres Xtra Dragon CBD Topical 2oz,collapsed_duplicate;merged_into_master
,Spinello Blueberry Indica 100mg THC Rosin Fruit Chews,Smokiez Blueberry Fruit Chews 36g,no_vendor_column;no_cannabinoid_columns;renamed
,Spinello Mango Sativa 100mg THC Rosin Fruit Chews,Smokiez Mango Fruit Chews 36g,no_vendor_column;no_cannabinoid_columns;renamed
,Spinello Peach Hybrid 100mg THC Rosin Fruit Chews,Smokiez Peach Fruit Chews 36g,collapsed_duplicate;merged_into_master
,Happy Cabbage Slumber Berry Fruit Chew - 100mg,Smokiez Berry Fruit Chews 60g,no_vendor_column;no_cannabinoid_columns;renamed
,EDB GMY 100mg THCV - Blue Raspberry 1:1 10pk DOH,Walden Blue Raspberry Fruit Chews 28.35g,no_vendor_column;no_cannabinoid_columns;renamed
,DST CART 1g WALBOLD - Dutch Treat DOH,Walden Dutch Treat Cartridge 1g,no_vendor_column;no_cannabinoid_columns;renamed
,DST CART 1g WALCALM - Sunset Sherbet DOH,Walden Sunset Sherbert Cartridge 1g,no_vendor_column;no_cannabinoid_columns;renamed
,DST CART 1g WALJUST - Naked DOH,Walden Naked Cartridge 1g,no_vendor_column;no_cannabinoid_columns;renamed
,HSR BOX 1g RESFREE - Orange Cream Pie,Walden Orange Cream Pie Rosin 1g,collapsed_duplicate;merged_into_master
,HSR BOX 1g RESCOZY - OG Kush,Walden Og Kush Rosin 1g,no_vendor_column;no_cannabinoid_columns;renamed
,BWX BOX 1g WALBOLD - Pink Lemonade Sugar Wax,Walden Pink Lemonade Bho 1g,collapsed_duplicate;merged_into_master
,BWX BOX 1g WALFREE - Mimosa Runtz Sugar Wax,Walden Mimosa Bho 1g,collapsed_duplicate;merged_into_master
,ISO BOX 1g RESFREE - THCa Isolate DOH,Walden THCA THCA 1g,no_vendor_column;no_cannabinoid_columns;renamed
,Northwest CCELL® Classic Cart - 1g - Northern Lights [ I ],Northwest Concentrates Northern Lights Cartridge 1g,no_vendor_column;no_cannabinoid_columns;renamed
,Refine CCELL® FULL SPEC Disposable Bar - 1g - Kush Mintz [ I ],Refine Kush Mintz Disposable Cartridge 1g,collapsed_duplicate;merged_into_master
,Super fog Disposable Cartridge ATF 1g,Mfused Atf Disposable Cartridge 1g,no_vendor_column;no_cannabinoid_columns;renamed
,Buddies Fire & Ice 1:1 - Topical Roll-On - 3 fl oz,Buddies Buddies Fire Ice 1:1 Topical 3oz,no_vendor_column;no_cannabinoid_columns;renamed
,BFF Besties Infused Preroll 2-Pack - NP - Nilla Pudding,Buddies Nilla Pudding Infused Pre-roll 1.5g,no_vendor_column;no_cannabinoid_columns;renamed
,hashbreak - Pre Rolls (Infused) - Candy Apple- 1g,Torus Candy Apple Infused Pre-roll 1g,collapsed_duplicate;merged_into_master
,hashbreak - Pre Rolls (Infused) - PB&J - 3.5g,Torus Pb J Infused Pre-roll 3.5g,no_vendor_column;no_cannabinoid_columns;renamed
,hashbreak - Pre Rolls (Infused) - Marshmallow Fluff - 1g,Torus Marshmallow Fluff Infused Pre-roll 1g,no_vendor_column;no_cannabinoid_columns;renamed
,hashbreak - Pre Rolls (Infused) - PB&J - 1g,Torus Pb J Pre-roll 1g,no_vendor_column;no_cannabinoid_columns;renamed
,hashbreak - Pre Rolls (Infused) - Lemon Cherry Punch - 1g,Torus Lemon Cherry Punch Infused Pre-roll 1g,no_vendor_column;no_cannabinoid_columns;renamed
,Torus - - Pre Rolls (Flower) - Mint Milkshake - 1g,Torus Mint Milkshake Pre-roll 1g,no_vendor_column;no_cannabinoid_columns;renamed
,Hustler's Ambition Flower (Banana OG 3.5g),Hustler's Ambition Banana Og Flower 3.5g,collapsed_duplicate;merged_into_master
,Hustler's Ambition - Preroll Packs - (Fugi Fruit 1gx1),Hustler's Ambition Fugi Fruit Pre-roll 1g,no_vendor_column;no_cannabinoid_columns;renamed
,Hustler's Ambition - Preroll Packs - (Godfather OG 1gx1),Hustler's Ambition Godfather Og Pre-roll 1g,collapsed_duplicate;merged_into_master
,Hustler's Ambition - Preroll Spritzer 1g,Hustler's Ambition Spritzer Pre-roll 1g,no_vendor_column;no_cannabinoid_columns;renamed
,Mama J's Flower (Afghan Diesel 3.5g),Mama J's Afghan Diesel Flower 3.5g,no_vendor_column;no_cannabinoid_columns;renamed
,Blyn Buds Flower (Afghan Diesel/7g),Mama J's Afghan Diesel Flower 7g,no_vendor_column;no_cannabinoid_columns;renamed
,Tyson 2.0 Full Flower Prerolls (Pound for Pound Cake 1gx1),Tyson 2.0 Pound For Pound Cake Pre-roll 1g,no_vendor_column;no_cannabinoid_columns;renamed
,Golden Nuggets - Lyon King - 7g (Legacy),Freddy's Fuego Lyon King Flower 7g,no_vendor_column;no_cannabinoid_columns;renamed
,Freddy's Fuego Flower - Dirty Sugah - 3.5g (Flagship),Freddy's Fuego Dirty Sugah Flower 3.5g,no_vendor_column;no_cannabinoid_columns;renamed
,Phat panda Pre-roll White Gummie Bears 1g,Phat Panda White Gummie Bears Pre-roll 1g,no_vendor_column;no_cannabinoid_columns;renamed
,Solr Bear - Live Rosin XL - Cartridge - 1g - (H) Vampire Sunset,Full Spec Vampire Sunset Cartridge 1g,no_vendor_column;no_cannabinoid_columns;renamed
,Solr Bear - Live Rosin XL - Cartridge - 01g - (S) Apple Sundae,Solr Bear Apple Sundae Cartridge 1g,no_vendor_column;no_cannabinoid_columns;renamed
,Solr Bear - Live Rosin XL - Cartridge - 1g - (S) Citrus Cloud,Solr Bear Citrus Cloud Cartridge 1g,no_vendor_column;no_cannabinoid_columns;renamed
,Solr Bear - Live Rosin XL - Cartridge - 01g - (S) Red Haze,Solr Bear Red Haze Cartridge 1g,no_vendor_column;no_cannabinoid_columns;renamed
,Solr Bear - Live Rosin XL - Cartridge - 1g - (S) Strawberry Fritter,Solr Bear Strawberry Fritter Cartridge 1g,no_vendor_column;no_cannabinoid_columns;renamed
,FLOWER - SPACE OG - 14g,Downtown Space Og Flower 14g,no_vendor_column;no_cannabinoid_columns;renamed
,FLOWER - HIPPIE MILKSHAKE - 3.5g,Downtown Hippie Milkshake Flower 3.5g,no_vendor_column;no_cannabinoid_columns;renamed
,FLOWER - HIPPIE MILKSHAKE - 7g,Downtown Hippie Milkshake Flower 7g,no_vendor_column;no_cannabinoid_columns;renamed
,FLOWER - McFLY - 3.5g,Downtown Mcfly Flower 3.5g,no_vendor_column;no_cannabinoid_columns;renamed
,Stinger Cartridge - 1g Cartridge - Green Dream - 1g,Stinger Green Dream Cartridge 1g,no_vendor_column;no_cannabinoid_columns;renamed
,Stingers - Live Resin Cartridge - Wifi Alien - 1g,Stingers Wifi Og Cartridge 1g,no_vendor_column;no_cannabinoid_columns;renamed
,Stingers - Stinger Sweets Guava Lava .5g 2pk - Guava Lava - 1g,Stingers Guava Infused Pre-roll 1g,no_vendor_column;no_cannabinoid_columns;renamed
,Stingers Sweets Melted Melon .5g 2pk - Melted Melon - 1g,Stingers Melon Gum Infused Pre-roll 1g,no_vendor_column;no_cannabinoid_columns;renamed
,Stinger Sweets Pineapple Juice .5g 2pk - Pineapple Juice - 1g,Stingers Pineapple Infused Pre-roll 1g,no_vendor_column;no_cannabinoid_columns;renamed
,Stinger Sweets Grape Soda .5g 2pk - Grape soda - 1g,Stinger Grape Soda Infused Pre-roll 1g,no_vendor_column;no_cannabinoid_columns;renamed
,Stinger Sweets Razzberry Blaze .5g 2pk - Razzberry Blaze - 1g,Stingers Razzmatazz Infused Pre-roll 1g,collapsed_duplicate;merged_into_master
,Stingers - 2pk .5g Pre-Rolls - Durban Poison - 1g,Stinger Durban Poison Infused Pre-roll 1g,no_vendor_column;no_cannabinoid_columns;renamed
,Legacy - - DOH COMPLIANT - Premium Flower - Legacy Jays - .5g Pack - Sand Man - 1g,Legacy Organics Sand Man Pre-roll 1g,no_vendor_column;no_cannabinoid_columns;renamed
,Legacy - - DOH COMPLIANT - Premium Flower - Legacy Jays - .5g Pack - Isodope - 1g,Legacy Organics Isodope Pre-roll 1g,collapsed_duplicate;merged_into_master
,Legacy Reserve - DOH COMPLIANT - Flower - Glass Jar - SMALL BATCH - White Runtz - 3.5g,Legacy Organics White Runtz Flower 3.5g,no_vendor_column;no_cannabinoid_columns;renamed
,Legacy Reserve - DOH COMPLIANT - Flower - Glass Jar - SMALL BATCH - Larry Bird Kush - 3.5g,Legacy Organics Larry Bird Kush Flower 3.5g,collapsed_duplicate;merged_into_master
,Legacy Reserve - DOH COMPLIANT - Flower - Glass Jar - SMALL BATCH - Apple Mochi - 3.5g,Legacy Organics Apple Mochi Flower 3.5g,no_vendor_column;no_cannabinoid_columns;renamed
,Legacy Truffles - DOH Compliant - Triple Truffle Jays - .5g Pack - Lemon Drop - 1g,Legacy Organics Lemon Drop Infused Blunt 1g,no_vendor_column;no_cannabinoid_columns;renamed
,Legacy Truffles - Golden Truffle - Legacy Loco - 1g,Legacy Organics Legacy Loco Mix Infused Flower 1g,collapsed_duplicate;merged_into_master
,Legacy Truffles - Golden Truffle - Legacy Loco - 3.5g,Legacy Organics Legacy Loco Mix Infused Flower 3.5g,no_vendor_column;no_cannabinoid_columns;renamed
,2727 - Extracts - 2727 - Sugar Wax - Citrus Sunrise - 1g,2727 Citrus Sunrise Bho 1g,no_vendor_column;no_cannabinoid_columns;renamed
,Scented Marker SugarStix [1g],Lifted Scented Marker Infused Pre-roll 1g,no_vendor_column;no_cannabinoid_columns;renamed
,Permanent Push Pop SugarStix [1g],Lifted Permanent Push Pop Infused Pre-roll 1g,collapsed_duplicate;merged_into_master
,Burnout #33 [3.5g],Lifted Burnout Og 33 Flower 3.5g,no_vendor_column;no_cannabinoid_columns;renamed
,Fire Bros Pre-Roll Lemon Slushee - 2.5g,Fire Bros Lemon Slushee Disposable Cartridge 2.5g,no_vendor_column;no_cannabinoid_columns;renamed
,Fire Bros. - Pavé - 14g,Fire Bros Pave Disposable Cartridge 1g,no_vendor_column;no_cannabinoid_columns;renamed
,Fire Bros AIO Phone Case,Fire Bros AIO Phone Case,no_vendor_column;no_cannabinoid_columns;noncannabis_cleaned_original_name
,Firebros Lanyard,Firebros Lanyard,no_vendor_column;no_cannabinoid_columns;noncannabis_cleaned_original_name
,Packaged Flower - Fluff Fumez #1 - 3.5g,Svin Fluff Fumez 1 Flower 3.5g,no_vendor_column;no_cannabinoid_columns;renamed
,Packaged Flower - Lemon Cherry Dosi #7 - 3.5g,Svin Lemon Cherry Dosi 7 Flower 3.5g,no_vendor_column;no_cannabinoid_columns;renamed
,Packaged Flower - One Piece - 3.5g,Svin One Piece Flower 3.5g,collapsed_duplicate;merged_into_master
,Packaged Flower - Unit B - 3.5g,Svin Unit B Flower 3.5g,no_vendor_column;no_cannabinoid_columns;renamed
,Rosin- One Piece - 1g,Svin One Piece Rosin 1g,no_vendor_column;no_cannabinoid_columns;renamed
,Rosin - Puro Loco - 1g,Svin Puro Loco Badder 1g,no_vendor_column;no_cannabinoid_columns;master_of_2_duplicates;renamed
,Pre-Rolls -One Piece - 2x.5g,Svin One Piece Pre-roll 1g,collapsed_duplicate;merged_into_master
,Pre-Rolls -Puro Loco - 2x.5g,Svin Puro Loco Pre-roll 1g,no_vendor_column;no_cannabinoid_columns;renamed
,Pre-Rolls - Rainbow Zoap - 2x.5g,Svin Rainbow Zoap Pre-roll 1g,no_vendor_column;no_cannabinoid_columns;renamed
,Canna Whupass - CW Vape Cartridge - Peach Ringz - Mixed - 1g,Canna Organix Peach Ringz Cartridge 1g,collapsed_duplicate;merged_into_master
,Canna Whupass - CW Vape Cartridge - Tropical Trainwreck - Mixed - 1g,Canna Organix Tropical Trainwreck Cartridge 1g,no_vendor_column;no_cannabinoid_columns;renamed
,Canna Organix Custard - Durban Poison - 1g,Canna Organix Durban Poison Live Resin 1g,collapsed_duplicate;merged_into_master
,Sauced & Tossed - Gluelato - 1g,Canna Organix Gluelato Infused Pre-roll 1g,no_vendor_column;no_cannabinoid_columns;renamed
,Sauced & Tossed - Headbanger #2 - 1g,Canna Organix Headbanger Infused Pre-roll 1g,no_vendor_column;no_cannabinoid_columns;renamed
,Sauced & Tossed - Plu-Dough - 1g,Canna Organix Plu-dough Infused Pre-roll 1g,collapsed_duplicate;merged_into_master
,Headshots - Zkittlez Pie - 1g,Canna Organix Zkittlez Pie Infused Pre-roll 1g,no_vendor_column;no_cannabinoid_columns;renamed
,Headshots - Berry Pie - 1g,Canna Organix Berry Bliss Infused Pre-roll 1g,no_vendor_column;no_cannabinoid_columns;renamed
,Custard - Blue Dream - 1g,Canna Organix Blue Dream Live Resin 1g,no_vendor_column;no_cannabinoid_columns;renamed
,Collections - Full Spectrum - Hash Rosin - Alpine Guava - 1g,Fugu Farms Alpine Guava Rosin 1g,no_vendor_column;no_cannabinoid_columns;master_of_2_duplicates;renamed
,Collections - Full Spectrum - Hash Rosin - Gary Payton - 1g,Fugu Farms Gary Payton Rosin 1g,collapsed_duplicate;merged_into_master
,Collections - Full Spectrum - Hash Rosin - Gary Payton x Memory Loss - 1g,Fugu Farms Gary Payton X Memory Loss Rosin 1g,no_vendor_column;no_cannabinoid_columns;renamed
,Collections - T2 - Hash Rosin - Alpine Guava - 1g,Fugu Farms Alpine Guava Rosin 1g,collapsed_duplicate;merged_into_master
,Collections - T2 - Hash Rosin - Cherry Bang Bang - 1g,Fugu Farms Cherry Bang Bang Rosin 1g,collapsed_duplicate;merged_into_master
,Collections - T2 - Hash Rosin - Dulce De Uva - 1g,Fugu Farms Dulce De Uva Rosin 1g,no_vendor_column;no_cannabinoid_columns;renamed
,Collections - T2 - Hash Rosin - Xeno - 1g,Fugu Farms Xeno Rosin 1g,collapsed_duplicate;merged_into_master
,Fugu - T1 - Hash Rosin - Blue Glue #4 - 1g,Fugu Farms Blue 16 Rosin 1g,no_vendor_column;no_cannabinoid_columns;renamed
,Fugu - T1 - Hash Rosin - Mani - 1g,Fugu Farms Mani Rosin 1g,no_vendor_column;no_cannabinoid_columns;renamed
,Fugu - T1 - Hash Rosin - Rainbow Xushi - 1g,Fugu Farms Rainbow Xushi Rosin 1g,no_vendor_column;no_cannabinoid_columns;renamed
,Fugu - T1 - Hash Rosin - Red Velvet - 1g,Fugu Farms Red Velvet Rosin 1g,no_vendor_column;no_cannabinoid_columns;renamed
,Platinum Flower (Trophy Wife - Platinum Line/7g),Phat Panda Trophy Wife Flower 7g,collapsed_duplicate;merged_into_master
,Sativa - Orange Soda Panda Pen AIO,Phat Panda Orange Soda Disposable Cartridge 1g,no_vendor_column;no_cannabinoid_columns;renamed
,Torus - Pre Roll - Pinalada - 1g,Torus Pinalada Pre-roll 1g,no_vendor_column;no_cannabinoid_columns;renamed
,hashbreak - Pre Rolls (Infused) - Berry Banana - 1g,Torus Berry Infused Pre-roll 1g,collapsed_duplicate;merged_into_master
,hashbreak - Pre Rolls (Infused) - Cherry Bomb - 1g,Torus Cherry Bomb Infused Pre-roll 1g,no_vendor_column;no_cannabinoid_columns;renamed
,hashbreak - Pre Rolls (Infused) - Cherry Bomb - 3.5g,Torus Cherry Bomb Infused Pre-roll 3.5g,no_vendor_column;no_cannabinoid_columns;renamed
,Live Rosin - Gas Face - 1g - FSCC - A,Viking Cannabis Gas Face Rosin 1g,no_vendor_column;no_cannabinoid_columns;renamed
,Viking Cannabis - Candy MAC - 2x0.5g Bubble Hash Joint Tube,Viking Cannabis Candy Mac Infused Pre-roll 1g,no_vendor_column;no_cannabinoid_columns;renamed
,Viking Cannabis - Old School Lemons - Popcorn - 10g,Viking Cannabis Old School Lemons Flower 10g,no_vendor_column;no_cannabinoid_columns;renamed
,"SusPENded Disposable, Tiger's Blood - 1g",Suspended Tigers Blood Disposable Cartridge 1g,collapsed_duplicate;merged_into_master
,"SusPENded Disposable, Raspberry Crave - 1g",Suspended Raspberry Disposable Cartridge 1g,no_vendor_column;no_cannabinoid_columns;renamed
,Suspended THC ICEBERG Superboof- 1g,Suspended Super Boof Moon Rocks 1g,collapsed_duplicate;merged_into_master
,Suspended THC Iceberg -Super Boof - 3.5g mix,Suspended Super Boof Flower 3.5g,no_vendor_column;no_cannabinoid_columns;renamed
,CannaSol - Pre Rolls - DOH Tested - 4Rilla Glue - 1.5g,Cannasol 4rilla Flower 1.5g,no_vendor_column;no_cannabinoid_columns;renamed
,CannaSol - Flower - DOH Tested - 4Rilla Glue - 3.5g,Cannasol 4rilla Flower 3.5g,no_vendor_column;no_cannabinoid_columns;renamed
,CannaSol - Pre Rolls - DOH Tested - Sour Diesel - 1.5g,Cannasol Sour Diesel Pre-roll 1.5g,no_vendor_column;no_cannabinoid_columns;renamed
,CannaSol - Flower - DOH Tested - Sour Diesel - 3.5g,Cannasol Sour Diesel Flower 3.5g,no_vendor_column;no_cannabinoid_columns;renamed
,CannaSol - Glass Jar - DOH Tested - Sour Diesel - 7g,Cannasol Sour Diesel Flower 7g,collapsed_duplicate;merged_into_master
,Lish Organics - Full Melt Bubble Hash - DOH Tested - GMO - 1g,Cannasol Gmo Bubble Hash 1g,no_vendor_column;no_cannabinoid_columns;renamed
,Lish Organics - Full Melt Bubble Hash - DOH Tested - Purple Trainwreck - 1g,Cannasol Purple Trainwreck Hash 1g,no_vendor_column;no_cannabinoid_columns;renamed
,CannaSol - Pre Rolls - DOH Tested - Aliens on Moonshine - 1.5g,Cannasol Aliens On Moonshine Pre-roll 1.5g,no_vendor_column;no_cannabinoid_columns;renamed
,CannaSol - Pre Rolls - DOH Tested - Charlotte's Tsu - 1.5g,Cannasol Charlotte's Tsu Flower 1.5g,no_vendor_column;no_cannabinoid_columns;renamed
,CannaSol - Pre Rolls - DOH Tested - Cosmic Charlie - 1.5g,Cannasol Cosmic Charlie Pre-roll 1.5g,no_vendor_column;no_cannabinoid_columns;renamed
,CannaSol - Pre Rolls - DOH Tested - Shiva's Nectar - 1.5g,Cannasol Shiva's Nectar Pre-roll 1.5g,collapsed_duplicate;merged_into_master
,Lish Organics - Rosin Dabs - DOH - Tested - Papaya - 1g,Cannasol Papaya Rosin 1g,collapsed_duplicate;merged_into_master
,Lish Organics - Rosin Dabs - Amnesia Cookies - 1g,Cannasol Amnesia Cookies Rosin 1g,no_vendor_column;no_cannabinoid_columns;renamed
,Lish Organics - Rosin Dabs - DOH - Tested - GMO - 1g,Cannasol Gmo Rosin 1g,collapsed_duplicate;merged_into_master
,Honey Tree Terp Crystal - Purple Tangie,Honey Tree Purple Tangie Live Resin 1g,no_vendor_column;no_cannabinoid_columns;renamed
,Honey Stixx - 2Pk - Crystal - God's Gifts X Permafrost,Honey Stixx God's Gifts X Permafrost Infused Pre-roll 1g,collapsed_duplicate;merged_into_master
,Honey Stixx - Flavored - Huckleberry OG,Honey Stixx Huckleberry Og Infused Pre-roll 1g,collapsed_duplicate;merged_into_master
,K-Savage: GMO - Pr 2pk - 1,K Savage Gmo Pre-roll 1g,no_vendor_column;no_cannabinoid_columns;renamed
,Clout King: Tussin Headz - 3.5g,Clout King Tussin Headz Flower 3.5g,no_vendor_column;no_cannabinoid_columns;renamed
,Clout King: Bubble Gum Wagyu - PR 2pk - 1g,Clout King Bubble Gum Wagyu Pre-roll 1g,no_vendor_column;no_cannabinoid_columns;renamed
,Clout King: Milk Steak - PR 2pk - 1g,Clout King Milk Steak Pre-roll 1g,collapsed_duplicate;merged_into_master
,Clout King: Street Treat - PR 2pk - 1g,Clout King Street Treat Pre-roll 1g,no_vendor_column;no_cannabinoid_columns;renamed
,Clout King: Tussin Headz - PR 2pk - 1g,Clout King Tussin Headz Pre-roll 1g,no_vendor_column;no_cannabinoid_columns;renamed
,Clout King: Live Rosin - Mom's Spaghetti,Clout King Mom's Spaghetti Rosin 1g,collapsed_duplicate;merged_into_master
,CloutKing: Live Rosin - Tussin,Clout King Tussin Rosin 1g,no_vendor_column;no_cannabinoid_columns;renamed
,Fruit Burst - Blue Razz Rush Indica 100mg,Swell Blue Raspberry Fruit Chews 33g,no_vendor_column;no_cannabinoid_columns;renamed
,Fruit Burst - Paradise Punch Sativa 100mg,Swell Paradise Fruit Chews 33g,collapsed_duplicate;merged_into_master
,Fruit Burst - Surging Strawberry Kiwi Indica 100mg,Swell Strawberry Kiwi Fruit Chews 33g,no_vendor_column;no_cannabinoid_columns;renamed
,Fruit Burst - Chillin Cherry Lime Sativa 100mg,Swell Cherry Fruit Chews 33g,no_vendor_column;no_cannabinoid_columns;renamed
,Fruit Burst - Mystery Monsoon Indica 100mg,Swell Mystery Fruit Chews 33g,collapsed_duplicate;merged_into_master
,Mint - Cinnamon Indica 100mg,Swell Cinnamon Mints 14g,collapsed_duplicate;merged_into_master
,Mint - Cinnamon Sativa 100mg,Swell Cinnamon Mints 14g,collapsed_duplicate;merged_into_master
,Mint - Peppermint Indica 100mg,Swell Peppermint Mints 14g,collapsed_duplicate;merged_into_master
,Mint - Peppermint Sativa 100mg,Swell Peppermint Mints 14g,collapsed_duplicate;merged_into_master
,Mint - Spearmint Indica 100mg,Swell Spearmint Mints 14g,no_vendor_column;no_cannabinoid_columns;renamed
,Tart - Cherry Lime Sativa 100mg,Swell Cherry Lime Mints 14g,no_vendor_column;no_cannabinoid_columns;renamed
,Tart - Tangerine Sativa 100mg,Swell Tangerine Mints 14g,no_vendor_column;no_cannabinoid_columns;renamed
,Cold Cure - Grape Lyfe 1g - DOH,Constellation Grape Lyfe Rosin 1g,no_vendor_column;no_cannabinoid_columns;renamed
,Cold Cure - Moroccan Peaches 1g - DOH,Constellation Moroccan Peaches Rosin 1g,no_vendor_column;no_cannabinoid_columns;renamed
,Wook Tea - Peach 100mg,Constellation Peach Beverage 355ml,no_vendor_column;no_cannabinoid_columns;renamed
,Wook Tea - Raspberry Hibiscus 100mg,Constellation Raspberry Beverage 355ml,collapsed_duplicate;merged_into_master
,Wook Tea - Larry Palmer 100mg,Constellation Lemonade Beverage 355ml,no_vendor_column;no_cannabinoid_columns;renamed
,VICE - Raspberry Tea - 100mg THC - DOH,Ray's Raspberry Beverage 355ml,no_vendor_column;no_cannabinoid_columns;renamed
,VICE - Hash Rosin Lemon Tea - 100mg THC - DOH,Ray's Lemon Beverage 355ml,no_vendor_column;no_cannabinoid_columns;renamed
,VICE - Hash Rosin Peach Tea - 100mg THC : 100mg CBG - DOH,Ray's Peach Beverage 355ml,no_vendor_column;no_cannabinoid_columns;renamed
,lil' Rays - Hash Rosin Raspberry Lemonade - 100mg - DOH,Ray's Raspberry Shots 50ml,no_vendor_column;no_cannabinoid_columns;renamed
,Applesauce AIO - Deep Fried Oreoz - 1g,Trichome Deep Fried Oreoz Disposable Cartridge 1g,no_vendor_column;no_cannabinoid_columns;renamed
,".75g Trichome InTERPreter Pre-Rolls, 2ct - Bubble Bath+TD - 1.5g",Trichome Bubble Bath + Grb Infused Pre-roll 1.5g,collapsed_duplicate;merged_into_master
,SELECT Cured Classic Cartridge - Romulan - 1g,Sub X Romulan Cartridge 1g,collapsed_duplicate;merged_into_master
,SIGNATURE Live Classic Cartridge - White Burgundy - 1g,Sub X White Burgundy Cartridge 1g,no_vendor_column;no_cannabinoid_columns;renamed
,SUPREME Bang Stick - Orange Poison - 2pk,Sub X Orange Poison Infused Pre-roll 1g,no_vendor_column;no_cannabinoid_columns;renamed
,SUPREME Bang Stick - Animal Rain - 2pk,Sub X Animal Rain Infused Pre-roll 1g,no_vendor_column;no_cannabinoid_columns;renamed
,Ooowee - *B Buds 14G Flower - Pink Zaza - 14g,Ooowee Pink Zaza Flower 14g,no_vendor_column;no_cannabinoid_columns;renamed
,Ooowee - 5/1G Infused PreRoll - Mango Haze - 5g,Ooowee Mango Haze Infused Pre-roll 5g,no_vendor_column;no_cannabinoid_columns;renamed
,Ooowee - 5/1G Infused PreRoll - Uh-Huh - 5g,Ooowee Uh-huh Infused Pre-roll 5g,collapsed_duplicate;merged_into_master
,Ooowee - 5/1G Infused PreRoll - Lemon Cherry Gelato - 5g,Ooowee Lemon Cherry Gelato Infused Pre-roll 5g,no_vendor_column;no_cannabinoid_columns;renamed
,Ooowee - JUICED Hydrocarbon Concentrate - Raspberry Mimosa - Key Bump - 1g,Ooowee Key Bump Bho 1g,no_vendor_column;no_cannabinoid_columns;renamed
,Ooowee - JUICED Hydrocarbon Concentrate - Khalifa Kiwi - Late Bloomer - 1g,Ooowee Late Bloomer Bho 1g,collapsed_duplicate;merged_into_master
,Ooowee - JUICED Hydrocarbon Concentrate - Orange Sunrise - Mr. Bad - 1g,Ooowee Mr. Bad Bho 1g,collapsed_duplicate;merged_into_master
,Flower 1g / Blumosa,Coastal Growers Blumosa Flower 1g,no_vendor_column;no_cannabinoid_columns;renamed
,Flower 3.5g / Blumosa,Coastal Growers Blumosa Flower 3.5g,collapsed_duplicate;merged_into_master
,Flower 7g / Blumosa,Coastal Growers Blumosa Flower 7g,no_vendor_column;no_cannabinoid_columns;renamed
,Flower 3.5g / Gorilla Glue #4,Coastal Growers Gg4 Flower 3.5g,collapsed_duplicate;merged_into_master
,Flower 7g / Gorilla Glue #4,Coastal Growers Gg4 Flower 7g,no_vendor_column;no_cannabinoid_columns;renamed
,Journeyman CBN Huckleberry Jellies,Journeyman Huckleberry Gummies 3oz,no_vendor_column;no_cannabinoid_columns;renamed
,Journeyman CBG Kiwi Strawberry Jellies,Journeyman Kiwi Strawberry Gummies 3oz,no_vendor_column;no_cannabinoid_columns;renamed
,hashbreak - Pre Rolls (Infused) - Pillow Talk - 1g,Torus Pillow Talk Infused Pre-roll 1g,no_vendor_column;no_cannabinoid_columns;renamed
,hashbreak - Pre Rolls (Infused) - Sweet Potato Pie - 1g,Torus Sweet Potato Chips Infused Pre-roll 1g,no_vendor_column;no_cannabinoid_columns;renamed
,Torus - Pre Roll - Snowcaine #2 - 1g,Torus Snow Cone Pre-roll 1g,no_vendor_column;no_cannabinoid_columns;renamed
,hashbreak - Pre Rolls (Infused) - Peanut Butter Fudge - 1g,Torus Peanut Butter Infused Pre-roll 1g,collapsed_duplicate;merged_into_master
,hashbreak - - Rosin Vape - GMO - 1g,Torus Gmo Rosin 1g,collapsed_duplicate;merged_into_master
,Torus - Ceramic Tip (Infused) - Key Lime Cookies x Boston Cream Pie - 1g,Torus Key Lime Pie Infused Pre-roll 1g,no_vendor_column;no_cannabinoid_columns;renamed
,Green Reaper - Live Resin Disposable - Strawberry Cough - 1g,Greenrush Strawberry Cough Disposable Cartridge 1g,no_vendor_column;no_cannabinoid_columns;renamed
,Green Reaper - Live Resin Disposable - Cherry Pie - 1g,Greenrush Cherry Pie Disposable Cartridge 1g,no_vendor_column;no_cannabinoid_columns;renamed
,Green Reaper - Live Resin Cart - Strawberry Cough - 1g,Greenrush Strawberry Cough Cartridge 1g,no_vendor_column;no_cannabinoid_columns;renamed
,Green Reaper - Live Resin Cart - Permanent Marker - 1g,Greenrush Permanent Marker Cartridge 1g,no_vendor_column;no_cannabinoid_columns;renamed
,Live Resin Cart - Jack Herer - 1g,Greenrush Jack Herer Cartridge 1g,no_vendor_column;no_cannabinoid_columns;renamed
,Live Resin Cart - Girl Scout Cookies - 1g,Greenrush Gsc Cartridge 1g,collapsed_duplicate;merged_into_master
,Green Reaper - Live Resin Disposable - Jack Herer - 1g,Greenrush Jack Herer Disposable Cartridge 1g,no_vendor_column;no_cannabinoid_columns;renamed
,Green Reaper - Live Resin Cart - Cherry Pie - 1g,Greenrush Cherry Pie Cartridge 1g,collapsed_duplicate;merged_into_master
,Green Reaper - Diamond Sauce - Permanent Marker - 1g,Greenrush Permanent Marker Live Resin 1g,no_vendor_column;no_cannabinoid_columns;renamed
,Green Reaper - Diamond Sauce - Girl Scout Cookies - 1g,Greenrush Gsc Live Resin 1g,no_vendor_column;no_cannabinoid_columns;renamed
,Zen - DOH Compliant Flower PreRoll 1gx28pk - Too Much Lime - 28g,Zen Cannabis Too Much Lime Pre-roll 4g,no_vendor_column;no_cannabinoid_columns;renamed
,HTE HONEY - Cherry OG - Cherry OG - .7g,Legit Gold Cherry Og Infused Pre-roll 0.7g,no_vendor_column;no_cannabinoid_columns;renamed
,HTE HONEY - Mimosa - Mimosa - .7g,Legit Gold Mimosa Infused Pre-roll 0.7g,no_vendor_column;no_cannabinoid_columns;renamed
,HTE HONEY - Raspberry Haze - Raspberry Haze - .7g,Legit Gold Raspberry Haze Pre-roll 0.7g,no_vendor_column;no_cannabinoid_columns;renamed
,420 Mini - Dark Chocolate - Sea Salt 2:2:1 CBN:CBD:THC 500mg,Sinner Saints Dark Chocolate Chocolate 50g,no_vendor_column;no_cannabinoid_columns;renamed
,BLAZE Gummy Rosin - Baja Blaze 1:1:1:1 CBC:CBG:CBD:THC 400mg,Sinner Saints Baja Blaze Gummies 27g,no_vendor_column;no_cannabinoid_columns;renamed
,MFUSED Battery  - Orange,Mfused Orangasm Accessories 1g,no_vendor_column;no_cannabinoid_columns;renamed
,SMC - Infused Joint Pack - Grape - 5g,Shatter J's Grape Pre-roll 5g,no_vendor_column;no_cannabinoid_columns;renamed
,SMC - Infused Joint 1g - Grape - 1g,Shatter J's Grape Accessories 1g,no_vendor_column;no_cannabinoid_columns;renamed
,SMC - Infused Joint 1g - Blueberry - 1g,Shatter J's Grape Infused Pre-roll 1g,collapsed_duplicate;merged_into_master
,SMC - Infused Joint 1g - Melon Guava - 1g,Shatter J's Melon Guava Infused Pre-roll 1g,no_vendor_column;no_cannabinoid_columns;renamed
,Tropicana Cookies - 1g - Cartridge - Hustler's Ambition,Hustler's Ambition Tropicanna Cookies Cartridge 1g,no_vendor_column;no_cannabinoid_columns;master_of_2_duplicates;renamed
,Hustler's Ambition Flower (Tropic Truffle/3.5g - Sativa),Hustler's Ambition Tropic Truffle Flower 3.5g,no_vendor_column;no_cannabinoid_columns;renamed
,mama J's - Flower Preroll Pack - GMO - 0.5gx2,Mama J's Gmo Pre-roll 1g,no_vendor_column;no_cannabinoid_columns;renamed
,mama J's Flower (Dutchberry 3.5g),Mama J's Dutchberry Flower 3.5g,no_vendor_column;no_cannabinoid_columns;renamed
,Mama J's Flower (Sunset MAC/3.5g),Mama J's Sunset Mac Flower 3.5g,no_vendor_column;no_cannabinoid_columns;renamed
,Mama J's Flower (Sunset MAC/7g),Mama J's Sunset Mac Flower 7g,collapsed_duplicate;merged_into_master
,Packaged Flower - Jacuzzi - 3.5g,Svin Jacuzzi Flower 3.5g,no_vendor_column;no_cannabinoid_columns;renamed
,Rosin Infused Joint Box - Jacuzzi x LC Dosi,Svin Jacuzzi Infused Pre-roll 1g,no_vendor_column;no_cannabinoid_columns;renamed
,Rosin Infused Joint Box - Jacuzzi x One Piece - 1g,Svin One Piece Infused Pre-roll 1g,no_vendor_column;no_cannabinoid_columns;renamed
,Rosin Infused Joint Box - The Menage #5 x One Piece - 1g,Svin The Menage Infused Pre-roll 1g,no_vendor_column;no_cannabinoid_columns;renamed
,Rosin Infused Joint Box - The Menage X Puro Loco - 1g,Svin Puro Loco Infused Pre-roll 1g,no_vendor_column;no_cannabinoid_columns;renamed
,Packaged Flower - Lemon Cherry Garlic - 3.5g,Svin Lemon Cherry Garlic Flower 3.5g,no_vendor_column;no_cannabinoid_columns;renamed
,Cookies - Cannabis Terps - Cartridge - 1g - London Pound Cake #75,Full Spec London Pound Cake Cartridge 1g,no_vendor_column;no_cannabinoid_columns;renamed
,Pinnacle Green Flower Dutch Treat - 7g,Pinnacle Green Dutch Treat Flower 7g,no_vendor_column;no_cannabinoid_columns;renamed
,Pinnacle Green Flower Toranja - 3.5g,Pinnacle Green Toranja Flower 3.5g,collapsed_duplicate;merged_into_master
,Packaged Flower - Khalifa Kush - 3.5g,Pinnacle Green Khalifa Kush Trade Sample 3.5g,no_vendor_column;no_cannabinoid_columns;renamed
,Packaged Flower - Toranja - 3.5g,Pinnacle Green Toranja Flower 3.5g,collapsed_duplicate;merged_into_master
,The People's Indoor Gardens Flower People's Diesel - 7g,The People's Indoor Gardens People's Diesel Flower 7g,collapsed_duplicate;merged_into_master
,The People's Indoor Gardens Pre-Rolls - Blue Dream - 2g (4pk),The People's Indoor Gardens Blue Dream Pre-roll 2g,collapsed_duplicate;merged_into_master
,Pastime Liquid Diamonds Disposable Vape - Zourz,Pastime Zourz Flower 1g,collapsed_duplicate;merged_into_master
,Pastime Liquid Diamonds Disposable Vape - Trickz,Pastime Trickz Disposable Cartridge 1g,no_vendor_column;no_cannabinoid_columns;renamed
,Pastime Liquid Diamonds Disposable Vape - Lemon Lime Haze,Pastime Lemon Lime Haze Disposable Cartridge 1g,collapsed_duplicate;merged_into_master
,Pastime Liquid Diamonds Disposable Vape - Jackfruit,Pastime Jackfruit Disposable Cartridge 1g,no_vendor_column;no_cannabinoid_columns;renamed
,Kauai - Platinum Preroll,Phat Panda Kauai Pre-roll 1g,no_vendor_column;no_cannabinoid_columns;renamed
,Trophy Wife 14g Bong Buddies,Phat Panda Trophy Wife Flower 14g,no_vendor_column;no_cannabinoid_columns;renamed
,Refine LOUD RESIN x High Country Horticulture - MAC Herer - 1g [ H ],Refine Mac Herer Live Resin 1g,no_vendor_column;no_cannabinoid_columns;renamed
,Burzt - Twisted - 60ml - 100mg - Lemon Loopz,Mfused Lemon Loopz Beverage 60ml,no_vendor_column;no_cannabinoid_columns;renamed
,Burzt - Twisted - 60ml - 100mg - Swirly Temple,Mfused Swirly Temple Beverage 60ml,no_vendor_column;no_cannabinoid_columns;renamed
,Burzt - Twisted - 60ml - 100mg - Wild Watermelon,Mfused Wild Watermelon Liquid Infused Edible 60ml,collapsed_duplicate;merged_into_master
,RIZZ Pre-Roll [1g],Lifted Rizz Pre-roll 1g,no_vendor_column;no_cannabinoid_columns;renamed
,Cherry Ztripez Pre-Roll [1g] [D.O.H. COMPLIANT],Lifted Cherry Ztripez Pre-roll 1g,collapsed_duplicate;merged_into_master
,Constellation Cannabis Cartridge - Moroccan Peaches .5g,Constellation Cannabis Moroccan Peaches Cartridge 0.5g,collapsed_duplicate;merged_into_master
,Wook Tea - Blackberry Lemonade 100mg,Constellation Cannabis Blackberry Lemonade Beverage 100ml,no_vendor_column;no_cannabinoid_columns;renamed
,Sky High Flower - Super Silver Stardawg - 1g,Sky High Gardens Super Silver Stardawg Flower 1g,collapsed_duplicate;merged_into_master
,Sky High Flower - Super Silver Stardawg - 3.5g,Sky High Gardens Super Silver Stardawg Flower 3.5g,no_vendor_column;no_cannabinoid_columns;renamed
,Sky High Flower - Sherb Cocktail - 3.5g,Sky High Gardens Sherb Cocktail Flower 3.5g,collapsed_duplicate;merged_into_master
,Sky High 2 Pack Joints - Sherb Cocktail - 1.2g,Sky High Gardens Sherb Cocktail Pre-roll 1.2g,no_vendor_column;no_cannabinoid_columns;renamed
,Sky High Flower - Scented Marker - 3.5g,Sky High Gardens Scented Marker Flower 3.5g,no_vendor_column;no_cannabinoid_columns;renamed
,Sky High Gardens Cloud Bar - Blue Dream - 1g,Sky High Gardens Blue Dream Disposable Cartridge 1g,no_vendor_column;no_cannabinoid_columns;renamed
,Sky High Rosin OG Kush x Headband - 1g,Sky High Gardens Og Kush X Headband Rosin 1g,no_vendor_column;no_cannabinoid_columns;renamed
,Sky High Rosin SoDo GMO - 1g,Sky High Gardens Sodo Gmo Rosin 1g,no_vendor_column;no_cannabinoid_columns;renamed
,Boysenberry Creme Brulee [1g] [Luxury Line] [D.O.H. COMPLIANT],Lifted Boysenberry Creme Brulee Flower 1g,no_vendor_column;no_cannabinoid_columns;renamed
,Boysenberry Creme Brulee [3.5g] [Luxury Line] [D.O.H. COMPLIANT],Lifted Boysenberry Creme Brulee Flower 3.5g,no_vendor_column;no_cannabinoid_columns;renamed
,Metaverse [3.5g] [Luxury Line] [D.O.H. COMPLIANT],Lifted Metaverse Flower 3.5g,collapsed_duplicate;merged_into_master
,Grape Soda Slush [1g] [All-In-One] [D.O.H. COMPLIANT],Lifted Grape Soda Disposable Cartridge 1g,no_vendor_column;no_cannabinoid_columns;renamed
,Torus - Pre Roll - Hyphy - 1g,Torus Hyphy Pre-roll 1g,collapsed_duplicate;merged_into_master
,Torus - ROSIN COLD CURE - Permanent Marker - 1g,Torus Permanent Marker Rosin 1g,no_vendor_column;no_cannabinoid_columns;renamed
,Torus - ROSIN COLD CURE - da FUNK 7 - 1g,Torus Da Funk 7 Rosin 1g,collapsed_duplicate;merged_into_master
,Torus - ROSIN COLD CURE - Cereal Milk #6 - 1g,Torus Cereal Milk Rosin 1g,no_vendor_column;no_cannabinoid_columns;renamed
,hashbreak - Pre Rolls (Infused) - Candy Corn - 1g,Torus Candy Corn Infused Pre-roll 1g,collapsed_duplicate;merged_into_master
,hashbreak - Pre Rolls (Infused) - Monster Mash - 1g,Torus Monster Mash Infused Pre-roll 1g,collapsed_duplicate;merged_into_master
,Nano Dopio - Caramel Fly (100mg THC;100mg CBG)(56.8g),Green Revolution Caramel Fly Shots 2floz,collapsed_duplicate;merged_into_master
,Nano Dopio - Mocha Fly (100mg THC;100mg CBG),Green Revolution Mocha Fly Shots 2floz,no_vendor_column;no_cannabinoid_columns;renamed
,Nano Dopio - Vanilla Fly (100mg THC;100mg CBG)(56.8g),Green Revolution Vanilla Fly Shots 2floz,no_vendor_column;no_cannabinoid_columns;renamed
,Goodies Cannabis FLOWER - SUPER FUZZY - 14g,Goodies Cannabis Super Fuzzy Flower 14g,no_vendor_column;no_cannabinoid_columns;renamed
,Fireline Cannabis 10 pk 0.5g - Dubble Dragon,Fireline Dubble Dragon Pre-roll 5g,no_vendor_column;no_cannabinoid_columns;renamed
,Fireline Cannabis 10 pk 0.5g - (H) - Papaya,Fireline Cannabis Papaya Pre-roll 5g,collapsed_duplicate;merged_into_master
,Fireline Cannabis 10 pk 0.5g - (S) - Platinum Blue Dream,Fireline Cannabis Blue Dream Pre-roll 5g,no_vendor_column;no_cannabinoid_columns;renamed
,Fireline Cannabis 2pk 0.5g (H) - Skunk GMO,Fireline Cannabis Skunk Gmo Pre-roll 1g,no_vendor_column;no_cannabinoid_columns;renamed
,Fireline Cannabis Infused 2pk 0.5g (S) Platinum Blue Dream,Fireline Cannabis Blue Dream Infused Pre-roll 1g,collapsed_duplicate;merged_into_master
,Royal Kind Flower Oreo - 7g,Royal Kind Oreo Flower 7g,no_vendor_column;no_cannabinoid_columns;renamed
,royal kind Flower Super boof - 1g,Royal Kind Superboof Flower 1g,no_vendor_column;no_cannabinoid_columns;renamed
,Svin Terp Dough - Tangerine Borealis #1 - 1g,Svin Tangerine Borealis 1 Badder 1g,no_vendor_column;no_cannabinoid_columns;renamed
,Svin Rosin - Lemon Cherry Dosi - 1g,Svin Lemon Cherry Dosi 7 Flower 1g,no_vendor_column;no_cannabinoid_columns;renamed
,Svin Diamond Drip Infused Joints - Menage x Golden Lemons,Svin Menage X Golden Lemons Infused Pre-roll 1g,no_vendor_column;no_cannabinoid_columns;renamed
,Pre-Rolls - Tangerine Borealis - 2x.5g,Svin Tangerine Borealis 1 Pre-roll 1g,collapsed_duplicate;merged_into_master
,Svin Pre-Rolls - Unit B - 2x.5g,Svin Unit B Pre-roll 1g,collapsed_duplicate;merged_into_master
,Svin Pre-Rolls -One Piece - 1x1g,Svin One Piece Pre-roll 1g,collapsed_duplicate;merged_into_master
,Svin Pre-Rolls - Unit B - 1x1g,Svin Unit B Pre-roll 1g,collapsed_duplicate;merged_into_master
,Pure Prana Pulse AIO Disposable Vape - Lemon Tree Live Resin,Bodhi High Lemon Tree Disposable Cartridge 1g,collapsed_duplicate;merged_into_master
,BLAZE Gummy - Blue Raspberriezzz 2:2:1 CBN:CBD:THC 500mg,Blaze Blue Razz Gummies 0.95oz,no_vendor_column;no_cannabinoid_columns;renamed
,Ooowee - 1G Infused Pre-Roll - Mango Haze - 1g,Ooowee Mango Haze Infused Pre-roll 1g,no_vendor_column;no_cannabinoid_columns;renamed
,Ooowee - 1G Pre-Roll - Ice Cream Cake #8 - 1g,Ooowee Ice Cream Cake Pre-roll 1g,no_vendor_column;no_cannabinoid_columns;renamed
,Ooowee - JUICED 5/1G Infused PreRoll - Watermelon Gummy - Ice Cream Cake #8 - 5g,Ooowee Ice Cream Cake Infused Pre-roll 5g,no_vendor_column;no_cannabinoid_columns;renamed
,Ooowee - JUICED 5/1G Infused PreRoll - Purple Rain - FaceLock - 5g,Ooowee Facelock Infused Pre-roll 5g,no_vendor_column;no_cannabinoid_columns;renamed
,Ceres Disposable Cartridge Lime Drop 1g,Ceres Lime Drop Disposable Cartridge 1g,collapsed_duplicate;merged_into_master
,CERES JAR DRAGON BALM 1:1 RED,Ceres Dragon Balm 1:1 Topical 2oz,collapsed_duplicate;merged_into_master
,Ceres Lotion Dragon Balm 1:1 RED,Ceres Dragon Balm 1:1 Topical 96.4g,no_vendor_column;no_cannabinoid_columns;renamed
,Dragon Balm Lotion CBD BLACK,Ceres Dragon Balm Topical 96.47g,no_vendor_column;no_cannabinoid_columns;renamed
,Ceres Dragon Balm Lotion CBD RED,Ceres Dragon Balm Topical 96.4g,no_vendor_column;no_cannabinoid_columns;master_of_2_duplicates;renamed
,Ceres Dragon Balm Jar CBD RED,Ceres Dragon Balm Topical 56.7g,no_vendor_column;no_cannabinoid_columns;renamed
,Ceres Dragon Balm CBD RED,Ceres Dragon Balm Topical 96.4g,collapsed_duplicate;merged_into_master
,Green Labs - Choc Cov-Giggle Bits-300mg - Chocolate - 1:1:1 THC:CBD:CBG - Hybrid - 100g,Swifts Giggle Bits Chocolate 100g,collapsed_duplicate;merged_into_master
,Swifts Edibles - Gummies LIVE Resin-Peach Fuego-MAX-Hybrid-500mg - Peach - Regular - MAX THC:CBD:CBN:CBG - Hybrid - 60g,Swifts Peach Gummies 60g,no_vendor_column;no_cannabinoid_columns;renamed
,CQ - CQ-300mg-Old Fashioned Lemonade - Lemon - 1:1:1 THC:CBC:CBG - 63m,Swifts Lemon Shots 63ml,no_vendor_column;no_cannabinoid_columns;renamed
,Phat panda Pre-roll Triple Burger 1g,Phat Panda Triple Burger Pre-roll 1g,collapsed_duplicate;merged_into_master
,Burzt - Twisted shot Galactic Grape,Mfused Grape Shots 60ml,collapsed_duplicate;merged_into_master
,Burzt - Twisted shot Lemon Loopz,Mfused Lemon Loopz Shots 60ml,no_vendor_column;no_cannabinoid_columns;renamed
,Burzt - Twisted shot Fruit Punch,Mfused Fruit Punch Shots 60ml,collapsed_duplicate;merged_into_master
,The Hunt - Pineapple Bang - 3.5g,Freddy's Fuego Pineapple Bang Flower 3.5g,collapsed_duplicate;merged_into_master
,The Hunt - Sugar Rainbow Luxe - 3.5g,Freddy's Fuego Sugar Rainbow Luxe Flower 3.5g,no_vendor_column;no_cannabinoid_columns;renamed
,The Hunt Joint - Sub Zero - 1g,Freddy's Fuego Sub Zero Flower 1g,no_vendor_column;no_cannabinoid_columns;renamed
,The Hunt Joint - Sugar Rainbow Luxe - 1g,Freddy's Fuego Sugar Rainbow Luxe Flower 1g,collapsed_duplicate;merged_into_master
,Lychee Boba Slush [1g] [All-In-One],Lifted Lychee Disposable Cartridge 1g,no_vendor_column;no_cannabinoid_columns;renamed
,Rays Hash Rosin Huckleberry Lemonade - 12oz,Ray's Huckleberry Liquid Infused Edible 12floz,no_vendor_column;no_cannabinoid_columns;renamed
,VICE - Blackberry Cream - 100mg THC : 100mg CBD : 5mg CBN,Vice Blackberry Cream Liquid Infused Edible 12floz,no_vendor_column;no_cannabinoid_columns;renamed
,Rays Lemonade Hash Rosin Cranberry Tangerine Lemonade - 100mg THC : 100mg CBG,Rays Lemonade Cranberry Liquid Infused Edible 12floz,no_vendor_column;no_cannabinoid_columns;renamed
,RSO Platinum - ATF - Sativa - 1g,Skagit Organics Atf RSO 1g,collapsed_duplicate;merged_into_master
,RSO Platinum - Blue Dream - Sativa - 1g,Skagit Organics Blue Dream RSO 1g,no_vendor_column;no_cannabinoid_columns;renamed
,RSO Original - AC/DC - 9:1 - Sativa - 1g,Skagit Organics Ac Dc RSO 1g,no_vendor_column;no_cannabinoid_columns;renamed
,RSO Original - Pine Tsunami - 15:1 - Hybrid - 1g,Skagit Organics Pine Tsunami RSO 1g,collapsed_duplicate;merged_into_master
,Torus - Flower - Snowcaine - 3.5g,Torus Snowcaine Flower 3.5g,no_vendor_column;no_cannabinoid_columns;renamed
,hashbreak - Pre Rolls (Infused) - Sticky Buns - 1g,Torus Sticky Buns Infused Pre-roll 1g,no_vendor_column;no_cannabinoid_columns;renamed
,hashbreak - Pre Rolls (Infused) - Sour Blue Mintz - 1g,Torus Sour Blue Mintz Infused Pre-roll 1g,no_vendor_column;no_cannabinoid_columns;renamed
,High End Farms Flower Welch's Grape -14g,High End Farms Welch's Grape Flower 14g,no_vendor_column;no_cannabinoid_columns;renamed
,Sauced & Tossed - Forbidden Fruit - 1g,Canna Organix Forbidden Fruit Infused Pre-roll 1g,collapsed_duplicate;merged_into_master
,Sauced & Tossed - Blue Dream - 1g,Canna Organix Blue Dream Infused Pre-roll 1g,no_vendor_column;no_cannabinoid_columns;renamed
,Canna Whupass - CW Vape Cartridge - Watermelon OG - Mixed - 1g,Canna Organix Watermelon Og Cartridge 1g,no_vendor_column;no_cannabinoid_columns;renamed
,Canna Whupass - CW Vape Cartridge - Maui Loudie - Mixed - 1g,Canna Organix Maui Loudie Cartridge 1g,collapsed_duplicate;merged_into_master
,Canna Whupass - CW Vape Cartridge - Berry Orange Pez - Mixed - 1g,Canna Organix Berry Orange Pez Cartridge 1g,no_vendor_column;no_cannabinoid_columns;renamed
,BLAZE Gummy - Mango Passionfruit 1:1:1:1 CBG:CBC:CBD:THC 400mg,Evergreen Herbal Mango Passion Fruit Gummies 27g,no_vendor_column;no_cannabinoid_columns;renamed
,MAJOR Shot - 2oz - Mojo-Rita,Evergreen Herbal Mojo-rita Shots 2floz,no_vendor_column;no_cannabinoid_columns;renamed
,MAJOR Shot - 2oz - SF Gingerade,Major Gingerade Shots 2floz,no_vendor_column;no_cannabinoid_columns;renamed
,MAJOR Tall - 6.7oz - Atomic Apple 100mg THC,Evergreen Herbal Atomic Apple Beverage 6.7floz,collapsed_duplicate;merged_into_master
,MAJOR Tall - 6.7oz - Orange Mango 100mg THC,Evergreen Herbal Orange Mango Beverage 6.7floz,no_vendor_column;no_cannabinoid_columns;renamed
,REIMAGINE Gummy - (Slumber) Berry Pomegranate 20:10:1 CBN:CBD:THC 31mg,Evergreen Herbal Berry Pomegranate Gummies 60g,no_vendor_column;no_cannabinoid_columns;renamed
,REIMAGINE Gummy - (Relief) Green Apple 10:10:1 CBC:CBD:THC 21mg,Evergreen Herbal Green Apple Gummies 60g,no_vendor_column;no_cannabinoid_columns;renamed
,Skord 20-Pack Joints - Lemon Shortbread - 14g,Skord Lemon Shortbread Pre-roll 14g,no_vendor_column;no_cannabinoid_columns;renamed
,Skord Ceramic Cartridge - 01g - Animal Cocktail,Skord Animal Cocktail Cartridge 1g,collapsed_duplicate;merged_into_master
,Skord Ceramic Cartridge - 01g - Souped Up,Skord Souped Up Cartridge 1g,collapsed_duplicate;merged_into_master
,Skord 20-Pack Joints - Animal Cocktail - 14g,Skord Animal Cocktail Pre-roll 14g,no_vendor_column;no_cannabinoid_columns;renamed
,Phat Panda Pre-Roll Jack & Coke 1g,Phat Panda Jack And Coke Pre-roll 1g,no_vendor_column;no_cannabinoid_columns;renamed
,Golden Pineapple 2pk 0.5g Prerolls,Phat Panda Golden Pineapple Pre-roll 1g,no_vendor_column;no_cannabinoid_columns;renamed
,OG Chem 2pk 0.5g Prerolls,Phat Panda Og Chem Pre-roll 1g,collapsed_duplicate;merged_into_master
,Redneck Wedding 2pk 0.5g Prerolls,Phat Panda Redneck Wedding Pre-roll 1g,collapsed_duplicate;merged_into_master
,SPR - Sour Diesel - 3.5g,Seattle's Private Reserve Sour Diesel Flower 3.5g,no_vendor_column;no_cannabinoid_columns;renamed
,SPR - Butter Mintz - 1g,Seattle's Private Reserve Butter Mintz Flower 1g,collapsed_duplicate;merged_into_master
,SPR - 1g Infused Joint - Gas Face x Gushers,Seattle's Private Reserve Gas Face X Gushers Infused Pre-roll 1g,no_vendor_column;no_cannabinoid_columns;renamed
,SPR - 1g Infused Blunt - Gas Face x Sour Runtz,Seattle's Private Reserve Gas Face X Sour Runtz Infused Blunt 1g,no_vendor_column;no_cannabinoid_columns;renamed
,SPR - 1g HASH ROSIN - Afghan Diesel,Seattle's Private Reserve Afghan Diesel Hash Rosin 1g,no_vendor_column;no_cannabinoid_columns;renamed
,SPR - 1g HASH ROSIN - Stuffed Cherry Zlushiez,Seattle's Private Reserve Stuffed Cherry Zlushiez Hash Rosin 1g,no_vendor_column;no_cannabinoid_columns;renamed
,SPR - 2pk Joint Box (2g) - Sour Diesel,Seattle's Private Reserve Sour Diesel Pre-roll 2g,collapsed_duplicate;merged_into_master
,SPR - 2pk Joint Box (2g) - Bahama Mama,Seattle Private Reserve Bahama Mama Flower 2g,no_vendor_column;no_cannabinoid_columns;renamed
,A.C. Topical Drops - 250mg THC 1000 CBD 1:4,Agro Couture Topical Drops 1250mg 1:4 Tincture 1.7floz,no_vendor_column;no_cannabinoid_columns;renamed
,A.C. Topical Drops - 1000mg THC,Agro Couture Drops 1000mg Tincture 1floz,collapsed_duplicate;merged_into_master
,GE Dab - 9# Hammer - 1g (I),Agro Couture 9 Hammer Bho 1g,no_vendor_column;no_cannabinoid_columns;renamed
,GE Dab - Grape Stomper - 1g (S),Agro Couture Grape Stomper Bho 1g,collapsed_duplicate;merged_into_master
,GE - Green Crack - 1g (S),Agro Couture Green Crack Bho 1g,no_vendor_column;no_cannabinoid_columns;renamed
,GE - Hawaiian Punch - 1g (S),Agro Couture Hawaiian Punch Bho 1g,collapsed_duplicate;merged_into_master
,Dabstar Dab Stix Pre-Roll 1g - Sticky S'mores (H),Agro Couture Sticky S'mores Infused Pre-roll 1g,no_vendor_column;no_cannabinoid_columns;renamed
,Dabstar Dab Stix Pre-Roll 1g - Strawberry Lemonade (S),Agro Couture Strawberry Lemonade Infused Pre-roll 1g,no_vendor_column;no_cannabinoid_columns;renamed
,Slab Hash Rosin - Royal Girl Scout Cookies - 1g (I),Agro Couture Royal Girl Scout Cookies Rosin 1g,no_vendor_column;no_cannabinoid_columns;renamed
,Slab Hash Rosin - GG4 - 1g (H),Agro Couture Gg4 Rosin 1g,collapsed_duplicate;merged_into_master
,Slab Hash Rosin - Acai Berry Gelato - 1g (S),Agro Couture Acai Berry Gelato Rosin 1g,no_vendor_column;no_cannabinoid_columns;renamed
,AC Disposable - Key Lime Pie - 1g,Agro Couture Key Lime Pie Disposable Cartridge 1g,collapsed_duplicate;merged_into_master
,Second Nature Flower 28g / Orangasm,Second Nature Orangasm Flower 28g,collapsed_duplicate;merged_into_master
,Buddies Legacy All in One Tanker - Acapulco Gold - 1g - (S),Buddies Acapulco Gold Disposable Cartridge 1g,no_vendor_column;no_cannabinoid_columns;renamed
,Ooowee - 1G Hydrocarbon Concentrate - Sunset Lemonade - 1g,Ooowee Sunset Lemonade Bho 1g,no_vendor_column;no_cannabinoid_columns;renamed
,Ooowee - JUICED 1G C.R HTE Disposable - Banana Runtz - 1g,Ooowee Banana Runtz Disposable Cartridge 1g,no_vendor_column;no_cannabinoid_columns;renamed
,Ooowee - JUICED 1G C.R HTE Disposable - Raspberry Mimosa - 1g,Ooowee Raspberry Mimosa Disposable Cartridge 1g,no_vendor_column;no_cannabinoid_columns;renamed
,Ooowee - JUICED 1G C.R HTE Disposable - Honeydew - 1g,Ooowee Honeydew Disposable Cartridge 1g,collapsed_duplicate;merged_into_master
,Ooowee - JUICED 1G C.R HTE Disposable - Black Cherry Bomb - 1g,Ooowee Black Cherry Bomb Disposable Cartridge 1g,no_vendor_column;no_cannabinoid_columns;renamed
,Ooowee - JUICED 1G C.R HTE Disposable - Seattle Strawberry Cough - 1g,Ooowee Seattle Strawberry Cough Disposable Cartridge 1g,no_vendor_column;no_cannabinoid_columns;renamed
,Ooowee - JUICED 5/1G Infused PreRoll - Honeydew - Gelato X - 5g,Ooowee Gelato X Infused Pre-roll 5g,no_vendor_column;no_cannabinoid_columns;renamed
,SMC - Infused Joint 1g - Banana Cream Pie - 1g,Seattle Marijuana Company Banana Cream Pie Infused Pre-roll 1g,collapsed_duplicate;merged_into_master
,SMC - Disposable Smokeless - Melon Guava - 1g,Shatter J's Melon Guava Disposable Cartridge 1g,no_vendor_column;no_cannabinoid_columns;renamed
,SMC - Infused Joint Pack - Melon Guava - 5g,Shatter J's Melon Guava Infused Pre-roll 5g,no_vendor_column;no_cannabinoid_columns;renamed
,Gummy Bombs - GB DRAGON BERRY 100mg - Dragon Berry - 100mg,Clarity Farms Dragon Berry Edible 100mg,no_vendor_column;no_cannabinoid_columns;renamed
,Gummy Bombs - GB HUCKLEBERRY LEMONADE 100mg - Huckleberry - 100mg,Clarity Farms Huckleberry Edible 100mg,collapsed_duplicate;merged_into_master
,Gummy Bombs - GB MOUNTAIN PEACH 100mg - Mountain Peach - 100mg,Clarity Farms Mountain Peach Edible 100mg,no_vendor_column;no_cannabinoid_columns;renamed
,Incredibulk - IB CART 1g - Amnesia Haze - 1g,Clarity Farms Amnesia Haze Cartridge 1g,collapsed_duplicate;merged_into_master
,Tasty Terps - TC CART 1g - Caprizun - 1g,Clarity Farms Caprizun Cartridge 1g,no_vendor_column;no_cannabinoid_columns;master_of_2_duplicates;renamed
,Tasty Terps - TC ICE CART 1g - Strawberry Ice - 1g,Clarity Farms Strawberry Ice Cartridge 1g,collapsed_duplicate;merged_into_master
,Tasty Terps - TT BHO 1g - Caprizun - 1g,Clarity Farms Caprizun Bho 1g,no_vendor_column;no_cannabinoid_columns;renamed
,Tasty Terps - TT BHO 1g - Red Zkittlez - 1g,Clarity Farms Red Zkittlez Bho 1g,no_vendor_column;no_cannabinoid_columns;renamed
,Tasty Terps - TT BHO 1g - Rocket Pop - 1g,Clarity Farms Rocket Pop Bho 1g,no_vendor_column;no_cannabinoid_columns;renamed
,Cone Filler,Cone Filler,no_vendor_column;no_cannabinoid_columns;noncannabis_cleaned_original_name
,Just The Tip,Just The Tip,collapsed_duplicate;merged_into_master
,Full Spec - Elite - Cartridge - 1g - (Holidaze) (I) Sleigh Ride,Full Spec Sleigh Ride Cartridge 1g,no_vendor_column;no_cannabinoid_columns;renamed
,heavenly buds pre-roll Permanent Marker 1g,Heavenly Buds Permanent Marker Pre-roll 1g,collapsed_duplicate;merged_into_master
,Full Flower Little Snappers - Pineapple Guava - 2pk (2x0.5g),Heavenly Buds Pineapple Guava Pre-roll 1g,no_vendor_column;no_cannabinoid_columns;renamed
,Doozies PLUS - Green Apple 2:1 10pk (80g)(10mg THC;5mg CBG),Green Revolution Green Apple Edible 1g,no_vendor_column;no_cannabinoid_columns;renamed
,Nano Doozies - Strawberry Lime 3:1 ELEVATE 10 Pk (80g) (300mg CBC;100mg THC),Green Revolution Strawberry Lime Edible 2.8g,no_vendor_column;no_cannabinoid_columns;renamed
,FIRE BROS All-In-One Cart - The Zest - 1g,Fire Bros The Zest Disposable Cartridge 1g,collapsed_duplicate;merged_into_master
,Fire Bros. - Rah Tah Tah - 1g,Fire Bros Rah Tah Tah Flower 1g,no_vendor_column;no_cannabinoid_columns;renamed
,Live Rosin Blunt - Cherry Biscotti - 2g,Fire Bros Cherry Biscotti Infused Blunt 2g,no_vendor_column;no_cannabinoid_columns;renamed
,Cold Cure - Rambutan - 1g DOH,Constellation Rambutan Rosin 1g,collapsed_duplicate;merged_into_master
,Cold Cure - Cali Swiss 1g - DOH,Constellation Cali Swiss Rosin 1g,no_vendor_column;no_cannabinoid_columns;renamed
,Sub X Flower - Lemon Cherry Gelato - 1g,Sub X Lemon Cherry Gelato Flower 1g,collapsed_duplicate;merged_into_master
,Sub X Flower - Lemon Cherry Gelato - 3.5g,Sub X Lemon Cherry Gelato Flower 3.5g,collapsed_duplicate;merged_into_master
,Sub X Flower - Island Octane - 3.5g,Sub X Island Octane Flower 3.5g,collapsed_duplicate;merged_into_master
,Sub X SUPREME Bang Stick - GMO - 2pk,Sub X Gmo Infused Pre-roll 1g,no_vendor_column;no_cannabinoid_columns;renamed
,Sub X Pre-Roll - Citrus Rain - 2pk,Sub X Citrus Rain Pre-roll 1g,collapsed_duplicate;merged_into_master
,Sub X Pre-Roll - Swampwater Fumez - 2pk,Sub X Swampwater Fumez Pre-roll 1g,no_vendor_column;no_cannabinoid_columns;renamed
,Sub X Smalls - Apples & Bananas - 3.5g,Sub X Apples Bananas Flower 3.5g,no_vendor_column;no_cannabinoid_columns;renamed
,Sub X Smalls - Sapphire Desire - 3.5g,Sub X Sapphire Desire Flower 3.5g,no_vendor_column;no_cannabinoid_columns;renamed
,Sub X Smalls - Swampwater Fumez - 3.5g,Sub X Swampwater Fumez Flower 3.5g,no_vendor_column;no_cannabinoid_columns;renamed
,Sub X SELECT Cured Classic Cartridge - Guava Oreoz - 1g,Sub X Guava Oreoz Cartridge 1g,no_vendor_column;no_cannabinoid_columns;renamed
,Premium Trichome Raw Flower - Crop CircleZ - 3.5g,Trichome Crop Circlez Flower 3.5g,collapsed_duplicate;merged_into_master
,Premium Trichome Raw Flower - White Oreoz #2 - 3.5g,Trichome White Oreoz Flower 3.5g,no_vendor_column;no_cannabinoid_columns;renamed
,".75g Trichome InTERPreter Pre-Rolls, 2ct - Scented Marker#1+BC - 1.5g",Trichome Scented Marker Infused Pre-roll 1.5g,collapsed_duplicate;merged_into_master
,.5g Isolated Pre-Rolled Cones 6pk - Isolated OBS Pre-Rolled Cones - 3g,Trichome Obs Infused Pre-roll 3g,no_vendor_column;no_cannabinoid_columns;renamed
,Honey Tree Flavored Prana Pulse AIO Disposable - Strawberry Bliss,Bodhi High Strawberry Bliss Disposable Cartridge 1g,no_vendor_column;no_cannabinoid_columns;renamed
,Suspended Brands Flower - Melted Strawberry - 01.0 Gram,Suspended Melted Strawberries Flower 1g,no_vendor_column;no_cannabinoid_columns;renamed
,Suspended Brands Flower - Amarelo - 01.0 Gram,Suspended Amarelo Flower 1g,no_vendor_column;no_cannabinoid_columns;master_of_2_duplicates;renamed
,"SusPENded Disposable, Strawberry Ice - 1g",Suspended Strawberry Ice Disposable Cartridge 1g,collapsed_duplicate;merged_into_master
,HTE Honey - Peanut Butter Kush - Peanut Butter Kush - .7g,Legit Cannabis Co. Peanut Butter Kush Infused Pre-roll 0.7g,no_vendor_column;no_cannabinoid_columns;renamed
,HTE Honey - Blue Dream - Blue Dream - .7g,Legit Cannabis Co. Blue Dream Infused Pre-roll 0.7g,no_vendor_column;no_cannabinoid_columns;renamed
,Hustler's Ambition Cartridge Black Cherry Fizz - 1g,Hustler's Ambition Black Cherry Fizz Cartridge 1g,no_vendor_column;no_cannabinoid_columns;renamed
,Hustler's Ambition Cartridge Bubble Gum Gelato - 1g,Hustler's Ambition Bubble Gum Gelato Cartridge 1g,no_vendor_column;no_cannabinoid_columns;renamed
,Hustler's Ambition - Cartridge Golden Pineapple - 1g,Hustler's Ambition Golden Pineapple Cartridge 1g,no_vendor_column;no_cannabinoid_columns;renamed
,Hustler's Ambition Cartridge - Tropicana Cookies - 1g,Hustler's Ambition Tropicanna Cookies Cartridge 1g,collapsed_duplicate;merged_into_master
,mama J's - Flower Preroll Pack - Tropicana Banana - 0.5gx2,Mama J's Tropicana Banana Pre-roll 1g,no_vendor_column;no_cannabinoid_columns;renamed
,Amarelo - 1g - Live Resin Cartridge,Mama J's Amarelo Cartridge 1g,no_vendor_column;no_cannabinoid_columns;renamed
,Biscotti - 1g - Live Resin Cartridge,Mama J's Biscotti Cartridge 1g,no_vendor_column;no_cannabinoid_columns;renamed
,Gelato Cake - 1g - Live Resin Cartridge,Mama J's Gelato Cake Cartridge 1g,collapsed_duplicate;merged_into_master
,Frozen Oreoz - 1g - Live Resin Disposable,Mama J's Frozen Oreoz Disposable Cartridge 1g,no_vendor_column;no_cannabinoid_columns;renamed
,Fruit Loop Haze - 1g - Live Resin Disposable,Mama J's Fruit Loops Haze Disposable Cartridge 1g,collapsed_duplicate;merged_into_master
,Golden Nuggets - Big Baby - 7g (Legacy),Freddy's Fuego Big Baby Flower 7g,collapsed_duplicate;merged_into_master
,2727 - Infused - 2727 - Tigers Blood - 1g,2727 Tigers Blood Infused Pre-roll 1g,collapsed_duplicate;merged_into_master
,Lifted SugarStix Grape Thorn Rose,Lifted Cannabis Grape Thron Rose Infused Pre-roll 1g,collapsed_duplicate;merged_into_master
,Ooowee - 5/1G Pre-Roll - Cheat Code - 5g,Ooowee Cheat Code Pre-roll 5g,no_vendor_column;no_cannabinoid_columns;renamed
,Ooowee - 5/1G Pre-Roll - White Peach - 5g,Ooowee White Peach Pre-roll 5g,collapsed_duplicate;merged_into_master
,Super Lemon Haze (S) .5G Preroll 2 pk,Soulshine Super Lemon Haze Pre-roll 1g,no_vendor_column;no_cannabinoid_columns;renamed
,Narnia (Smalls) 3.5G,Soulshine Narnia Flower 3.5g,no_vendor_column;no_cannabinoid_columns;renamed
,Big Chew Mango 10pk Hash Rosin Gummies,Soulshine Mango Edible 1oz,no_vendor_column;no_cannabinoid_columns;renamed
,Super Lemon Haze 1G,Soulshine Super Lemon Haze Flower 1g,no_vendor_column;no_cannabinoid_columns;renamed
,Super Lemon Haze 3.5G,Soulshine Super Lemon Haze Flower 3.5g,collapsed_duplicate;merged_into_master
,Super Lemon Haze 7G,Soulshine Super Lemon Haze Flower 7g,no_vendor_column;no_cannabinoid_columns;renamed
,Stingers - 2pk .5g Pre-Rolls - Master Kush - 1g,Stingers Master Kush Infused Pre-roll 1g,collapsed_duplicate;merged_into_master
,Stingers - Stinger Sweets Vape - Melted Melon - 1g,Stingers Melted Melon Cartridge 1g,no_vendor_column;no_cannabinoid_columns;renamed
,Stingers - Stinger Sweets Vape - Guava Lava - 1g,Stingers Guava Lava Cartridge 1g,no_vendor_column;no_cannabinoid_columns;renamed
,2 Pack Infused - Coffee Creamer,Constellation Coffee Creamer Infused Pre-roll 1g,no_vendor_column;no_cannabinoid_columns;renamed
,Canna Cantina Shot - Lime - 100mg - DOH,Constellation Lime Shots 1floz,collapsed_duplicate;merged_into_master
,Canna Cantina Shot - Dankchata - 100mg,Constellation Dankchata Shots 1floz,no_vendor_column;no_cannabinoid_columns;renamed
,Cold Cure - Purple Milk 1g,Constellation Purple Milk Rosin 1g,no_vendor_column;no_cannabinoid_columns;renamed
,Cold Cure -Super Boof 1g,Constellation Super Boof Rosin 1g,collapsed_duplicate;merged_into_master
,Rosin Vape Cart 0.5g - Smackles,Constellation Smackles Cartridge 0.5g,collapsed_duplicate;merged_into_master
,BLAZE Gummy - Pomegranate Acai 2:2:1 CBN:CBD:THC 500mg,Sinner Saints Pomegranate Acai Edible 0.95oz,no_vendor_column;no_cannabinoid_columns;renamed
,Hot Shotz - Watermelon 1:1 100mg THC/CBD,Phat Panda Watermelon 1:1 Shots 2floz,collapsed_duplicate;merged_into_master
,Forbidden Fruit LR Sticky Frog High Terpene Sugar,Phat Panda Forbidden Fruit Live Resin 1g,no_vendor_column;no_cannabinoid_columns;renamed
,GMO x Forbidden Fruit LR Sticky Frog Sugar,Phat Panda Gmo X Forbidden Live Resin 1g,collapsed_duplicate;merged_into_master
,Colorado Chem 1g Preroll,Phat Panda Colorado Chem Pre-roll 1g,no_vendor_column;no_cannabinoid_columns;renamed
,Dank Draaank 1g Preroll,Phat Panda Dank Draaank Pre-roll 1g,no_vendor_column;no_cannabinoid_columns;renamed
,Hybrid - Gary Payton Bubble Hash Banger 1g,Phat Panda Gary Payton Infused Pre-roll 1g,no_vendor_column;no_cannabinoid_columns;renamed
,Hybrid - Ice Cream Cake Bubble Hash Banger 1g,Phat Panda Ice Cream Cake Infused Pre-roll 1g,no_vendor_column;no_cannabinoid_columns;renamed
,Indica - Papaya Cake Bubble Hash Banger 1g,Phat Panda Papaya Cake Infused Pre-roll 1g,no_vendor_column;no_cannabinoid_columns;renamed
,Sativa - OG Chem Bubble Hash Banger 1g,Phat Panda Og Chem Infused Pre-roll 1g,no_vendor_column;no_cannabinoid_columns;renamed
,Platinum Flower (Kush Mintz - Platinum Line/14g),Phat Panda Kush Mintz Flower 14g,no_vendor_column;no_cannabinoid_columns;renamed
,Platinum Flower (Raspberry Truffle - Platinum Line/14g),Phat Panda Raspberry Truffle Flower 14g,collapsed_duplicate;merged_into_master
,Platinum Flower (Spray Tan - Platinum Line/14g),Phat Panda Spray Tan Flower 14g,no_vendor_column;no_cannabinoid_columns;renamed
,Sitka Classic Lebanese Red Hashish (I),Sitka Lebanese Red Hashish Hash 1g,no_vendor_column;no_cannabinoid_columns;renamed
,Sitka Classic Lebanese Gold Hashish (S),Sitka Lebanese Gold Hashish Hash 1g,no_vendor_column;no_cannabinoid_columns;renamed
,Sitka Classic Lebanese Red Hash Joint Minis - 5pk,Sitka Lebanese Red Infused Pre-roll 2.5g,no_vendor_column;no_cannabinoid_columns;renamed
,Sitka Classic Lebanese Gold Hash Joint Minis - 5pk,Sitka Lebanese Gold Infused Pre-roll 2.5g,no_vendor_column;no_cannabinoid_columns;renamed
,Sitka Classic Lebanese Red Hashish Joint (I),Sitka Lebanese Red Infused Pre-roll 1g,collapsed_duplicate;merged_into_master
,Sitka Classic Lebanese Gold Hashish Joint (S),Sitka Lebanese Gold Infused Pre-roll 1g,no_vendor_column;no_cannabinoid_columns;renamed
,SITKA HOT KNIVES,Sitka Hot Knives,no_vendor_column;no_cannabinoid_columns;noncannabis_cleaned_original_name
,Sitka® Hash Dome,Sitka® Hash Dome,no_vendor_column;no_cannabinoid_columns;noncannabis_cleaned_original_name
,WALNUT ROLLING TRAY,Walnut Rolling Tray,collapsed_duplicate;merged_into_master
,HASH PIPE,Hash Pipe,no_vendor_column;no_cannabinoid_columns;noncannabis_cleaned_original_name
,SMOKING SAFETY PIN,Smoking Safety Pin,no_vendor_column;no_cannabinoid_columns;noncannabis_cleaned_original_name
,Seattle Bubble Works Joint - Trainwreck (S) - 5g,Sitka Trainwreck Pre-roll 5g,collapsed_duplicate;merged_into_master
,Seattle Bubble Works Joint - Hash-Infused Joint - Rainbow Magic (H) - 1g,Rainbow Magic Infused Pre-roll 1g,no_vendor_column;no_cannabinoid_columns;renamed
,Seattle Bubble Works Joint - DOH Medical: Hash Pre-Rolls - Wedding Cake (I),Wedding Cake Infused Pre-roll 3.75g,no_vendor_column;no_cannabinoid_columns;renamed
,Seattle Bubble Works Joint - DOH Medical: Hash Blunts - Super Lemon Haze (S) - .75g,Super Lemon Haze Infused Blunt 0.75g,no_vendor_column;no_cannabinoid_columns;renamed
,Seattle Bubble Works Hash-Infused Joint - Blue Dream (S) - .75g,Blue Dream Infused Pre-roll 0.75g,no_vendor_column;no_cannabinoid_columns;renamed
,Seattle Bubble Works Flower Blunt - Cereal Milk (H) - .75g,Cereal Milk Blunt 0.75g,collapsed_duplicate;merged_into_master
,Seattle Bubble Works Flower Blunt - Blue Dream (H) - 0.75g,Blue Dream Blunt 0.75g,no_vendor_column;no_cannabinoid_columns;renamed
,Seattle Bubble Works Flower Blunt - Permanent Marker (I) - 0.75g,Permanent Marker Blunt 0.75g,no_vendor_column;no_cannabinoid_columns;renamed
,Seattle Bubble Works Flower Blunt - Permanent Marker (I) - 3g,Permanent Marker Blunt 3g,collapsed_duplicate;merged_into_master
,Seattle Bubble Works Flower Blunt - Cereal Milk (H) - 3g,Cereal Milk Blunt 3g,no_vendor_column;no_cannabinoid_columns;renamed
,Seattle Bubble Works Flower Blunt - Blue Dream (S) - 3g,Blue Dream Blunt 3g,no_vendor_column;no_cannabinoid_columns;renamed
,Seattle Bubble Works Hash Blunt - Super Boof (H) - 0.75g,Superboof Blunt 0.75g,collapsed_duplicate;merged_into_master
,Seattle Bubble Works Hash Blunt - Trainwreck (S) - 3g,Trainwreck Infused Blunt 3g,no_vendor_column;no_cannabinoid_columns;renamed
,Seattle Bubble Works Hash Blunt - Wedding Cake (I) - 3g,Wedding Cake Infused Blunt 3g,no_vendor_column;no_cannabinoid_columns;renamed
,Seattle Bubble Works Hash Blunt - Permanent Marker (I) - 3g,Permanent Marker Infused Blunt 3g,collapsed_duplicate;merged_into_master
,Seattle Bubble Works Hash Blunt - Super Boof (H) - 3g,Super Boof Infused Blunt 3g,no_vendor_column;no_cannabinoid_columns;renamed
,Seattle Bubble Works-Flower Joint - Super Boof (H) - 5g,Superboof Pre-roll 5g,no_vendor_column;no_cannabinoid_columns;renamed
,Seattle Bubble Works-Flower Joint - Super Boof (H) - 0.5g,Super Boof Infused Pre-roll 0.5g,no_vendor_column;no_cannabinoid_columns;renamed
,Seattle Bubble Works-Flower Joint - Super Boof (H) - 1g,Super Boof Infused Pre-roll 1g,no_vendor_column;no_cannabinoid_columns;renamed
,Seattle Bubble Works-Flower Joint - Wedding Cake (I) - 0.5g,Wedding Cake Pre-roll 0.5g,collapsed_duplicate;merged_into_master
,Seattle Bubble Works-Flower Joint - Wedding (I) - 1g,Wedding Cake Pre-roll 1g,no_vendor_column;no_cannabinoid_columns;renamed
,Seattle Bubble Works-Flower Joint - Girl Scout Cookies (H) - 5g,Girl Scout Cookies Pre-roll 5g,no_vendor_column;no_cannabinoid_columns;renamed
,Seattle Bubble Works- Flower Joint -Tropicana Cherries (S) - 5g,Trop Cookies Pre-roll 5g,collapsed_duplicate;merged_into_master
,Seattle Bubble Works- Hash Cannon -  Blue Dream (S) - 2g,Blue Dream Infused Pre-roll 2g,no_vendor_column;no_cannabinoid_columns;renamed
,Seattle Bubble Works- Hash Cannon - Funky Fresh (I) - 2g,Funky Fresh Infused Pre-roll 2g,no_vendor_column;no_cannabinoid_columns;renamed
,Seattle Bubble Works- Hash Infused Joint- Trainwreck (S) - 0.75g,Trainwreck Infused Pre-roll 0.75g,no_vendor_column;no_cannabinoid_columns;renamed
,Seattle Bubble Works- Blunt Bomb -Thotz (H) - 4g,Thotz Infused Blunt 4g,no_vendor_column;no_cannabinoid_columns;renamed
,Seattle Bubble Works- Blunt Bomb - GMO (I) - 4g,Gmo Infused Blunt 4g,collapsed_duplicate;merged_into_master
,Seattle Bubble Works- Hash-Infused Joint - Super Lemon Haze (S) - .75g,Super Lemon Haze Infused Pre-roll 0.75g,no_vendor_column;no_cannabinoid_columns;renamed
,Seattle Bubble Works- Hash Pre-Rolls - Super Lemon Haze (S) - 3.75g,Super Lemon Haze Infused Pre-roll 3.75g,no_vendor_column;no_cannabinoid_columns;renamed
,Seattle Bubble Works- Hash Pre-Rolls - Mystery Machine (S) - 3.75g,Mystery Infused Pre-roll 3.75g,no_vendor_column;no_cannabinoid_columns;renamed
,HiKu - Rosin Solventless Tincture - Spiced Apple - 1oz,Spiced Apple Liquid Infused Edible 1floz,no_vendor_column;no_cannabinoid_columns;renamed
,Reaper Diamonds (THCA) - Bruce Banner - 1g,Greenrush Bruce Banner THCA 1g,collapsed_duplicate;merged_into_master
,Green Reaper - Reaper Diamonds (THCA) - Super Silver Haze - 1g,Greenrush Super Silver Haze THCA 1g,collapsed_duplicate;merged_into_master
,Green Reaper - Reaper Diamonds (THCA) - Purple Cat Piss - 1g,Greenrush Purple Panties THCA 1g,collapsed_duplicate;merged_into_master
,Green Reaper - Live Resin Disposable - Runtz - 1g,Greenrush Runtz Disposable Cartridge 1g,no_vendor_column;no_cannabinoid_columns;renamed
,Green Reaper - Live Resin Cart - Runtz - 1g,Greenrush Runtz Cartridge 1g,no_vendor_column;no_cannabinoid_columns;renamed
,Green Reaper - Live Resin Cart - Bacio Gelato - 1g,Greenrush Bacio Gelato Cartridge 1g,collapsed_duplicate;merged_into_master
,Green Reaper - Diamond Sauce - Tangie - 1g,Greenrush Tangie Live Resin 1g,no_vendor_column;no_cannabinoid_columns;renamed
,Green Reaper - Diamond Sauce - Runtz - 1g,Greenrush Runtz Live Resin 1g,no_vendor_column;no_cannabinoid_columns;renamed
,Green Reaper - Diamond Sauce - Purple Cat Piss - 1g,Purple Cat Piss Live Resin 1g,collapsed_duplicate;merged_into_master
,Diamond Sauce - Northern Lights - 1g,Greenrush Notorious THC Live Resin 1g,no_vendor_column;no_cannabinoid_columns;renamed
,0.5g Live Resin Inf. 2 Pack Joints - Jack Herer - 1g,Greenrush Jack Herer Infused Pre-roll 1g,no_vendor_column;no_cannabinoid_columns;renamed
,0.5g Live Resin Inf. 2 Pack Joints - Dutch Gouda Butter - 1g,Greenrush Dutch Gouda Berry Infused Pre-roll 1g,no_vendor_column;no_cannabinoid_columns;renamed
,0.5g Live Resin Inf. 2 Pack Joints - Arjan Haze - 1g,Greenrush Arjan Haze Infused Pre-roll 1g,no_vendor_column;no_cannabinoid_columns;renamed
,0.5g Live Resin Inf. 2 Pack Joints - Candy Gas - 1g,Greenrush Candi Gas Infused Pre-roll 1g,no_vendor_column;no_cannabinoid_columns;renamed
,0.5g Live Resin Inf. 2 Pack Joints - Family Jewels - 1g,Greenrush Milf Infused Pre-roll 1g,no_vendor_column;no_cannabinoid_columns;renamed
,hashbreak - Pre Rolls (Infused) - Peppermint Patty - 3.5g,Torus Peppermint Patty Infused Pre-roll 3.5g,no_vendor_column;no_cannabinoid_columns;renamed
,Torus - Pre Roll - Gas Face - 1g,Torus Gas Face Pre-roll 1g,no_vendor_column;no_cannabinoid_columns;renamed
,1g GoodGood Cartridge - Marshmallow Puff (I),Goodgood Marshmallow Puff Cartridge 1g,no_vendor_column;no_cannabinoid_columns;renamed
,1g GoodGood Cartridge - Strawberry Banana (I),Translucency Strawberry Banana Cartridge 1g,no_vendor_column;no_cannabinoid_columns;renamed
,(2x0.5g) Diamond Dinger - Raskal Mac (H),Translucency Raskal Mac Infused Pre-roll 1g,no_vendor_column;no_cannabinoid_columns;renamed
,Silver Tier - Brew Ha Ha - 1g,Fire Bros Brew Ha Ha Live Resin 1g,collapsed_duplicate;merged_into_master
,CBDabs - Umami Bomb - 1g,Fire Bros Umami Bomb Live Resin 1g,no_vendor_column;no_cannabinoid_columns;renamed
,CBDabs - Yuzu Sour - 1g,Fire Bros Yuzu Sour Live Resin 1g,no_vendor_column;no_cannabinoid_columns;renamed
,CBDabs - Sour Bomb - 1g,Fire Bros Sour Bomb Live Resin 1g,no_vendor_column;no_cannabinoid_columns;renamed
,Top Shelf Double Dub™ Flower - Pineapple Treat - 4g,Top Shelf Pineapple Treat Flower 4g,no_vendor_column;no_cannabinoid_columns;renamed
,Top Shelf Joints - Planet Sherb .5g x 8 Pack,Top Shelf Planet Sherb Pre-roll 4g,collapsed_duplicate;merged_into_master
,Top Shelf Joints - Trop Sourz - .5g x 8 Pack,Top Shelf Trop Sourz Pre-roll 4g,no_vendor_column;no_cannabinoid_columns;renamed
,Top Shelf Joints - Kimbo Kush 1g x 28 Pack,Top Shelf Kimbo Kush Pre-roll 28g,collapsed_duplicate;merged_into_master
,Super Fog - Fire - Tank - 1g (1pk) - Rainier Cherries - SAT - Haze,Mfused Rainier Cherry Cartridge 1g,collapsed_duplicate;merged_into_master
,Ooowee - 5/1G Pre-Roll - Ooowee Marker - 5g,Ooowee Ooowee Marker Pre-roll 5g,no_vendor_column;no_cannabinoid_columns;renamed
,Ooowee - JUICED 1G Hydrocarbon Concentrate - Blueberry Dream - Sour Gum - 1g,Ooowee Blueberry Dream Bho 1g,no_vendor_column;no_cannabinoid_columns;renamed
,Ooowee - JUICED 1G Hydrocarbon Concentrate - Orange Sunrise - Mr. Bad - 1g,Ooowee Orange Sunrise Bho 1g,no_vendor_column;no_cannabinoid_columns;renamed
,Disposable Pen New - Blue Raspberry 1g,Two Heads Blue Raspberry Disposable Cartridge 1g,no_vendor_column;no_cannabinoid_columns;renamed
,JT JAR6 28 x .5g SUNSHINE - Orange Creamsicle,Walden Orange Creamsicle Pre-roll 14g,no_vendor_column;no_cannabinoid_columns;renamed
,JT JAR6 28 x .5g SUNSHINE - Northern Lights #5,Walden North Light 5 Pre-roll 14g,no_vendor_column;no_cannabinoid_columns;renamed
,Pre-Rolls - Jacuzzi - 2x.5g,Svin Jacuzzi Pre-roll 1g,collapsed_duplicate;merged_into_master
,Pre-Rolls - Krumblez - 2x.5g,Svin Krumblez Pre-roll 1g,no_vendor_column;no_cannabinoid_columns;renamed
,Pre-Rolls - Cat Nip - 2x.5g,Svin Cat Nip Pre-roll 1g,no_vendor_column;no_cannabinoid_columns;renamed
,Packaged Flower - Puro Loco - 3.5g,Svin Puro Loco Flower 3.5g,no_vendor_column;no_cannabinoid_columns;renamed
,Luxor Cured [1g] [All-In-One],Lifted Cannabis Luxor Disposable Cartridge 1g,collapsed_duplicate;merged_into_master
,Honeydew HighChew Slush [1g] [510],Lifted Cannabis Honeydew Cartridge 1g,no_vendor_column;no_cannabinoid_columns;renamed
,Scented Cherries Sugar Crystals [1g],Lifted Cannabis Scented Cherries Live Resin 1g,no_vendor_column;no_cannabinoid_columns;renamed
,Stardawg Inferno Sugar Crystals [1g],Lifted Cannabis Stardawg Inferno Live Resin 1g,no_vendor_column;no_cannabinoid_columns;renamed
,Hot Sugar! CBD 1:1 Peach Mango Drops,Phat Panda Peach Mango Edible 2.2oz,no_vendor_column;no_cannabinoid_columns;renamed
,Red Label Infused 2pk 0.5g (S) Pure Buttafingas,Fireline Pure Buttafingaz Infused Pre-roll 1g,no_vendor_column;no_cannabinoid_columns;renamed
,Red Label 10 Pk 0.5g - (S) - Skatalite,Fireline Skatalite Infused Pre-roll 5g,no_vendor_column;no_cannabinoid_columns;renamed
,Red Label 2pk 0.5g (S) - Animal Face,Fireline Animal Face Infused Pre-roll 1g,collapsed_duplicate;merged_into_master
,Red Label 2pk 0.5g (S) - Electric Lemonade,Fireline Electric Lemonade Infused Pre-roll 1g,no_vendor_column;no_cannabinoid_columns;renamed
,Red Label 2pk 0.5g (S) - Green Crack,Fireline Green Crack Infused Pre-roll 1g,no_vendor_column;no_cannabinoid_columns;renamed
,Red Label 2pk 0.5g (S) - Skatalite,Fireline Skatalite Infused Pre-roll 1g,no_vendor_column;no_cannabinoid_columns;renamed
,Northwest CCELL® FULL SPEC Ceramic Cart - 1g - Super Boof [ H ],Northwest Concentrates Super Boof Cartridge 1g,no_vendor_column;no_cannabinoid_columns;renamed
,Refine CCELL® FULL SPEC Ceramic Cart - 1g - Strawberry Pancakes [ I ],Refine Strawberry Pancakes Cartridge 1g,no_vendor_column;no_cannabinoid_columns;renamed
,Buddies Flavored AIO - Pineapple Express - 1g,Buddies Pineapple Express Disposable Cartridge 1g,no_vendor_column;no_cannabinoid_columns;renamed
,Mindmelt Fortified Preroll 2-Pack - The Juice - 2g,Buddies The Juice Infused Pre-roll 2g,no_vendor_column;no_cannabinoid_columns;renamed
,Mindmelt Fortified Preroll 2-Pack - ZZZ's Nuts - 2g,Buddies Zzz's Nuts Infused Pre-roll 2g,collapsed_duplicate;merged_into_master
,The Capsule Collection - Peach Mac - 1g,Micro Bar Peach Mac Disposable Cartridge 1g,no_vendor_column;no_cannabinoid_columns;renamed
,Micro Bar - 1g Disposable - Micro Bar - White Razz - 1g,Micro Bar White Razz Disposable Cartridge 1g,no_vendor_column;no_cannabinoid_columns;renamed
,Micro Bar - 1g Disposable - Micro Bar - Cherry Limeade Slush - 1g,Micro Bar Cherry Limeade Slush Disposable Cartridge 1g,collapsed_duplicate;merged_into_master
,Gummy Bombs - GB LUAU PUNCH 100mg - Luau Punch - 100mg,Clarity Farms Luau Punch Edible 28g,no_vendor_column;no_cannabinoid_columns;renamed
,Gummy Bombs - GB PINK RAZZ 100mg,Clarity Farms Pink Razz Edible 28g,no_vendor_column;no_cannabinoid_columns;renamed
,Kelso Kandy - KK CART 1g - Blood Orange - 1g,Clarity Farms Blood Orange Cartridge 1g,collapsed_duplicate;merged_into_master
,Kelso Kandy - KK CART 1g - Grape Slushie - 1g,Clarity Farms Grape Slushie Cartridge 1g,no_vendor_column;no_cannabinoid_columns;master_of_2_duplicates;renamed
,Tasty Terps - TC CART 1g - Laffy Taffy - 1g,Clarity Farms Laffy Taffy Cartridge 1g,no_vendor_column;no_cannabinoid_columns;renamed
,Terpnado - TN BAR 1g - Blueberry Express - 1g,Clarity Farms Blueberry Express Disposable Cartridge 1g,collapsed_duplicate;merged_into_master
,Tasty Terps - TT BHO 1g - Laffy Taffy - 1g,Clarity Farms Laffy Taffy Bho 1g,no_vendor_column;no_cannabinoid_columns;renamed
,Eagle - EA PR 5g (10pk) (I) - INDICA - Grape Runtz - 5g,Clarity Farms Grape Runtz Pre-roll 5g,no_vendor_column;no_cannabinoid_columns;renamed
,3.5g - DOH / Ripped Off Runtz (H),Tilted Ripped Off Runtz Flower 3.5g,collapsed_duplicate;merged_into_master
,3.5g - DOH / Gorilla Glue (IH),Tilted Gg4 Flower 3.5g,no_vendor_column;no_cannabinoid_columns;renamed
,3.5g - DOH / Spritzer (H),Tilted Spritzer Flower 3.5g,collapsed_duplicate;merged_into_master
,7g - DOH Compliant / Don Mega (Indica),Tilted Don Mega Flower 7g,no_vendor_column;no_cannabinoid_columns;renamed
,DOH-Full Flower Glass Tip Preroll (1.2g) / Ripped Off Runtz (H),Tilted Ripped Off Runtz Pre-roll 1.2g,no_vendor_column;no_cannabinoid_columns;master_of_2_duplicates;renamed
,DOH-Full Flower Glass Tip Preroll (1.2g) / Gorilla Glue (IH),Tilted Gg 4 Pre-roll 1.2g,collapsed_duplicate;merged_into_master
,Thunder Stix - Tilted-DOH-Glass Tip Preroll (1.2g) / Sour Lemon Drop,Tilted Sour Lemon Drop Infused Pre-roll 1.2g,no_vendor_column;no_cannabinoid_columns;renamed
,Thunder Stix - Tilted-DOH-Glass Tip Preroll (1.2g) / Ripped Off Runtz (H),Tilted Ripped Off Runtz Infused Pre-roll 1.2g,no_vendor_column;no_cannabinoid_columns;master_of_2_duplicates;renamed
,Thunder Stix - Tilted-DOH-Glass Tip Preroll (1.2g) / GMO Mind Flayer (Indica),Tilted Oasis Pre-roll 1.2g,collapsed_duplicate;merged_into_master
,Thunder Stix-Tilted-DOH-Glass Tip PreRoll 3-Pack (3.6g) / Hash Burger (IH),Tilted Hash Burger Infused Pre-roll 3.6g,no_vendor_column;no_cannabinoid_columns;renamed
,Thunder Stix-Tilted-DOH-Glass Tip PreRoll 3-Pack (3.6g) / Gorilla Glue (IH),Tilted Gg 4 Infused Pre-roll 3.6g,collapsed_duplicate;merged_into_master
,Live Resin *No Distillate- Ceramic Core Disposable Cart (1g) / Gorilla Glue (IH),Tilted Gg 4 Disposable Cartridge 1g,no_vendor_column;no_cannabinoid_columns;renamed
,Gushy Enhanced Dab - 1g / Grape Soda (H),Tilted Grape Soda Badder 1g,collapsed_duplicate;merged_into_master
,Gushy Enhanced Dab - 1g / Baja Blast (I-Dom),Tilted Baja Blast Badder 1g,no_vendor_column;no_cannabinoid_columns;renamed
,Gushy Enhanced Dab - 1g / Fruit Cereal (I),Tilted Fruit Cereal Badder 1g,collapsed_duplicate;merged_into_master
,GUSHY- Vape Cart (1g) / OG Chem (s),Tilted Og Chem Cartridge 1g,no_vendor_column;no_cannabinoid_columns;renamed
,Premium Flower - Godfather OG - 7g,Budz Bud Godfather Og Flower 7g,no_vendor_column;no_cannabinoid_columns;renamed
,Premium Flower - Banana Punch - 7g,Budz Bud Banana Punch Flower 7g,no_vendor_column;no_cannabinoid_columns;renamed
,Premium Flower - Gorilla Glue #4 - 1g,Budz Bud Gorilla Glue Flower 1g,collapsed_duplicate;merged_into_master
,Mary Jones - 12oz - MF Grape Soda - 100mg,Mary Jones Grape Soda Beverage 12floz,no_vendor_column;no_cannabinoid_columns;renamed
,Prana Pulse AIO Disposable - Tropic Truffle Live Resin,Bodhi High Tropic Truffle Disposable Cartridge 1g,no_vendor_column;no_cannabinoid_columns;renamed
,Original Prana Pulse AIO Disposable - Birthday Cake Live Resin,Bodhi High Birthday Cake Disposable Cartridge 1g,no_vendor_column;no_cannabinoid_columns;renamed
,Pure Vape - Carbon Fiber,Bodhi High Carbon Fiber Cartridge 1g,no_vendor_column;no_cannabinoid_columns;renamed
,Pastime Cartridge - Grape Taffy - 1g,Pastime Grape Taffy Cartridge 1g,no_vendor_column;no_cannabinoid_columns;renamed
,Pastime Cartridge - Highlighterz - 1g,Pastime Highlighterz Cartridge 1g,collapsed_duplicate;merged_into_master
,Pastime Cartridge - Lemon Lime Haze - 1g,Pastime Lemon Lime Haze Cartridge 1g,no_vendor_column;no_cannabinoid_columns;renamed
,Pastime Cartridge - Super Runtz - 1g,Pastime Super Runtz Cartridge 1g,no_vendor_column;no_cannabinoid_columns;renamed
,Pastime Cartridge - Jelly Beanz - 1g,Pastime Jelly Bean Cartridge 1g,collapsed_duplicate;merged_into_master
,Pre-Rolls - 2727 - DOH - Rainbow Belt - 5g,2727 Rainbow Belts Pre-roll 1.5g,no_vendor_column;no_cannabinoid_columns;renamed
,LIVE extract - vape cart - HASSEL HOTH - 1g,Downtown Cannabis Hassel Hoth Cartridge 1g,no_vendor_column;no_cannabinoid_columns;renamed
,Goodies FLOWER - CHERRY CHEESE CAKE - 3.5g,Goodies Cannabis Cherry Cheesecake Flower 3.5g,no_vendor_column;no_cannabinoid_columns;renamed
,hashbreak - Pre Rolls (Infused) - Berry Streusel - 1g,Torus Berry Streusel Pre-roll 1g,no_vendor_column;no_cannabinoid_columns;renamed
,hashbreak - Pre Rolls (Infused) - Suga Berry - 3.5g,Torus Suga Berry Pre-roll 3.5g,no_vendor_column;no_cannabinoid_columns;renamed
,hashbreak - Pre Rolls (Infused) - Suga Berry - 1g,Torus Suga Berry Infused Pre-roll 1g,collapsed_duplicate;merged_into_master
,Torus - Flower - White Lobster - 3.5g,Torus White Lobster Flower 3.5g,no_vendor_column;no_cannabinoid_columns;renamed
,Live Rosin - Orange Boof - 1g,Heavenly Buds Orange Boof Rosin 1g,no_vendor_column;no_cannabinoid_columns;renamed
,Live Rosin - Strawberry Banana Zkittles - 1g,Heavenly Buds Strawberry Banana Zkittles Rosin 1g,collapsed_duplicate;merged_into_master
,Live Rosin - Tally Mon - 1g,Heavenly Buds Tally Mon Rosin 1g,no_vendor_column;no_cannabinoid_columns;renamed
,SMC - Infused Joint 1g - Sativa - Orange Cookies - 1g,Shatter J's Orange Cookies Infused Pre-roll 1g,no_vendor_column;no_cannabinoid_columns;renamed
,SMC - Infused Joint Pack - Sativa - Orange Cookies - 5g,Shatter J's Orange Cookies Infused Pre-roll 5g,no_vendor_column;no_cannabinoid_columns;renamed
,Kelly's Sweet Hash Edibles - Kellys - 10pk Cookie Dough - 100mg THC - Snickerdoodle,Captain Yeti Snickerdoodle Edible 140g,no_vendor_column;no_cannabinoid_columns;renamed
,Kelly's Sweet Hash Edibles - Kellys - 10pk Cookie Dough - 100mg THC - Peanut Butter,Captain Yeti Peanut Butter Edible 140g,no_vendor_column;no_cannabinoid_columns;renamed
,Kelly's Sweet Hash Edibles - Kellys - 10pk Cookie Dough - 100mg THC - Triple Malted Chocolate,Captain Yeti Triple Malted Chocolate Edible 140g,collapsed_duplicate;merged_into_master
,Kelly's Sweet Hash Edibles - Kellys - 10pk Cookie Dough - 100mg THC,Captain Yeti Cookie Dough Edible 140g,no_vendor_column;no_cannabinoid_columns;renamed
,Raging Goat - 20 Half Gram Flower Joints - Northern Lights - 10g,Captain Yeti Northern Lights Pre-roll 10g,no_vendor_column;no_cannabinoid_columns;renamed
,Raging Goat - RG - Hash Rosin - Solventless Badder - Bubba Kush - 1g,Captain Yeti Bubba Kush Hash Rosin 1g,no_vendor_column;no_cannabinoid_columns;renamed
,Raging Goat - RG - Hash Rosin - Solventless Badder - Maui Wowie - 1g,Captain Yeti Maui Wowie Hash Rosin 1g,collapsed_duplicate;merged_into_master
,Raging Goat - RG Flower 28g - Northern Lights - 28g,Captain Yeti Northern Lights Flower 28g,no_vendor_column;no_cannabinoid_columns;renamed
,Raging Goat - RG Flower 3.5g - Northern Lights - 3.5g,Captain Yeti Northern Lights Flower 3.5g,collapsed_duplicate;merged_into_master
,Raging Goat - RG Flower 3.5g - Strawberry Cough - 3.5g,Captain Yeti Strawberry Cough Flower 3.5g,no_vendor_column;no_cannabinoid_columns;renamed
,Get Bent Flower / Blue Dream - 3.5g,Get Bent Blue Dream Flower 3.5g,no_vendor_column;no_cannabinoid_columns;renamed
,Get Bent Flower / Black Mamba - 3.5g,Get Bent Black Mamba Flower 3.5g,collapsed_duplicate;merged_into_master
,Get Bent Flower / Black Mamba - 7g,Get Bent Black Mamba Flower 7g,no_vendor_column;no_cannabinoid_columns;renamed
,Get Bent Flower / Rick James -3.5g,Get Bent Rick James Flower 3.5g,no_vendor_column;no_cannabinoid_columns;renamed
,Const Cold Cure 1g - GMO,Constellation Gmo Rosin 1g,no_vendor_column;no_cannabinoid_columns;renamed
,Const Cold Cure 1g - Tea Time,Constellation Tea Time Rosin 1g,collapsed_duplicate;merged_into_master
,Wook Gone Wild Tea Mango Lemonade - 400mg,Constellation Mango Lemonade Beverage 355ml,no_vendor_column;no_cannabinoid_columns;renamed
,Const Flower Jar 3.5g - Permanent Marker,Constellation Permanent Marker Flower 3.5g,no_vendor_column;no_cannabinoid_columns;renamed
,Legacy Truffles - DOH Compliant - Double Truffle - Larry Bird Kush - 1g,Legacy Organics Larry Bird Kush Moon Rocks 1g,no_vendor_column;no_cannabinoid_columns;renamed
,Legacy Truffles - DOH Compliant - Double Truffle - Larry Bird Kush - 3.5g,Legacy Organics Larry Bird Kush Moon Rocks 3.5g,collapsed_duplicate;merged_into_master
,Legacy Reserve - DOH COMPLIANT - Flower - Glass Jar - Isodope - 3.5g,Legacy Organics Isodope Flower 3.5g,no_vendor_column;no_cannabinoid_columns;renamed
,Legacy Reserve - DOH COMPLIANT - Flower - Glass Jar - Funfetti - 3.5g,Legacy Organics Funfetti Flower 3.5g,collapsed_duplicate;merged_into_master
,Legacy Reserve - DOH COMPLIANT - Flower - Glass Jar - Mikado - 3.5g,Legacy Organics Mikado Flower 3.5g,no_vendor_column;no_cannabinoid_columns;renamed
,Legacy Reserve - DOH COMPLIANT - Flower - Glass Jar - SMALL BATCH - Bubblegum - 3.5g,Legacy Organics Bubblegum Flower 3.5g,no_vendor_column;no_cannabinoid_columns;renamed
,Legacy Truffles - DOH Compliant - Triple Truffle - Mochi Cake - 3.5g,Legacy Organics Mochi Cake Moon Rocks 3.5g,no_vendor_column;no_cannabinoid_columns;renamed
,Legacy Truffles - Golden Truffle - Candy Crush - 1g,Legacy Organics Candy Crush Moon Rocks 1g,no_vendor_column;no_cannabinoid_columns;renamed
,Legacy Truffles - Golden Truffle - Candy Crush - 3.5g,Legacy Organics Candy Crush Moon Rocks 3.5g,collapsed_duplicate;merged_into_master
,Legacy Truffles - DOH Compliant - Triple Truffle Blunts - .5g Pack - Grape Velvet - 1g,Legacy Organics Grape Velvet Infused Pre-roll 1g,no_vendor_column;no_cannabinoid_columns;renamed
,Legacy Truffles - DOH Compliant - Double Truffle Jays - .5g Pack - Isodope - 1g,Legacy Organics Isodope Infused Pre-roll 1g,collapsed_duplicate;merged_into_master
,Legacy Truffles - DOH Compliant - Double Truffle Jays - .5g Pack - Larry Bird Kush - 1g,Legacy Organics Larry Bird Kush Infused Pre-roll 1g,collapsed_duplicate;merged_into_master
,BLAZE Can - 12oz Rosin - Blue Raspberry 100mg THC,Blaze Blue Raspberry Beverage 12floz,no_vendor_column;no_cannabinoid_columns;renamed
,BLAZE Can - 12oz Rosin - Orange Cream 100mg THC,Blaze Orange Cream Beverage 12floz,collapsed_duplicate;merged_into_master
,BLAZE Can - 12oz Rosin - Strawberry Lemonade 100mg THC,Evergreen Herbal Strawberry Lemonade Beverage 12ml,no_vendor_column;no_cannabinoid_columns;renamed
,High End Farms Flower Jelly Bean 1g,High End Farms Jelly Bean Flower 1g,collapsed_duplicate;merged_into_master
,Fruit Burst - Pom Berry Punch Sativa 100mg,Swell Pom Berry Punch Chewees 1.16oz,no_vendor_column;no_cannabinoid_columns;renamed
,Fruit Burst Vibes - Strawberry Tsunami 50:1 CBD:THC 510mg,Swell Strawberry Tsunami Chewees 1.16g,no_vendor_column;no_cannabinoid_columns;renamed
,Fruit Burst Vibes - Paradise Punch 1:1 THC:CBD 200mg,Swell Paradise Punch Chewees 1.16oz,collapsed_duplicate;merged_into_master
,Fruit Burst Vibes - Tubular Tangerine 1:1:1 THC:CBD:CBG 300mg,Swell Tubular Tangerine Chewees 1.16oz,no_vendor_column;no_cannabinoid_columns;renamed
,Fruit Burst Vibes - Orange Cream Crush 1:1:1 THC:CBD:CBN 300mg,Swell Orange Cream Crush Chewees 1.16oz,no_vendor_column;no_cannabinoid_columns;renamed
,Northwest Concentrates - SELECT DABS - Trufflez - 1g [ I ],Northwest Concentrates Trufflez Bho 1g,no_vendor_column;no_cannabinoid_columns;renamed
,Northwest Concentrates - CLASSIC DABS - GG4 - 1g [ I ],Northwest Concentrates Gg 4 Bho 1g,collapsed_duplicate;merged_into_master
,Northwest Concentrates - CLASSIC DABS - White Widow - 1g [ S ],Northwest Concentrates White Widow Bho 1g,no_vendor_column;no_cannabinoid_columns;renamed
,Northwest CCELL® FULL SPEC Ceramic Cart - 1g - Jet Fuel Gelato [ H ],Northwest Concentrates Jet Fuel Gelato Cartridge 1g,no_vendor_column;no_cannabinoid_columns;renamed
,Fire Bros Disposable Squeezy,Fire Bros Squeezy Disposable Cartridge 1g,collapsed_duplicate;merged_into_master
,Fire Bros Pre-Roll 2-Pack - Rah Tah Tah - 1g,Fire Bros Rah Tah Tah Pre-roll 1g,no_vendor_column;no_cannabinoid_columns;renamed
,Freddy's Fuego Live Resin Disposable - Carrot Cake,Freddy's Fuego Carrot Cake Disposable Cartridge 1g,collapsed_duplicate;merged_into_master
,Freddy's Fuego Live Resin Disposable - Big Baby,Freddy's Fuego Big Baby Disposable Cartridge 1g,collapsed_duplicate;merged_into_master
,Fredy's Fuego Live Resin Disposable - Lyon King - 1g,Freddy's Fuego Lyon King Disposable Cartridge 1g,collapsed_duplicate;merged_into_master
,Second Nature Flower 3.5g / Sub Zero,Second Nature Sub Zero Flower 3.5g,no_vendor_column;no_cannabinoid_columns;master_of_2_duplicates;renamed
,Tilted Flower GMO Mind Flayer (Indica) - 3.5g,Tilted Gmo Mindflayer Flower 3.5g,collapsed_duplicate;merged_into_master
,Thunder Stix - Tilted-DOH-Glass Tip Preroll (1.2g) / Spritzer (H),Tilted Spritzer Infused Pre-roll 1.2g,collapsed_duplicate;merged_into_master
,Canna Whupass - CW Vape Cartridge - Berry Kush - Mixed - 1g,Canna Organix Berry Kush Cartridge 1g,no_vendor_column;no_cannabinoid_columns;renamed
,Canna Whupass - CW Vape Cartridge - Blackberry Kush - Mixed - 1g,Canna Organix Blackberry Kush Cartridge 1g,no_vendor_column;no_cannabinoid_columns;renamed
,Canna Whupass - CW Vape Cartridge - Blueberry Flame - Mixed - 1g,Canna Organix Blu Voodoo Cartridge 1g,collapsed_duplicate;merged_into_master
,Canna Whupass - CW Vape Cartridge - Creamsicle - Mixed - 1g,Canna Organix Creamsicle Cartridge 1g,no_vendor_column;no_cannabinoid_columns;renamed
,Canna Whupass - CW Vape Cartridge - Double Bubble - Mixed - 1g,Canna Organix Double Bubble Cartridge 1g,no_vendor_column;no_cannabinoid_columns;renamed
,Canna Whupass - CW Vape Cartridge - Golden Apricot - Mixed - 1g,Canna Organix Golden Apricot Cartridge 1g,collapsed_duplicate;merged_into_master
,Canna Whupass - CW Vape Cartridge - Grapeness - Mixed - 1g,Canna Organix Grapeness Cartridge 1g,no_vendor_column;no_cannabinoid_columns;renamed
,Canna Whupass - CW Vape Cartridge - Mint Chip - Mixed - 1g,Canna Organix Mint Chip Cartridge 1g,no_vendor_column;no_cannabinoid_columns;renamed
,Canna Whupass - CW Vape Cartridge - OMGuava - Mixed - 1g,Canna Organix Omguava Cartridge 1g,collapsed_duplicate;merged_into_master
,Canna Whupass - CW Vape Cartridge - Pear Herer - Mixed - 1g,Canna Organix Pear Herer Cartridge 1g,no_vendor_column;no_cannabinoid_columns;renamed
,Canna Whupass - CW Vape Cartridge - Pineapple Crush - Mixed - 1g,Canna Organix Pineapple Crush Cartridge 1g,no_vendor_column;no_cannabinoid_columns;renamed
,Canna Whupass - CW Vape Cartridge - Washington Apple - Mixed - 1g,Canna Organix Wa Apple Cartridge 1g,collapsed_duplicate;merged_into_master
,Canna Whupass - CW Vape Cartridge - Vanilla Wafer - Mixed - 1g,Canna Organix Vanilla Wafer Cartridge 1g,no_vendor_column;no_cannabinoid_columns;renamed
,Const Flower Jar 3.5g - Gelato Cookies,Constellation Gelato Cookies Flower 3.5g,no_vendor_column;no_cannabinoid_columns;renamed
,Const HRG CBG 1:1:1 Watermelon 10 Pack 300mg,Constellation Watermelon Gummies 32g,no_vendor_column;no_cannabinoid_columns;renamed
,Const HRG CBN 1:1:1 Blueberry 10 Pack 300mg,Constellation Blueberry Gummies 32g,no_vendor_column;no_cannabinoid_columns;renamed
,Moonshot Blue Raspberry - 100mg CBN/100mg THC,Constellation Blue Raspberry Shots 2ml,no_vendor_column;no_cannabinoid_columns;master_of_2_duplicates;renamed
,Const Moonshot Strawberry Kiwi 200mg CBG 1:1,Constellation Strawberry Kiwi Shots 2ml,collapsed_duplicate;merged_into_master
,Const Moonshot Grape 100mg,Constellation Grape Shots 2ml,no_vendor_column;no_cannabinoid_columns;renamed
,Const Moonshot Green Apple 100mg,Constellation Green Apple Shots 2ml,collapsed_duplicate;merged_into_master
,Const Moonshot Blue Raspberry 100mg,Constellation Blue Raspberry Shots 2ml,collapsed_duplicate;merged_into_master
,Const Rosin AIO Hype 2.0 Device Rambutan 1g,Constellation Rambutan Disposable Cartridge 1g,collapsed_duplicate;merged_into_master
,Const INF 2pk 1g - Coffee Creamer,Constellation Coffee Creamer Pre-roll 1g,collapsed_duplicate;merged_into_master
,Const INF 2pk 1g - Super Boof,Constellation Super Boof Pre-roll 1g,no_vendor_column;no_cannabinoid_columns;renamed
,Const INF 2pk 1g - Gary Payton,Constellation Gary Payton Pre-roll 1g,no_vendor_column;no_cannabinoid_columns;renamed
,Const INF 2pk 1g - Georgia Pie,Constellation Georgia Pie Pre-roll 1g,collapsed_duplicate;merged_into_master
,Const INF 14pk 7g - Coffee Creamer,Constellation Coffee Creamer Infused Pre-roll 7g,no_vendor_column;no_cannabinoid_columns;renamed
,Gas Face Cured [1g] [All-In-One],Lifted Gas Face Disposable Cartridge 1g,no_vendor_column;no_cannabinoid_columns;renamed
,Top Shelf Joints - Berry Blender - .5g x 8 Pack,Top Shelf Berry Blender Pre-roll 4g,no_vendor_column;no_cannabinoid_columns;renamed
,Flower - Planet Sherb - 4g Double Dub,Top Shelf Planet Sherb Flower 4g,no_vendor_column;no_cannabinoid_columns;renamed
,SKORD - Ceramic Cartridge - 01g - Cake Donut,Skord Cake Donut Cartridge 1g,collapsed_duplicate;merged_into_master
,Tester Ceramic Cartridge - 01g - Sugar Cane,Skord Sugar Cane Cartridge 1g,no_vendor_column;no_cannabinoid_columns;renamed
,Svin Gardens Liquid Diamonds 510 Cart - Golden Lemons - 1g,Svin Golden Lemons Cartridge 1g,no_vendor_column;no_cannabinoid_columns;renamed
,Svin Gardens Liquid Diamonds 510 Cart - Puro Loco - 1g,Svin Puro Loco Cartridge 1g,no_vendor_column;no_cannabinoid_columns;renamed
,Svin Garden Liquid Diamonds 510 Cart - Jacuzzi - 1g,Svin Jacuzzi Cartridge 1g,collapsed_duplicate;merged_into_master
,Svin Gardens Liquid Diamonds 510 Cart - Magic Pop Rocks - 1g,Svin Magic Pop Rocks 3 Cartridge 1g,no_vendor_column;no_cannabinoid_columns;renamed
,Svin Garden Pre-Rolls - Amaretto Sour - 2x.5g,Svin Amaretto Sour Pre-roll 1g,no_vendor_column;no_cannabinoid_columns;renamed
,Svin Gardens Packaged Flower - Animal Mints - 3.5g,Svin Animal Mints Flower 3.5g,no_vendor_column;no_cannabinoid_columns;renamed
,Svin Gardens Flower - Birthday Cake - 3.5g,Svin Birthday Cake Flower 3.5g,no_vendor_column;no_cannabinoid_columns;renamed
,Flower - Cosmic Gelato - 3.5g,Svin Cosmic Gelato Flower 3.5g,collapsed_duplicate;merged_into_master
,Svin Garden Flower - Birthday Cake - 14g,Svin Birthday Cake Flower 14g,no_vendor_column;no_cannabinoid_columns;renamed
,Svin Garden Flower - Amaretto Sour - 3.5g,Svin Amaretto Sour Flower 3.5g,no_vendor_column;no_cannabinoid_columns;master_of_2_duplicates;renamed
,Svin Garden Flower - Diamond Runtz - 3.5g,Svin Diamond Runtz Flower 3.5g,collapsed_duplicate;merged_into_master
,Svin Garden Flower - London Lobster - 3.5g,Svin London Lobster Flower 3.5g,no_vendor_column;no_cannabinoid_columns;renamed
,Full Spec - Elite - Cartridge - 1g - (Core 4) (H) Purple Churro,Full Spec Purple Churro Cartridge 1g,no_vendor_column;no_cannabinoid_columns;renamed
,Pure - Live Resin Prana AIO - Liquid Diamonds - Carbon Fiber,Bodhi High Carbon Fiber Disposable Cartridge 1g,collapsed_duplicate;merged_into_master
,Pure - Live Resin 510 Vape - Liquid Diamonds - Tropic Truffle,Bodhi High Tropic Truffle Cartridge 1g,no_vendor_column;no_cannabinoid_columns;renamed
,Original - Live Resin 510 Vape - High Potency - Presidential Kush,Bodhi High Presidential Kush Cartridge 1g,no_vendor_column;no_cannabinoid_columns;renamed
,Honey Stixx - 2pk - Solventless Infused Preroll - Hash - Dark Rainbows X Blackberry,Honey Stixx Dark Rainbow Cartridge 1g,no_vendor_column;no_cannabinoid_columns;renamed
,Honey Stixx - 2pk - Solventless Infused Preroll - Hash - Amnesia Haze X Sour Diesel,Honey Stixx Amnesia Haze Infused Pre-roll 1g,no_vendor_column;no_cannabinoid_columns;renamed
,Honey Stixx - 1pk - Flavored Infused Preroll - Berry Blue Dream - Sativa - 0.75g,Honey Stixx Berry Blue Dream Infused Pre-roll 0.75g,collapsed_duplicate;merged_into_master
,Honey Stixx - 1pk - Flavored Infused Preroll - Twisted Peach - Hybrid - 0.75g,Honey Stixx Twisted Peach Infused Pre-roll 0.75g,no_vendor_column;no_cannabinoid_columns;renamed
,Buddies Flavored AIO - Melon Fizz - 1g,Buddies Melon Fizz Disposable Cartridge 1g,no_vendor_column;no_cannabinoid_columns;renamed
,Buddies Flavored Vape Cart - Blue Ox - 1g,Buddies Blue Ox Cartridge 1g,no_vendor_column;no_cannabinoid_columns;renamed
,Buddies Flavored Vape Cart - Strawberry Cough - 1g,Buddies Strawberry Cough Cartridge 1g,no_vendor_column;no_cannabinoid_columns;renamed
,Buddies Flavored Vape Cart - Grape Ape - 1g,Buddies Grape Ape Cartridge 1g,no_vendor_column;no_cannabinoid_columns;renamed
,Disposable CBG Platinum - White Widow CBG - 1g,Skagit Organics White Widow Disposable Cartridge 1g,no_vendor_column;no_cannabinoid_columns;renamed
,Disposable CBN Platinum - Purple Cadillac CBN - 1g,Skagit Organics Purple Cadillac Disposable Cartridge 1g,collapsed_duplicate;merged_into_master
,CBG Original - Stem Cell CBG - 1g,Skagit Organics Stem Cell RSO 1g,no_vendor_column;no_cannabinoid_columns;renamed
,two heads cartridge lemon drop 1g,Two Heads Lemon Drop Cartridge 1g,no_vendor_column;no_cannabinoid_columns;renamed
,two heads cartridge watermelon 1g,Two Heads Watermelon Cartridge 1g,collapsed_duplicate;merged_into_master
,hashbreak - Pre Rolls (Infused) - Lemon Drop - 3.5g,Torus Lemon Drop Infused Pre-roll 3.5g,no_vendor_column;no_cannabinoid_columns;renamed
,hashbreak - Pre Rolls (Infused) - Lemon Drop - 1g,Torus Lemon Drop Infused Pre-roll 1g,no_vendor_column;no_cannabinoid_columns;renamed
,hashbreak - Pre Rolls (Infused) - Cookies & Cream - 1g,Torus Cookies Cream Infused Pre-roll 1g,no_vendor_column;no_cannabinoid_columns;renamed
,Torus - Flower - Blue Zoap - 3.5g,Torus Blue Zoap Flower 3.5g,no_vendor_column;no_cannabinoid_columns;renamed
,Torus - Flower - Pink Runtz - 3.5g,Torus Pink Runtz Flower 3.5g,no_vendor_column;no_cannabinoid_columns;renamed
,Goodies FLOWER - CHERRY CHEESE CAKE - 7g,Goodies Cherry Cheesecake Flower 7g,collapsed_duplicate;merged_into_master
,mfused battery-purple,Mfused Battery Purple,collapsed_duplicate;merged_into_master
,mfused battery-pink,Mfused Battery Pink,no_vendor_column;no_cannabinoid_columns;noncannabis_cleaned_original_name;renamed
,WALDEN - SWEETHEART SIX PACK FAN 6 X .5g,Walden Mixed Pre-roll 3g,collapsed_duplicate;merged_into_master
,Fugu - T1 - Hash Rosin - Sunset Sherbet - (DOH) - 1g,Fugu Farms Sunset Shebert Hash Rosin 1g,no_vendor_column;no_cannabinoid_columns;renamed
,Fugu - T1 - Hash Rosin - Cookie Krisp - (DOH) - 1g,Fugu Farms Cookie Krisp Hash Rosin 1g,no_vendor_column;no_cannabinoid_columns;renamed
,Fugu - T1 - Hash Rosin - Xeno Punch - (DOH) - 1g,Fugu Farms Xeno Punch Hash Rosin 1g,collapsed_duplicate;merged_into_master
,Fugu - T1 - Hash Rosin - Pineapple Express - (DOH) - 1g,Fugu Farms Pineapple Express Hash Rosin 1g,no_vendor_column;no_cannabinoid_columns;renamed
,Collections - T2 - Hash Rosin - Mani - (DOH) - 1g,Blue Roots Mani Hash Rosin 1g,no_vendor_column;no_cannabinoid_columns;renamed
,Collections - T2 - Hash Rosin - Sour Mintz - (DOH) - 1g,Blue Roots Sour Mintz Hash Rosin 1g,collapsed_duplicate;merged_into_master
,Collections - T2 - Hash Rosin - Maple Drip #6 - (DOH) - 1g,Blue Roots Maple Drip Hash Rosin 1g,no_vendor_column;no_cannabinoid_columns;renamed
,Collections - T2 - Hash Rosin - Baby Diesel - (DOH) - 1g,Blue Roots Baby Diesel Hash Rosin 1g,no_vendor_column;no_cannabinoid_columns;renamed
,Collections - Full Spectrum - Hash Rosin - Icy Sundae - (DOH) - 1g,Blue Roots Icy Sundae Hash Rosin 1g,no_vendor_column;no_cannabinoid_columns;renamed
,Collections - Full Spectrum - Hash Rosin - Sunset Sherbet - (DOH) - 1g,Blue Roots Sunset Shebert Hash Rosin 1g,no_vendor_column;no_cannabinoid_columns;renamed
,FL JAR4 3.5g RESBOLD - Super Boof,Walden Super Boof Flower 3.5g,collapsed_duplicate;merged_into_master
,FL JAR4 3.5g RESWILD - Apple Slapz DOH,Walden Apple Slapz Flower 3.5g,collapsed_duplicate;merged_into_master
,DST CART 1g WALWELL - Hurkle CBD 3:1 DOH,Walden Hurkle Pre-roll 1g,no_vendor_column;no_cannabinoid_columns;renamed
,DST CART 1g WALCOZY - Northern Lights #5 DOH,Walden North Light 5 Cartridge 1g,collapsed_duplicate;merged_into_master
,RYO JAR6 14g WALBOLD - Jack 47,Walden Jack 47 Flower 14g,no_vendor_column;no_cannabinoid_columns;renamed
,RYO JAR6 14g WALCALM - Key Lime Tart,Walden Key Lime Tart Flower 14g,collapsed_duplicate;merged_into_master
,RYO JAR6 14g WALWILD - Lemon Jack,Walden Lemon Jack Flower 14g,no_vendor_column;no_cannabinoid_columns;renamed
,TRM JAR8 28g WALFREE - Honey Runtz,Walden Honey Runtz Flower 28g,no_vendor_column;no_cannabinoid_columns;renamed
,JT JAR6 28 X .5g WALBOLD - SR-71,Walden Sr-71 Pre-roll 14g,no_vendor_column;no_cannabinoid_columns;renamed
,JT JAR6 28 x .5g WALCALM - Rozay,Walden Rozay Pre-roll 14g,no_vendor_column;no_cannabinoid_columns;renamed
,JT JAR6 28 x .5g WALWILD - Lemon Jack,Walden Lemon Jack Pre-roll 14g,no_vendor_column;no_cannabinoid_columns;renamed
,JT JAR6 28 x .5g hCrest - Curacao,Walden Curacao Pre-roll 14g,no_vendor_column;no_cannabinoid_columns;renamed
,JT JAR6 28 x .5g iCrest - Oaksterdam OG,Walden Oaksterdam Og Pre-roll 14g,no_vendor_column;no_cannabinoid_columns;renamed
,JT JAR6 28 x .5g sCrest - Dutchberry,Walden Dutchberry Pre-roll 14g,no_vendor_column;no_cannabinoid_columns;renamed
,FL BAG 28g SUNSHINE - Blueberry Kush,Sunshine Blueberry Kush Flower 28g,collapsed_duplicate;merged_into_master
,FL BAG 28g SUNSHINE - Fruit by the Foot,Sunshine Fruit By The Foot Flower 28g,no_vendor_column;no_cannabinoid_columns;renamed
,FL BAG 28g sCrest - Dutchberry,Cascade Crest Dutchberry Flower 28g,collapsed_duplicate;merged_into_master
,Phat Panda Pre-roll Chronberry Crunch,Phat Panda Chronberry Crunch Pre-roll 1g,no_vendor_column;no_cannabinoid_columns;renamed
,Phat Panda Pre-roll MAC Stomper,Phat Panda Mac Stomper Pre-roll 1g,no_vendor_column;no_cannabinoid_columns;renamed
,Zen Flower - Hash Burger - 3.5g,Zen Cannabis Hash Burger Flower 3.5g,collapsed_duplicate;merged_into_master
,Zen Flower Pre-Rolls - Cherry Payton - 28g (28x1g),Zen Cannabis Cherry Payton Pre-roll 28g,collapsed_duplicate;merged_into_master
,Zen Flower Pre-Rolls - Kacklesnatch - 28g (28x1g),Zen Cannabis Kacklesnatch Pre-roll 28g,collapsed_duplicate;merged_into_master
,Flower Pre-Rolls - Too Much Papaya - 28g (28x1g),Zen Cannabis Too Much Papaya Pre-roll 28g,collapsed_duplicate;merged_into_master
,Flower Pre-Rolls - Babysita - 28g (56x0.5g),Zen Cannabis Babysita Pre-roll 28g,no_vendor_column;no_cannabinoid_columns;renamed
,Flower Pre-Rolls - Gas Face - 28g (56x0.5g),Zen Cannabis Gas Face Pre-roll 28g,collapsed_duplicate;merged_into_master
,Refine LOUD RESIN x House of Cultivar - Papaya Crush - 1g,Refine Papaya Crush Loud Resin 1g,collapsed_duplicate;merged_into_master
,Buddies cart Apple Fritter,Buddies Apple Fritter Cartridge 1g,no_vendor_column;no_cannabinoid_columns;renamed
,ThunderStix BLUNT-Tilted-DOH-glass tip preroll(1.2g) / Barf Breath,Tilted Barf Breath Infused Blunt 1.2g,no_vendor_column;no_cannabinoid_columns;renamed
,SUBX SIGNATURE Flower - GMO - 1g,Subx Gmo Flower 1g,collapsed_duplicate;merged_into_master
,SUBX SIGNATURE smalls Flower - GMO - 3.5g,Subx Gmo Flower 3.5g,no_vendor_column;no_cannabinoid_columns;renamed
,SUBX SIGNATURE Flower - GMO - 7g,Sub X Gmo Flower 7g,no_vendor_column;no_cannabinoid_columns;renamed
,SUBX SIGNATURE Flower - I-95 Cookies - 1g,Subx I-95 Cookies Flower 1g,collapsed_duplicate;merged_into_master
,SUBX SIGNATURE Flower - I-95 Cookies - 3.5g,Subx I-95 Cookies Flower 3.5g,no_vendor_column;no_cannabinoid_columns;renamed
,SUBX  SIGNATURE Flower - I-95 Cookies - 7g,Subx I-95 Cookies Flower 7g,no_vendor_column;no_cannabinoid_columns;renamed
,SIGNATURE Flower - Gelly Rain - 1g,Subx Gelly Rain Flower 1g,collapsed_duplicate;merged_into_master
,SIGNATURE Flower - Gelly Rain - 3.5g,Subx Gelly Rain Flower 3.5g,no_vendor_column;no_cannabinoid_columns;master_of_2_duplicates;renamed
,SIGNATURE Flower - Gelly Rain - 7g,Subx Gelly Rain Flower 7g,no_vendor_column;no_cannabinoid_columns;renamed
,SIGNATURE Smalls - Island Octane - 3.5g,Subx Island Octane Flower 3.5g,no_vendor_column;no_cannabinoid_columns;renamed
,SIGNATURE Smalls - Gelly Rain - 3.5g,Subx Gelly Rain Flower 3.5g,collapsed_duplicate;merged_into_master
,SIGNATURE Pre-Roll - Power - 2pk,Subx Power Pre-roll 1g,collapsed_duplicate;merged_into_master
,SIGNATURE Pre-Roll - Swampwater Fumez - 2pk,Subx Swampwater Fumez Pre-roll 1g,collapsed_duplicate;merged_into_master
,SELECT Cured Classic Disposable - Orange Poison - 1g,Subx Orange Poison Disposable Cartridge 1g,no_vendor_column;no_cannabinoid_columns;renamed
,SUPREME Live Diamond Disposable - Super Boof - 1g,Subx Super Boof Disposable Cartridge 1g,collapsed_duplicate;merged_into_master
,Journeyman CBN Blueberry Lemonade (100mg THC/50mg CBN),Journeyman Blueberry Lemonade Beverage 2floz,no_vendor_column;no_cannabinoid_columns;renamed
,Journeyman CBC Watermelon Lemonade (100mg THC/50mg CBC),Journeyman Watermelon Lemonade Beverage 2floz,collapsed_duplicate;merged_into_master
,Journeyman CBG Pineapple Lemonade (100mg THC/100mg CBG),Journeyman Pineapple Lemonade Gummies 2oz,no_vendor_column;no_cannabinoid_columns;renamed
,Stinger 1g Blunt - MJ Mix Infused - Georgia Peach - 1g,Stinger Georgia Frost Infused Blunt 1g,no_vendor_column;no_cannabinoid_columns;renamed
,Stingers - 2pk .5g Pre-Rolls - 9lb Hammer - 1g,Stingers 9lb Hammer Infused Pre-roll 1g,no_vendor_column;no_cannabinoid_columns;renamed
,Stingers - 2pk .5g Pre-Rolls - Grape soda - 1g,Stingers Grape Soda Infused Pre-roll 1g,no_vendor_column;no_cannabinoid_columns;renamed
,Stingers - 2pk .5g Liquid Diamonds Pre-Rolls - Memory Loss - 1g,Stingers Memory Loss Infused Pre-roll 1g,collapsed_duplicate;merged_into_master
,Stingers - 5pk .5g Liquid Diamonds Pre-Rolls - Memory Loss - 2.5g,Stingers Memory Loss Infused Pre-roll 2.5g,no_vendor_column;no_cannabinoid_columns;renamed
,Stingers - 5pk .5g Pre-Rolls - Strawberry Kush - 2.5g,Stingers Strawberry Kush Infused Pre-roll 2.5g,no_vendor_column;no_cannabinoid_columns;renamed
,Green Reaper - Live Resin Disposable - Bacio Gelato - 1g,Green Reaper Bacio Gelato Disposable Cartridge 1g,no_vendor_column;no_cannabinoid_columns;renamed
,Const Cold Cure 1g - Pie Hoe,Constellation Pie Hoe Rosin 1g,collapsed_duplicate;merged_into_master
,Const HRG EFCT 1:2 Strawberry Lychee + Magnesium L-Threonate (200 CBN) 10 Pack (I),Constellation 1:2 Strawberry Lychee + Magnesium L-threonate Gummies 1.12oz,no_vendor_column;no_cannabinoid_columns;renamed
,Const HRG EFCT 1:1 Watermelon Lime + Ashwagandha (100 CBN) 10 Pack (I),Constellation 1:1 Watermelon Lime + Ashwagandha Gummies 1.12oz,collapsed_duplicate;merged_into_master
,"Const HRG EFCT 2:1:1 Yuzu Blackberry + Lemon Balm (50 CBN, 50mg CBD) 10 Pack (I)",Constellation Yuzu Blackberry + Lemon Balm Gummies 1.12oz,no_vendor_column;no_cannabinoid_columns;renamed
,Blue Lobster Cured [1g] [All-In-One],Lifted Blue Lobster Disposable Cartridge 1g,no_vendor_column;no_cannabinoid_columns;renamed
,Burnout #33 Live Resin [1g] [All-In-One],Lifted Burnout 33 Disposable Cartridge 1g,no_vendor_column;no_cannabinoid_columns;renamed
,Moroccan Peaches Live Resin [1g] [All-In-One],Lifted Moroccan Peaches Disposable Cartridge 1g,collapsed_duplicate;merged_into_master
,Permanent Gas SugarStix [1g],Lifted Permanent Gas Infused Pre-roll 1g,no_vendor_column;no_cannabinoid_columns;renamed
,Ztrufflez SugarStix [1g],Lifted Ztrufflez Infused Pre-roll 1g,no_vendor_column;no_cannabinoid_columns;master_of_2_duplicates;renamed
,Permanent Gas Pre-Roll,Lifted Permanent Gas Pre-roll 1g,no_vendor_column;no_cannabinoid_columns;renamed
,Old School Lemons Cured Cart [1g],Lifted Old School Lemons Cartridge 1g,no_vendor_column;no_cannabinoid_columns;renamed
,Ooowee - 1G Hydrocarbon Concentrate - Wedding Cake - 1g,Ooowee Wedding Cake Bho 1g,no_vendor_column;no_cannabinoid_columns;renamed
,Ooowee - 1G Hydrocarbon Concentrate - Lemon Cherry Gelato - 1g,Ooowee Lemon Cherry Gelato Bho 1g,collapsed_duplicate;merged_into_master
,Ooowee - JUICED 1G C.R HTE Disposable - Ghost Berry - 1g,Ooowee Ghost Berry Cartridge 1g,no_vendor_column;no_cannabinoid_columns;renamed
,Ooowee - JUICED 1G C.R HTE Disposable - Cherry Gelato - 1g,Ooowee Cherry Gelato Cartridge 1g,no_vendor_column;no_cannabinoid_columns;renamed
,Ooowee - JUICED 1G Infused PreRoll - Ghost Berry - Crunch Berries - 1g,Ooowee Crunch Berriez Infused Pre-roll 1g,no_vendor_column;no_cannabinoid_columns;renamed
,Ooowee - JUICED 5/1G Infused PreRoll - Ghost Berry - Crunch Berries - 5g,Ooowee Crunch Berriez Infused Pre-roll 5g,collapsed_duplicate;merged_into_master
,Ooowee - Live Resin - A - 1G Disposable - Mr. Bad - 1g,Ooowee Mr. Bad Disposable Cartridge 1g,no_vendor_column;no_cannabinoid_columns;renamed
,Ooowee - Live Resin - B - 1G Disposable - FaceLock - 1g,Ooowee Facelock Disposable Cartridge 1g,no_vendor_column;no_cannabinoid_columns;renamed
,Beetlejuice w/THCA - 1g,Frosted Cannabis Beetlejuice Infused Pre-roll 1g,collapsed_duplicate;merged_into_master
,Candy Cane w/THCA - 1g,Frosted Cannabis Candy Cane Infused Pre-roll 1g,no_vendor_column;no_cannabinoid_columns;renamed
,Frosted Cannabis infused pre-roll Limoncello,Frosted Cannabis Lemoncello Infused Pre-roll 1g,no_vendor_column;no_cannabinoid_columns;renamed
,Torpedo Cannagar - Blue Dream - 3.5g,Frosted Cannabis Blue Dream Pre-roll 3.5g,collapsed_duplicate;merged_into_master
,Torpedo Cannagar - Wedding Cake - 3.5g,Frosted Cannabis Wedding Cake Pre-roll 3.5g,no_vendor_column;no_cannabinoid_columns;renamed
,Torpedo Cannagar Hotbox - Blue Dream - 14g (4x3.5g),Frosted Cannabis Blue Dream Pre-roll 14g,no_vendor_column;no_cannabinoid_columns;renamed
,Torpedo Cannagar Hotbox - Purple Punch - 14g (4x3.5g),Frosted Cannabis Purple Punch Pre-roll 14g,no_vendor_column;no_cannabinoid_columns;renamed
,Live Resin Disposable - Lemon Shortbread - 1g,Freddy's Fuego Lemon Shortbread Disposable Cartridge 1g,no_vendor_column;no_cannabinoid_columns;renamed
,Live Resin Disposable - Black Trop Cherry - 1g,Freddy's Fuego Black Trop Cherry Disposable Cartridge 1g,no_vendor_column;no_cannabinoid_columns;renamed
,Live Resin Disposable - Carrot Cake - 1g,Freddy's Fuego Carrot Cake Disposable Cartridge 1g,collapsed_duplicate;merged_into_master
,lil' Rays - Huckleberry Lemonade - 100mg THC : 100mg CBD : 10mg CBN,Lil Rays Huckleberry Beverage 2floz,no_vendor_column;no_cannabinoid_columns;renamed
,5-1 gram Pre-Roll packs - Tropicana Cherry - 5g,Mz. A Tropicanna Cherry Pre-roll 5g,collapsed_duplicate;merged_into_master
,Flower - Peanut Butter Breath - 1.5g,Mz. A Peanut Butter Breath Flower 1.5g,no_vendor_column;no_cannabinoid_columns;renamed
,Flower - Peanut Butter Breath - 3.5g,Mz. A Peanut Butter Breath Flower 3.5g,no_vendor_column;no_cannabinoid_columns;renamed
,Flower - Black Runtz - 3.5g,Mz. A Black Runtz Flower 3.5g,collapsed_duplicate;merged_into_master
,SPR - Moon Beams - 3.5g,Spr Moon Beams Flower 3.5g,collapsed_duplicate;merged_into_master
,SPR - Pure Krush - 1g,Spr Pure Krush Flower 1g,no_vendor_column;no_cannabinoid_columns;renamed
,SPR - 2pk Joint Box (2g) - Stuffed Cherry Zlushiez,Spr Stuffed Cherry Zlushiez Pre-roll 2g,no_vendor_column;no_cannabinoid_columns;renamed
,SPR - 2pk Joint Box (2g) - Pure Krush,Spr Pure Krush Pre-roll 1g,collapsed_duplicate;merged_into_master
,SPR - 2pk Joint Box (2g) - Gushers,Spr Gushers Pre-roll 2g,no_vendor_column;no_cannabinoid_columns;renamed
,SPR - 1g LIVE RESIN Vape Cart - Orangeade,Spr Orangeade Cartridge 1g,no_vendor_column;no_cannabinoid_columns;renamed
,SPR - 1g Infused Blunt - Pure Krush x Gushers,Spr Pure Krush Infused Blunt 1g,no_vendor_column;no_cannabinoid_columns;renamed
,SPR - 1g HASH ROSIN - Charmz,Spr Charmz Hash Rosin 1g,no_vendor_column;no_cannabinoid_columns;renamed
,SPR - 1g HASH ROSIN - Blue Slushie,Spr Blue Slushie Hash Rosin 1g,collapsed_duplicate;merged_into_master
,Retail Packaged - Bob Hope - 3.5g,Royal Kind Bob Hope Flower 3.5g,collapsed_duplicate;merged_into_master
,Retail Packaged - Bob Hope - 28g,Royal Kind Bob Hope Flower 28g,no_vendor_column;no_cannabinoid_columns;renamed
,Retail Packaged  Amarena de Limón - 3.5g,Royal Kind Amarena De Limón Flower 3.5g,collapsed_duplicate;merged_into_master
,Super Fog - Fire - Tank - 1g (1pk) - Blu VooDoo - HYB - Dessert,Mfused Blu Voodoo Cartridge 1g,collapsed_duplicate;merged_into_master
,MFused - Cartridge - Maui Pineapple (S) -1g,Mfused Maui Pineapple Cartridge 1g,collapsed_duplicate;merged_into_master
,Super Fog - Fire - Tank - 1g (1pk) - Granddaddy Purple - IND - Sweet,Mfused Grand Daddy Purple Cartridge 1g,no_vendor_column;no_cannabinoid_columns;renamed
,Super Fog - Loud - Tank - 1g (1pk) - Blueberry Muffin - IND - Sweet,Mfused Blueberry Muffin Cartridge 1g,no_vendor_column;no_cannabinoid_columns;renamed
,Blaze Gummy - Zero Sugar - Good Night Grape 2:2:1 CBN:CBD:THC 500mg,Evergreen Herbal Good Night Grape Edible 27g,no_vendor_column;no_cannabinoid_columns;renamed
,ThunderChief - Pre-Rolls 5x0.5g TC - Frosty - 2.5g,Thunder Chief Frosty Pre-roll 2.5g,no_vendor_column;no_cannabinoid_columns;renamed
,ThunderChief - Pre-Rolls 2x0.5g TC - Big Perm - 1g,Thunder Chief Big Perm Pre-roll 1g,no_vendor_column;no_cannabinoid_columns;renamed
,ThunderChief - Pre-Rolls 2x0.5g TC - Blueberry Ocean - 1g,Thunder Chief Blueberry Ocean Pre-roll 1g,no_vendor_column;no_cannabinoid_columns;renamed
,ThunderChief - Pre-Rolls 2x0.5g TC - Butter - 1g,Thunder Chief Butter Pre-roll 1g,collapsed_duplicate;merged_into_master
,ThunderChief - Pre-Rolls 2x0.5g TC - Frosty - 1g,Thunder Chief Frosty Pre-roll 1g,no_vendor_column;no_cannabinoid_columns;renamed
,ThunderChief - Pre-Rolls 2x0.5g TC - Gasolina - 1g,Thunder Chief Gasolina Pre-roll 1g,no_vendor_column;no_cannabinoid_columns;renamed
,ThunderChief - Flower 3.5g TC - Gasolina - 3.5g,Thunder Chief Gasolina Flower 3.5g,no_vendor_column;no_cannabinoid_columns;renamed
,ThunderChief - Flower 3.5g TC - Butter - 3.5g,Thunder Chief Butter Flower 3.5g,collapsed_duplicate;merged_into_master
,ThunderChief - Flower 3.5g TC - Black Cherry - 3.5g,Thunder Chief Black Cherry Flower 3.5g,no_vendor_column;no_cannabinoid_columns;renamed
,ThunderChief - Flower 3.5g TC - Frosty - 3.5g,Thunder Chief Frosty Flower 3.5g,no_vendor_column;no_cannabinoid_columns;renamed
,"Suspended Disposable, Sour Watermelonade - 1g",Suspended Sour Watermelonade Disposable Cartridge 1g,no_vendor_column;no_cannabinoid_columns;renamed
,"Suspended Disposable, Peaches & Cream - 1g",Suspended Peaches And Cream Disposable Cartridge 1g,no_vendor_column;no_cannabinoid_columns;renamed
,THC Iceberg - Amarelo - 1.0g,Suspended Amarelo Flower 1g,collapsed_duplicate;merged_into_master
,Full Flower Little Snappers - Tally Mon - 10pk (10x0.5g),Heavenly Buds Tally Mon Pre-roll 5g,no_vendor_column;no_cannabinoid_columns;renamed
,Full Flower Little Snappers - Tally Mon - 20pk (20x0.5g),Heavenly Buds Tally Mon Pre-roll 10g,collapsed_duplicate;merged_into_master
,Infused Bubble Hash Little Snappers - Tropical Thunder - 10pk (10x0.5g),Heavenly Buds Tropical Thunder Infused Pre-roll 5g,no_vendor_column;no_cannabinoid_columns;renamed
,Applesauce AIO - Mule Fuel - 1g,Trichome Mule Fuel Disposable Cartridge 1g,collapsed_duplicate;merged_into_master
,.5g Isolated Pre-Rolled Cones 6pk - Isolated Blue Dream Pre-Rolled Cones - 3g,Trichome Blue Dream Infused Pre-roll 3g,collapsed_duplicate;merged_into_master
,Green Reaper - Indoor Popcorn Flower - Alpine Guava - 14g,Green Reaper Alpine Guava Flower 14g,no_vendor_column;no_cannabinoid_columns;renamed
,Green Reaper - Indoor Popcorn Flower - Candy Gas - 14g,Green Reaper Candy Gas Flower 14g,no_vendor_column;no_cannabinoid_columns;renamed
,Green Reaper - Indoor Popcorn Flower - Candy Gas - 28g,Green Reaper Candy Gas Flower 28g,collapsed_duplicate;merged_into_master
,Green Reaper - Indoor Popcorn Flower - Dutch Gouda Butter - 14g,Green Reaper Dutch Gouda Butter Flower 14g,collapsed_duplicate;merged_into_master
,Green Reaper - Indoor Popcorn Flower - Ice Cream Zoap - 14g,Green Reaper Ice Cream Zoap Flower 14g,no_vendor_column;no_cannabinoid_columns;renamed
,Green Reaper - Indoor Popcorn Flower - Ice Cream Zoap - 28g,Green Reaper Ice Cream Zoap Flower 28g,collapsed_duplicate;merged_into_master
,Green Reaper - Indoor Popcorn Flower - Permanent Pounder - 14g,Green Reaper Permanent Pounder Flower 14g,no_vendor_column;no_cannabinoid_columns;renamed
,Green Reaper - Indoor Popcorn Flower - Popscottie - 14g,Green Reaper Popscottie Flower 14g,collapsed_duplicate;merged_into_master
,Incredibulk - IB BHO 1g - Panama Red - 1g,Clarity Farms Panama Red Bho 1g,no_vendor_column;no_cannabinoid_columns;master_of_2_duplicates;renamed
,Incredibulk - IB BHO 1g - Amnesia Haze - 1g,Clarity Farms Amnesia Haze Bho 1g,no_vendor_column;no_cannabinoid_columns;renamed
,O' Geez - OG CART 1g - Pineapple Express - 1g,Clarity Farms Pineapple Express Cartridge 1g,no_vendor_column;no_cannabinoid_columns;master_of_2_duplicates;renamed
,Tasty Terps - TC CART 1g - Kiwi Hi-Chewz - 1g,Clarity Farms Kiwi Hi-chewz Cartridge 1g,no_vendor_column;no_cannabinoid_columns;master_of_2_duplicates;renamed
,Tasty Terps - TC CART 1g - Rocket Pop - 1g,Clarity Farms Rocket Pop Pre-roll 1g,no_vendor_column;no_cannabinoid_columns;renamed
,Terpnado - TN BAR 1g - Golden Peach - 1g,Clarity Farms Golden Peach Disposable Cartridge 1g,no_vendor_column;no_cannabinoid_columns;master_of_2_duplicates;renamed
,Terpnado - TN BAR 1g - Yeti Fruit OG - 1g,Clarity Farms Yeti Fruit Og Disposable Cartridge 1g,collapsed_duplicate;merged_into_master
,Tasty Terps - TT BHO 1g - Cranberry Pomegranate - 1g,Clarity Farms Cranberry Pomegranate Bho 1g,no_vendor_column;no_cannabinoid_columns;renamed
,Tasty Terps - TT BHO 1g - Gummy Bears - 1g,Clarity Farms Gummy Bears Bho 1g,no_vendor_column;no_cannabinoid_columns;renamed
,Tasty Terps - TT BHO 1g - Strawberry Cheesecake - 1g,Clarity Farms Strawberry Cheesecake Bho 1g,collapsed_duplicate;merged_into_master
,Jelly Gems - JG Jelly Gems 200mg Total - SATIVA - Tangelo (FLOW),Clarity Farms Tangelo Edible 25000mg,no_vendor_column;no_cannabinoid_columns;renamed
,Jelly Gems - JG Jelly Gems 300mg Total - HYBRID - Blissberry (HAPPY),Clarity Farms Blissberry Edible 25000mg,no_vendor_column;no_cannabinoid_columns;renamed
,Jelly Gems - JG Jelly Gems 300mg Total - SATIVA - Pomegranate Punch (PARTY),Clarity Farms Pomegranate Punch Edible 25000mg,no_vendor_column;no_cannabinoid_columns;renamed
,Jelly Gems - JG Jelly Gems 300mg Total - INDICA - Peaches & Dreams (NIGHT),Clarity Farms Peaches Dreams Edible 25000mg,no_vendor_column;no_cannabinoid_columns;renamed
,Jelly Gems - JG Jelly Gems 300mg Total - INDICA - Key Lime Unwind (NIGHT),Clarity Farms Key Lime Edible 25000mg,no_vendor_column;no_cannabinoid_columns;renamed
,Jelly Gems - JG Jelly Gems 300mg Total - SATIVA - Chuckleberry (HAPPY),Clarity Farms Chuckleberry Edible 25000mg,no_vendor_column;no_cannabinoid_columns;renamed
,Jelly Gems - JG Jelly Gems 400mg Total - HYBRID - Tropical Trip (CHILL),Clarity Farms Tropical Trip Edible 25000mg,no_vendor_column;no_cannabinoid_columns;renamed
,Jelly Gems - JG Jelly Gems 400mg Total - INDICA - Slumberberry (NIGHT),Clarity Farms Slumberberry Edible 25000mg,no_vendor_column;no_cannabinoid_columns;renamed
,Jelly Gems - JG Jelly Gems 600mg Total - INDICA - Sootheberry (CHILL),Clarity Farms Sootheberry Edible 0.88oz,collapsed_duplicate;merged_into_master
,Thrills - FlavorStrains - Cartridge - 1g - (C5)(S) NYC Diesel,Thrills Nyc Diesel Cartridge 1g,no_vendor_column;no_cannabinoid_columns;renamed
,Thrills - FlavorStrains - Cartridge - 1g - (C5)(S) Tropicana Cookies,Thrills Tropicana Cookies Cartridge 1g,collapsed_duplicate;merged_into_master
,Thrills - FlavorStrains - Cartridge - 1g - (C6)(I) Lime Sorbet,Thrills Lime Sorbet Cartridge 1g,no_vendor_column;no_cannabinoid_columns;renamed
,Thrills - FlavorStrains - Cartridge - 1g - (C6)(S) Sweet Island Skunk,Thrills Sweet Island Skunk Cartridge 1g,collapsed_duplicate;merged_into_master
,All-In-One Pearl - Giggin' Grapes - 1g,Fire Bros Giggin' Grapes Disposable Cartridge 1g,no_vendor_column;no_cannabinoid_columns;renamed
,All-In-One Cart - Grimace Shake - 1g,Firebros Grimace Shake Disposable Cartridge 1g,collapsed_duplicate;merged_into_master
,Fire Bros. Showcase - Chrome Dome - 3.5g,Firebros Chrome Dome Flower 3.5g,no_vendor_column;no_cannabinoid_columns;renamed
,hashbreak - Pre Rolls (Infused) - Funk-A-Delic - 1g,Torus Funkadelic Infused Pre-roll 1g,collapsed_duplicate;merged_into_master
,hashbreak - Pre Rolls (Infused) - White Cherry Truffle - 1g,Torus White Cherry Truffle Infused Pre-roll 1g,collapsed_duplicate;merged_into_master
,hashbreak - Pre Rolls (Infused) - Wild Berry Punch - 1g,Torus Wild Berry Punch Infused Pre-roll 1g,collapsed_duplicate;merged_into_master
,Frostco - Rosin Dab - Apples & Bananas - 1g,Frostco Apples Bananas Rosin 1g,no_vendor_column;no_cannabinoid_columns;renamed
,Frostco - Rosin Dab - London Wookbreath - 1g,Frostco London Wookbreath Rosin 1g,no_vendor_column;no_cannabinoid_columns;renamed
,Frostco - Rosin Dab - Peanut Brudda - 1g,Frostco Peanut Brudda Rosin 1g,no_vendor_column;no_cannabinoid_columns;renamed
,Frostco - Rosin Dab - Pink Papaya - 1g,Frostco Pink Papaya Rosin 1g,no_vendor_column;no_cannabinoid_columns;renamed
,Frostco - Rosin Dab - Dosimo #1 - 1g,Frostco Dosimo 1 Rosin 1g,no_vendor_column;no_cannabinoid_columns;renamed
,Frostco - Rosin Dab - GMO Cocoa - 1g,Frostco Gmo Cocoa Rosin 1g,no_vendor_column;no_cannabinoid_columns;renamed
,Frostco - Rosin Dab - Yuck Mouth - 1g,Frostco Yuck Mouth Rosin 1g,no_vendor_column;no_cannabinoid_columns;renamed
,Frostco - Solventless Vape - GMO Cocoa - .5g,Frostco Gmo Cocoa Disposable Cartridge 0.5g,collapsed_duplicate;merged_into_master
,Frostco - Solventless Vape - Pink Papaya - .5g,Frostco Pink Papaya Disposable Cartridge 0.5g,no_vendor_column;no_cannabinoid_columns;renamed
,Frostco - Solventless Vape - Dosimo - .5g,Frostco Dosimo 1 Disposable Cartridge 0.5g,no_vendor_column;no_cannabinoid_columns;renamed
,Extracts - GG #4 - 1g,Hard Hat Gg 4 Crumble 1g,collapsed_duplicate;merged_into_master
,Extracts - Grease Monkey - 1g,Hard Hat Grease Monkey Crumble 1g,no_vendor_column;no_cannabinoid_columns;renamed
,SMC - Flower - Super Boof - 3.5g,Seattle Marijuana Co Super Boof Flower 3.5g,no_vendor_column;no_cannabinoid_columns;renamed
,SMC - Flower - Garlic Butter - 3.5g,Seattle Marijuana Co Garlic Butter Flower 3.5g,no_vendor_column;no_cannabinoid_columns;renamed
,SMC - Flower - Watermelon Martini - 3.5g,Seattle Marijuana Co Watermelon Martini Flower 3.5g,no_vendor_column;no_cannabinoid_columns;renamed
,SMC - Shatter J LITE - Flavored Joint - Blueberry - 1g,Shatter J's Blueberry Pre-roll 1g,no_vendor_column;no_cannabinoid_columns;renamed
,SMC - Shatter J LITE - Flavored Joint - Strawberry Daiquiri - 1g,Shatter J's Strawberry Daiquiri Pre-roll 1g,no_vendor_column;no_cannabinoid_columns;renamed
,SMC - Shatter J LITE - Flavored Joint - Washington Apple - 1g,Shatter J's Washington Apple Pre-roll 1g,collapsed_duplicate;merged_into_master
,SMC - Shatter J LITE - Flavored Joint - Banana Cream Pie - 1g,Shatter J's Banana Cream Pie Pre-roll 1g,no_vendor_column;no_cannabinoid_columns;renamed
,SMC - Shatter J LITE - Flavored Joint - Grape - 1g,Shatter J's Grape Pre-roll 1g,no_vendor_column;no_cannabinoid_columns;renamed
,SMC - Shatter J LITE - Flavored Joint - Chocolate Covered Strawberry - 1g,Shatter J's Chocolate Covered Strawberry Pre-roll 1g,no_vendor_column;no_cannabinoid_columns;renamed
,SMC - Shatter J LITE - Flavored Joint - Blackberry Pie - 1g,Shatter J's Blackberry Pie Pre-roll 1g,no_vendor_column;no_cannabinoid_columns;renamed
,SMC - Smokeless Shatter J - Grape - 1g,Shatter J's Grape Cartridge 1g,no_vendor_column;no_cannabinoid_columns;renamed
,SMC - Disposable Smokeless - Grape - 1g,Shatter J's Grape Disposable Cartridge 1g,collapsed_duplicate;merged_into_master
,SMC - Shatter J Dab - Grape - 1g,Shatter J's Grape Badder 1g,no_vendor_column;no_cannabinoid_columns;renamed
,SMC - Infused Joint 1g - Sativa - Chernobyl - 1g,Seattle Marijuana Co Chernobyl Infused Pre-roll 1g,no_vendor_column;no_cannabinoid_columns;renamed
,SMC - Infused Joint Pack - Original - Chernobyl - 5g,Seattle Marijuana Co Chernobyl Infused Pre-roll 5g,no_vendor_column;no_cannabinoid_columns;renamed
,SMC - Infused Joint Pack - Indica - Grape Animals - 5g,Seattle Marijuana Co Grape Animals Infused Pre-roll 5g,no_vendor_column;no_cannabinoid_columns;renamed
,Hard Hat - Hat Hard Disposable - Sativa - Durban Poison - 1g,Hard Hat Durban Poison Disposable Cartridge 1g,no_vendor_column;no_cannabinoid_columns;renamed
,Hard Hat - Hard Hat Disposable - Hybrid - GG #4 - 1g,Hard Hat Gg 4 Disposable Cartridge 1g,no_vendor_column;no_cannabinoid_columns;renamed
,Hard Hat - Hard Hat Disposable - Sativa - Jack Herer - 1g,Hard Hat Jack Herer Disposable Cartridge 1g,collapsed_duplicate;merged_into_master
,SMC - Infused Blunt 1g - Orange Cookies - 1g,Seattle Marijuana Co Orange Cookies Infused Blunt 1g,no_vendor_column;no_cannabinoid_columns;renamed
,SMC - Smokeless Shatter J - Melon Guava - 1g,Shatter J's Melon Guava Cartridge 1g,collapsed_duplicate;merged_into_master
,HiKu - DOH DIST - Lavender Lemonade - HiKu 1oz Tincture - Lavender Lemonade - 30g,Seattle Bubble Works Lavender Lemonade Tincture 1floz,no_vendor_column;no_cannabinoid_columns;renamed
,HiKu - DOH DIST - Strawberry Pineapple - HiKu 1oz Tincture - Strawberry Pineapple - 30g,Seattle Bubble Works Strawberry Pineapple Tincture 1floz,no_vendor_column;no_cannabinoid_columns;renamed
,HiKu - DOH DIST - Pineapple Sunset - HiKu 1oz Tincture - Pineapple Sunset - 30g,Seattle Bubble Works Pineapple Sunset Tincture 1floz,no_vendor_column;no_cannabinoid_columns;renamed
,HiKu - DOH DIST - Passion Orange Guava - HiKu 1oz Tincture - Passion Orange Guava - 30g,Seattle Bubble Works Passion Orange Guava Tincture 1floz,collapsed_duplicate;merged_into_master
,(2x0.5g) Diamond Dinger - Bottom of the Ninth Blaze (S),Translucency Bottom Of The Ninth Blaze Infused Pre-roll 1g,no_vendor_column;no_cannabinoid_columns;renamed
,(2x0.5g) Diamond Dinger - Motor Wife Cat 5 (S),Translucency Motor Wife Cat Infused Pre-roll 1g,no_vendor_column;no_cannabinoid_columns;renamed
,(2x0.5g) Diamond Dinger - Northwest Knuckleball (I),Translucency Northwest Knuckleball (i) Infused Pre-roll 1g,no_vendor_column;no_cannabinoid_columns;renamed
,(2x0.5g) Diamond Dinger - Seventh Inn-dica Stretch (I),Translucency Seventh Inn-dica Stretch Infused Pre-roll 1g,no_vendor_column;no_cannabinoid_columns;renamed
,1g GoodGood Cartridge - Banana Candy (H),Goodgood Banana Candy Cartridge 1g,no_vendor_column;no_cannabinoid_columns;renamed
,1g GoodGood AIO - Blue Raspberry Rush (I),Goodgood Blue Raspberry Rush Disposable Cartridge 1g,no_vendor_column;no_cannabinoid_columns;renamed
,1g GoodGood AIO - Electric Green Apple (S),Goodgood Electric Green Apple Disposable Cartridge 1g,no_vendor_column;no_cannabinoid_columns;renamed
,1g GoodGood AIO - Pineapple Pop (S),Goodgood Pineapple Pop Disposable Cartridge 1g,collapsed_duplicate;merged_into_master
,Smokiez Blue Raspberry CBD- Fruit Chew- 250mg,Smokiez Blue Raspberry Edible 2.12oz,no_vendor_column;no_cannabinoid_columns;renamed
,Smokiez Peach CBD- Fruit Chew- 250mg,Smokiez Peach Edible 2.12oz,no_vendor_column;no_cannabinoid_columns;renamed
,Buddies Flavored AIO - Raspberry Parfait - 1g,Buddies Raspberry Parfait Disposable Cartridge 1g,no_vendor_column;no_cannabinoid_columns;renamed
,Buddies Flavored Vape Cart - Raspberry Parfait - 1g,Buddies Raspberry Parfait Cartridge 1g,no_vendor_column;no_cannabinoid_columns;renamed
,CBG Peach Mango Fruit Nom 10-Pack 1:1 CBG:THC 200mg,Pioneer Sqaures Mango Fruit Chews 100g,no_vendor_column;no_cannabinoid_columns;renamed
,Packaged Flower - Kushlato - 3.5g,Pinnacle Green Kushlato Flower 3.5g,no_vendor_column;no_cannabinoid_columns;renamed
,Packaged Flower - Dj Shorts Blueberry - 3.5g,Pinnacle Green Dj Short Blueberry Flower 3.5g,collapsed_duplicate;merged_into_master
,Pre-Rolls - Toranja - 1g,Pinnacle Green Toranja Pre-roll 1g,no_vendor_column;no_cannabinoid_columns;renamed
,Pre-Rolls - Papaya Bomb - 1g,Pinnacle Green Papaya Pre-roll 1g,no_vendor_column;no_cannabinoid_columns;renamed
,".75g Trichome InTERPreter Pre-Rolls, 2ct - Death Mintz+BD - 1.5g",Trichome Death Mintz Infused Pre-roll 1.5g,no_vendor_column;no_cannabinoid_columns;renamed
,FDG Pre-Rolls - Blueberry Banana Butter - 2pk (0.5g x 2),Fdg Blueberry Buttered Banana Pre-roll 1g,collapsed_duplicate;merged_into_master
,FDG Pre-Rolls - Blueberry Banana Butter - 7pk (0.5g x 7),Fdg Blueberry Buttered Banana Pre-roll 3.5g,no_vendor_column;no_cannabinoid_columns;renamed
,FDG Pre-Rolls - Chem Trailz - 2pk (0.5g x 2),Fdg Chem Trailz Pre-roll 1g,collapsed_duplicate;merged_into_master
,FDG Pre-Rolls - Chem Trailz - 7pk (0.5g x 7),Fdg Chem Trailz Pre-roll 3.5g,no_vendor_column;no_cannabinoid_columns;renamed
,FDG Pre-Rolls - GG #4 - 2pk (0.5g x 2),Fdg Gg4 Pre-roll 1g,collapsed_duplicate;merged_into_master
,FDG Pre-Rolls - Lemonheads - 2pk (0.5g x 2),Fdg Lemonheads Pre-roll 1g,collapsed_duplicate;merged_into_master
,FDG Pre-Rolls - Lemonheads - 7pk (0.5g x 7),Fdg Lemonheads Pre-roll 3.5g,no_vendor_column;no_cannabinoid_columns;renamed
,FDG Pre-Rolls - Lime Slapz - 2pk (0.5g x 2),Fdg Lime Slapz Pre-roll 1g,collapsed_duplicate;merged_into_master
,Pre-Rolls - Lime Slapz - 7pk (0.5g x 7),Fdg Lime Slapz Pre-roll 3.5g,no_vendor_column;no_cannabinoid_columns;renamed
,FDG Pre-Rolls - Purple Diesel - 2pk (0.5g x 2),Fdg Purple Diesel Pre-roll 1g,collapsed_duplicate;merged_into_master
,FDG Pre-Rolls - Purple Diesel - 7pk (0.5g x 7),Fdg Purple Diesel Pre-roll 3.5g,no_vendor_column;no_cannabinoid_columns;renamed
,FDG Pre-Rolls - Satsuma Haze - 2pk (0.5g x 2),Fdg Satsuma Pre-roll 1g,no_vendor_column;no_cannabinoid_columns;renamed
,FDG Pre-Rolls - Satsuma Haze - 7pk (0.5g x 7),Fdg Satsuma Haze Pre-roll 3.5g,no_vendor_column;no_cannabinoid_columns;renamed
,Pre-Rolls - Sour Kush - 2pk (0.5g x 2),Fdg Sour Kush Pre-roll 1g,no_vendor_column;no_cannabinoid_columns;renamed
,FDG Pre-Rolls - Sour Kush - 7pk (0.5g x 7),Fdg Sour Kush Pre-roll 3.5g,no_vendor_column;no_cannabinoid_columns;renamed
,FDG Pre-Rolls - Sour Kush - 14pk (0.5g x 14),Fdg Sour Kush Pre-roll 7g,collapsed_duplicate;merged_into_master
,FDG Pre-Rolls - The Cats Pajamas - 2pk (0.5g x 2),Fdg The Cats Pajamas Pre-roll 1g,no_vendor_column;no_cannabinoid_columns;renamed
,FDG Pre-Rolls - The Cats Pajamas - 7pk (0.5g x 7),Fdg The Cats Pajamas Pre-roll 3.5g,no_vendor_column;no_cannabinoid_columns;renamed
,FDG Pre-Rolls - Time Wreck - 2pk (0.5g x 2),Fdg Time Wreck Pre-roll 1g,no_vendor_column;no_cannabinoid_columns;renamed
,FDG Pre-Rolls - Time Wreck - 7pk (0.5g x 7),Fdg Time Wreck Pre-roll 3.5g,no_vendor_column;no_cannabinoid_columns;renamed
,Packaged Flower - Lime Slapz - 3.5g,Fdg Lime Slapz Flower 3.5g,no_vendor_column;no_cannabinoid_columns;renamed
,FDG Packaged Flower - Lime Slapz - 7g,Fdg Lime Slapz Flower 7g,no_vendor_column;no_cannabinoid_columns;renamed
,FDG Packaged Flower - Lemonheads - 3.5g,Fdg Lemonheads Flower 3.5g,no_vendor_column;no_cannabinoid_columns;renamed
,FDG Packaged Flower - Blueberry Banana Butter - 3.5g,Fdg Blueberry Buttered Banana Flower 3.5g,no_vendor_column;no_cannabinoid_columns;renamed
,Packaged Flower - Blueberry Banana Butter - 14g,Fdg Blueberry Buttered Banana Flower 14g,no_vendor_column;no_cannabinoid_columns;renamed
,FDG Pre-Rolls - The Cats Pajamas - 4pk (0.5g x 4),Fdg The Cats Pajamas Pre-roll 2g,no_vendor_column;no_cannabinoid_columns;renamed
,FDG Pre-Rolls - Purple Diesel - 4pk (0.5g x 4),Fdg Purple Diesel Pre-roll 2g,collapsed_duplicate;merged_into_master
,FDG Pre-Rolls - Lemonheads - 4pk (0.5g x 4),Fdg Lemonheads Pre-roll 2g,no_vendor_column;no_cannabinoid_columns;renamed
,FDG Pre-Rolls - GG #4 - 4pk (0.5g x 4),Fdg Gg4 Pre-roll 2g,collapsed_duplicate;merged_into_master
,FDG Pre-Rolls - Chem Trailz - 4pk (0.5g x 4),Fdg Chem Trailz Pre-roll 2g,no_vendor_column;no_cannabinoid_columns;renamed
,FDG Pre-Rolls - Blueberry Banana Butter - 4pk (0.5g x 4),Fdg Blueberry Buttered Banana Pre-roll 2g,no_vendor_column;no_cannabinoid_columns;renamed
,Cormorant - 4 oz 1:1 Blackberry Lemonade Sorbet - 100 mg - 100ml,Cormorant Edibles Blackberry Lemonade Edible 3.4g,collapsed_duplicate;merged_into_master
,Cormorant - 4 oz 1:1 Strawberry Lemonade Sorbet - 100 mg - 100ml,Cormorant Edibles Strawberry Lemonade Edible 4oz,no_vendor_column;no_cannabinoid_columns;renamed
,Cormorant - 4 oz Cherry Lemonade Sorbet 100 mg - 100 mg - 100ml,Cormorant Edibles Cherry Lemonade Edible 4oz,collapsed_duplicate;merged_into_master
,Cormorant - 4 oz Raspberry Lemonade Sorbet 100 mg - 100 mg - 100ml,Cormorant Edibles Raspberry Lemonade Edible 4oz,no_vendor_column;no_cannabinoid_columns;renamed
,RPG - 510 Cartridge - Cured Resin - Gushers - 1g,Cormorant Edibles Gushers Cartridge 1g,collapsed_duplicate;merged_into_master
,RPG - 510 Cartridge - Cured Resin - Bubblegum Runtz - 1g,Cormorant Edibles Bubblegum Runtz Cartridge 1g,no_vendor_column;no_cannabinoid_columns;renamed
,brrd - All-in-One - Blue Haze - 1g,Cormorant Edibles Blue Haze Disposable Cartridge 1g,no_vendor_column;no_cannabinoid_columns;renamed
,brrd - Solventless Live Rosin Concentrate - Supreme Papaya - 1g,Cormorant Edibles Supreme Papaya Rosin 1g,no_vendor_column;no_cannabinoid_columns;renamed
,brrd - Solventless Live Rosin Concentrate - Papaya Juice - 1g,Cormorant Edibles Papaya Juice Rosin 1g,no_vendor_column;no_cannabinoid_columns;renamed
,Cannabis Northwest - Shatter - Lemon Skunk - 1g,Cannabis Northwest Lemon Skunk Shatter 1g,collapsed_duplicate;merged_into_master
,Cannabis Northwest - Infused Pre-Rolls (2 x .5g) - Blue Dream - 1g,Cannabis Northwest Blue Dream Infused Pre-roll 1g,no_vendor_column;no_cannabinoid_columns;renamed
,Cannabis Northwest - Infused Pre-Rolls (2 x .5g) - Grease Monkey - 1g,Cannabis Northwest Grease Monkey Infused Pre-roll 1g,no_vendor_column;no_cannabinoid_columns;renamed
,Cannabis Northwest - Flower - Hash Burger - 3.5g,Cannabis Northwest Hash Burger Flower 3.5g,collapsed_duplicate;merged_into_master
,Cannabis Northwest - Flower - Hash Burger - 7g,Cannabis Northwest Hash Burger Flower 7g,no_vendor_column;no_cannabinoid_columns;renamed
,Cannabis Northwest - Flower - Black Mamba - 28g,Cannabis Northwest Black Mamba Flower 28g,collapsed_duplicate;merged_into_master
,Cannabis Northwest - Flower - Black Mamba - 7g,Cannabis Northwest Black Mamba Flower 7g,no_vendor_column;no_cannabinoid_columns;renamed
,Cannabis Northwest - Flower - Black Mamba - 3.5g,Cannabis Northwest Black Mamba Flower 3.5g,no_vendor_column;no_cannabinoid_columns;renamed
,Cannabis Northwest - Flower - Cake Batter - 28g,Cannabis Northwest Cake Batter Flower 28g,no_vendor_column;no_cannabinoid_columns;renamed
,Durban Poison HTE Cart [1g],Lifted Durban Poison Cartridge 1g,no_vendor_column;no_cannabinoid_columns;renamed
,Cherry Ztripez Cured Cart [1g],Lifted Cherry Ztripez Cartridge 1g,no_vendor_column;no_cannabinoid_columns;renamed
,Truffle Cake Cured Cart [1g],Lifted Truffle Cake Cartridge 1g,collapsed_duplicate;merged_into_master
,HiKu - DOH DIST - Sugar-Free Coffee Vanilla Latte - 100mgTHC HiKu 1oz Tincture - Sugar-Free Coffee - 30g,Seattle Bubble Works Vanilla Latte Beverage 1floz,collapsed_duplicate;merged_into_master
,Thunder Stix Infused Preroll (1.2g) / Double Tap,Tilted Double Tap Infused Pre-roll 1.2g,no_vendor_column;no_cannabinoid_columns;renamed
,Joints- 2 pack Bubble Hash Infused- DOH / Gelonade (SH),Tilted Gelonade Infused Pre-roll 1g,no_vendor_column;no_cannabinoid_columns;renamed
,Live Resin *No Distillate Vape Cart - 1g / Ripped Off Runtz,Tilted Ripped Off Runtz Cartridge 1g,no_vendor_column;no_cannabinoid_columns;renamed
,Live Resin *No Distillate- Ceramic Core Disposable Cart (1g) / Ripped Off Runtz,Tilted Ripped Off Runtz Disposable Cartridge 1g,no_vendor_column;no_cannabinoid_columns;renamed
,The POTION Topical- High Times DOPE Cup Winner 2019 / TOPICAL,Tilted Potion Topical 50g,collapsed_duplicate;merged_into_master
,The POTION Topical- (0.25g) Trial Size- High Times DOPE Cup Winner 2019 / TOPICAL,Tilted Potion Topical 7g,collapsed_duplicate;merged_into_master
,Gushy Enhanced Dab - 1g / Blue Raspberry (H),Tilted Blue Raspberry Badder 1g,no_vendor_column;no_cannabinoid_columns;renamed
,Gushy Enhanced Dab - 1g / Watermelon Punch (H),Tilted Watermelon Punch Badder 1g,collapsed_duplicate;merged_into_master
,Gushy Enhanced Dab - 1g / Cotton Candy (H),Tilted Cotton Candy Badder 1g,no_vendor_column;no_cannabinoid_columns;renamed
,Dougie Blunts - 12th Man - 1 gram,Avitas 12th Man Down Infused Blunt 1g,no_vendor_column;no_cannabinoid_columns;renamed
,Dougie Blunts - Huckleberry Cheesecake - 1 gram,Avitas Huckleberry Infused Blunt 1g,collapsed_duplicate;merged_into_master
,Dougie Blunts - Platinum Wedding - 1 gram,Avitas Platinum Wedding Infused Blunt 1g,no_vendor_column;no_cannabinoid_columns;renamed
,Dougie Blunts - Sour Beltz - 1 gram,Avitas Sour Beltz Infused Blunt 1g,collapsed_duplicate;merged_into_master
,Dougie Blunts - Za-Glue - 1 gram,Avitas Za-glue Infused Blunt 1g,no_vendor_column;no_cannabinoid_columns;renamed
,Hellavated Profilez 1 gram cartridge - Double Mint,Hellavated Double Mint Cartridge 1g,no_vendor_column;no_cannabinoid_columns;renamed
,Hellavated Profilez 1 gram cartridge - Passion Fruit,Hellavated Passion Fruit Cartridge 1g,no_vendor_column;no_cannabinoid_columns;renamed
,Sharpiez - 3.5g,Pastime Sharpiez Flower 3.5g,no_vendor_column;no_cannabinoid_columns;renamed
,Tear Gas - 3.5g,Pastime Tear Gas Flower 3.5g,collapsed_duplicate;merged_into_master
,Alley Cat - 3.5g,Pastime Alley Cat Flower 3.5g,no_vendor_column;no_cannabinoid_columns;renamed
,Sherb Cream Pie - 3.5g,Pastime Sherb Cream Pie Flower 3.5g,collapsed_duplicate;merged_into_master
,Apple Tartz - 3.5g,Pastime Apple Tartz Flower 3.5g,no_vendor_column;no_cannabinoid_columns;renamed
,Gorilla Glue #4 - 3.5g,Pastime Gg 4 Flower 3.5g,no_vendor_column;no_cannabinoid_columns;renamed
,2pk Joints - Blackberry Kush - 2g,Greenleaf Mj Blackberry Kush Pre-roll 2g,collapsed_duplicate;merged_into_master
,5pk Joints - Blackberry Kush - 5g,Greenleaf Mj Blackberry Kush Pre-roll 5g,no_vendor_column;no_cannabinoid_columns;renamed
,Stogies - Blackberry Kush - 1.5g,Greenleaf Mj Blackberry Kush Blunt 1.5g,no_vendor_column;no_cannabinoid_columns;renamed
,2pk Joints - Blue Hawaiian - 2g,Greenleaf Mj Blue Hawaiian Pre-roll 2g,collapsed_duplicate;merged_into_master
,5pk Joints - Blue Hawaiian - 5g,Greenleaf Mj Blue Hawaiian Pre-roll 5g,no_vendor_column;no_cannabinoid_columns;renamed
,Stogies - Blue Hawaiian - 1.5g,Greenleaf Mj Blue Hawaiian Blunt 1.5g,no_vendor_column;no_cannabinoid_columns;renamed
,2pk Joints - Joker Juice - 2g,Greenleaf Mj Jokerz Pre-roll 2g,collapsed_duplicate;merged_into_master
,5pk Joints - Joker Juice - 5g,Greenleaf Mj Jokerz Pre-roll 5g,no_vendor_column;no_cannabinoid_columns;renamed
,Stogies - Joker Juice - 1.5g,Greenleaf Mj Jokerz Blunt 1.5g,no_vendor_column;no_cannabinoid_columns;renamed
,2pk Joints - Novocain - 2g,Greenleaf Mj Novocain Pre-roll 2g,collapsed_duplicate;merged_into_master
,5pk Joints - Novocain - 5g,Greenleaf Mj Novocain Pre-roll 5g,no_vendor_column;no_cannabinoid_columns;renamed
,Stogies - Novocain - 1.5g,Greenleaf Mj Novocain Blunt 1.5g,no_vendor_column;no_cannabinoid_columns;renamed
,2pk Joints - Strawberry Gary - 2g,Greenleaf Mj Strawberry Gary Pre-roll 2g,collapsed_duplicate;merged_into_master
,5pk Joints - Strawberry Gary - 5g,Greenleaf Mj Strawberry Gary Pre-roll 5g,no_vendor_column;no_cannabinoid_columns;renamed
,Stogies - Strawberry Gary - 1.5g,Greenleaf Mj Strawberry Gary Blunt 1.5g,no_vendor_column;no_cannabinoid_columns;renamed
,Northwest Concentrates BUBBLE HASH - Alien Dawg - 1g [ I ],Refine Alien Dawg Hash 1g,no_vendor_column;no_cannabinoid_columns;renamed
,Northwest Concentrates BUBBLE HASH - Sour Diesel - 1g [ S ],Refine Sour D Bubble Hash 1g,collapsed_duplicate;merged_into_master
,Northwest Concentrates BUBBLE HASH - Tahoe OG - 1g [ I ],Refine Tahoe Og Bubble Hash 1g,no_vendor_column;no_cannabinoid_columns;renamed
,Dab Syringe - Raw 1g,Two Heads Raw Th Distillate 1g,no_vendor_column;no_cannabinoid_columns;renamed
,Disposable CBD Platinum - Critical Mass - Indica - 1:1 - 1g,Skagit Organics Critical Mass Disposable Cartridge 1g,no_vendor_column;no_cannabinoid_columns;renamed
,Disposable CBD Platinum - Harlequin - 5:1 - Sativa - 1g,Skagit Organics Harlequin Disposable Cartridge 1g,collapsed_duplicate;merged_into_master
,Value THC RSO - THC Blend - Indica - 1g,Skagit Organics Indica RSO 1g,no_vendor_column;no_cannabinoid_columns;renamed
,Value THC RSO - THC Blend - Hybrid - 1g,Skagit Organics Hybrid RSO 1g,no_vendor_column;no_cannabinoid_columns;renamed
,Value THC RSO - THC Blend - Sativa - 1g,Skagit Organics Sativa RSO 1g,collapsed_duplicate;merged_into_master
,ThunderChief - Flower 3.5g TC - Florida Man - 3.5g,Thunder Chief Floridaman Flower 3.5g,no_vendor_column;no_cannabinoid_columns;renamed
,ThunderChief - Flower 3.5g TC - Blue Licorice - 3.5g,Thunder Chief Blue Licorice Flower 3.5g,no_vendor_column;no_cannabinoid_columns;master_of_2_duplicates;renamed
,ThunderChief - Flower 3.5g TC - Black Licorice - 3.5g,Thunder Chief Blue Licorice Flower 3.5g,collapsed_duplicate;merged_into_master
,ThunderChief - Pre-Rolls 2x0.5g TC - BlackBerry - 1g,Thunder Chief Blackberry Pre-roll 1g,collapsed_duplicate;merged_into_master
,ThunderChief - Pre-Rolls 2x0.5g TC - Candy Apple - 1g,Thunder Chief Candy Apple Panda Candies 1g,no_vendor_column;no_cannabinoid_columns;renamed
,ThunderChief - Pre-Rolls 2x0.5g TC - Florida Man - 1g,Thunder Chief Floridaman Pre-roll 1g,no_vendor_column;no_cannabinoid_columns;renamed
,ThunderChief - Pre-Rolls 2x0.5g TC - The Milk-Man - 1g,Thunder Chief The Milk-man Pre-roll 1g,collapsed_duplicate;merged_into_master
,ThunderChief - Pre-Rolls 2x0.5g TC - Tropic Thunder - 1g,Eo Vapes Tropic Thunder Without Category 1g,no_vendor_column;no_cannabinoid_columns;renamed
,ThunderChief - Pre-Rolls 5x0.5g TC - Florida Man - 2.5g,Thunder Chief Floridaman Pre-roll 2.5g,collapsed_duplicate;merged_into_master
,ThunderChief - Pre-Rolls 5x0.5g TC - Gasolina - 2.5g,Thunder Chief Gasolina Pre-roll 2.5g,no_vendor_column;no_cannabinoid_columns;renamed
,ThunderChief - Smalls TC - Florida Man - 14g,Thunder Chief Floridaman Flower 14g,no_vendor_column;no_cannabinoid_columns;renamed
,ThunderChief Primo's - TC Primo Blunt 1.5g - Butter - 1.5g,Thunder Chief Butter Infused Blunt 1.5g,no_vendor_column;no_cannabinoid_columns;renamed
,Ooowee - 1G Hydrocarbon Concentrate - Blueberry Dream,Ooowee Blueberry Dream* Bho 1g,no_vendor_column;no_cannabinoid_columns;renamed
,Ooowee - JUICED 1G C.R HTE Disposable - Tropical Maui - 1g,Ooowee Tropical Maui Disposable Cartridge 1g,collapsed_duplicate;merged_into_master
,1937 - Pre-Rolls .5 x 2 pack - Cobra Chi 9 - 1g,1937 Cobra Chi 9 Pre-roll 1g,collapsed_duplicate;merged_into_master
,1937 - Pre-Rolls .5 x 2 pack - White Truffle - 1g,1937 White Truffle Pre-roll 1g,no_vendor_column;no_cannabinoid_columns;renamed
,1937 - 3.5g Flower - Cobra Chi 9 - 3.5g,1937 Cobra Chi 9 Flower 3.5g,no_vendor_column;no_cannabinoid_columns;renamed
,1937 - 3.5g Flower - Flyin Hawaiian 23 - 3.5g,1937 Flyin Hawaiian Flower 3.5g,collapsed_duplicate;merged_into_master
,1937 - 3.5g Flower - Tricho Jordan 5 - 3.5g,1937 Tricho Jordan 5 Flower 3.5g,no_vendor_column;no_cannabinoid_columns;renamed
,1937 - 7g Regular Buds - Tricho Jordan 5 - 7g,1937 Tricho Jordan Pre-roll 7g,no_vendor_column;no_cannabinoid_columns;renamed
,1937 - Pre-Rolls .5 x 2 pack - Flyin Hawaiian 23,1937 Flyin Hawaiian Pre-roll 1g,no_vendor_column;no_cannabinoid_columns;renamed
,1937 - Pre-Rolls .5 x 2 pack - Mimosa,1937 Mimosa Pre-roll 1g,no_vendor_column;no_cannabinoid_columns;renamed
,1937 - Pre-Rolls .5 x 2 pack - Blueberry Muffins - 1g,1937 Blueberry Muffin Pre-roll 1g,no_vendor_column;no_cannabinoid_columns;renamed
,Fire Bros Pre-Roll 2-Pack - Purple Milk - 1g,Fire Bros Purple Milk Pre-roll 1g,no_vendor_column;no_cannabinoid_columns;renamed
,Cookies - Bar - All-In-One - 1g - Fried Bananas,Cookies Fried Banana Disposable Cartridge 1g,no_vendor_column;no_cannabinoid_columns;renamed
,Cookies - Bar - All-In-One - 1g - The Flo,Cookies The Flo Disposable Cartridge 1g,no_vendor_column;no_cannabinoid_columns;renamed
,Cookies - Cannabis Terps - Cartridge - 1g - Hollywood,Cookies Hollywood Cartridge 1g,no_vendor_column;no_cannabinoid_columns;renamed
,Canna Organix - Premium Flower Zkittlez - 3.5g,Canna Organix Zkittlez Flower 3.5g,no_vendor_column;no_cannabinoid_columns;renamed
,Canna Organix - Custard - The Glue - 1g,Canna Organix The Glue Badder 1g,no_vendor_column;no_cannabinoid_columns;renamed
,Canna Organix - Custard - Red Dragon - 1g,Canna Organix Red Dragon Badder 1g,no_vendor_column;no_cannabinoid_columns;renamed
,Canna Organix - Custard - Forbidden Fruit - 1g,Canna Organix Forbidden Fruit Badder 1g,collapsed_duplicate;merged_into_master
,Canna Organix - Sauced & Tossed - Cereal Milk - 1g,Canna Organix Cereal Milk Infused Pre-roll 1g,collapsed_duplicate;merged_into_master
,Flower - 07g - TK Lime Small Buds,Skord Tk Lime Flower 7g,no_vendor_column;no_cannabinoid_columns;renamed
,3pk Headband Snickle Fritz Cart,Phat Panda Headband Cartridge 3g,no_vendor_column;no_cannabinoid_columns;renamed
,- 3pk Lemon Cherry Gelato Snickle Fritz Cart,Phat Panda Lemon Cherry Gelato Cartridge 3g,collapsed_duplicate;merged_into_master
,3pk Grape Goji Snickle Fritz Cart,Phat Panda Grape Goji Cartridge 3g,no_vendor_column;no_cannabinoid_columns;renamed
,3pk Slurricane Snickle Fritz Cart,Phat Panda Slurricane Cartridge 3g,no_vendor_column;no_cannabinoid_columns;renamed
,3pk Pineapple Upside Down Cake Snickle Fritz Cart,Phat Panda Pineapple Upside Down Cake Cartridge 3g,no_vendor_column;no_cannabinoid_columns;renamed
,3pk Train Wreck Snickle Fritz Cart,Phat Panda Trainwreck Cartridge 3g,no_vendor_column;no_cannabinoid_columns;renamed
,".75g Trichome InTERPreter Pre-Rolls, 2ct - Watermelon Tourmaline+BP - 1.5g",Trichome Watermelon Tourmaline Infused Pre-roll 1.5g,no_vendor_column;no_cannabinoid_columns;renamed
,".75g Trichome InTERPreter Pre-Rolls, 2ct - Chicken & Wafflez+AT - 1.5g",Trichome Chicken Wafflez Infused Pre-roll 1.5g,no_vendor_column;no_cannabinoid_columns;renamed
,".5g Isolated Pre-Rolled Cones, 2ct - Isolated Sweet Cherries Pre-Rolled Cones - 1g",Trichome Sweet Cherries Infused Pre-roll 1g,collapsed_duplicate;merged_into_master
,".75g Trichome InTERPreter Pre-Rolls, 6pk - Super Lemon Haze+JJ - 4.5g",Trichome Super Lemon Haze Infused Pre-roll 4.5g,collapsed_duplicate;merged_into_master
,Sky High Gardens Flower - Cosmic Chem - 1g,Sky High Gardens Cosmic Chem Flower 1g,no_vendor_column;no_cannabinoid_columns;renamed
,Sky High Gardens Flower Cosmic Chem - 3.5g,Sky High Gardens Cosmic Chem Flower 3.5g,no_vendor_column;no_cannabinoid_columns;renamed
,Sky High Gardens Pre-roll SoDo GMO - 1.2g,Sky High Gardens Sodo Gmo Pre-roll 1.2g,no_vendor_column;no_cannabinoid_columns;renamed
,Sky High Gardens flower SoDo GMO 1g,Sky High Gardens Sodo Gmo Flower 1g,no_vendor_column;no_cannabinoid_columns;renamed
,Dungeness Dank - Flower Lot - Du Ma OG - 3.5g,Dungeness Dank Du Ma Og Flower 3.5g,collapsed_duplicate;merged_into_master
,Dungeness Dank - 0.75g Flower Pre Roll Packs - Parking Lot Kush - 1.5g,Dungeness Dank Parking Lot Kush Pre-roll 1.5g,no_vendor_column;no_cannabinoid_columns;renamed
,Dungeness Dank - 0.75g Flower Pre Roll Packs - PICKLE RICK - 1.5g,Dungeness Dank Pickle Rick Pre-roll 1.5g,no_vendor_column;no_cannabinoid_columns;renamed
,Dungeness Dank - 0.75g Flower Pre Roll Packs - SHERB CREAM PIE - 1.5g,Dungeness Dank Sherb Cream Pie Pre-roll 1.5g,no_vendor_column;no_cannabinoid_columns;renamed
,Dungeness Dank - Flower Lot - SHERB CREAM PIE - 3.5g,Dungeness Dank Sherb Cream Pie Flower 3.5g,no_vendor_column;no_cannabinoid_columns;renamed
,Dungeness Dank - Flower Pre-Rolls packs - Taco Truck - 1.5g,Dungeness Dank Taco Truck Pre-roll 1.5g,no_vendor_column;no_cannabinoid_columns;renamed
,Dungeness Dank - Hash Rosin - GG#4 - 1g,Dungeness Dank Gg 4 Hash Rosin 1g,collapsed_duplicate;merged_into_master
,Dungeness Dank - CRAB CLAWS 0.5g Infused Joint Packs - Parking Lot Kush - 1g,Dungeness Dank Parking Lot Kush Infused Pre-roll 1g,no_vendor_column;no_cannabinoid_columns;renamed
,Dungeness Dank - CRAB CLAWS 0.5g Infused Joint Packs - YELLOW ZUSHI - 1g,Dungeness Dank Yellow Zushi Infused Pre-roll 1g,no_vendor_column;no_cannabinoid_columns;renamed
,Dungeness Dank - CRAB CLAWS 0.5g Infused Joint Packs - SALMON CANDY - 1g,Dungeness Dank Salmon Candy Infused Pre-roll 1g,no_vendor_column;no_cannabinoid_columns;renamed
,Dungeness Dank - Hash ROSIN 1g - PERMANENT MARKER - 1g,Dungeness Dank Permanent Marker Hash Rosin 1g,no_vendor_column;no_cannabinoid_columns;renamed
,Packaged Flower - Toad Venom - 3.5g,Zen Cannabis Toad Venom Flower 3.5g,no_vendor_column;no_cannabinoid_columns;renamed
,Liquid Diamond Disposables - Magic Pop Rocks #3 - 1g,Svin Magic Pop Rocks 3 Disposable Cartridge 1g,no_vendor_column;no_cannabinoid_columns;renamed
,Select Series - London Marker #9 - 3.5g,Svin London Marker 9 Flower 3.5g,collapsed_duplicate;merged_into_master
,Select Series - Diamond Runtz #2 - 3.5g,Svin Diamond Runtz Flower 3.5g,collapsed_duplicate;merged_into_master
,Liquid Diamond Disposables - Jacuzzi - 1g,Svin Jacuzzi Disposable Cartridge 1g,collapsed_duplicate;merged_into_master
,Lobster OG Sugarstix 1g,Lifted Lobster Og Infused Pre-roll 1g,no_vendor_column;no_cannabinoid_columns;renamed
,Craft Elixirs Edible Potcorn-Caramel 3pk,Craft Elixir Caramel Popcorn Edible 0.6oz,collapsed_duplicate;merged_into_master
,2727 - Pre-roll - Snowman Cookies - 5g,2727 Snowman Cookies Pre-roll 5g,collapsed_duplicate;merged_into_master
,2727 - Vape Cart - 2727 - Guava - 1g,2727 Guava Cartridge 1g,collapsed_duplicate;merged_into_master
,Super Mega Bussin' - Disposable - SMB - Gelato Runtz - 1g,Gelato Runtz Disposable Cartridge 1g,collapsed_duplicate;merged_into_master
,2727 - Pre-Rolls - Presidential Kush - 5g,2727 Presidential Kush Pre-roll 5g,no_vendor_column;no_cannabinoid_columns;renamed
,2727 - Pre-Rolls - 2727 - DOH - UW Purple - 5g,2727 Uw Purple Pre-roll 5g,no_vendor_column;no_cannabinoid_columns;renamed
,2727 - Pre-Rolls - 2727 - DOH - Dragon's Piss - 5g,2727 Dragon's Piss Pre-roll 5g,collapsed_duplicate;merged_into_master
,Candy Gas Bong Buddies,Phat Panda Candy Gas Flower 2g,no_vendor_column;no_cannabinoid_columns;renamed
,Hybrid - Lemon Cherry Gelato Snickle Fritz AIO,Phat Panda Lemon Cherry Gelato Disposable Cartridge 1g,no_vendor_column;no_cannabinoid_columns;renamed
,Indica - Grape Goji Snickle Fritz AIO,Phat Panda Grape Goji Disposable Cartridge 1g,collapsed_duplicate;merged_into_master
,Indica - Hawaiian Zkittlez Snickle Fritz AIO,Phat Panda Hawaiian Zkittlez Disposable Cartridge 1g,no_vendor_column;no_cannabinoid_columns;renamed
,Indica - Slurricane Snickle Fritz AIO,Phat Panda Slurricane Disposable Cartridge 1g,no_vendor_column;no_cannabinoid_columns;renamed
,Sativa - Gusherz Snickle Fritz AIO,Phat Panda Gusherz Disposable Cartridge 1g,collapsed_duplicate;merged_into_master
,Sativa - Train Wreck Snickle Fritz AIO,Phat Panda Trainwreck Disposable Cartridge 1g,no_vendor_column;no_cannabinoid_columns;renamed
,Hybrid - 3pk Lime Sorbet Snickle Fritz Cart,Phat Panda Lime Sorbet Cartridge 3g,no_vendor_column;no_cannabinoid_columns;renamed
,Indica - 3pk Hawaiian Zkittlez Snickle Fritz Cart,Phat Panda Hawaiian Zkittlez Cartridge 3g,no_vendor_column;no_cannabinoid_columns;renamed
,Rays - 7.5oz Hash Rosin Pineapple Lemonade - 100mg THC : 20mg CBD : 20mg CBG : 20mg CBN : 20mg CBC - DOH,Rays Lemonade Pineapple Liquid Infused Edible 7.5floz,no_vendor_column;no_cannabinoid_columns;renamed
,Rays - 7.5oz Hash Rosin Kiwi Strawberry Lemonade - 100mg THC : 20mg CBD : 20mg CBG : 20mg CBN : 20mg CBC - DOH,Rays Lemonade Kiwi Strawberry Liquid Infused Edible 7.5floz,no_vendor_column;no_cannabinoid_columns;renamed
,Retail Packaged - Lemon Amarena - 3.5g,Royal Kind Lemon Amarena Flower 3.5g,no_vendor_column;no_cannabinoid_columns;renamed
,[DOH] SUPREME Flower - Super Zulu - 1g,Subx Super Zulu Flower 1g,no_vendor_column;no_cannabinoid_columns;renamed
,[DOH] SUPREME Flower - Super Zulu - 3.5g,Sub X Super Zulu Flower 3.5g,no_vendor_column;no_cannabinoid_columns;renamed
,[DOH] SIGNATURE Flower - Cap Junky - 1g,Sub X Cap Junky Flower 1g,collapsed_duplicate;merged_into_master
,[DOH] SIGNATURE Flower - Gravity Well - 1g,Sub X Gravity Well Flower 1g,no_vendor_column;no_cannabinoid_columns;renamed
,[DOH] SIGNATURE Pre-Roll - Platinum Lemon Cherry Gelato - 2pk,Sub X Lemon Cherry Gelato Pre-roll 1g,no_vendor_column;no_cannabinoid_columns;renamed
,[DOH] SIGNATURE Pre-Roll - Ether - 2pk,Sub X Ether Pre-roll 1g,collapsed_duplicate;merged_into_master
,[DOH] SIGNATURE Pre-Roll - Super Boof - 2pk,Sub X Super Boof Pre-roll 1g,no_vendor_column;no_cannabinoid_columns;renamed
,SELECT Batter - Alley Oop - 1g,Sub X Alley Oop Badder 1g,collapsed_duplicate;merged_into_master
,[DOH] SIGNATURE Batter - Super Boof - 1g,Sub X Super Boof Badder 1g,no_vendor_column;no_cannabinoid_columns;renamed
,hashbreak - Pre Rolls (Infused) - Strawberry Shortcake - 1g,Torus Strawberry Shortcake Infused Pre-roll 1g,no_vendor_column;no_cannabinoid_columns;renamed
,Torus - Glass Tip Blunt - Snowcaine - 2g,Torus Snowcaine Blunt 2g,no_vendor_column;no_cannabinoid_columns;renamed
,Cantina Gummies - CBD:CBC:CBG Guava 10 Pack 400mg,Constellation Guava Gummies 32g,no_vendor_column;no_cannabinoid_columns;renamed
,Const INF 2pk 1g - The Soap,Constellation The Soap Infused Pre-roll 1g,collapsed_duplicate;merged_into_master
,Const INF 2pk 1g - Medellin,Constellation Medellin Infused Pre-roll 1g,no_vendor_column;no_cannabinoid_columns;renamed
,Const INF 2pk 1g - Souped Up,Constellation Souped Up Infused Pre-roll 1g,no_vendor_column;no_cannabinoid_columns;renamed
,Const Rosin AIO Hype 2.0 Device GMO 1g,Constellation Gmo Disposable Cartridge 1g,no_vendor_column;no_cannabinoid_columns;renamed
,Micro Cart - 1g Cartridge - Micro Cart - Peach Berry - 1g,Micro Bar Peach Berry Cartridge 1g,no_vendor_column;no_cannabinoid_columns;renamed
,Micro Cart - 1g Cartridge - Micro Cart - Watermelon Pineapple - 1g,Micro Bar Watermelon Pineapple Cartridge 1g,no_vendor_column;no_cannabinoid_columns;renamed
,Micro Cart - 1g Cartridge - Micro Cart - Mango Strawberry - 1g,Micro Bar Mango Strawberry Cartridge 1g,no_vendor_column;no_cannabinoid_columns;renamed
,ROSIN Fruit Burst - Chillin Cherry Lime Sativa 100mg,Swell Cherry Lime Fruit Chews 33g,no_vendor_column;no_cannabinoid_columns;renamed
,Fruit Burst - Strawberry Tsunami Indica 100mg,Swell Strawberry Tsunami Fruit Chews 33g,no_vendor_column;no_cannabinoid_columns;renamed
,Fruit Burst - Mystery Monsoon Sativa 100mg,Swell Mystery Fruit Chews 33g,collapsed_duplicate;merged_into_master
,SPR - Stuffed Cherry Zlushiez - 1g,Spr Stuffed Cherry Zlushiez Flower 1g,no_vendor_column;no_cannabinoid_columns;renamed
,SPR - Stuffed Cherry Zlushiez - 3.5g,Spr Stuffed Cherry Zlushiez Flower 3.5g,no_vendor_column;no_cannabinoid_columns;renamed
,SPR - Charmz - 1g,Spr Charmz Flower 1g,no_vendor_column;no_cannabinoid_columns;renamed
,SPR - Cake Frosting - 1g,Spr Cake Frosting Flower 1g,no_vendor_column;no_cannabinoid_columns;renamed
,SPR - 1g LIVE RESIN Vape Cart - Citrus Mistress,Spr Citrus Mistress Live Resin Cartridge 1g,collapsed_duplicate;merged_into_master
,SPR - 1g Hash Rosin Infused Blunt - Orangeade x Blue Slushie,Spr Orangeade X Blue Slushie Infused Pre-roll 1g,collapsed_duplicate;merged_into_master
,Honey Tree - Live Resin Prana AIO - HTE - Maui Wowie - Sativa - 1mL,Honey Tree Maui Wowie Disposable Cartridge 1g,no_vendor_column;no_cannabinoid_columns;renamed
,Ultra Pure - Live Resin 510 Vape - Liquid Diamonds - Tropical Runtz - Hybrid - 1mL,Bodhi High Tropical Runtz Cartridge 1g,collapsed_duplicate;merged_into_master
,Pure - Live Resin 510 Vape - Liquid Diamonds - Durban Poison - Sativa - 1mL,Bodhi High Durban Poison Cartridge 1g,no_vendor_column;no_cannabinoid_columns;renamed
,Original - Live Resin 510 Vape - High Potency - NYC Diesel - Hybrid - 1mL,Bodhi High Nyc Diesel Cartridge 1g,collapsed_duplicate;merged_into_master
,Honey Stixx - 2pk - Solventless Infused Preroll - Hash - Blueberry Trainwreck X Layer Cake - Sativa - 1g,Honey Stixx Blueberry Trainwreck Infused Pre-roll 1g,no_vendor_column;no_cannabinoid_columns;renamed
,Honey Stixx - 1pk - Flavored Infused Preroll - Blueberry Muffin - Hybrid - 0.75g,Honey Stixx Blueberry Muffin Infused Blunt 0.75g,collapsed_duplicate;merged_into_master
,Honey Stixx - 1pk - Flavored Infused Preroll - Loud Lychee - Hybrid - 0.75g,Honey Stixx Loud Lychee Infused Pre-roll 0.75g,no_vendor_column;no_cannabinoid_columns;renamed
,FDG Packaged Flower - Melonoz - 3.5g,Fdg Melonoz Flower 3.5g,no_vendor_column;no_cannabinoid_columns;renamed
,FDG Packaged Flower - Melonoz - 7g,Fdg Melonoz Flower 7g,no_vendor_column;no_cannabinoid_columns;renamed
,Packaged Flower - Hashplant - 14g,Fdg Hashplant Flower 14g,no_vendor_column;no_cannabinoid_columns;renamed
,Packaged Flower - Hashplant - 7g,Fdg Hashplant Flower 7g,no_vendor_column;no_cannabinoid_columns;renamed
,Packaged Flower - Peach Ringz - 3.5g,Fdg Peach Ringz Flower 3.5g,collapsed_duplicate;merged_into_master
,FDG Packaged Flower - Peach Ringz - 7g,Fdg Peach Ringz Flower 7g,no_vendor_column;no_cannabinoid_columns;renamed
,FDG Packaged Flower - Purple Diesel - 14g,Fdg Purple Diesel Flower 14g,no_vendor_column;no_cannabinoid_columns;renamed
,Packaged Flower - Purple Diesel - 3.5g,Fdg Purple Diesel Flower 3.5g,collapsed_duplicate;merged_into_master
,Packaged Flower - Purple Diesel - 7g,Fdg Purple Diesel Flower 7g,no_vendor_column;no_cannabinoid_columns;renamed
,Pre-Rolls - Melonoz - 2pk (0.5g x 2),Fdg Melonoz Pre-roll 1g,no_vendor_column;no_cannabinoid_columns;renamed
,Pre-Rolls - Peach Ringz - 2pk (0.5g x 2),Fdg Peach Ringz Pre-roll 1g,collapsed_duplicate;merged_into_master
,Pre-Rolls - Hashplant - 2pk (0.5g x 2),Fdg Hashplant Pre-roll 1g,no_vendor_column;no_cannabinoid_columns;renamed
,Packaged Flower - GG #4 - 3.5g,Fdg Gg 4 Flower 3.5g,collapsed_duplicate;merged_into_master
,Packaged Flower - GG #4 - 7g,Fdg Gg 4 Flower 7g,no_vendor_column;no_cannabinoid_columns;renamed
,Packaged Flower - Lazy Llama - 3.5g,Fdg Lazy Llama Flower 3.5g,collapsed_duplicate;merged_into_master
,Pre-Rolls - Lazy Llama - 2pk (0.5g x 2),Fdg Lazy Llama Pre-roll 1g,no_vendor_column;no_cannabinoid_columns;renamed
,Incredibulk - IB PHO 1g - Strawberry Kush - 1g,Clarity Farms Strawberry Kush Bho 1g,collapsed_duplicate;merged_into_master
,Kelso Kandy - KK TERP+INF PR .8g (Single) - Berry Gelato - .8g,Clarity Farms Berry Gelato Infused Pre-roll 0.8g,no_vendor_column;no_cannabinoid_columns;master_of_2_duplicates;renamed
,Kelso Kandy - KK TERP+INF PR .8g (Single) - Blood Orange - .8g,Clarity Farms Blood Orange Infused Pre-roll 0.8g,no_vendor_column;no_cannabinoid_columns;master_of_2_duplicates;renamed
,Kelso Kandy - KK TERP+INF PR .8g (Single) - Blue Hawaiian - .8g,Clarity Farms Blue Hawaiian Infused Pre-roll 0.8g,collapsed_duplicate;merged_into_master
,Kelso Kandy - KK TERP+INF PR .8g (Single) - Blue Razzberry - .8g,Clarity Farms Blue Razz Infused Pre-roll 0.8g,no_vendor_column;no_cannabinoid_columns;renamed
,Kelso Kandy - KK TERP+INF PR .8g (Single) - Lime Sorbet - .8g,Clarity Farms Lime Sorbet Infused Pre-roll 0.8g,no_vendor_column;no_cannabinoid_columns;renamed
,Zereal Milk - 3.5g,Pastime Zereal Milk Flower 3.5g,no_vendor_column;no_cannabinoid_columns;renamed
,Garlic Milk - 3.5g,Pastime Garlic Milk Flower 3.5g,no_vendor_column;no_cannabinoid_columns;renamed
,Gorilla Butter - 3.5g,Pastime Gorilla Butter Flower 3.5g,collapsed_duplicate;merged_into_master
,Happy Cabbage Strawberry Serenity Fruit Chew - 100mg,Happy Cabbage Strawberry Edible 60g,no_vendor_column;no_cannabinoid_columns;renamed
,Flower 3.5g / Boss Sauce,Second Nature Boss Sauce Flower 3.5g,no_vendor_column;no_cannabinoid_columns;renamed
,Flower 3.5g / Sub Zero,Second Nature Sub Zero Flower 3.5g,collapsed_duplicate;merged_into_master
,Flower 7g / Sub Zero,Second Nature Sub Zero Flower 7g,no_vendor_column;no_cannabinoid_columns;renamed
,Grape Lobster Flower 3.5g,Lifted Grape Lobster Flower 3.5g,no_vendor_column;no_cannabinoid_columns;renamed
,Lifted Strawberry Lobster 3.5g,Lifted Strawberry Lobster Flower 3.5g,collapsed_duplicate;merged_into_master
,Lobster Box #3 Lifted Flower 3.5g,Lifted Losbter Flower 3.5g,no_vendor_column;no_cannabinoid_columns;renamed
,5-1 gram Pre-Roll packs - Candy Gassy - 5g,Mz. A Candy Gas Pre-roll 5g,collapsed_duplicate;merged_into_master
,Flower - Scented Marker - 1.5g,Mz. A Scented Marker Flower 1.5g,no_vendor_column;no_cannabinoid_columns;renamed
,Flower - Super mac - 1.5g,Mz. A Super Mac Flower 1.5g,no_vendor_column;no_cannabinoid_columns;renamed
,Flower - Super mac - 3.5g,Mz. A Super Mac Flower 3.5g,collapsed_duplicate;merged_into_master
,LIVE extract - vape cart - SPRINKLES - 1g,Downtown Sprinkles Cartridge 1g,no_vendor_column;no_cannabinoid_columns;renamed
,Packaged Flower - Lemon Beltz - 1g,Heavenly Buds Lemon Beltz Flower 1g,no_vendor_column;no_cannabinoid_columns;renamed
,Packaged Flower - Lemon Beltz - 3.5g,Heavenly Buds Lemon Beltz Flower 3.5g,no_vendor_column;no_cannabinoid_columns;renamed
,Packaged Flower - Lemon Beltz - 7g,Heavenly Buds Lemon Beltz Flower 7g,no_vendor_column;no_cannabinoid_columns;renamed
,Packaged Flower - Strawberry Banana Zkittles - 1g,Heavenly Buds Strawberry Banana Zkittles Flower 1g,collapsed_duplicate;merged_into_master
,Infused Bubble Hash Little Snappers - Lemon Boof - 2pk (2x0.5g),Heavenly Buds Lemon Boof Infused Pre-roll 1g,collapsed_duplicate;merged_into_master
,Infused Bubble Hash Little Snappers - Orange Truffle - 2pk (2x0.5g),Heavenly Buds Orange Truffle Infused Pre-roll 1g,collapsed_duplicate;merged_into_master
,Infused Bubble Hash Little Snappers - Orange Truffle - 5pk (5x0.5g),Heavenly Buds Orange Truffle Infused Pre-roll 2.5g,no_vendor_column;no_cannabinoid_columns;renamed
,Infused Bubble Hash Little Snappers - Strawberry Lemonade - 2pk (2x0.5g),Heavenly Buds Strawberrry Lemonade Infused Pre-roll 1g,no_vendor_column;no_cannabinoid_columns;renamed
,Infused Bubble Hash Little Snappers - Strawberry Lemonade - 5pk (5x0.5g),Heavenly Buds Strawberrry Lemonade Infused Pre-roll 2.5g,collapsed_duplicate;merged_into_master
,Live Rosin - Candy Apple - 1g,Heavenly Buds Candy Apple Rosin 1g,no_vendor_column;no_cannabinoid_columns;renamed
,Full Flower Little Snappers - Orange Diesel - 2pk (2x0.5g),Heavenly Buds Orange Diesel Pre-roll 1g,collapsed_duplicate;merged_into_master
,Full Flower Little Snappers - Papaya Melonz #7 - 2pk (2x0.5g),Heavenly Buds Papaya Melonz 7 Pre-roll 1g,collapsed_duplicate;merged_into_master
,Full Flower Little Snappers - Strawberry Banana Zkittles - 2pk (2x0.5g),Heavenly Buds Strawberry Banana Zkittles Pre-roll 1g,collapsed_duplicate;merged_into_master
,Full Flower Little Snappers - White Cherry Runtz - 2pk (2x0.5g),Heavenly Buds White Cherry Runtz Pre-roll 1g,collapsed_duplicate;merged_into_master
,Heavenly Buds Blueberry Banana Zkittles - 3.5g,Heavenly Buds Blueberry Banana Zkittles Flower 3.5g,no_vendor_column;no_cannabinoid_columns;renamed
,Heavenly Buds Blueberry Banana Zkittles - 7g,Heavenly Buds Blueberry Banana Zkittles Flower 7g,collapsed_duplicate;merged_into_master
,Heavenly Buds Blueberry Banana Zkittles - 1g,Heavenly Buds Blueberry Banana Zkittles Flower 1g,no_vendor_column;no_cannabinoid_columns;renamed
,Luxor Pre-Roll [1g] [D.O.H. COMPLIANT],Lifted Luxor Pre-roll 1g,no_vendor_column;no_cannabinoid_columns;master_of_2_duplicates;renamed
,Pink Lobster SugarStix 1g,Lifted Pink Lobster Infused Pre-roll 1g,no_vendor_column;no_cannabinoid_columns;renamed
,Twinkiez Live Resin Cart [1g] [CERAMIC] [D.O.H. COMPLIANT],Lifted Twinkies Cartridge 1g,no_vendor_column;no_cannabinoid_columns;renamed
,Banana Pop Rocks Sugar Crystals [1g] [Lifted] [D.O.H. COMPLIANT],Lifted Banana Pop Rocks Bho 1g,collapsed_duplicate;merged_into_master
,Oil Tanker Sugar Crystals [1g] [Lifted] [D.O.H. COMPLIANT],Lifted Oil Tanker Bho 1g,no_vendor_column;no_cannabinoid_columns;renamed
,Violet Fog Cured Cart [1g] [CERAMIC] [D.O.H. COMPLIANT],Lifted Violet Fog Disposable Cartridge 1g,no_vendor_column;no_cannabinoid_columns;renamed
,Sativa - Maui Wowie Panda Pen - 3pk,Phat Panda Maui Wowie Cartridge 3g,collapsed_duplicate;merged_into_master
,Sativa - Watermelon Mojito Panda Pen - 3pk,Phat Panda Watermelon Mojito Cartridge 3g,no_vendor_column;no_cannabinoid_columns;renamed
,Sativa - 3pk Tropical Slushie Snickle Fritz Cart,Phat Panda Tropical Slushie Cartridge 3g,no_vendor_column;no_cannabinoid_columns;renamed
,SKORD 5-Pack Joints - Animal Cocktail - 3.5 Grams,Skord Animal Cocktail Pre-roll 3.5g,collapsed_duplicate;merged_into_master
,SKORD Ceramic Cartridge - 1g - TK Lime,Skord Tk Lime Cartridge 1g,no_vendor_column;no_cannabinoid_columns;renamed
,SKORD Ceramic Cartridge - 01g - Lime Foot,Skord Lime Foot Cartridge 1g,no_vendor_column;no_cannabinoid_columns;renamed
,Legit Gold Infused Pre-roll Drunken Hashplant - 1g,Legit Drunken Hashplant Infused Pre-roll 1g,no_vendor_column;no_cannabinoid_columns;renamed
,Legit Gold Infused Pre-roll Godfather OG 1g,Legit Godfather Og Infused Pre-roll 1g,collapsed_duplicate;merged_into_master
,BITE_IND_S'MORES_1:1_10PK,Ceres Smores Chocolate 62g,no_vendor_column;no_cannabinoid_columns;master_of_2_duplicates;renamed
,BITE_SAT_S'MORES_1:1_10PK,Ceres Smores Chocolate 62g,collapsed_duplicate;merged_into_master
,BITE_IND_PEANUT_BUTTER_CHIP_1:1_10PK,Ceres Peanut Butter Chocolate 62g,collapsed_duplicate;merged_into_master
,BITE_SAT_PEANUT_BUTTER_CHIP_1:1_10PK,Ceres Peanut Butter Chocolate 62g,collapsed_duplicate;merged_into_master
,BITE_IND_TOFFEE_CRUNCH_1:1_10PK,Ceres Toffee Crunch Chocolate 62g,no_vendor_column;no_cannabinoid_columns;renamed
,BITE_SAT_TOFFEE_CRUNCH_1:1_10PK,Ceres Toffee Crunch Edible 62g,collapsed_duplicate;merged_into_master
,Budz Bud Oregon DIesel 3.5g,Budz Bud Oregon Diesel Flower 3.5g,no_vendor_column;no_cannabinoid_columns;renamed
,Budz Bud Runtz 3.5g,Budz Bud Runtz Flower 3.5g,no_vendor_column;no_cannabinoid_columns;renamed
,Budz Bud White Critical Kush 3.5g,Budz Bud White Critical Kush Flower 3.5g,collapsed_duplicate;merged_into_master
,Budz Bud Oregon Diesel 7g,Budz Bud Oregon Diesel Flower 7g,no_vendor_column;no_cannabinoid_columns;renamed
,Budz Bud Runtz 7g,Budz Bud Runtz Flower 7g,no_vendor_column;no_cannabinoid_columns;renamed
,Budz Bud White Critical Kush 7g,Budz Bud White Critical Kush Flower 7g,collapsed_duplicate;merged_into_master
,Torus - Flower - Strawberry Push Pop - 3.5g,Torus Strawberry Push Pop Flower 3.5g,no_vendor_column;no_cannabinoid_columns;renamed
,Torus - Pre Roll - Biscotti Chunks - 1g,Torus Biscotti Chunk Pre-roll 1g,no_vendor_column;no_cannabinoid_columns;renamed
,Torus - Flower - Biscotti Chunks - 3.5g,Torus Biscotti Chunk Flower 3.5g,no_vendor_column;no_cannabinoid_columns;renamed
,Torus - Pre Roll - Black Truffle - 1g,Torus Black Truffle Pre-roll 1g,no_vendor_column;no_cannabinoid_columns;renamed
,Torus - Pre Roll - Permanent Marker - 1g,Torus Permanent Marker Pre-roll 1g,collapsed_duplicate;merged_into_master
,Torus - Pre Roll - Gastro Pop - 1g,Torus Gastro Pop Pre-roll 1g,collapsed_duplicate;merged_into_master
,MFused - Cartridge - Blu Razz (S) - 1g,Mfused Blue Razz Cartridge 1g,collapsed_duplicate;merged_into_master
,Super Fog - Twisted - Ion - 1g (1pk) - Peach Halos - IND,Mfused Peach Halos Cartridge 1g,no_vendor_column;no_cannabinoid_columns;renamed
,MFused - Cartridge -  Blue Dream (S) - 1g,Mfused Blue Dream Cartridge 1g,collapsed_duplicate;merged_into_master
,Super Fog - Fire - Ion - 1g (1pk) - Blueberry Space Cake - IND - Sweet,Mfused Blueberry Space Cake Cartridge 1g,no_vendor_column;no_cannabinoid_columns;renamed
,Super Fog - Fire - Ion - 1g (1pk) - Permanent Marker - IND - Gas,Mfused Permanent Marker Cartridge 1g,no_vendor_column;no_cannabinoid_columns;renamed
,MFused - Cartridge - KO Kush (H) - 1g,Mfused Ko Kush Cartridge 1g,collapsed_duplicate;merged_into_master
,Super Fog - Fire - Ion - 1g (1pk) - Super Lemon Haze - SAT - Haze,Mfused Super Lemon Haze Cartridge 1g,no_vendor_column;no_cannabinoid_columns;renamed
,Mfused - Cartridge - Hawaiian Dutch (S) - 1g,Mfused Hawaiian Dutch Cartridge 1g,collapsed_duplicate;merged_into_master
,Super Fog - Loud - Ion - 1g (1pk) - Notorious THC - IND - Dessert,Mfused Notorious THC Cartridge 1g,collapsed_duplicate;merged_into_master
,Super Fog - Loud - Ion - 1g (1pk) - Sour Diesel - SAT - Gas,Mfused Sour Diesel Cartridge 1g,no_vendor_column;no_cannabinoid_columns;renamed
,Super Fog - Loud - Ion - 1g (1pk) - Strawberry Kush - SAT - Kush,Mfused Strawberry Kush Cartridge 1g,collapsed_duplicate;merged_into_master
,Super Fog - Loud - Jefe Plus - 1g (1pk) - Blackberry Pancakes - IND - Dessert,Mfused Blueberry Pancakes Disposable Cartridge 1g,no_vendor_column;no_cannabinoid_columns;renamed
,Super Fog - Fire - Jefe Plus - 1g (1pk) - Blueberry Space Cake - IND - Sweet,Mfused Blueberry Space Cake Disposable Cartridge 1g,no_vendor_column;no_cannabinoid_columns;renamed
,Super Fog - Fire - Jefe Plus - 1g (1pk) - Permanent Marker - IND - Gas,Mfused Permanent Marker Disposable Cartridge 1g,collapsed_duplicate;merged_into_master
,Zen Flower Pre-Rolls - GMO x OZ - 28g (28x1g),Zen Cannabis Gmo X Oz Pre-roll 28g,no_vendor_column;no_cannabinoid_columns;renamed
,Drops 1:1 CBD Daydreamy Cranberry/MAC #4,Full Spec Cranberry Edible 44g,no_vendor_column;no_cannabinoid_columns;renamed
,Full Spec Elite Cartridge Green Bliss (SH),Full Spec Green Bliss Cartridge 1g,no_vendor_column;no_cannabinoid_columns;renamed
,Full Spec Elite Cartridge  MOTAvated (SH),Full Spec Motavated Cartridge 1g,collapsed_duplicate;merged_into_master
,Full Spec Elite Cartridge Night Nurse (I),Full Spec Night Nurse Cartridge 1g,no_vendor_column;no_cannabinoid_columns;renamed
,Full Spec Elite Cartridge Dirty Girl (S),Full Spec Dirty Girl Cartridge 1g,no_vendor_column;no_cannabinoid_columns;renamed
,Full Spec Cadet Cartridge Doggy Bag (HI),Full Spec Doggy Bagg Cartridge 1g,collapsed_duplicate;merged_into_master
,Full Spec Cadet Cartridge Purple Punch (I),Full Spec Purple Punch Cartridge 1g,collapsed_duplicate;merged_into_master
,1g GoodGood Cartridge - Strawberry Watermelon Nectar (H),Goodgood Strawberry Watermelon Nectar Cartridge 1g,collapsed_duplicate;merged_into_master
,1g GoodGood Cartridge - Cherry's (H),Goodgood Cherry Cartridge 1g,no_vendor_column;no_cannabinoid_columns;renamed
,1g GoodGood AIO - Strawberry Hibiscus (H),Goodgood Strawberry Hibiscus Disposable Cartridge 1g,no_vendor_column;no_cannabinoid_columns;renamed
,1g GoodGood AIO - Orange Crimson (I),Goodgood Orange Crimson Disposable Cartridge 1g,no_vendor_column;no_cannabinoid_columns;renamed
,Diamond Dinger - 9th inning Rally (I),Translucency 9th Inning Rally Infused Pre-roll 1g,collapsed_duplicate;merged_into_master
,Diamond Dinger - Big Harbor Kush (H),Translucency Big Harbor Kush Infused Pre-roll 1g,no_vendor_column;no_cannabinoid_columns;renamed
,Diamond Dinger - Diamond Fog (H),Translucency Diamond Fog Infused Pre-roll 1g,no_vendor_column;no_cannabinoid_columns;renamed
,Diamond Dinger - Grand Salami (S),Translucency Grand Salami Infused Pre-roll 1g,no_vendor_column;no_cannabinoid_columns;renamed
,1g GoodGood AIO - Grape Bubbleberry (I),Goodgood Grape Animals Disposable Cartridge 1g,no_vendor_column;no_cannabinoid_columns;renamed
,ThunderChief - Flower 3.5g TC - The Milk-Man - 3.5g,Thunder Chief The Milk-man Flower 3.5g,no_vendor_column;no_cannabinoid_columns;renamed
,ThunderChief - Flower 3.5g TC - Hawaiian Rain - 3.5g,Thunder Chief Hawaiian Rain Flower 3.5g,collapsed_duplicate;merged_into_master
,ThunderChief - Flower 3.5g TC - Candy Man - 3.5g,Thunder Chief Candy Man Flower 3.5g,no_vendor_column;no_cannabinoid_columns;renamed
,Wedding Cake [3.5g] [Signature Line] [D.O.H. COMPLIANT],Lifted Wedding Cake Flower 3.5g,collapsed_duplicate;merged_into_master
,Wedding Cake [7g] [Signature Line] [D.O.H. COMPLIANT],Lifted Wedding Cake Flower 7g,no_vendor_column;no_cannabinoid_columns;renamed
,Wedding Cake Pre-Roll [1g] [D.O.H. COMPLIANT],Lifted Wedding Cake Pre-roll 1g,no_vendor_column;no_cannabinoid_columns;renamed
,Freddy's Finest Flower - Black Market - 3.5g,Freddy's Fuego Black Market Flower 3.5g,no_vendor_column;no_cannabinoid_columns;renamed
,Freddy's Finest Flower - Pineapple Bang - 3.5g,Freddy's Fuego Pineapple Bang Flower 3.5g,collapsed_duplicate;merged_into_master
,Freddy's Finest Flower - Sub-Zero - 3.5g,Freddy's Fuego Sub Zero Flower 3.5g,no_vendor_column;no_cannabinoid_columns;renamed
,Freddy's Finest Joint - Black Market - 1g,Freddy's Fuego Black Market Pre-roll 1g,no_vendor_column;no_cannabinoid_columns;renamed
,Freddy's Finest Joint - Sub-Zero - 1g,Freddy's Fuego Sub Zero Pre-roll 1g,collapsed_duplicate;merged_into_master
,Freddy's Finest Joint - Sugar Rainbow Luxe - 1g,Freddy's Fuego Sugar Rainbow Luxe Pre-roll 1g,no_vendor_column;no_cannabinoid_columns;renamed
,Const Cold Cure 1g - Georgia Pie,Constellation Georgia Pie Rosin 1g,no_vendor_column;no_cannabinoid_columns;renamed
,Const Cold Cure 1g - GMO Pie,Constellation Gmo Pie Rosin 1g,collapsed_duplicate;merged_into_master
,Const Cold Cure 1g - Pruno,Constellation Pruno Rosin 1g,no_vendor_column;no_cannabinoid_columns;renamed
,Living Soil Cold Cure 1g - Wild Thornberry,Constellation Wildthornberry Rosin 1g,no_vendor_column;no_cannabinoid_columns;renamed
,Const Rosin AIO Hype 2.0 Tea Time 1g,Constellation Tea Time Disposable Cartridge 1g,no_vendor_column;no_cannabinoid_columns;renamed
,Beetlejuice w/kief - 1g,Frosted Cannabis Beetlejuice Infused Pre-roll 1g,collapsed_duplicate;merged_into_master
,ThunderStix BLUNT-Tilted-DOH-glass tip preroll(1.2g) / Gorilla Glue (IH),Tilted Gorilla Glue Infused Blunt 1.2g,no_vendor_column;no_cannabinoid_columns;renamed
,ThunderStix BLUNT-Tilted-DOH-glass tip preroll(1.2g) / Ripped Off Runtz (H),Tilted Ripped Off Runtz Infused Blunt 1.2g,collapsed_duplicate;merged_into_master
,Cartridge - Menthol OG - 1g,Pastime Menthol Og Cartridge 1g,no_vendor_column;no_cannabinoid_columns;renamed
,Cartridge - Vapor Biscuit - 1g,Pastime Vapor Biscuit Cartridge 1g,no_vendor_column;no_cannabinoid_columns;renamed
,Queen Of The South - 3.5g,Pastime Queen Of The South Flower 3.5g,collapsed_duplicate;merged_into_master
,Yellow Zushi - 3.5g,Pastime Yellow Zushi Flower 3.5g,no_vendor_column;no_cannabinoid_columns;renamed
,Canna Organix - Sauced & Tossed - Offendo #21 - 1g,Canna Organix Offendo 21 Infused Pre-roll 1g,no_vendor_column;no_cannabinoid_columns;renamed
,Canna Organix - Custard - Lemon Cherry Gelato - 1g,Canna Organix Lemon Cherry Gelato Bho 1g,collapsed_duplicate;merged_into_master
,Canna Organix - .5g 2-Pack Preroll Tube - Tokyo Snow - 1g,Canna Organix Tokyo Snow Pre-roll 1g,no_vendor_column;no_cannabinoid_columns;renamed
,Canna Organix - .5g 2-Pack Preroll Tube - Super Silver Haze - 1g,Canna Organix Super Silver Haze Pre-roll 1g,no_vendor_column;no_cannabinoid_columns;renamed
,Canna Organix - .5g 2-Pack Preroll Tube - Forbidden Fruit - 1g,Canna Organix Forbidden Fruit Pre-roll 1g,collapsed_duplicate;merged_into_master
,SMB - Extracts - SMB - Sugar Crumble - Blueberry Caviar - 1g,2727 Blueberry Caviar Bho 1g,no_vendor_column;no_cannabinoid_columns;renamed
,2727 - Vape Cart - 2727 - Purple Punch - 1g,2727 Purple Punch Cartridge 1g,collapsed_duplicate;merged_into_master
,2727 - Pre-Rolls - 2727 - DOH - Honey Banana - 5g,2727 Honey Banana Pre-roll 5g,collapsed_duplicate;merged_into_master
,2727 - Pre-Rolls - 2727 - DOH - Garlic Breath - 5g,2727 Garlic Breath Pre-roll 5g,collapsed_duplicate;merged_into_master
,2727 - Pre-Rolls - 2727 - DOH - Purple Punch - 5g,2727 Purple Punch Pre-roll 5g,no_vendor_column;no_cannabinoid_columns;renamed
,2727 - Pre-Rolls - 2727 - DOH - OG Glue - 5g,2727 Og Glue Pre-roll 5g,collapsed_duplicate;merged_into_master
,2727 - Extracts - 2727 - Honey Crumble - Himalayan Kush - 1g,2727 Himalayan Kush Bho 1g,no_vendor_column;no_cannabinoid_columns;renamed
,5-1 gram Pre-Roll packs - Cherry Payton - 5g,Mz. A Cherry Payton Pre-roll 5g,no_vendor_column;no_cannabinoid_columns;renamed
,Flower - Lemon Cherry Runtz - 1.5g,Mz. A Lemon Cherry Runtz Flower 1.5g,no_vendor_column;no_cannabinoid_columns;renamed
,Flower - Lemon Cherry Runtz - 3.5g,Mz. A Lemon Cherry Runtz Flower 3.5g,no_vendor_column;no_cannabinoid_columns;renamed
,Flower - Candy Gassy - 1.5g,Mz. A Candy Gassy Flower 1.5g,no_vendor_column;no_cannabinoid_columns;renamed
,Flower - Candy Gassy - 3.5g,Mz. A Candy Gassy Flower 3.5g,collapsed_duplicate;merged_into_master
,Popcorn - Lemon Cherry Runtz - 28g,Mz. A Lemon Cherry Runtz Flower 28g,no_vendor_column;no_cannabinoid_columns;renamed
,Popcorn - Winter Sunrise - 28g,Mz. A Winter Sunrise Flower 28g,no_vendor_column;no_cannabinoid_columns;renamed
,Flower - NYC Diesel - 1.5g,Mz. A Nyc Diesel Flower 1.5g,collapsed_duplicate;merged_into_master
,Flower - NYC Diesel - 3.5g,Mz. A Nyc Diesel Flower 3.5g,no_vendor_column;no_cannabinoid_columns;renamed
,Buddies 100% Live Resin All in One Tanker - Blueberry Headband - 1g - (S/H) - DOH,Buddies Blueberry Headband Disposable Cartridge 1g,no_vendor_column;no_cannabinoid_columns;renamed
,Phat Panda Cartridge Raspberry Kush 1g,Phat Panda Raspberry Cartridge 1g,collapsed_duplicate;merged_into_master
,Phat Panda Cartridge Raspberry Lemonade,Phat Panda Raspberry Lemonade Cartridge 1g,no_vendor_column;no_cannabinoid_columns;renamed
,Phat Panda Cartridge White Gummy,Phat Panda White Gummy Cartridge 1g,collapsed_duplicate;merged_into_master
,Phat Panda Pre-roll Hawk Tuah,Phat Panda Hawk Tuah Pre-roll 1g,no_vendor_column;no_cannabinoid_columns;renamed
,Phat Panda Pre-Roll Oreoz,Phat Panda Oreoz Pre-roll 1g,no_vendor_column;no_cannabinoid_columns;renamed
,Phat Panda Pre-roll Raspberry Kush,Phat Panda Raspberry Pre-roll 1g,collapsed_duplicate;merged_into_master
,Phat Panda Pre-Rolls Chicken & Waffles 1g,Phat Panda Chicken Wafflez Pre-roll 1g,no_vendor_column;no_cannabinoid_columns;renamed
,Phat Panda Pre-Roll Original Glue 1g,Phat Panda Original Glue Pre-roll 1g,no_vendor_column;no_cannabinoid_columns;renamed
,ROSIN Fruit Burst - Paradise Punch Indica 100mg,Swell Paradise Punch Edible 3.3g,no_vendor_column;no_cannabinoid_columns;renamed
,Incredibulk - IB PHO 1g - SATIVA - Ghost Train Haze - 1g,Clarity Farms Ghost Train Haze Bho 1g,collapsed_duplicate;merged_into_master
,Tasty Terps - TT Diamond Badder 1g - Maui Mango - 1g,Clarity Farms Maui Mango Bho 1g,collapsed_duplicate;merged_into_master
,Smokiez Dreamy Blueberry Trifecta 100mg THC:CBG:CBN 1:1:1 Fruit Chews,Smokiez Blueberry Fruit Chews 60g,no_vendor_column;no_cannabinoid_columns;master_of_2_duplicates;renamed
,Smokiez Sour Dreamy Blueberry Trifecta 100mg THC:CBG:CBN 1:1:1 Fruit Chews,Smokiez Blueberry Fruit Chews 60g,collapsed_duplicate;merged_into_master
,Smokiez Midnight Prickly Pear Trifecta CBN:CBD:THC 1:1:1 Fruit Chews,Smokiez Prickly Pear Fruit Chews 60g,collapsed_duplicate;merged_into_master
,Smokiez Sour Midnight Prickly Pear Trifecta CBN:CBD:THC 1:1:1 Fruit Chews,Smokiez Prickly Pear Fruit Chews 60g,collapsed_duplicate;merged_into_master
,Smokiez Sleepy Watermelon Trifecta CBN:CBD:THC 2:2:1 Fruit Chews,Smokiez Sour Watermelon Fruit Chews 60g,collapsed_duplicate;merged_into_master
,Smokiez Sour Sleepy Watermelon Trifecta CBN:CBD:THC 2:2:1 Fruit Chews,Smokiez Sour Watermelon Fruit Chews 60g,collapsed_duplicate;merged_into_master
,LIVE extract - vape cart - MINT CONDITION - 1g,Downtown Mint Condition Cartridge 1g,no_vendor_column;no_cannabinoid_columns;renamed
,LIVE extract - vape cart - SWIFT CHEESE - 1g,Downtown Swift Cheese Cartridge 1g,no_vendor_column;no_cannabinoid_columns;renamed
,LIVE extract - vape cart - SUPER FUZZY - 1g,Downtown Super Fuzzy Cartridge 1g,collapsed_duplicate;merged_into_master
,LIVE extract - vape cart - TWISTED TOAST - 1g,Downtown Twisted Toast Cartridge 1g,no_vendor_column;no_cannabinoid_columns;renamed
,LIVE extract - vape cart - SPACE OG - 1g,Downtown Space Og Cartridge 1g,no_vendor_column;no_cannabinoid_columns;renamed
,FLOWER - COMATOAST - 1g,Downtown Comatoast Flower 1g,no_vendor_column;no_cannabinoid_columns;renamed
,Select Series - Crunch Berries - 3.5g,Svin Crunch Berriez Flower 3.5g,no_vendor_column;no_cannabinoid_columns;renamed
,Live Resin Disposables - Spooky Z - 1g,Svin Spooky Z Disposable Cartridge 1g,collapsed_duplicate;merged_into_master
,Terp Dough - Animal Mints BX1#3 - 1g,Svin Animal Mints Bho 1g,no_vendor_column;no_cannabinoid_columns;renamed
,Terp Dough - Krumblez - 1g,Svin Krumblez Bho 1g,no_vendor_column;no_cannabinoid_columns;renamed
,Flower - Double Dipped Strawberries - 1g,Sky High Gardens Double Dipped Strawberries Flower 1g,collapsed_duplicate;merged_into_master
,Flower - Double Dipped Strawberries - 3.5g,Sky High Gardens Double Dipped Strawberries Flower 3.5g,no_vendor_column;no_cannabinoid_columns;renamed
,Flower - Heladosa - 1g,Sky High Gardens Heladosa Flower 1g,collapsed_duplicate;merged_into_master
,Flower - Heladosa - 3.5g,Sky High Gardens Heladosa Flower 3.5g,no_vendor_column;no_cannabinoid_columns;renamed
,1g Flower - Pineapple Chunk - 1g,Sky High Gardens Pineapple Chunk Flower 1g,no_vendor_column;no_cannabinoid_columns;renamed
,"Trichome InTERPreter Pre-Rolls, 2ct - MAC 1+AT - 1.5g",Trichome Mac 1 Infused Pre-roll 1.5g,no_vendor_column;no_cannabinoid_columns;renamed
,Packaged Flower - Purple Jealousy - 7g,Pinnacle Green Purple Passion Fruit Flower 7g,no_vendor_column;no_cannabinoid_columns;renamed
,Fire Bros All-In-One Cart - Chrome Gnome - 1g,Fire Bros Chrome Gnome Disposable Cartridge 1g,no_vendor_column;no_cannabinoid_columns;renamed
,Fire Bros All-In-One Artist Series - Lobster Roll - 1g,Fire Bros Lobster Roll Disposable Cartridge 1g,no_vendor_column;no_cannabinoid_columns;renamed
,Fire Bros All-In-One Cart - Mongo,Fire Bros Mongo Disposable Cartridge 1g,no_vendor_column;no_cannabinoid_columns;renamed
,Fire Bros Pre-Roll 5-Pack - Grape Lobster - 2.5g,Fire Bros Grape Lobster Pre-roll 2.5g,no_vendor_column;no_cannabinoid_columns;renamed
,Ooowee - 1G Cartridge - Big Apple Diesel - 1g,Ooowee Big Apple Diesel Cartridge 1g,no_vendor_column;no_cannabinoid_columns;renamed
,Ooowee - 1G Cartridge - Honeydew - 1g,Ooowee Honeydew Cartridge 1g,collapsed_duplicate;merged_into_master
,Ooowee - 5/1G Infused PreRoll - Super Lemon Cherry Gelato - 5g,Ooowee Super Lemon Cherry Gelato Infused Pre-roll 5g,no_vendor_column;no_cannabinoid_columns;renamed
,Ooowee - 5/1G Infused PreRoll - Super Lemon Haze - 5g,Ooowee Super Lemon Haze Infused Pre-roll 5g,collapsed_duplicate;merged_into_master
,Ooowee - 5/1G Infused PreRoll - Cheat Code - 5g,Ooowee Cheat Code Infused Pre-roll 5g,collapsed_duplicate;merged_into_master
,Ooowee - 5/1G Pre-Roll - Crunch Berries - 5g,Ooowee Crunch Berriez Pre-roll 5g,no_vendor_column;no_cannabinoid_columns;renamed
,Ooowee - 5/1G Pre-Roll - Super Lemon Cherry Gelato - 5g,Ooowee Super Lemon Cherry Gelato Pre-roll 5g,no_vendor_column;no_cannabinoid_columns;renamed
,Ooowee - 5/1G Pre-Roll - Super Lemon Haze - 5g,Ooowee Super Lemon Haze Pre-roll 5g,no_vendor_column;no_cannabinoid_columns;renamed
,Ooowee - 5/1G Pre-Roll - Super Boof - 5g,Ooowee Super Boof Pre-roll 5g,no_vendor_column;no_cannabinoid_columns;renamed
,Ooowee - JUICED 1G C.R HTE Disposable - Strawberry Guava - 1g,Ooowee Strawberry Guava Disposable Cartridge 1g,no_vendor_column;no_cannabinoid_columns;renamed
,Ooowee - JUICED 1G C.R HTE Disposable - Big Apple Diesel - 1g,Ooowee Big Apple Diesel Disposable Cartridge 1g,no_vendor_column;no_cannabinoid_columns;renamed
,1937 - Disposable Cartridge - Banana Bread - 1g,1937 Banana Bread Disposable Cartridge 1g,no_vendor_column;no_cannabinoid_columns;renamed
,1937 - Disposable Cartridge - Tropicana Cherries - 1g,1937 Tropicanna Cherry Disposable Cartridge 1g,no_vendor_column;no_cannabinoid_columns;renamed
,1937 - Pre-Rolls .5 x 2 pack - Grape Mochi - 1g,1937 Grape Mochi Pre-roll 1g,collapsed_duplicate;merged_into_master
,1937 - Pre-Rolls .5 x 2 pack - Kabuki Sour - 1g,1937 Kabuki Sour Pre-roll 1g,no_vendor_column;no_cannabinoid_columns;renamed
,1937 - 7g Regular Buds - Triple Truffle 10 - 7g,1937 Triple Truffle Flower 7g,no_vendor_column;no_cannabinoid_columns;renamed
,1937 - Pre-Rolls .5 x 2 pack - Hawaiian Lion 11 - 1g,1937 Hawaiian Lion Pre-roll 1g,collapsed_duplicate;merged_into_master
,1937 - 3.5g Flower - First Class Funk - 3.5g,1937 First Class Funk Flower 3.5g,no_vendor_column;no_cannabinoid_columns;renamed
,1937 - 3.5g Flower - Pt Chimera Breath - 3.5g,1937 Chimera Flower 3.5g,no_vendor_column;no_cannabinoid_columns;renamed
,1937 - 3.5g Flower - Aloha Love - 3.5g,1937 Aloha Love Flower 3.5g,collapsed_duplicate;merged_into_master
,1937 - 3.5g Flower - Blockberry - 3.5g,1937 Blockberry Flower 3.5g,no_vendor_column;no_cannabinoid_columns;renamed
,1937 - 3.5g Flower - Banana Bread - 3.5g,1937 Banana Bread Flower 3.5g,no_vendor_column;no_cannabinoid_columns;renamed
,1937 - 7g Regular Buds - Grape Mochi - 7g,1937 Grape Mochi Flower 7g,collapsed_duplicate;merged_into_master
,Northwest Concentrates - CLASSIC DABS - Gary Payton - 1g [ H ],Northwest Concentrates Gary Payton Bho 1g,no_vendor_column;no_cannabinoid_columns;renamed
,Dab Syringe - Jack Herer 1g,Two Heads Jack Herer RSO 1g,collapsed_duplicate;merged_into_master
,Dab Syringe - Mango 1g,Two Heads Mango RSO 1g,no_vendor_column;no_cannabinoid_columns;renamed
,Torus - Rosin Cold Cure - Chem De La Sour - 1g,Torus Chem De La Sour Rosin 1g,no_vendor_column;no_cannabinoid_columns;renamed
,Torus - Glass Tip Blunt - Papaya Runtz - 2g,Torus Papaya Runtz Blunt 2g,no_vendor_column;no_cannabinoid_columns;renamed
,Torus - Rosin Cold Cure - K2 #1 - 1g,Torus K2 1 Rosin 1g,collapsed_duplicate;merged_into_master
,t2Hydro - Flower - Blue Powerade - 3.5g,Torus Blue Powerade Flower 1g,collapsed_duplicate;merged_into_master
,Green Reaper Live Resin Badder - Acapulco Gold - 1g,Green Reaper Acapulco Gold Live Resin 1g,no_vendor_column;no_cannabinoid_columns;renamed
,Green Reaper - Diamond Sauce - Bacio Gelato - 1g,Green Reaper Bacio Gelato Diamonds 1g,no_vendor_column;no_cannabinoid_columns;renamed
,Melted Diamond Badder - Banana Clips - 1g,Melted Banana Clips Badder 1g,collapsed_duplicate;merged_into_master
,Melted Diamond Badder - Candy Gas - 1g,Melted Candy Gas Badder 1g,no_vendor_column;no_cannabinoid_columns;renamed
,Green Reaper Live Resin Badder - Cherry Pie - 1g,Green Reaper Cherry Pie Badder 1g,no_vendor_column;no_cannabinoid_columns;renamed
,Green Reaper Melted Diamond Badder - Gary Poppins - 1g,Green Reaper Gary Poppins Badder 1g,collapsed_duplicate;merged_into_master
,Green Reaper Live Resin Badder - Jack Herer - 1g,Green Reaper Jack Herer Badder 1g,no_vendor_column;no_cannabinoid_columns;renamed
,Melted Diamond Badder - Jet Fuel Gelato - 1g,Melted Jet Fuel Gelato Badder 1g,no_vendor_column;no_cannabinoid_columns;renamed
,Green Reaper Live Resin Badder - Snoops Dream - 1g,Green Reaper Snoop's Dream Badder 1g,collapsed_duplicate;merged_into_master
,Green Reaper Live Resin Badder - Strawberry Cough - 1g,Green Reaper Strawberry Cough Badder 1g,no_vendor_column;no_cannabinoid_columns;renamed
,Melted Diamond Badder - Strawberry Cough - 1g,Melted Strawberry Cough Badder 1g,no_vendor_column;no_cannabinoid_columns;renamed
,Melted Diamond Badder - Super Silver Haze - 1g,Melted Super Silver Haze Badder 1g,no_vendor_column;no_cannabinoid_columns;renamed
,Green Reaper Live Resin Badder - Wedding Cake - 1g,Green Reaper Wedding Cake Badder 1g,no_vendor_column;no_cannabinoid_columns;renamed
,BITE_SAT_HEMP&RICE_1:1_10PK,Ceres Hemp Edible 2.2oz,no_vendor_column;no_cannabinoid_columns;renamed
,Zen Pre-roll Hash Burger - 4g,Zen Cannabis Hash Burger Pre-roll 4g,no_vendor_column;no_cannabinoid_columns;renamed
,Zen Flower Hash Burger - 3.5g,Zen Cannabis Hash Burger Flower 3.5g,collapsed_duplicate;merged_into_master
,Zen Flower BananaConda - 3.5g,Zen Cannabis Bananaconda Flower 3.5g,no_vendor_column;no_cannabinoid_columns;renamed
,Zen Pre-Rolls - Gas Face - 14g (28x0.5g),Zen Cannabis Gas Face Pre-roll 14g,no_vendor_column;no_cannabinoid_columns;renamed
,Zen Hash Rosin - Dulce De Boof - 1g,Zen Cannabis Dulce De Boof Hash Rosin 1g,no_vendor_column;no_cannabinoid_columns;renamed
,Zen Hash Rosin - Grape Cream Cake - 1g,Zen Cannabis Grape Cream Cake Hash Rosin 1g,no_vendor_column;no_cannabinoid_columns;renamed
,Zen Hash Rosin - Super Boof - 1g,Zen Cannabis Super Boof Hash 1g,collapsed_duplicate;merged_into_master
,Micro Bar - 1g Disposable - Micro Bar - Super Bubble - 1g,Micro Bar Super Bubble Disposable Cartridge 1g,no_vendor_column;no_cannabinoid_columns;renamed
,Micro Bar Liquid Gold - Micro Bar Liquid Gold 1g - Super Boof - 1g,Micro Bar Super Boof Disposable Cartridge 1g,no_vendor_column;no_cannabinoid_columns;renamed
,Micro Bar Liquid Gold - Micro Bar Liquid Gold 1g - Face Off OG - 1g,Micro Bar Face Off Og Disposable Cartridge 1g,no_vendor_column;no_cannabinoid_columns;renamed
,Micro Bar Liquid Gold - Micro Bar Liquid Gold 1g - Orange Cookies - 1g,Micro Bar Orange Cookies Disposable Cartridge 1g,no_vendor_column;no_cannabinoid_columns;renamed
,Micro Bar Liquid Gold - Micro Bar Liquid Gold 1g - Zour Watermelon - 1g,Micro Bar Zour Watermelon Disposable Cartridge 1g,no_vendor_column;no_cannabinoid_columns;renamed
,BFF Flavored Live Resin AIO - LOL - Lemon Orange Lychee - 1g - (S) - DOH,Buddies Lemon Orange Disposable Cartridge 1g,no_vendor_column;no_cannabinoid_columns;renamed
,BFF Flavored Live Resin AIO - NO CAP - Neon Cherry Apricot - 1g - (I) - DOH,Buddies Neon Cherry Apricot Disposable Cartridge 1g,collapsed_duplicate;merged_into_master
,M-MT-300ENG - Moxey Energize 1:1:1 Peppermints (100mg CBC/100mg CBG/100mg THC),Journeyman Peppermint Mints 12g,collapsed_duplicate;merged_into_master
,M-MT-400BAL - Moxey Balance 3:1 Peppermints (300mg CBG/100mg THC),Mr. Moxey's Peppermint Mints 12g,no_vendor_column;no_cannabinoid_columns;renamed
,Jealousy Live Resin Cart [1g] [CERAMIC] [D.O.H. COMPLIANT],Lifted Jealousy Cartridge 1g,no_vendor_column;no_cannabinoid_columns;renamed
,420 Brand - Milk Chocolate - Rosin - Honeycomb Toffee 100mg THC - Pouch,4.20 Honey Combz Chocolate 57g,no_vendor_column;no_cannabinoid_columns;renamed
,- Milk Chocolate - Rosin - Macadamia Nut 100mg THC - Pouch,4.20 Macadamia Nut Indica 100mg Chocolate 57g,no_vendor_column;no_cannabinoid_columns;renamed
,Animal Tsunami ( I/H ) - Plaid Jacket BHO Cured Resin Cart 1g,Plaid Jacket Animal Tsunami Cartridge 1g,collapsed_duplicate;merged_into_master
,Mango Mintality ( S/H ) - Plaid Jacket BHO Cured Resin Cart 1g,Plaid Jacket Mango Mintality Cartridge 1g,no_vendor_column;no_cannabinoid_columns;master_of_2_duplicates;renamed
,Permanent Gas ( I/H ) - Plaid Jacket BHO Cured Resin Disposable 1g,Plaid Jacket Permanent Gas Disposable Cartridge 1g,no_vendor_column;no_cannabinoid_columns;renamed
,Perfect Specimen ( I/H ) - Plaid Jacket BHO Cured Resin Disposable 1g,Plaid Jacket Perfect Specimen Disposable Cartridge 1g,no_vendor_column;no_cannabinoid_columns;renamed
,Mango Mintality ( S/H ) - Plaid Jacket BHO Elevated THC Cured Resin Cart 1g,Plaid Jacket Mango Mintality Cartridge 1g,collapsed_duplicate;merged_into_master
,Melon Ball ( S/H ) - Flipside Gold BHO/Ethanol Extracted Disposable 1g,Flipside Melon Ball Disposable Cartridge 1g,no_vendor_column;no_cannabinoid_columns;renamed
,Slapple ( I/H ) - Flipside Gold BHO/Ethanol Extracted Disposable 1g,Flipside Slapple Disposable Cartridge 1g,collapsed_duplicate;merged_into_master
,Gummyshark ( I ) Chef Joe's - Flipside Distillate Disposable 1g,Flipside Gummyshark Disposable Cartridge 1g,no_vendor_column;no_cannabinoid_columns;renamed
,Papayahuasca ( I ) Chef Joe's - Flipside Distillate Disposable 1g,Flipside Papayahuasca Disposable Cartridge 1g,no_vendor_column;no_cannabinoid_columns;renamed
,RedEyesGreenDragon ( S ) Chef Joe's - Flipside Distillate Disposable 1g,Flipside Redeyesgreendragon Disposable Cartridge 1g,collapsed_duplicate;merged_into_master
,Strawnana ( I ) Chef Joe's - Flipside Distillate Disposable 1g,Flipside Strawnana Disposable Cartridge 1g,no_vendor_column;no_cannabinoid_columns;renamed
,Pineapple Express ( H ) - Flipside Distillate Disposable 1g,Flipside Pineapple Express Disposable Cartridge 1g,no_vendor_column;no_cannabinoid_columns;renamed
,Strawberry Lemon Haze ( S ) - Flipside Distillate Disposable 1g,Flipside Strawberry Lemon Haze Disposable Cartridge 1g,no_vendor_column;no_cannabinoid_columns;renamed
,UW Purps ( I ) - Flipside Distillate Disposable 1g,Flipside Uw Purps Disposable Cartridge 1g,no_vendor_column;no_cannabinoid_columns;renamed
,Watermelon Sugar ( S ) - Flipside Distillate Disposable 1g,Flipside Watermelon Sugar Disposable Cartridge 1g,no_vendor_column;no_cannabinoid_columns;renamed
,Specimen X ( I/H ) Plaid Jacket BHO THCA Infused Joint - 1g,Plaid Jacket Specimen X Infused Pre-roll 1g,no_vendor_column;no_cannabinoid_columns;renamed
,Sitka Classic Cascade Cream Hashish Joint (H),Sitka Cascade Cream Infused Pre-roll 1g,collapsed_duplicate;merged_into_master
,Sitka Classic Cascade Cream Hash Joint Minis - 5pk,Sitka Cascade Cream Infused Pre-roll 3.5g,no_vendor_column;no_cannabinoid_columns;renamed
,Heavenly Flower  Black Maple - 3.5g,Heavenly Buds Black Maple Flower 3.5g,collapsed_duplicate;merged_into_master
,Heavenly Buds Flower - Black Maple - 7g,Heavenly Buds Black Maple Flower 7g,no_vendor_column;no_cannabinoid_columns;renamed
,Heavenly Buds Flower - Huckleberry Pie - 3.5g,Heavenly Buds Huckleberry Pie Flower 3.5g,collapsed_duplicate;merged_into_master
,Heavenly Buds Moroccan Hash - Orange Diesel - 1g,Heavenly Buds Orange Diesel Hash 1g,collapsed_duplicate;merged_into_master
,Heavenly Buds Full Flower Little Snappers - Blueberry Banana Zkittles - 10pk (10x0.5g),Heavenly Buds Blueberry Banana Zkittles Pre-roll 5g,no_vendor_column;no_cannabinoid_columns;renamed
,Heavenly Buds ull Flower Little Snappers - Super Lemon Haze - 10pk (10x0.5g),Heavenly Buds Super Lemon Haze Pre-roll 5g,no_vendor_column;no_cannabinoid_columns;renamed
,Heavnely Buds Infused Bubble Hash Little Snappers - Double Strawberry - 2pk (2x0.5g),Heavenly Buds Double Strawberry Infused Pre-roll 1g,no_vendor_column;no_cannabinoid_columns;renamed
,Heavenly Buds Infused Bubble Hash Little Snappers - Zetsu - 2pk (2x0.5g),Heavenly Buds Zetsu Infused Pre-roll 1g,no_vendor_column;no_cannabinoid_columns;renamed
,Swifts Edibles - Truffle-Milk-Sativa-100mg - Chocolate - THC - Sativa - 120g,Swifts Chocolate Truffle Chocolate 2oz,collapsed_duplicate;merged_into_master
,Swifts Edibles - Truffle-Milk-Indica-100mg - Chocolate - THC - Indica - 120g,Swifts Chocolate Truffle Chocolate 2oz,collapsed_duplicate;merged_into_master
,Goodiez- Edibles Shirley Temple 1:1:1:1 THC:CBD:CBN:CBG,Swifts Shirley Temple Gummies 1.3oz,no_vendor_column;no_cannabinoid_columns;renamed
,Swifts Edibles - Truffle-Dubai Milk MAX-500mg - MAX THC:CBD:CBN - Vanilla Frosting - 120g,Swifts Dubai Chocolate Chocolate 1.3oz,no_vendor_column;no_cannabinoid_columns;renamed
,Full Spec Cart Lemon Tree Midnight 1g,Full Spec Lemon Tree Cartridge 1g,no_vendor_column;no_cannabinoid_columns;renamed
,Full Spec Cart Bubble Kush 1g,Full Spec Bubble Kush Cartridge 1g,no_vendor_column;no_cannabinoid_columns;renamed
,SPR - Gushers - 3.5g,Spr Gushers Flower 3.5g,no_vendor_column;no_cannabinoid_columns;renamed
,SPR - Gushers - 7g,Spr Gushers Flower 7g,no_vendor_column;no_cannabinoid_columns;renamed
,SPR - Cali Glow - 1g,Spr Cali Glow Flower 1g,collapsed_duplicate;merged_into_master
,SPR - Cali Glow - 3.5g,Spr Cali Glow Flower 3.5g,no_vendor_column;no_cannabinoid_columns;renamed
,SPR - Cali Glow - 7g,Spr Cali Glow Flower 7g,no_vendor_column;no_cannabinoid_columns;renamed
,SUBX [DOH] SIGNATURE Flower - Ice Cold - 1g,Subx Ice Cold Flower 1g,collapsed_duplicate;merged_into_master
,SUBX[DOH] SIGNATURE Flower - Ice Cold - 3.5g,Subx Ice Cold Flower 3.5g,no_vendor_column;no_cannabinoid_columns;renamed
,SUBX [DOH] SIGNATURE Flower - Blue Jam - 1g,Subx Blue Jam Flower 1g,no_vendor_column;no_cannabinoid_columns;renamed
,SUBX [DOH] SIGNATURE Flower - Blue Jam - 3.5g,Subx Blue Jam Flower 3.5g,no_vendor_column;no_cannabinoid_columns;renamed
,SUBX [DOH] SIGNATURE Flower - Blue Jam - 7g,Subx Blue Jam Flower 7g,collapsed_duplicate;merged_into_master
,SUBX [DOH] SIGNATURE Flower - Poipu Rain - 1g,Subx Poipu Rain Flower 1g,no_vendor_column;no_cannabinoid_columns;renamed
,SUBX [DOH] SIGNATURE Flower - Poipu Rain - 3.5g,Subx Poipu Rain Flower 3.5g,no_vendor_column;no_cannabinoid_columns;renamed
,SUBX [DOH] SIGNATURE Flower - Poipu Rain - 7g,Subx Poipu Rain Flower 7g,collapsed_duplicate;merged_into_master
,SUBX SIGNATURE Smalls - Sunset Sherbet - 3.5g,Subx Sunset Shebert Flower 3.5g,no_vendor_column;no_cannabinoid_columns;renamed
,SUBX [DOH] SUPREME Live Diamond Disposable - Hawaiian Snow Cone - 1g,Subx Hawaiian Snow Cone Disposable Cartridge 1g,no_vendor_column;no_cannabinoid_columns;renamed
,SUBX [DOH] SUPREME Bang Stick - Colorado Nightshifter - 2pk,Subx Colorado Nightshifter Infused Pre-roll 1g,collapsed_duplicate;merged_into_master
,SUBX SIGNATURE Pre-Roll - Orange Poison - 2pk,Subx Orange Poison Pre-roll 1g,no_vendor_column;no_cannabinoid_columns;renamed
,SUBX SIGNATURE Pre-Roll - Swampwater Fumez - 2pk,Subx Swampwater Fumez Pre-roll 1g,collapsed_duplicate;merged_into_master
,SUBX [DOH] SUPREME Flower - SubZero - 1g,Subx Sub Zero Pre-roll 1g,collapsed_duplicate;merged_into_master
,SUBX [DOH] SUPREME Flower - SubZero - 3.5g,Subx Sub Zero Flower 3.5g,no_vendor_column;no_cannabinoid_columns;renamed
,SUBX SELECT Slush - Orange Poison - 1g,Subx Orange Poison Bho 1g,collapsed_duplicate;merged_into_master
,SUBX  SIGNATURE Batter - Alley Oop - 1g,Subx Alley Oop Bho 1g,no_vendor_column;no_cannabinoid_columns;renamed
,SUBX SUPREME Live Batter - Poipu Rain - 1g,Subx Poipu Rain Badder 1g,no_vendor_column;no_cannabinoid_columns;renamed
,Stinger Cartridge - 1g Cartridge - Kentucky Durban - 1g,Stinger Kentucky Durban Cartridge 1g,collapsed_duplicate;merged_into_master
,Stingers - Live Resin Cartridge - Alien Orange Gum - 1g,Stinger Alien Orange Gum Cartridge 1g,no_vendor_column;no_cannabinoid_columns;renamed
,Stingers - 2pk .5g Liquid Diamonds Pre-Rolls - White Widow - 1g,Stinger White Widow Infused Blunt 1g,no_vendor_column;no_cannabinoid_columns;renamed
,Stingers - 5pk .5g Liquid Diamonds Pre-Rolls - White Widow - 2.5g,Stinger White Widow Infused Pre-roll 2.5g,collapsed_duplicate;merged_into_master
,Stingers - 2pk .5g Liquid Diamonds Pre-Rolls - Super Boof - 1g,Stinger Super Boof Infused Pre-roll 1g,no_vendor_column;no_cannabinoid_columns;master_of_2_duplicates;renamed
,Stingers - 5pk .5g Liquid Diamonds Pre-Rolls - Super Boof - 2.5g,Stinger Super Boof Infused Pre-roll 1g,collapsed_duplicate;merged_into_master
,Stingers - Live Resin Cartridge - Lemon FLO - 1g,Stinger Lemon Flo Cartridge 1g,no_vendor_column;no_cannabinoid_columns;renamed
,Stingers - 2pk .5g Pre-Rolls - Colombian Gold - 1g,Stinger Colombian Gold Infused Pre-roll 1g,no_vendor_column;no_cannabinoid_columns;renamed
,Stingers - 5pk .5g Pre-Rolls - Colombian Gold - 2.5g,Stinger Colombian Gold Infused Pre-roll 2.5g,collapsed_duplicate;merged_into_master
,Stingers - 5pk .5g Liquid Diamonds Pre-Rolls - Skunk Cookies - 2.5g,Stinger Skunk Cookies Infused Pre-roll 2.5g,no_vendor_column;no_cannabinoid_columns;renamed
,Stingers - 2pk .5g Pre-Rolls - Dutch Haze - 1g,Stinger Dutch Haze Infused Pre-roll 1g,no_vendor_column;no_cannabinoid_columns;renamed
,Stingers - 5pk .5g Pre-Rolls - Dutch Haze - 2.5g,Stinger Dutch Haze Infused Pre-roll 2.5g,collapsed_duplicate;merged_into_master
,Stingers - 2pk .5g Liquid Diamonds Pre-Rolls - Strawberry Kush - 1g,Stinger Strawberry Kush Infused Pre-roll 1g,no_vendor_column;no_cannabinoid_columns;master_of_2_duplicates;renamed
,Stingers - 2pk .5g Pre-Rolls - Flo - 1g,Stinger Flo Infused Pre-roll 1g,no_vendor_column;no_cannabinoid_columns;renamed
,Stingers - 5pk .5g Pre-Rolls - Flo - 2.5g,Stinger Flo Infused Pre-roll 2.5g,collapsed_duplicate;merged_into_master
,Stingers - 2pk .5g Liquid Diamonds Pre-Rolls - Jesse's Girl - 1g,Stinger Jessie's Girl Infused Pre-roll 1g,no_vendor_column;no_cannabinoid_columns;renamed
,Stingers - 5pk .5g Liquid Diamonds Pre-Rolls - Jesse's Girl - 2.5g,Stinger Jessie's Girl Infused Pre-roll 2.5g,no_vendor_column;no_cannabinoid_columns;renamed
,Stingers - 5pk .5g Pre-Rolls - Durban Poison - 2.5g,Stinger Durban Poison Infused Pre-roll 2.5g,collapsed_duplicate;merged_into_master
,Super Stingers - 2pk .5g Pre-Rolls - Pineapple OG - 1g,Stinger Pineapple Og Infused Pre-roll 1g,no_vendor_column;no_cannabinoid_columns;renamed
,Stingers - 2pk .5g Pre-Rolls - Wedding Cake - 1g,Stingers Wedding Cake Infused Pre-roll 1g,no_vendor_column;no_cannabinoid_columns;renamed
,Stingers - 2pk .5g Pre-Rolls - Cinderella 99 - 1g,Stinger Cinderella 99 Infused Pre-roll 1g,collapsed_duplicate;merged_into_master
,Stingers - 5pk .5g Pre-Rolls - Cinderella 99 - 2.5g,Stinger Cinderella 99 Infused Pre-roll 2.5g,no_vendor_column;no_cannabinoid_columns;renamed
,Stingers - 2pk .5g Pre-Rolls - Tangie - 1g,Stinger Tangie Infused Pre-roll 1g,no_vendor_column;no_cannabinoid_columns;renamed
,Stingers - 2pk .5g Pre-Rolls - Strawberry Kush - 1g,Stinger Strawberry Kush Infused Pre-roll 1g,collapsed_duplicate;merged_into_master
,Stingers - 5pk .5g Pre-Rolls - DJ Short Blueberry - 2.5g,Stinger Dj Short Blueberry Infused Pre-roll 2.5g,no_vendor_column;no_cannabinoid_columns;renamed
,Super Stingers - 2pk .5g Pre-Rolls - THC Bomb - 1g,Stinger THC Bomb Infused Pre-roll 1g,no_vendor_column;no_cannabinoid_columns;renamed
,Skagit Organics RSO Omega 1g,Skagit Organics Omega RSO 1g,collapsed_duplicate;merged_into_master
,CBD Original - Harlequin - 4:1 - Sativa - 1g - DOH+,Skagit Organics Harlequin RSO 1g,collapsed_duplicate;merged_into_master
,CBG Original - The White CBG - 1g - DOH+,Skagit Organics The White CBG RSO 1g,no_vendor_column;no_cannabinoid_columns;renamed
,RSO Original - Strawberry Cough - Sativa - 1g - DOH+,Skagit Organics Strawberry Cough RSO 1g,collapsed_duplicate;merged_into_master
,Suspended Pre Roll Commando #7 1g,Suspended Commando 7 Pre-roll 1g,no_vendor_column;no_cannabinoid_columns;renamed
,Suspended Pre Roll Lost OG 1g,Suspended Lost Og Pre-roll 1g,no_vendor_column;no_cannabinoid_columns;renamed
,Suspended Pre Roll Maui Wowie 1g,Suspended Maui Wowie Pre-roll 1g,collapsed_duplicate;merged_into_master
,Suspended Pre Roll Melted Strawberry 1g,Suspended Melted Strawberries Pre-roll 1g,no_vendor_column;no_cannabinoid_columns;renamed
,Suspended Pre Roll Star Pebbles 1g,Suspended Star Pebbles Pre-roll 1g,no_vendor_column;no_cannabinoid_columns;renamed
,Suspended Pre Roll Triple Burger 1g,Suspended Triple Burger Pre-roll 1g,collapsed_duplicate;merged_into_master
,Pastime Cartridge - Perm Vacation 1g,Pastime Perm Vacation Cartridge 1g,no_vendor_column;no_cannabinoid_columns;renamed
,Pastime Cartridge - Pineapple Beltz 1g,Pastime Pineapple Beltz Cartridge 1g,no_vendor_column;no_cannabinoid_columns;renamed
,Infused Pre-Roll Sherb Cream Pie 1g,Pastime Sherb Cream Pie Infused Pre-roll 1g,no_vendor_column;no_cannabinoid_columns;renamed
,Infused Pre-Roll Queen Of The South 1g,Pastime Queen Of The South Infused Pre-roll 1g,no_vendor_column;no_cannabinoid_columns;renamed
,Golden Nuggets - Sugar Rainbow Luxe - 7g (Finest),Freddy's Fuego Sugar Rainbow Luxe Flower 7g,no_vendor_column;no_cannabinoid_columns;renamed
,Golden Nuggets - Pineapple Bang - 7g (Finest),Freddy's Fuego Pineapple Bang Flower 7g,collapsed_duplicate;merged_into_master
,Golden Nuggets - Black Market - 7g (Finest),Freddy's Fuego Black Market Flower 7g,no_vendor_column;no_cannabinoid_columns;renamed
,Golden Nuggets - Sub-Zero - 7g (Finest),Freddy's Fuego Sub Zero Flower 7g,no_vendor_column;no_cannabinoid_columns;renamed
,BFF Flavored Live Resin Vape Cart - BS - Baby Shark - 1g - (I) - DOH,Buddies Baby Shark Cartridge 1g,collapsed_duplicate;merged_into_master
,BFF Flavored Live Resin Vape Cart - WYD - Watermelon Yuzu Dragon fruit - 1g - (H) - DOH,Buddies Watermelon Yuzu Dragon Fruit Cartridge 1g,no_vendor_column;no_cannabinoid_columns;renamed
,Mindmelt Live Resin Vape Cart - GG4 - 1g - (H) - DOH,Buddies Gg4 Cartridge 1g,no_vendor_column;no_cannabinoid_columns;renamed
,Mindmelt Live Resin Vape Cart - Marcel Clementine - 1g - (S) - DOH,Buddies Marcel Clementine Cartridge 1g,no_vendor_column;no_cannabinoid_columns;renamed
,Const Rosin AIO Hype 2.0 Device Black Domina 1g,Constellation Black Domina Disposable Cartridge 1g,no_vendor_column;no_cannabinoid_columns;renamed
,Const Rosin AIO Hype 2.0 Device Dulce De Uva 1g,Constellation Dulce De Uva Disposable Cartridge 1g,no_vendor_column;no_cannabinoid_columns;renamed
,Const Rosin AIO Hype 2.0 Device Pie Hoe 1g,Constellation Pie Hoe Disposable Cartridge 1g,no_vendor_column;no_cannabinoid_columns;renamed
,Const Rosin AIO Hype 2.0 The Soap 1g,Constellation The Soap Disposable Cartridge 1g,collapsed_duplicate;merged_into_master
,Constellation infused pre-roll 14pk 7g - Tea Time,Constellation Tea Time Infused Pre-roll 7g,collapsed_duplicate;merged_into_master
,Constellation Cold Cure 1g - Cali Swiss,Constellation Cali Swiss Cartridge 1g,no_vendor_column;no_cannabinoid_columns;renamed
,Constellation Cold Cure 1g - Dulce De Uva,Constellation Dulce De Uva Cartridge 1g,collapsed_duplicate;merged_into_master
,Const Rosin Vape Cart 0.5g - Kosher Headband,Constellation Kosher Headband Cartridge 0.5g,no_vendor_column;no_cannabinoid_columns;renamed
,Const Rosin Vape Cart 0.5g - Pie Hoe,Constellation Pie Hoe Cartridge 0.5g,no_vendor_column;no_cannabinoid_columns;renamed
,Downtown FLOWER - TWISTED TOAST - 1g,Downtown Twisted Toast Flower 1g,collapsed_duplicate;merged_into_master
,Pastime Brand Battery,Pastime Brand Battery,no_vendor_column;no_cannabinoid_columns;noncannabis_cleaned_original_name
,Trichome Applesauce Cart - Super Lemon Haze - 1g,Trichome Super Lemon Haze Cartridge 1g,no_vendor_column;no_cannabinoid_columns;renamed
,Trichome Applesauce Cart - Permanent Scented Marker - 1g,Trichome Permanent Scented Marker Cartridge 1g,collapsed_duplicate;merged_into_master
,Trichome Applesauce Cart - Hall Pass - 1g,Trichome Hall Pass Cartridge 1g,no_vendor_column;no_cannabinoid_columns;renamed
,Trichome Diamond Dusted Pre-Roll - Watermelon Runtz DDP - 1g,Trichome Watermelon Runtz Infused Pre-roll 1g,no_vendor_column;no_cannabinoid_columns;renamed
,"75g Trichome InTERPreter Pre-Rolls, 2ct - Kush Mints+EP - 1.5g",Trichome Kush Mints. Infused Pre-roll 1.5g,no_vendor_column;no_cannabinoid_columns;renamed
,Trichome Diamond Dusted Pre-Roll - Super Lemon Haze DDP - 1g,Trichome Super Lemon Haze Infused Pre-roll 1g,collapsed_duplicate;merged_into_master
,".75g Trichome InTERPreter Pre-Rolls, 6pk - Kush Mints+EP - 4.5g",Trichome Kush Mints Infused Pre-roll 4.5g,no_vendor_column;no_cannabinoid_columns;renamed
,".75g Trichome InTERPreter Pre-Rolls, 6pk - Ice Cream Cake Bx1+AF - 4.5g",Trichome Ice Cream Cake Infused Pre-roll 4.5g,no_vendor_column;no_cannabinoid_columns;renamed
,".75g Trichome InTERPreter Pre-Rolls, 6pk - Bubble Bath+AC - 4.5g",Trichome Bubble Bath 1 Infused Pre-roll 4.5g,no_vendor_column;no_cannabinoid_columns;renamed
,".75g Trichome InTERPreter Pre-Rolls, 6pk - Epiphany+CP - 4.5g",Trichome Epiphany Infused Pre-roll 4.5g,no_vendor_column;no_cannabinoid_columns;renamed
,Ceres Capsule ANTI-ANXIETY 10pk,Ceres Anti Anxiety Capsule 0.35oz,collapsed_duplicate;merged_into_master
,MAJOR-Liquid Infused Beverage-Zero Cal Gingerade Relief-20mg CBD-100mg CBG-100mg THC-6.7oz,Major Zero Cal Gingerade Relief 20mg CBD 100mg CBG 100mg THC Beverage,no_vendor_column;no_cannabinoid_columns;renamed
,MAJOR - Liquid Infused Edible - Blackberry Lemonade 100mg THC 2oz,Major Blackberry Lemonade 100mg THC Shots 2floz,collapsed_duplicate;merged_into_master
,MAJOR  - Liquid Infused Edible - Fruit Punch 100mg 2oz,Major Fruit Punch 100mg Shots 2floz,collapsed_duplicate;merged_into_master
,Tilted-Flower-GMO Mind Flayer-3.5g,Tilted Gmo Mindflayer Flower 3.5g,collapsed_duplicate;merged_into_master
,Tilted-Flower-Blue Spritzer-3.5g,Tilted Blue Spritzer Flower 3.5g,no_vendor_column;no_cannabinoid_columns;renamed
,TIlted-Flower-Toad Venom-3.5g,Tilted Toad Venom Flower 3.5g,no_vendor_column;no_cannabinoid_columns;renamed
,Tilted-Flower-GMO Mind Flayer-7g,Tilted Gmo Mindflayer Flower 7g,collapsed_duplicate;merged_into_master
,Tilted-Flower-Blue Spritzer-7g,Tilted Blue Spritzer Flower 7g,no_vendor_column;no_cannabinoid_columns;renamed
,Tilted-Flower-Ripped Off Runtz-3.5g,Tilted Ripped Off Runtz Flower 3.5g,collapsed_duplicate;merged_into_master
,Tilted-Flower-Ripped Off Runtz-7g,Tilted Ripped Off Runtz Flower 7g,no_vendor_column;no_cannabinoid_columns;renamed
,Tilted-Flower-Ripped Off Runtz-28g,Tilted Ripped Off Runtz Flower 28g,no_vendor_column;no_cannabinoid_columns;renamed
,Tilted-Flower-Blue Spritzer-28g,Tilted Blue Spritzer Flower 28g,no_vendor_column;no_cannabinoid_columns;renamed
,Tilted-Pre-roll-Blue Spritzer-1.2g,Tilted Blue Spritzer Pre-roll 1.2g,no_vendor_column;no_cannabinoid_columns;renamed
,Tilted-Pre-roll-Gelonade-1.2g,Tilted Gelonade Pre-roll 1.2g,no_vendor_column;no_cannabinoid_columns;renamed
,Tilted-Pre-roll-GMO Mind Flayer-1.2g,Tilted Gmo Mindflayer Pre-roll 1.2g,no_vendor_column;no_cannabinoid_columns;renamed
,Tilted-Pre-roll-Ripped Off Runtz-1.2g,Tilted Ripped Off Runtz Pre-roll 1.2g,collapsed_duplicate;merged_into_master
,"Tilted-Pre-roll-Toad Venom-1,2g",Tilted Toad Venom Pre-roll 1.2g,collapsed_duplicate;merged_into_master
,Tilted-Pre-roll-Gelonade-3.6g,Tilted Gelonade Pre-roll 3.6g,no_vendor_column;no_cannabinoid_columns;renamed
,Tilted-Pre-roll-Blue Spritzer-3.6g,Tilted Blue Spritzer Pre-roll 3.6g,no_vendor_column;no_cannabinoid_columns;renamed
,Tilted-Pre-roll-GMO Mind Flayer-3.6g,Tilted Gmo Mindflayer Pre-roll 3.6g,collapsed_duplicate;merged_into_master
,Tilted-Pre-roll-Ripped Off Runtz-3.6g,Tilted Ripped Off Runtz Pre-roll 3.6g,no_vendor_column;no_cannabinoid_columns;renamed
,Tilted-Pre-roll-Toad Venom-3.6g,Tilted Toad Venom Pre-roll 3.6g,no_vendor_column;no_cannabinoid_columns;renamed
,Tilted[ThunderStixx]-Infused Pre-roll-Gelonade-1.2g,Tilted Gelonade Infused Pre-roll 1.2g,collapsed_duplicate;merged_into_master
,Tilted[ThunderStixx]-Infused Pre-roll-Hashburger-1.2g,Tilted Hash Burger Infused Pre-roll 1.2g,no_vendor_column;no_cannabinoid_columns;renamed
,Tilted[ThunderStixx]-Infused Pre-roll-Ripped Off Runtz-1.2g,Tilted Ripped Off Runtz Infused Pre-roll 1.2g,collapsed_duplicate;merged_into_master
,"Tilted[ThunderStixx]-Infused Pre-roll-Toad Venom-1,2g",Tilted Toad Venom Infused Pre-roll 1.2g,collapsed_duplicate;merged_into_master
,Tilted[ThunderStixx]-Infused Pre-roll-Ripped Off Runtz-3.6g,Tilted Ripped Off Runtz Infused Pre-roll 3.6g,no_vendor_column;no_cannabinoid_columns;renamed
,Tilted[ThunderStixx]-Infused Pre-roll-Toad Venom-3.6g,Tilted Toad Venom Infused Pre-roll 3.6g,no_vendor_column;no_cannabinoid_columns;renamed
,Tilted[ThunderStixx]-Infused Blunt-Double Tap-1.2g,Tilted Double Tap Infused Blunt 1.2g,no_vendor_column;no_cannabinoid_columns;renamed
,Tilted[ThunderStixx]-Infused Blunt-Don Mega-1.2g,Tilted Don Mega Infused Blunt 1.2g,no_vendor_column;no_cannabinoid_columns;renamed
,Tilted[ThunderStixx]-Infused Blunt-Toad Venom-1.2g,Tilted Toad Venom Infused Blunt 1.2g,no_vendor_column;no_cannabinoid_columns;renamed
,Lifted Cannabis-Infused Pre-roll-Blue Lobster SugarStix-1g,Lifted Blue Lobster Infused Pre-roll 1g,collapsed_duplicate;merged_into_master
,Lifted Cannabis-Infused Pre-roll-Boysenberry Creme Brulee SugarStix-1g,Lifted Boysenberry Creme Brulee Infused Pre-roll 1g,no_vendor_column;no_cannabinoid_columns;renamed
,Lifted Cannabis-Infused Pre-roll-Metaverse SugarStix-1g,Lifted Metaverse Infused Pre-roll 1g,collapsed_duplicate;merged_into_master
,Lifted Cannabis-Infused Pre-roll-Wedding Cake SugarStix-1g,Lifted Wedding Cake Infused Pre-roll 1g,no_vendor_column;no_cannabinoid_columns;renamed
,Lifted Cannabis-Infused Pre-roll-Ztrufflez SugarStix-1g,Lifted Ztrufflez Infused Pre-roll 1g,collapsed_duplicate;merged_into_master
,Lifted Cannabis-Pre-roll-Burnout #33-1g,Lifted Burnout 33 Pre-roll 1g,collapsed_duplicate;merged_into_master
,Lifted Cannabis-Pre-roll-Luxor-1g,Lifted Luxor Pre-roll 1g,collapsed_duplicate;merged_into_master
,Lifted Cannabis-Pre-roll-Metaverse-1g,Lifted Metaverse Pre-roll 1g,no_vendor_column;no_cannabinoid_columns;renamed
,Lifted Cannabis-Disposable Cartridge-Live Resin Malibu Marker-1g,Lifted Malibu Marker Disposable Cartridge 1g,collapsed_duplicate;merged_into_master
,Lifted Cannabis-Disposable Cartridge-Live Resin Peanut Butter Banana-1g,Lifted Peanut Butter Banana Disposable Cartridge 1g,no_vendor_column;no_cannabinoid_columns;renamed
,Lifted Cannabis-Disposable Cartridge-Live Resin Truffle Cake-1g,Lifted Truffle Cake Disposable Cartridge 1g,no_vendor_column;no_cannabinoid_columns;renamed
,Lifted Cannabis-Disposable Cartridge-Ztrufflez-1g,Lifted Ztrufflez Disposable Cartridge 1g,collapsed_duplicate;merged_into_master
,Lifted Cannabis-Disposable Cartridge-Cured Boysenberry Creme Brulee-1g,Lifted Boysenberry Creme Brulee Disposable Cartridge 1g,no_vendor_column;no_cannabinoid_columns;renamed
,Lifted Cannabis-Disposable Cartridge-Cured Emerald Runtz-1g,Lifted Emerald Runtz Disposable Cartridge 1g,no_vendor_column;no_cannabinoid_columns;renamed
,Lifted Cannabis-Disposable Cartridge-Cured Malibu Marker-1g,Lifted Malibu Marker Disposable Cartridge 1g,collapsed_duplicate;merged_into_master
,Lifted Cannabis-Disposable Cartridge-Cured Melon Headz-1g,Lifted Melon Heads Infused Pre-roll 1g,no_vendor_column;no_cannabinoid_columns;renamed
,Lifted Cannabis-Disposable Cartridge-Cured PluZo-1g,Lifted Pluzo Disposable Cartridge 1g,no_vendor_column;no_cannabinoid_columns;renamed
,Lifted Cannabis-Disposable Cartridge-Cured Super Sauce-1g,Lifted Super Sauce Disposable Cartridge 1g,no_vendor_column;no_cannabinoid_columns;renamed
,Lifted Cannabis-Disposable Cartridge-Cured Wedding Cake-1g,Lifted Wedding Cake Disposable Cartridge 1g,no_vendor_column;no_cannabinoid_columns;renamed
,Mfused - Disposable - Strawberry Striker - 1g,Mfused Strawberry Striker Disposable Cartridge 1g,no_vendor_column;no_cannabinoid_columns;renamed
,Mfused - Disposable - Red Card - 1g,Mfused Red Card Disposable Cartridge 1g,no_vendor_column;no_cannabinoid_columns;renamed
,Mfused- Disposable - Golden Glove (I) - 1g,Mfused Golden Glove Without Category 1g,no_vendor_column;no_cannabinoid_columns;renamed
,Shatter J's - Cartridge - Banana Cream Pie - 1g,Shatter J's Banana Cream Pie Cartridge 1g,no_vendor_column;no_cannabinoid_columns;renamed
,Shatter J's - Disposable - Banana Cream Pie - 1g,Shatter J's Banana Cream Pie Disposable Cartridge 1g,no_vendor_column;no_cannabinoid_columns;renamed
,Shatter J's - Cartridge - Strawberry Daiquiri- 1g,Shatter J's Strawberry Daiquiri Cartridge 1g,no_vendor_column;no_cannabinoid_columns;renamed
,Shatter J's - Infused Joint Pack- Watermelon Martini - 5g,Shatter J's Watermelon Martini Infused Pre-roll 5g,collapsed_duplicate;merged_into_master
,Shatter J's - Infused Pre Roll - Watermelon Martini - 1g,Shatter J's Watermelon Martini Infused Pre-roll 1g,no_vendor_column;no_cannabinoid_columns;renamed
,Shatter J's - Infused Pre-roll - Super Boof -1g,Shatter J's Super Boof Infused Pre-roll 1g,no_vendor_column;no_cannabinoid_columns;renamed
,Shatter J's - Infused Pre-roll - Raspberry Lemonade-1g,Shatter J's Raspberry Lemonade Infused Pre-roll 1g,collapsed_duplicate;merged_into_master
,Shatter J's - Infused Pre-roll - Huckleberry Iced Tea - 1g,Shatter J's Huckleberry Infused Pre-roll 1g,no_vendor_column;no_cannabinoid_columns;renamed
,Ooowee - Pre-Roll Digital Hash Hole - Lemon Cherry Gelato - 1g,Ooowee Lemon Cherry Gelato Infused Pre-roll 1g,no_vendor_column;no_cannabinoid_columns;renamed
,Ooowee - Pre-Roll Digital Hash Hole - Ooowee Marker - 0.75g,Ooowee Ooowee Marker Infused Pre-roll 0.75g,collapsed_duplicate;merged_into_master
,Ooowee - Pre-Roll Digital Hash Hole - Mango Haze - 0.75g,Ooowee Mango Haze Infused Pre-roll 0.75g,no_vendor_column;no_cannabinoid_columns;renamed
,Ooowee - Pre-Roll Digital Hash Hole - Seattle Strawberry Cough - 0.75g,Ooowee Seattle Strawberry Cough Infused Pre-roll 0.75g,no_vendor_column;no_cannabinoid_columns;renamed
,Ooowee - Pre-Roll Digital Hash Hole - FaceLock - 0.75g,Ooowee Facelock Infused Pre-roll 0.75g,collapsed_duplicate;merged_into_master
,Ooowee - Pre-Roll Digital Hash Hole - Mr Bad - 0.75g,Ooowee Mr. Bad Infused Pre-roll 0.75g,no_vendor_column;no_cannabinoid_columns;renamed
,Ooowee - Cartridge - Golden Lychee - 1g,Ooowee Golden Lychee Cartridge 1g,no_vendor_column;no_cannabinoid_columns;renamed
,Ooowee - Hydrocarbon Concentrate - Cheat Code - 1g,Ooowee Cheat Code Bho 1g,collapsed_duplicate;merged_into_master
,Ooowee - Hydrocarbon Concentrate - Crunch Berries - 1g,Ooowee Crunch Berriez Bho 1g,no_vendor_column;no_cannabinoid_columns;renamed
,Ooowee - Hydrocarbon Concentrate - White Peach - 1g,Ooowee White Peach Bho 1g,no_vendor_column;no_cannabinoid_columns;renamed
,Ooowee - Hydrocarbon Concentrate - Super Boof - 1g,Ooowee Super Boof Bho 1g,no_vendor_column;no_cannabinoid_columns;renamed
,Ooowee - Hydrocarbon Concentrate - Mango Haze - 1g,Ooowee Mango Haze Bho 1g,no_vendor_column;no_cannabinoid_columns;renamed
,Ooowee - Hydrocarbon Concentrate - Super Lemon Haze - 1g,Ooowee Super Lemon Haze Bho 1g,no_vendor_column;no_cannabinoid_columns;renamed
,Ooowee - 5/1G Infused PreRoll - Sunset Lemonade - 5g,Ooowee Sunset Lemonade Infused Pre-roll 5g,collapsed_duplicate;merged_into_master
,2727- Flower - Planet Sherb - 14g,2727 Planet Sherb Flower 14g,collapsed_duplicate;merged_into_master
,Super Mega Bussin' - BHO - Forest Fire - 1g,2727 Forest Fire Bho 1g,no_vendor_column;no_cannabinoid_columns;renamed
,2727 - Infused Pre- Roll - Blueberry Blast - 1g,2727 Blueberry Infused Pre-roll 1g,no_vendor_column;no_cannabinoid_columns;renamed
,2727 - Infused Pre-Roll - Frosted Gummy - 1g,2727 Frosted Gummy Infused Pre-roll 1g,collapsed_duplicate;merged_into_master
,SMB - BHO - Kush Cobbler - 1g,2727 Kush Cobbler Bho 1g,no_vendor_column;no_cannabinoid_columns;renamed
,2727 - Blunts - Vanilla Heady Eddy - 1.5g,2727 Heady Eddy Blunt 1.5g,collapsed_duplicate;merged_into_master
,SuperMegaBussin - BHO - Conejito - 1g,2727 Conejito Bho 1g,collapsed_duplicate;merged_into_master
,SMB - Disposable - Candy Clouds - 1g,2727 Candy Clouds Disposable Cartridge 1g,no_vendor_column;no_cannabinoid_columns;renamed
,2727 - BHO - Purple Mojito - 1g,2727 Purple Mojito Bho 1g,no_vendor_column;no_cannabinoid_columns;renamed
,2727 - BHO - Candy Runtz - 1g,2727 Candy Runtz Bho 1g,collapsed_duplicate;merged_into_master
,2727 - Blunts - Original Heady Eddy - 1.5g,2727 Heady Eddy Blunt 1.5g,collapsed_duplicate;merged_into_master
,2727 - Blunts - Blueberry Heady Eddy - 1.5g,2727 Heady Eddy Blunt 1.5g,collapsed_duplicate;merged_into_master
,2727 - Blunts - Grape Heady Eddy - 1.5g,2727 Heady Eddy Blunt 1.5g,collapsed_duplicate;merged_into_master
,2727 - Blunts - Strawberry Heady Eddy - 1.5g,2727 Heady Eddy Blunt 1.5g,collapsed_duplicate;merged_into_master
,2727 - Pre-Rolls - Gorilla Cookies - 5g,2727 Gorilla Cookies Pre-roll 5g,collapsed_duplicate;merged_into_master
,2727 - Pre-Rolls - Molly Purps - 5g,2727 Molly Purps Pre-roll 5g,no_vendor_column;no_cannabinoid_columns;renamed
,2727 - Pre-Rolls - Big Purps - 5g,2727 Big Purps Pre-roll 5g,no_vendor_column;no_cannabinoid_columns;renamed
,2727 - Pre-Rolls - Gas Candy - 5g,2727 Candy Gas Pre-roll 5g,no_vendor_column;no_cannabinoid_columns;renamed
,2727 - Pre-Rolls  - Gassed OG - 5g,2727 Gassed Og Pre-roll 5g,no_vendor_column;no_cannabinoid_columns;renamed
,2727 - Pre-Rolls  - Ice Queen - 5g,2727 Ice Queen Pre-roll 5g,collapsed_duplicate;merged_into_master
,2727 - Blunts - Original Tropicana Cookies - 1.5g,2727 Tropicana Cookies Blunt 1.5g,collapsed_duplicate;merged_into_master
,2727 - Blunts - Vanilla Tropicana Cookies - 1.5g,2727 Tropicanna Cookies Blunt 1.5g,collapsed_duplicate;merged_into_master
,2727 - Blunts - Blueberry Tropicana Cookies - 1.5g,2727 Tropicanna Cookies Blunt 1.5g,collapsed_duplicate;merged_into_master
,2727 - Blunts - Grape Tropicana Cookies - 1.5g,2727 Tropicanna Cookies Blunt 1.5g,collapsed_duplicate;merged_into_master
,2727 - Blunts - Strawberry Tropicana Cookies - 1.5g,2727 Tropicana Cookies Blunt 1.5g,collapsed_duplicate;merged_into_master
,2727 - Vape Cart - Cherry Pie - 1g,2727 Cherry Pie Cartridge 1g,collapsed_duplicate;merged_into_master
,Legacy Extracts -  Bubble Hash - Mikado - 1g,Legacy Organics Mikado Hash 1g,no_vendor_column;no_cannabinoid_columns;renamed
,Legacy Truffles - PreRolls - .5g - Apple Mochi - 1g,Legacy Organics Apple Mochi Pre-roll 1g,no_vendor_column;no_cannabinoid_columns;renamed
,Legacy Reserve -  Flower - Funfetti - 3.5g,Legacy Organics Funfetti Flower 3.5g,collapsed_duplicate;merged_into_master
,Legacy Reserve - Flower - Cherry Cheese Danish - 3.5g,Legacy Organics Cherry Cheese Danish Flower 3.5g,no_vendor_column;no_cannabinoid_columns;renamed
,Legacy Reserve - Flower  - Candy Gas OG - 3.5g,Legacy Organics Candy Gas Flower 3.5g,no_vendor_column;no_cannabinoid_columns;renamed
,Fire Bros-Live Resin Cartridge-Crepe Ape-1g,Fire Bros Crepe Ape Live Resin 1g,collapsed_duplicate;merged_into_master
,Fire Bros-Live Resin Cartridge-Runtz-1g,Fire Bros Runtz Live Resin Cartridge 1g,no_vendor_column;no_cannabinoid_columns;renamed
,Fire Bros-Live Resin Cartridge-StrawTahTah-1g,Fire Bros Strawtahtah Live Resin Cartridge 1g,no_vendor_column;no_cannabinoid_columns;renamed
,Fire Bros-Pre-Roll-Bling Blaow-2.5g,Fire Bros Bling Blaow Pre-roll 2.5g,no_vendor_column;no_cannabinoid_columns;renamed
,Fire Bros-Pre-Roll-Mexican Flan-2.5g,Fire Bros Mexican Flan Pre-roll 2.5g,no_vendor_column;no_cannabinoid_columns;renamed
,Fire Bros-Disposable Cartridge-King Kong-1g,Fire Bros King Kong Disposable Cartridge 1g,no_vendor_column;no_cannabinoid_columns;renamed
,Fire Bros-Disposable Cartridge-Al Pastor-1g,Fire Bros Al Pastor Disposable Cartridge 1g,collapsed_duplicate;merged_into_master
,Fire Bros Gold Series-Disposable Cartridge-Golden Boot-1g,Fire Bros Golden Boot Disposable Cartridge 1g,no_vendor_column;no_cannabinoid_columns;renamed
,Fire Bros Gold Series-Disposable Cartridge-Pelé 1970-1g,Fire Bros Pelé 1970 Disposable Cartridge 1g,collapsed_duplicate;merged_into_master
,Fire Bros-Pre-roll-Variety 5-Pack[MIXED]-2.5g,Fire Bros Mixed Pre-roll 2.5g,no_vendor_column;no_cannabinoid_columns;renamed
,Fire Bros-Disposable Cartridge-Han Zolo-1g,Fire Bros Han Solo Disposable Cartridge 1g,collapsed_duplicate;merged_into_master
,Fire Bros-Disposable Cartridge-Pink Pony Club-1g,Fire Bros Pink Pony Club Disposable Cartridge 1g,no_vendor_column;no_cannabinoid_columns;renamed
,Fire Bros-Disposable Cartridge-Ragin' Cajun-1g,Fire Bros Ragin' Cajun Disposable Cartridge 1g,no_vendor_column;no_cannabinoid_columns;renamed
,Fire Bros-Disposable Cartridge-Trop Kick-1g,Fire Bros Trop Kick Disposable Cartridge 1g,collapsed_duplicate;merged_into_master
,Fire Bros-Pre-roll-Lemon Slushee-2.5g,Fire Bros Lemon Slushee Pre-roll 2.5g,no_vendor_column;no_cannabinoid_columns;renamed
,Fire Bros-Flower-Tamalez-1g,Fire Bros Tamalez Flower 1g,no_vendor_column;no_cannabinoid_columns;renamed
,Fire Bros-Flower-Tamalez-3.5g,Fire Bros Tamalez Flower 3.5g,collapsed_duplicate;merged_into_master
,Fire Bros-Flower-Tamalez-7g,Fire Bros Tamalez Flower 7g,no_vendor_column;no_cannabinoid_columns;renamed
,Fire Bros-Pre-Roll-Boofscotti-1g,Fire Bros Boofscotti Pre-roll 1g,no_vendor_column;no_cannabinoid_columns;renamed
,Fire Bros-Pre-Roll-Lemon Pastries-1g,Fire Bros Lemon Pastries Pre-roll 1g,collapsed_duplicate;merged_into_master
,Fire Bros-Pre-Roll-Pinyatti-1g,Fire Bros Pinyatti Pre-roll 1g,no_vendor_column;no_cannabinoid_columns;renamed
,Fire Bros-Infused Blunt-Pinyatti-2g,Fire Bros Pinyatti Infused Pre-roll 2g,no_vendor_column;no_cannabinoid_columns;renamed
,Fire Bros-Infused Blunt-Crepe Ape-2g,Fire Bros Crepe Ape Infused Blunt 2g,collapsed_duplicate;merged_into_master
,Fire Bros-Infused Blunt-Boofscotti-2g,Fire Bros Boofscotti Infused Blunt 2g,no_vendor_column;no_cannabinoid_columns;renamed
,Fire Bros-Flower-Pinyatti-1g,Fire Bros Pinyatti Flower 1g,no_vendor_column;no_cannabinoid_columns;renamed
,Fire Bros-Flower-Pinyatti-3.5g,Fire Bros Pinyatti Flower 3.5g,no_vendor_column;no_cannabinoid_columns;renamed
,Fire Bros-Flower-Pinyatti-7g,Fire Bros Pinyatti Flower 7g,no_vendor_column;no_cannabinoid_columns;renamed
,Fire Bros-Pre-Roll-Crepe Ape-1g,Fire Bros Crepe Ape Pre-roll 1g,no_vendor_column;no_cannabinoid_columns;renamed
,Fire Bros-Flower-Goofiez-1g,Fire Bros Goofiez Flower 1g,no_vendor_column;no_cannabinoid_columns;renamed
,Fire Bros-Flower-Goofiez-3.5g,Fire Bros Goofiez Flower 3.5g,no_vendor_column;no_cannabinoid_columns;renamed
,Fire Bros-Flower-Goofiez-7g,Fire Bros Goofiez Flower 7g,collapsed_duplicate;merged_into_master
,Gummy Bombs-Gummies-Dragon Berry-1.02oz,Clarity Farms Dragon Berry Gummies 1.02oz,no_vendor_column;no_cannabinoid_columns;renamed
,Gummy Bombs-Gummies-Huckleberry-1.02oz,Clarity Farms Huckleberry Gummies 1.02oz,no_vendor_column;no_cannabinoid_columns;renamed
,Gummy Bombs-Gummies-Luau Punch-1.02oz,Clarity Farms Luau Punch Gummies 1.02oz,collapsed_duplicate;merged_into_master
,Gummy Bombs-Gummies-Pink Razz-1.02oz,Clarity Farms Pink Razz Gummies 1.02oz,no_vendor_column;no_cannabinoid_columns;renamed
,Gummy Bombs-Gummies-Strawberry Guava-1.02oz,Clarity Farms Strawberry Guava Gummies 1.02oz,no_vendor_column;no_cannabinoid_columns;renamed
,Incredibulk-Cartridge-Amnesia Haze-1g,Clarity Farms Amnesia Haze Cartridge 1g,collapsed_duplicate;merged_into_master
,Incredibulk-Cartridge-Breakfast Kush-1g,Clarity Farms Breakfast Kush Cartridge 1g,no_vendor_column;no_cannabinoid_columns;renamed
,Incredibulk-Cartridge-Dolato-1g,Clarity Farms Dolato Cartridge 1g,no_vendor_column;no_cannabinoid_columns;renamed
,Incredibulk-Cartridge-Kush Dream-1g,Clarity Farms Kush Dreamz Cartridge 1g,collapsed_duplicate;merged_into_master
,Incredibulk-Cartridge-Sour Blueberry-1g,Clarity Farms Sour Blueberry Cartridge 1g,no_vendor_column;no_cannabinoid_columns;renamed
,Incredibulk-BHO-Dolato-1g,Clarity Farms Dolato Bho 1g,no_vendor_column;no_cannabinoid_columns;renamed
,Incredibulk-BHO-Ghost Train Haze-1g,Clarity Farms Ghost Train Haze Bho 1g,collapsed_duplicate;merged_into_master
,Incredibulk-BHO-Northern Lights-1g,Clarity Farms Northern Lights Bho 1g,no_vendor_column;no_cannabinoid_columns;renamed
,Incredibulk-BHO-OG Cookies-1g,Clarity Farms Og Cookies Bho 1g,no_vendor_column;no_cannabinoid_columns;renamed
,Incredibulk-BHO-Panama Red-1g,Clarity Farms Panama Red Bho 1g,collapsed_duplicate;merged_into_master
,Jelly Gems-Gummies-Tangelo (FLOW)200mg,Clarity Farms Tangelo Gummies 0.88oz,no_vendor_column;no_cannabinoid_columns;renamed
,Jelly Gems-Gummies-Key Lime Unwind (NIGHT)-300mg,Clarity Farms Key Lime Gummies 0.88oz,no_vendor_column;no_cannabinoid_columns;renamed
,Jelly Gems-Gummies-Blissberry (HAPPY)-300mg,Clarity Farms Blissberry Gummies 0.88oz,no_vendor_column;no_cannabinoid_columns;renamed
,Jelly Gems-Gummies-Peaches & Dreams (NIGHT)-300mg,Clarity Farms Peaches Dreams Gummies 0.88oz,no_vendor_column;no_cannabinoid_columns;renamed
,Jelly Gems-Gummies-Chuckleberry (HAPPY)-300mg,Clarity Farms Chuckleberry Gummies 0.88oz,collapsed_duplicate;merged_into_master
,Jelly Gems-Gummies-Tropical Trip (CHILL)-400mg,Clarity Farms Tropical Trip Gummies 0.88oz,no_vendor_column;no_cannabinoid_columns;renamed
,Kelso Kandy-Cartridge-Blood Orange-1g,Clarity Farms Blood Orange Cartridge 1g,collapsed_duplicate;merged_into_master
,Kelso Kandy-Cartridge-Blue Razzberry -1g,Clarity Farms Blue Raspberry Cartridge 1g,collapsed_duplicate;merged_into_master
,Kelso Kandy-Cartridge-Blueberry-1g,Clarity Farms Blueberry Cartridge 1g,no_vendor_column;no_cannabinoid_columns;renamed
,Kelso Kandy-Cartridge-Grape Slushie-1g,Clarity Farms Grape Slushie Cartridge 1g,collapsed_duplicate;merged_into_master
,Kelso Kandy-Cartridge-Lime Sorbet-1g,Clarity Farms Lime Sorbet Cartridge 1g,collapsed_duplicate;merged_into_master
,Kelso Kandy-Infused Pre-roll-Berry Gelato-.8g,Clarity Farms Berry Gelato Infused Pre-roll 0.8g,collapsed_duplicate;merged_into_master
,Kelso Kandy-Infused Pre-roll-Blood Orange-.8g,Clarity Farms Blood Orange Infused Pre-roll 0.8g,collapsed_duplicate;merged_into_master
,Kelso Kandy-Infused pre-roll-Blue Hawaiian-.8g,Clarity Farms Blue Hawaiian Infused Pre-roll 0.88g,collapsed_duplicate;merged_into_master
,Kelso Kandy-Infused pre-roll-Blue Razzberry-.8g,Clarity Farms Blue Razz Infused Pre-roll 0.88g,no_vendor_column;no_cannabinoid_columns;renamed
,Kelso Kandy-Infused Pre-roll-Lime Sorbet-.8g,Clarity Farms Lime Sorbet Infused Pre-roll 0.88g,no_vendor_column;no_cannabinoid_columns;renamed
,O' Geez-Cartridge-Alaskan Thunder Fuck-1g,Clarity Farms Alaskan Thunder Fuck Cartridge 1g,collapsed_duplicate;merged_into_master
,O' Geez-Cartridge-Granddaddy Purple-1g,Clarity Farms Granddaddy Purple Cartridge 1g,no_vendor_column;no_cannabinoid_columns;renamed
,O' Geez-Cartridge-Ice Cream Cake-1g,Clarity Farms Ice Cream Cake Cartridge 1g,no_vendor_column;no_cannabinoid_columns;renamed
,O' Geez-Cartridge-Pineapple Express-1g,Clarity Farms Pineapple Express Cartridge 1g,collapsed_duplicate;merged_into_master
,Tasty Terps-Cartridge-Blueberry Yum Yum-1g,Clarity Farms Blueberry Yum Yum Cartridge 1g,no_vendor_column;no_cannabinoid_columns;renamed
,Tasty Terps-Cartridge-Caprizun-1g,Clarity Farms Caprizun Cartridge 1g,collapsed_duplicate;merged_into_master
,Tasty Terps-Cartridge-Kiwi Hi-Chewz-1g,Clarity Farms Kiwi Hi-chewz Cartridge 1g,collapsed_duplicate;merged_into_master
,Tasty Terps-Cartridge-Rocket Pop-1g,Clarity Farms Rocket Pop Cartridge 1g,no_vendor_column;no_cannabinoid_columns;renamed
,Terpnado-Disposable Cartridge-Blueberry Express-1g,Clarity Farms Blueberry Express Disposable Cartridge 1g,collapsed_duplicate;merged_into_master
,Terpnado-Disposable Cartridge-Golden Peach-1g,Clarity Farms Golden Peach Disposable Cartridge 1g,collapsed_duplicate;merged_into_master
,Terpnado-Disposable Cartridge-Tropical Tripper-1g,Clarity Farms Tropical Tripper Disposable Cartridge 1g,no_vendor_column;no_cannabinoid_columns;renamed
,Terpnado-Disposable Cartridge-Yeti Fruit OG-1g,Clarity Farms Yeti Fruit Og Disposable Cartridge 1g,collapsed_duplicate;merged_into_master
,Tasty Terps-Badder-Maui Mango-1g,Clarity Farms Maui Mango Badder 1g,no_vendor_column;no_cannabinoid_columns;renamed
,Tasty Terps-Badder-Caprizun-1g,Clarity Farms Caprizun Badder 1g,no_vendor_column;no_cannabinoid_columns;renamed
,Tasty Terps-Badder-Gummy Bears-1g,Clarity Farms Gummy Bears Badder 1g,collapsed_duplicate;merged_into_master
,Canna Whupass - CW Vape Cartridge - Mango Haze - Mixed - 1g,Canna Organix Mango Haze Cartridge 1g,no_vendor_column;no_cannabinoid_columns;renamed
,Canna Whupass - CW Vape Cartridge - Banana Kush - Mixed - 1g,Canna Organix Banana Kush Cartridge 1g,no_vendor_column;no_cannabinoid_columns;renamed
,Canna Organix - Liquid Diamond's Live Resin Cartridge - Cereal Milk - 1g,Canna Organix Cereal Milk Cartridge 1g,collapsed_duplicate;merged_into_master
,Canna Organix - Liquid Diamond's Live Resin Cartridge - Gelonade - 1g,Canna Organix Gelonade Cartridge 1g,no_vendor_column;no_cannabinoid_columns;renamed
,Canna Organix - Liquid Diamond's Live Resin Cartridge - Wedding Cake - 1g,Canna Organix Wedding Cake Cartridge 1g,no_vendor_column;no_cannabinoid_columns;renamed
,Svin Gardens-Terp Diamonds-One Piece-Indica Hybrid-1g,Svin One Piece Terp Crystals 1g,collapsed_duplicate;merged_into_master
,Svin Gardens-Terp Dough-Jacuzzi-1g,Svin Jacuzzi Badder 1g,no_vendor_column;no_cannabinoid_columns;renamed
,Svin Gardens-Flower-Amaretto Sour-3.5g,Svin Amaretto Sour Flower 3.5g,collapsed_duplicate;merged_into_master
,Svin Gardens-Flower-Tangerine Borealis #1-3.5g,Svin Tangerine Borealis 1 Flower 3.5g,no_vendor_column;no_cannabinoid_columns;renamed
,Svin Gardens-Flower-Sherb Banger-3.5g,Svin Sherb Banger Flower 3.5g,no_vendor_column;no_cannabinoid_columns;renamed
,Svin Gardens-Live Resin Disposable-Spooky Z-1g,Svin Spooky Z Disposable Cartridge 1g,collapsed_duplicate;merged_into_master
,Svin Gardens-Live Resin Disposables-One Piece-1g,Svin One Piece Disposable Cartridge 1g,collapsed_duplicate;merged_into_master
,Svin Gardens-Live Resin Disposables-Pineapple Bang #2-1g,Svin Pineapple Bang Disposable Cartridge 1g,no_vendor_column;no_cannabinoid_columns;renamed
,Svin Gardens-Live Resin Disposables-Lemon Strawz #8-1g,Svin Lemon Straws Disposable Cartridge 1g,collapsed_duplicate;merged_into_master
,Svin Gardens-Live Resin Disposables-Yemaya #1-1g,Svin Yemaya 1 Disposable Cartridge 1g,no_vendor_column;no_cannabinoid_columns;renamed
,Svin Gardens-Terp Dough-Austin Flowers-1g,Svin Austin Flowers Badder 1g,no_vendor_column;no_cannabinoid_columns;renamed
,Svin Gardens-Pre-roll-2pk Tangerine Borealis #1-1g,Svin Tangerine Borealis 1 Pre-roll 1g,collapsed_duplicate;merged_into_master
,Sving Gardens-Live Resin Disposables-Austin Flowers-1g,Svin Austin Flowers Disposable Cartridge 1g,no_vendor_column;no_cannabinoid_columns;renamed
,Svin Gardens-Terp Dough-Puro Loco #1-1g,Svin Puro Loco Badder 1g,collapsed_duplicate;merged_into_master
,Svin Gardens-Live Resin Disposables-Tangerine Borealis-1g,Svin Tangerine Borealis 1 Disposable Cartridge 1g,collapsed_duplicate;merged_into_master
,Svin Gardens-Terp Diamonds-Tangerine Borealis #1-1g,Svin Tangerine Borealis 1 Terp Crystals 1g,no_vendor_column;no_cannabinoid_columns;renamed
,Svin Gardens-Pre-roll-2pk Zambo-1g,Svin Zambo Pre-roll 1g,no_vendor_column;no_cannabinoid_columns;renamed
,Svin Gardens-Rosin/Resin-Amaretto Sour-1g,Svin Amaretto Sour Hash Rosin 1g,collapsed_duplicate;merged_into_master
,Svin Gardens-Pre-roll-2pk Pink Lobster-1g,Svin Pink Lobster Pre-roll 1g,no_vendor_column;no_cannabinoid_columns;renamed
,Svin Gardens-Pre-Roll-2pk Blueberry Lobster #6-1g,Svin Blueberry Lobster 6 Pre-roll 1g,no_vendor_column;no_cannabinoid_columns;renamed
,Legacy-Infused Pre-roll-2pk Pink Runtz-1g,Legacy Organics Pink Runtz Infused Pre-roll 1g,collapsed_duplicate;merged_into_master
,Legacy-Pre-roll-Candy Gas OG-1g,Legacy Organics Candy Gas Og Pre-roll 1g,no_vendor_column;no_cannabinoid_columns;renamed
,Legacy-Pre-roll-Legacy Glue-1g,Legacy Organics Legacy Glue Pre-roll 1g,no_vendor_column;no_cannabinoid_columns;renamed
,Legacy-Pre-roll-Mikado-1g,Legacy Organics Mikado Pre-roll 1g,collapsed_duplicate;merged_into_master
,Legacy-Infused Pre-roll-Candy Gas OG-1g,Legacy Organics Candy Gas Og Infused Pre-roll 1g,no_vendor_column;no_cannabinoid_columns;renamed
,Legacy Extracts-Live Resin-Jet Fuel-1g,Legacy Organics Jet Fuel Live Resin 1g,no_vendor_column;no_cannabinoid_columns;renamed
,Legacy-Live Resin Cartridge-Citrus Sunrise-1g,Legacy Organics Citrus Sunrise Live Resin Cartridge 1g,no_vendor_column;no_cannabinoid_columns;renamed
,Legacy-Infused Pre-roll-Larry Bird Kush-1g,Legacy Organics Larry Bird Kush Infused Pre-roll 1g,collapsed_duplicate;merged_into_master
,Legacy-Infused Pre-roll-Isodope-1g,Legacy Organics Isodope Infused Pre-roll 1g,collapsed_duplicate;merged_into_master
,Legacy-Infused Pre-roll-Funfetti-1g,Legacy Organics Funfetti Infused Pre-roll 1g,collapsed_duplicate;merged_into_master
,Journeyman-Gummies-Pineapple Dreams 2:1:1-200mg,Journeyman Pineapple Dreams Gummies 3oz,no_vendor_column;no_cannabinoid_columns;renamed
,Pioneer Squares-Gummies-Black & Blueberry-100mgTHC,Pioneer Sqaures Black Blueberry Gummies 3oz,collapsed_duplicate;merged_into_master
,Pioneer Squares-Gummies-Peach Mango1:1-200mg,Pioneer Sqaures Peach Mango Gummies 3oz,no_vendor_column;no_cannabinoid_columns;renamed
,Pioneer Squares-Gummies-Sour Cherry-100mg,Pioneer Squares Sour Cherry Gummies 3oz,no_vendor_column;no_cannabinoid_columns;renamed
,Pioneer Squares-Gummies-Watermelon Kiwi-100mg,Pioneer Squares Watermelon Kiwi Gummies 3oz,collapsed_duplicate;merged_into_master
,Pioneer Squares-Gummies-Pink Lemonade-100mg,Pioneer Squares Pink Lemonade Gummies 3oz,no_vendor_column;no_cannabinoid_columns;renamed
,Craft Elixirs-Solid Edible-Potcorn Caramel-30mg,Craft Elixirs Potcorn Caramel Edible 30mg,no_vendor_column;no_cannabinoid_columns;renamed
,Pioneer Squares-Gummies-Pineapple Crush-100mg,Pioneer Squares Pineapple Crush Gummies 3oz,collapsed_duplicate;merged_into_master
,Fine Detail Greenway-Flower-Blackberry Syrup-14g,Fine Detail Greenway Blackberry Syrup Flower 14g,no_vendor_column;no_cannabinoid_columns;renamed
,Fine Detail Greenway-Flower-Blackberry Syrup-Indica Dominant-3.5g,Fine Detail Greenway Blackberry Syrup Flower 3.5g,no_vendor_column;no_cannabinoid_columns;renamed
,Fine Detail Greenway-Flower-Blackberry Syrup-Indica Dominant-7g,Fine Detail Greenway Blackberry Syrup Flower 7g,collapsed_duplicate;merged_into_master
,Fine Detail Greenway-Flower-White Tahoe Cookies-Indica Dominant-14g,Fine Detail Greenway White Tahoe Cookies Flower 14g,no_vendor_column;no_cannabinoid_columns;renamed
,Fine Detail Greenway-Flower-White Tahoe Cookies-Indica Dominant-3.5g,Fine Detail Greenway White Tahoe Cookies Flower 3.5g,no_vendor_column;no_cannabinoid_columns;renamed
,Fine Detail Greenway-Flower-White Tahoe Cookies-Indica Dominant-7g,Fine Detail Greenway White Tahoe Cookies Flower 7g,collapsed_duplicate;merged_into_master
,Fine Detail Greenway-Flower-Pineapple Chunk-Indica Dominant-14g,Fine Detail Greenway Pineapple Chunk Flower 14g,no_vendor_column;no_cannabinoid_columns;renamed
,Fine Detail Greenway-Flower-Pineapple Chunk-Indica Dominant-3.5g,Fine Detail Greenway Pineapple Chunk Flower 3.5g,no_vendor_column;no_cannabinoid_columns;renamed
,Fine Detail Greenway-Flower-Pineapple Chunk-Indica Dominant-7g,Fine Detail Greenway Pineapple Chunk Flower 7g,no_vendor_column;no_cannabinoid_columns;renamed
,Fine Detail Greenway-Flower-Melonoz-Hybrid 50/50-14g,Fine Detail Greenway Melonoz Flower 14g,no_vendor_column;no_cannabinoid_columns;renamed
,Fine Detail Greenway-Flower-Melonoz-Hybrid 50/50-3.5g,Fine Detail Greenway Melonoz Flower 3.5g,no_vendor_column;no_cannabinoid_columns;renamed
,Fine Detail Greenway-Flower-Melonoz-Hybrid 50/50-7g,Fine Detail Greenway Melonoz Flower 7g,no_vendor_column;no_cannabinoid_columns;renamed
,Fine Detail Greenway-Flower-Truffalo-Hybrid 50/50-14g,Fine Detail Greenway Truffalo Flower 14g,no_vendor_column;no_cannabinoid_columns;renamed
,Fine Detail Greenway-Flower-Truffalo-Hybrid 50/50-3.5g,Fine Detail Greenway Truffalo Flower 3.5g,collapsed_duplicate;merged_into_master
,Fine Detail Greenway-Flower-Truffalo-Hybrid 50/50-7g,Fine Detail Greenway Truffalo Flower 7g,no_vendor_column;no_cannabinoid_columns;renamed
,Fine Detail Greenway-Pre-Roll-Blackberry Syrup-Indica Dominant-7g,Fine Detail Greenway Blackberry Syrup Pre-roll 7g,no_vendor_column;no_cannabinoid_columns;renamed
,Fine Detail Greenway-Pre-Roll-Blackberry Syrup-Indica Dominant-1g,Fine Detail Greenway Blackberry Syrup Pre-roll 1g,collapsed_duplicate;merged_into_master
,Fine Detail Greenway-Pre-Roll-White Tahoe Cookies-Indica Dominant-7g,Fine Detail Greenway White Tahoe Cookies Pre-roll 7g,no_vendor_column;no_cannabinoid_columns;renamed
,Fine Detail Greenway-Pre-Roll-White Tahoe Cookies-Indica Dominant-1g,Fine Detail Greenway White Tahoe Cookies Pre-roll 1g,no_vendor_column;no_cannabinoid_columns;renamed
,Fine Detail Greenway-Pre-Roll-Pineapple Chunk-Indica Dominant-7g,Fine Detail Greenway Pineapple Chunk Pre-roll 7g,collapsed_duplicate;merged_into_master
,Fine Detail Greenway-Pre-Roll-Pineapple Chunk-Indica Dominant-1g,Fine Detail Greenway Pineapple Chunk Pre-roll 1g,no_vendor_column;no_cannabinoid_columns;renamed
,Fine Detail Greenway-Pre-Roll-Melonoz-Hybrid 50/50-7g,Fine Detail Greenway Melonoz Pre-roll 5g,no_vendor_column;no_cannabinoid_columns;renamed
,Fine Detail Greenway-Pre-Roll-Melonoz-Hybrid 50/50-1g,Fine Detail Greenway Melonoz Pre-roll 1g,collapsed_duplicate;merged_into_master
,Fine Detail Greenway-Pre-Roll-Truffalo-Hybrid 50/50-7g,Fine Detail Greenway Truffalo Pre-roll 7g,no_vendor_column;no_cannabinoid_columns;renamed
,Fine Detail Greenway-Pre-Roll-Truffalo-Hybrid 50/50-1g,Fine Detail Greenway Truffalo Pre-roll 1g,no_vendor_column;no_cannabinoid_columns;renamed
,Northwest Concentrates-Badder-Orange Cookies-Sativa-1g,Northwest Concentrates Orange Cookies Badder 1g,no_vendor_column;no_cannabinoid_columns;renamed
,Refine-Live Resin Cartridge-Maui Waui-Sativa-1g,Refine Maui Waui Live Resin Cartridge 1g,no_vendor_column;no_cannabinoid_columns;renamed
,Northwest Concentrates-Cartridge-Maui Waui-Sativa-1g,Northwest Concentrates Maui Waui Cartridge 1g,no_vendor_column;no_cannabinoid_columns;renamed
,Northwest Concentrates-Cartridge-Pineapple Express-Hybrid-1g,Northwest Concentrates Pineapple Express Cartridge 1g,no_vendor_column;no_cannabinoid_columns;renamed
,Northwest Concentrates-Cartridge-Super Lemon Haze-Sativa-1g,Northwest Concentrates Super Lemon Haze Cartridge 1g,no_vendor_column;no_cannabinoid_columns;renamed
,Northwest Concentrates-Cartridge-Wedding Cake-Hybrid-1g,Northwest Concentrates Wedding Cake Cartridge 1g,collapsed_duplicate;merged_into_master
,Full Spec Elite Cartridge Pink Love Potion (H),Full Spec Pink Love Potion Cartridge 1g,no_vendor_column;no_cannabinoid_columns;renamed
,Full Spec Elite Cartridge 509 Fuego (HI),Full Spec 509 Fuego Cartridge 1g,no_vendor_column;no_cannabinoid_columns;renamed
,Full Spec-Live Resin-Gummies-White Peach-CBD/THC-100mg,Full Spec White Peach Edible 0.95oz,collapsed_duplicate;merged_into_master
,Full Spec-Live Resin-Gummies-Pineapple Yuzu-CBG/CBD/THC-100mg,Full Spec Pineapple Yuzu Edible 0.95oz,no_vendor_column;no_cannabinoid_columns;renamed
,Full Spec-Live Resin-Gummies-Blueberry Lavender-THC/CBN-100mg,Full Spec Blueberry Lavender Edible 0.95oz,no_vendor_column;no_cannabinoid_columns;renamed
,Full Spec-Live Resin-Gummies-Cherry Elderberry-THC/CBN-100mg,Full Spec Cherry Elderberry Edible 0.95oz,collapsed_duplicate;merged_into_master
,Banana Pudding Bong Buddies,Phat Panda Bong Buddies Banana Pudding Flower 2g,no_vendor_column;no_cannabinoid_columns;renamed
,Black Zoap Bong Buddies,Phat Panda Bong Buddies Black Zoap Flower 2g,no_vendor_column;no_cannabinoid_columns;renamed
,Neon Nectar Bong Buddies,Phat Panda Bong Buddies Neon Nectar Flower 2g,collapsed_duplicate;merged_into_master
,Phat Panda Flower-Biscuits & Gravy-7g,Phat Panda Biscuits Gravy Flower 7g,no_vendor_column;no_cannabinoid_columns;renamed
,Phat Panda Flower-Biscuits & Gravy-3.5g,Phat Panda Biscuits Gravy Flower 3.5g,no_vendor_column;no_cannabinoid_columns;renamed
,Phat Panda Flower Powdered Donut- 3.5g,Phat Panda Powdered Donut Flower 3.5g,collapsed_duplicate;merged_into_master
,Phat Panda Flower-White Gummie Bears-3.5g,Phat Panda Gummy Bears Flower 3.5g,no_vendor_column;no_cannabinoid_columns;renamed
,Phat Panda-Flower-White Gummie Bears-7g,Phat Panda White Gummie Bears Flower 7g,no_vendor_column;no_cannabinoid_columns;renamed
,Platinum-Flower-Chronberry Crunch-Platinum Line-3.5g,Phat Panda Chronberry Crunch Flower 3.5g,no_vendor_column;no_cannabinoid_columns;renamed
,Phat Panda Preroll-Apple MAC-1g,Phat Panda Apple Mac Pre-roll 1g,no_vendor_column;no_cannabinoid_columns;renamed
,Phat Panda-Preroll-Banana Pudding-1g,Phat Panda Banana Pudding Pre-roll 1g,no_vendor_column;no_cannabinoid_columns;renamed
,Phat Panda-Preroll-Rip Tide-1g,Phat Panda Rip Tide Pre-roll 1g,no_vendor_column;no_cannabinoid_columns;renamed
